candidate_id,repository_code,canonical_institution,institution_type,source_family,authority_level,material_type,material_class,source_kind,document_date_raw,date_iso_start,date_iso_end,date_precision,evidence_level_final,evidence_level_proposed,availability,access_mode,review_status
domestic:SAAC:catalog-02-02_14,SAAC,中央档案馆/国家档案局,国家级档案馆,国内党政机关与档案馆,A,汇编/出版物收录,汇编,archive_scan,1949-07-11,1949-07-11,1949-07-11,day,L1,L1,surrogate_online,open,accepted
domestic:NLC:minmeng-yanlunji-1945-congress-declaration,NLC,中国国家图书馆数字化民国文献(Wikimedia镜像),国家级图书馆,公共数字化/学术/海外,A,汇编/出版物收录,汇编,press_scan,1945-10-16,1945-10-16,1945-10-16,day,L2,L2,full_item_online,open,accepted
domestic:DAJS:guangming-suzhou-1949,DAJS,苏州市档案馆,地方档案馆,国内党政机关与档案馆,A,其他/未分类,待定,other,1949-04-27,1949-04-27,1949-04-27,day,L1,L1,surrogate_online,open,accepted
domestic:NLC:guangmingbao-1946-issue8-zhang-tiesheng-republican-withdraw-us-diplomacy,NLC,中国国家图书馆数字化民国文献(Wikimedia镜像),国家级图书馆,公共数字化/学术/海外,A,报刊原刊扫描（原件）,一手,press_scan,1946-11-28,1946-11-28,1946-11-28,day,L1,L1,full_item_online,open,accepted
domestic:SAAC:1948-08-01-01,SAAC,中央档案馆/国家档案局,国家级档案馆,国内党政机关与档案馆,A,档案影像（原件）,一手,archive_scan,1948-08-01,1948-08-01,1948-08-01,day,L1,L1,surrogate_online,open,accepted
domestic:MX:shang-ding-1942-journalist-secretary,MX,民盟上海市委《盟贤》内部汇编,民盟系统内部资料,民盟自身与盟史,B,汇编/出版物收录,汇编,press_scan,2024,2024,2024,year,L3,L3,not_online,offline,needs_human_review
domestic:SAAC:1949-item-a03,SAAC,中央档案馆/国家档案局,国家级档案馆,国内党政机关与档案馆,A,档案影像（原件）,一手,archive_scan,1949-09-26,1949-09-26,1949-09-26,day,L1,L1,surrogate_online,open,accepted
domestic:WM:1949-zhang-lan-mao-zedong-heying,WM,Wikimedia Commons 民国人物/盟史分类,国际公共数字资源,公共数字化/学术/海外,B,报刊原刊扫描（原件）,一手,press_scan,1949,1949,1949,year,L2,L2,full_item_online,open,accepted
domestic:SAAC:1949-index-c15,SAAC,中央档案馆/国家档案局,国家级档案馆,国内党政机关与档案馆,A,档案影像（原件）,一手,archive_scan,1949-09-22,1949-09-22,1949-09-22,day,L1,L1,surrogate_online,open,accepted
domestic:NLC:minxian-85452-1945-01-15,NLC,中国国家图书馆数字化民国文献(Wikimedia镜像),国家级图书馆,公共数字化/学术/海外,A,报刊原刊扫描（原件）,一手,press_scan,1945-01-15,1945-01-15,1945-01-15,day,L1,L1,full_item_online,open,accepted
domestic:SAAC:catalog-06-06_12,SAAC,中央档案馆/国家档案局,国家级档案馆,国内党政机关与档案馆,A,汇编/出版物收录,汇编,archive_scan,1949-10-01,1949-10-01,1949-10-01,day,L1,L1,surrogate_online,open,accepted
domestic:MM1941:outline-jianguoqian-fujian-mengshi-ziliao-xia,MM1941,《民盟历史文献全媒体数据库》minmeng1941.cn,民盟系统非官方数据库,民盟自身与盟史,C,汇编/出版物收录,汇编,book_or_assembly,1946-1949,1946,1949,range,L3,L3,catalogue_only_online,login,accepted
domestic:JFB:1944-02-22-jiefang-ribao-zhang-lan-booklet-review,JFB,《解放日报》延安版,历史报刊,政协/统一战线/官方媒体,B,网页转述/转录,二手,web_transcription,1944-02-22,1944-02-22,1944-02-22,day,L4,L4,surrogate_online,open,accepted
domestic:SAAC:catalog-05-05_60,SAAC,中央档案馆/国家档案局,国家级档案馆,国内党政机关与档案馆,A,汇编/出版物收录,汇编,archive_scan,1949-09-26,1949-09-26,1949-09-26,day,L1,L1,surrogate_online,open,accepted
domestic:HE:zhongguo-minmengtongmeng-shijiazhuang-shi-zhi-2013,HE,河北人民出版社/民盟石家庄市委,出版社/民盟,政协/统一战线/官方媒体,B,其他/未分类,待定,other,2013-05,2013-05,2013-05,month,L3,L3,catalogue_only_online,open,accepted
domestic:NLC:guangmingbao-1947-issue14-li-boqiu-plenum-gains,NLC,中国国家图书馆数字化民国文献(Wikimedia镜像),国家级图书馆,公共数字化/学术/海外,A,报刊原刊扫描（原件）,一手,press_scan,1947-01-28,1947-01-28,1947-01-28,day,L1,L1,full_item_online,open,accepted
domestic:MMC:lijie-zhongyang-weiyuanhui-index,MMC,民盟中央委员会官网,民盟系统,民盟自身与盟史,A,汇编/出版物收录,汇编,book_or_assembly,2026,2026,2026,year,L2,L2,catalogue_only_online,open,accepted
domestic:SAAC:1949-09-21-05,SAAC,中央档案馆/国家档案局,国家级档案馆,国内党政机关与档案馆,A,档案影像（原件）,一手,archive_scan,1949-09-21,1949-09-21,1949-09-21,day,L1,L1,surrogate_online,open,accepted
domestic:SAAC:catalog-06-06_07,SAAC,中央档案馆/国家档案局,国家级档案馆,国内党政机关与档案馆,A,汇编/出版物收录,汇编,archive_scan,1949-10-01,1949-10-01,1949-10-01,day,L1,L1,surrogate_online,open,accepted
domestic:CPPCC:liang-shuming-guangmingbao-founding-2020,CPPCC,全国政协网站,政协系统,政协/统一战线/官方媒体,A,官方出版物,汇编,official_publication,,,,empty,L4,L4,full_item_online,open,accepted
domestic:NLC:guangmingbao-1947-issue22-one-falls-thousands-rise-lu,NLC,中国国家图书馆数字化民国文献(Wikimedia镜像),国家级图书馆,公共数字化/学术/海外,A,报刊原刊扫描（原件）,一手,press_scan,1947-08-01,1947-08-01,1947-08-01,day,L1,L1,full_item_online,open,accepted
domestic:NLC:guangmingbao-1946-issue06,NLC,中国国家图书馆数字化民国文献(Wikimedia镜像),国家级图书馆,公共数字化/学术/海外,A,报刊原刊扫描（原件）,一手,press_scan,1946-11-08,1946-11-08,1946-11-08,day,L1,L1,full_item_online,open,accepted
domestic:SAAC:catalog-02-02_03,SAAC,中央档案馆/国家档案局,国家级档案馆,国内党政机关与档案馆,A,汇编/出版物收录,汇编,archive_scan,1949-06-15,1949-06-15,1949-06-15,day,L1,L1,surrogate_online,open,accepted
domestic:SAAC:51koukou-p05-dde08-i3,SAAC,中央档案馆/国家档案局,国家级档案馆,国内党政机关与档案馆,A,档案影像（原件）,一手,archive_scan,1949-09-21,1949-09-21,1949-09-21,day,L2,L2,full_item_online,open,accepted
domestic:BJMM:website-anchor,BJMM,民盟北京市委员会(bjmm.org.cn),民盟省市委,民盟自身与盟史,B,官方史志/官网二次叙述,二手,official_history_page,2024,2024,2024,year,L2,L2,full_item_online,open,accepted
domestic:MM1941:outline-1937-jiuguohui-jiguan-bao,MM1941,《民盟历史文献全媒体数据库》minmeng1941.cn,民盟系统非官方数据库,民盟自身与盟史,C,汇编/出版物收录,汇编,book_or_assembly,1937,1937,1937,year,L3,L3,catalogue_only_online,login,accepted
domestic:SAAC:1949-index-c06,SAAC,中央档案馆/国家档案局,国家级档案馆,国内党政机关与档案馆,A,档案影像（原件）,一手,archive_scan,1949-09-21,1949-09-21,1949-09-21,day,L1,L1,surrogate_online,open,accepted
domestic:MM1941:outline-shaanxi-sheng-zhibu-choubei-weiyuanhui-mingdan,MM1941,《民盟历史文献全媒体数据库》minmeng1941.cn,民盟系统非官方数据库,民盟自身与盟史,C,汇编/出版物收录,汇编,book_or_assembly,1942,1942,1942,year,L3,L3,catalogue_only_online,login,accepted
domestic:NLC:minxian-85454-1945-05-15,NLC,中国国家图书馆数字化民国文献(Wikimedia镜像),国家级图书馆,公共数字化/学术/海外,A,报刊原刊扫描（原件）,一手,press_scan,1945-05-15,1945-05-15,1945-05-15,day,L1,L1,full_item_online,open,accepted
domestic:WS:pcc-national-assembly-resolution-1946,WS,维基文库/公网数据库,公共网络资源,公共数字化/学术/海外,C,网页转述/转录,二手,web_transcription,1946,1946,1946,year,LX,LX,full_item_online,open,accepted
domestic:MX:wang-lingu-1942-art-troupe,MX,民盟上海市委《盟贤》内部汇编,民盟系统内部资料,民盟自身与盟史,B,汇编/出版物收录,汇编,press_scan,2024,2024,2024,year,L3,L3,not_online,offline,needs_human_review
domestic:NLC:guangmingbao-1947-issue18-peng-zemin-statement,NLC,中国国家图书馆数字化民国文献(Wikimedia镜像),国家级图书馆,公共数字化/学术/海外,A,报刊原刊扫描（原件）,一手,press_scan,1947-05-14,1947-05-14,1947-05-14,day,L1,L1,full_item_online,open,accepted
domestic:SAAC:51koukou-p01-dde21,SAAC,中央档案馆/国家档案局,国家级档案馆,国内党政机关与档案馆,A,档案影像（原件）,一手,archive_scan,1949-06-21,1949-06-21,1949-06-21,day,L2,L2,full_item_online,open,accepted
domestic:NGD:jie-fang-qian-jiao-tuan-ji-fengyun,NGD,农工党中央委员会,民主党派系统,政协/统一战线/官方媒体,B,官方出版物,汇编,official_publication,2024,2024,2024,year,L2,L2,full_item_online,open,accepted
domestic:NLC:guangmingbao-1948-1949-v1n12,NLC,中国国家图书馆数字化民国文献(Wikimedia镜像),国家级图书馆,公共数字化/学术/海外,A,报刊原刊扫描（原件）,一手,press_scan,1948-08-16,1948-08-16,1948-08-16,day,L1,L1,full_item_online,open,accepted
domestic:SAAC:catalog-02-02_06,SAAC,中央档案馆/国家档案局,国家级档案馆,国内党政机关与档案馆,A,汇编/出版物收录,汇编,archive_scan,1949-06-15,1949-06-15,1949-06-15,day,L1,L1,surrogate_online,open,accepted
domestic:WM:1945-liucanzhengyuan-fangwen-yanan,WM,Wikimedia Commons 民国人物/盟史分类,国际公共数字资源,公共数字化/学术/海外,B,报刊原刊扫描（原件）,一手,press_scan,1945,1945,1945,year,L2,L2,full_item_online,open,accepted
domestic:SAAC:51koukou-p06-dde09-f1,SAAC,中央档案馆/国家档案局,国家级档案馆,国内党政机关与档案馆,A,档案影像（原件）,一手,archive_scan,1949-10-01,1949-10-01,1949-10-01,day,L2,L2,full_item_online,open,accepted
domestic:SAAC:1949-index-c20,SAAC,中央档案馆/国家档案局,国家级档案馆,国内党政机关与档案馆,A,档案影像（原件）,一手,archive_scan,1949-09-23,1949-09-23,1949-09-23,day,L1,L1,surrogate_online,open,accepted
domestic:SHCM:revolutionary-relics-1945-minmeng-platform,SHCM,中共一大纪念馆,文博系统,其他,B,官方史志/官网二次叙述,二手,official_history_page,1945-10,1945-10,1945-10,month,L3,L3,catalogue_only_online,reading_room,accepted
domestic:MGCH:TJPRESS-minjizhongtian-zhuguan,MGCH,团结出版社(民革中央直属),民主党派系统出版机构,政协/统一战线/官方媒体,B,汇编/出版物收录,汇编,other,1987-12-25,1987-12-25,1987-12-25,day,L2,L2,catalogue_only_online,open,accepted
domestic:NLC:guangmingbao-1947-issue14-pcc-anniversary-editorial,NLC,中国国家图书馆数字化民国文献(Wikimedia镜像),国家级图书馆,公共数字化/学术/海外,A,报刊原刊扫描（原件）,一手,press_scan,1947-01-28,1947-01-28,1947-01-28,day,L1,L1,full_item_online,open,accepted
domestic:MMHIST:huang-yan-pei-constitution-draft-1946-01-19,MMHIST,民盟中央文史资料委员会/马恩主义文库汇编,民盟系统,民盟自身与盟史,B,汇编/出版物收录,汇编,book_or_assembly,1946-01-19,1946-01-19,1946-01-19,day,L2,L2,surrogate_online,open,accepted
domestic:FRUS:1943-07-31-d232-ringwalt-liang-shuming-interview,FRUS,美国国务院 FRUS 外交档案(民盟项目组编),境外档案,公共数字化/学术/海外,A,汇编/出版物收录,汇编,book_or_assembly,1943-07-31,1943-07-31,1943-07-31,day,L2,L3,full_item_online,open,accepted
domestic:MM1941:outline-1937-06-24-qijunzi-shangsu,MM1941,《民盟历史文献全媒体数据库》minmeng1941.cn,民盟系统非官方数据库,民盟自身与盟史,C,汇编/出版物收录,汇编,,1937-06-24,1937-06-24,1937-06-24,day,L3,L3,catalogue_only_online,login,accepted
domestic:SAAC:catalog-01-01_21,SAAC,中央档案馆/国家档案局,国家级档案馆,国内党政机关与档案馆,A,汇编/出版物收录,汇编,archive_scan,1949-06-21,1949-06-21,1949-06-21,day,L1,L1,surrogate_online,open,accepted
domestic:SAAC:51koukou-p02-dde06-f1,SAAC,中央档案馆/国家档案局,国家级档案馆,国内党政机关与档案馆,A,档案影像（原件）,一手,archive_scan,1949-06,1949-06,1949-06,month,L2,L2,full_item_online,open,accepted
domestic:GMD:2022-12-22-zhongguo-minmeng-baojing,GMD,光明日报(gmw.cn),官方媒体,政协/统一战线/官方媒体,B,官方出版物,汇编,official_publication,2022-12-22,2022-12-22,2022-12-22,day,L2,L2,full_item_online,open,accepted
domestic:93JS:lead-历史的必然-郑重的选择-中共中央发布-五一口号-的历史由,93JS,九三学社中央委员会,民主党派系统,政协/统一战线/官方媒体,B,其他/未分类,待定,other,1948-05,1948-05,1948-05,month,L4,L4,full_item_online,open,accepted
domestic:NLC:guangmingbao-1948-1949-v2n1,NLC,中国国家图书馆数字化民国文献(Wikimedia镜像),国家级图书馆,公共数字化/学术/海外,A,报刊原刊扫描（原件）,一手,press_scan,1949-01-10,1949-01-10,1949-01-10,day,L1,L1,full_item_online,open,accepted
domestic:NLC:guangmingbao-1947-issue22-fight-for-human-rights-editorial,NLC,中国国家图书馆数字化民国文献(Wikimedia镜像),国家级图书馆,公共数字化/学术/海外,A,报刊原刊扫描（原件）,一手,press_scan,1947-08-01,1947-08-01,1947-08-01,day,L1,L1,full_item_online,open,accepted
domestic:SAAC:51koukou-p06-dde11-f1,SAAC,中央档案馆/国家档案局,国家级档案馆,国内党政机关与档案馆,A,档案影像（原件）,一手,archive_scan,1949-10-01,1949-10-01,1949-10-01,day,L2,L2,full_item_online,open,accepted
domestic:GXMM:dagongbao-1947-10-30-ban-activities,GXMM,民盟广西区委,民盟省市委,民盟自身与盟史,B,官方史志/官网二次叙述,二手,official_history_page,1947-10-30,1947-10-30,1947-10-30,day,L4,L4,catalogue_only_online,open,accepted
domestic:SAAC:1949-index-c13,SAAC,中央档案馆/国家档案局,国家级档案馆,国内党政机关与档案馆,A,档案影像（原件）,一手,archive_scan,1949-09-22,1949-09-22,1949-09-22,day,L1,L1,surrogate_online,open,accepted
domestic:SAAC:catalog-01-01_11,SAAC,中央档案馆/国家档案局,国家级档案馆,国内党政机关与档案馆,A,汇编/出版物收录,汇编,archive_scan,1948-11-20,1948-11-20,1948-11-20,day,L1,L1,surrogate_online,open,accepted
domestic:GMD:2017-12-07-xinwen-beijing-zhongguo-minmeng,GMD,光明日报(gmw.cn),官方媒体,政协/统一战线/官方媒体,B,官方出版物,汇编,official_publication,2017-12-07,2017-12-07,2017-12-07,day,L2,L2,full_item_online,open,accepted
domestic:SAAC:1949-index-c25,SAAC,中央档案馆/国家档案局,国家级档案馆,国内党政机关与档案馆,A,档案影像（原件）,一手,archive_scan,1949-09-24,1949-09-24,1949-09-24,day,L1,L1,surrogate_online,open,accepted
domestic:SAAC:51koukou-p02-dde04-f1,SAAC,中央档案馆/国家档案局,国家级档案馆,国内党政机关与档案馆,A,档案影像（原件）,一手,archive_scan,1949-06,1949-06,1949-06,month,L2,L2,full_item_online,open,accepted
domestic:MG:minge-gov-cn-history-1948-hongkong,MG,民革中央委员会,民主党派系统,政协/统一战线/官方媒体,B,其他/未分类,待定,other,1948-01-01,1948-01-01,1948-01-01,day,L2,L2,full_item_online,open,accepted
domestic:NLC:guangmingbao-1947-19-article-05,NLC,中国国家图书馆数字化民国文献(Wikimedia镜像),国家级图书馆,公共数字化/学术/海外,A,报刊原刊扫描（原件）,一手,press_scan,1947-10-28,1947-10-28,1947-10-28,day,L1,L1,full_item_online,open,accepted
domestic:SAAC:51koukou-p05-dde02,SAAC,中央档案馆/国家档案局,国家级档案馆,国内党政机关与档案馆,A,档案影像（原件）,一手,archive_scan,1949-09-21,1949-09-21,1949-09-21,day,L2,L2,full_item_online,open,accepted
domestic:FRUS:1943-09-18-d272-atcheson-federation-platform,FRUS,美国国务院 FRUS 外交档案(民盟项目组编),境外档案,公共数字化/学术/海外,A,汇编/出版物收录,汇编,book_or_assembly,1943-09-18,1943-09-18,1943-09-18,day,L2,L3,full_item_online,open,accepted
domestic:SAAC:catalog-03-03_04_01,SAAC,中央档案馆/国家档案局,国家级档案馆,国内党政机关与档案馆,A,汇编/出版物收录,汇编,archive_scan,1949-06-18,1949-06-18,1949-06-18,day,L1,L1,surrogate_online,open,accepted
domestic:SAAC:catalog-03-03_04_03,SAAC,中央档案馆/国家档案局,国家级档案馆,国内党政机关与档案馆,A,汇编/出版物收录,汇编,archive_scan,1949-07-20,1949-07-20,1949-07-20,day,L1,L1,surrogate_online,open,accepted
domestic:WM:1946-taoxingzhi-zangli,WM,Wikimedia Commons 民国人物/盟史分类,国际公共数字资源,公共数字化/学术/海外,B,报刊原刊扫描（原件）,一手,press_scan,1946-11,1946-11,1946-11,month,L2,L2,full_item_online,open,accepted
domestic:MMHIST:lo-lung-chi-common-program-1946-01-16,MMHIST,民盟中央文史资料委员会/马恩主义文库汇编,民盟系统,民盟自身与盟史,B,汇编/出版物收录,汇编,book_or_assembly,1946-01-16,1946-01-16,1946-01-16,day,L2,L2,surrogate_online,open,accepted
domestic:MM1941:outline-1942-1949-xian-minmeng-xibei-zongzhibu-mimi-huodongdi,MM1941,《民盟历史文献全媒体数据库》minmeng1941.cn,民盟系统非官方数据库,民盟自身与盟史,C,汇编/出版物收录,汇编,book_or_assembly,1942-1949,1942,1949,range,L3,L3,catalogue_only_online,login,accepted
domestic:SH:2010-01-10-zhenxie-huifu,SH,搜狐网,商业媒体,其他,C,其他/未分类,待定,other,2010-01-10,2010-01-10,2010-01-10,day,L2,L2,full_item_online,open,accepted
domestic:SAAC:catalog-02-02_15,SAAC,中央档案馆/国家档案局,国家级档案馆,国内党政机关与档案馆,A,汇编/出版物收录,汇编,archive_scan,1949-07-11,1949-07-11,1949-07-11,day,L1,L1,surrogate_online,open,accepted
domestic:GXMM:dagongbao-1947-10-28-illegal-declaration,GXMM,民盟广西区委,民盟省市委,民盟自身与盟史,B,官方史志/官网二次叙述,二手,official_history_page,1947-10-28,1947-10-28,1947-10-28,day,L4,L4,catalogue_only_online,open,accepted
domestic:SAAC:1949-item-a09,SAAC,中央档案馆/国家档案局,国家级档案馆,国内党政机关与档案馆,A,档案影像（原件）,一手,archive_scan,1949-09-27,1949-09-27,1949-09-27,day,L1,L1,surrogate_online,open,accepted
domestic:SAAC:catalog-03-03_02_02,SAAC,中央档案馆/国家档案局,国家级档案馆,国内党政机关与档案馆,A,汇编/出版物收录,汇编,archive_scan,1949-06-28,1949-06-28,1949-06-28,day,L1,L1,surrogate_online,open,accepted
domestic:SAAC:51koukou-p06-dde07-f1,SAAC,中央档案馆/国家档案局,国家级档案馆,国内党政机关与档案馆,A,档案影像（原件）,一手,archive_scan,1949-10-01,1949-10-01,1949-10-01,day,L2,L2,full_item_online,open,accepted
domestic:SAAC:51koukou-p06-dde02-f1,SAAC,中央档案馆/国家档案局,国家级档案馆,国内党政机关与档案馆,A,档案影像（原件）,一手,archive_scan,1949-10-01,1949-10-01,1949-10-01,day,L2,L2,full_item_online,open,accepted
domestic:WM:1946-nierongzhen-tici-li-gongpu,WM,Wikimedia Commons 民国人物/盟史分类,国际公共数字资源,公共数字化/学术/海外,B,报刊原刊扫描（原件）,一手,press_scan,1946,1946,1946,year,L2,L2,full_item_online,open,accepted
domestic:NLC:guangmingbao-1947-12-second-plenum-domestic-situation,NLC,中国国家图书馆数字化民国文献(Wikimedia镜像),国家级图书馆,公共数字化/学术/海外,A,报刊原刊扫描（原件）,一手,press_scan,1947-01-08,1947-01-08,1947-01-08,day,L1,L1,full_item_online,open,accepted
domestic:SAAC:51koukou-p05-dde06-i3,SAAC,中央档案馆/国家档案局,国家级档案馆,国内党政机关与档案馆,A,档案影像（原件）,一手,archive_scan,1949-09-21,1949-09-21,1949-09-21,day,L2,L2,full_item_online,open,accepted
domestic:GXMM:xinminbao-professors-statement-1947-11-04,GXMM,民盟广西区委,民盟省市委,民盟自身与盟史,B,官方史志/官网二次叙述,二手,official_history_page,1947-11-04,1947-11-04,1947-11-04,day,L4,L4,full_item_online,open,accepted
domestic:SAAC:1949-index-c07,SAAC,中央档案馆/国家档案局,国家级档案馆,国内党政机关与档案馆,A,档案影像（原件）,一手,archive_scan,1949-09-21,1949-09-21,1949-09-21,day,L1,L1,surrogate_online,open,accepted
domestic:NLC:guangmingbao-1946-issue07-shen-zhiyuan-truce-statement-review,NLC,中国国家图书馆数字化民国文献(Wikimedia镜像),国家级图书馆,公共数字化/学术/海外,A,报刊原刊扫描（原件）,一手,press_scan,1946-11-18,1946-11-18,1946-11-18,day,L1,L1,full_item_online,open,accepted
domestic:MM1941:outline-1937-06-11-jiangsu-fayuan-shenli,MM1941,《民盟历史文献全媒体数据库》minmeng1941.cn,民盟系统非官方数据库,民盟自身与盟史,C,汇编/出版物收录,汇编,,1937-06-11,1937-06-11,1937-06-11,day,L3,L3,catalogue_only_online,login,accepted
domestic:SAAC:51koukou-p04-dde06-i3,SAAC,中央档案馆/国家档案局,国家级档案馆,国内党政机关与档案馆,A,档案影像（原件）,一手,archive_scan,1949-06-15,1949-06-15,1949-06-15,day,L2,L2,full_item_online,open,accepted
domestic:SAAC:1949-03-12-01,SAAC,中央档案馆/国家档案局,国家级档案馆,国内党政机关与档案馆,A,档案影像（原件）,一手,archive_scan,1949-03-12/1949-03-23,1949-03-12,1949-03-23,multi,L1,L1,surrogate_online,open,accepted
domestic:SAAC:51koukou-p02-dde01-f1,SAAC,中央档案馆/国家档案局,国家级档案馆,国内党政机关与档案馆,A,档案影像（原件）,一手,archive_scan,1949-06,1949-06,1949-06,month,L2,L2,full_item_online,open,accepted
domestic:MMC:zhangcheng-latest,MMC,民盟中央委员会官网,民盟系统,民盟自身与盟史,A,汇编/出版物收录,汇编,book_or_assembly,2024,2024,2024,year,L2,L2,full_item_online,open,accepted
domestic:WM:1949-xinzhengxie-choubeihui-changwei-heying,WM,Wikimedia Commons 民国人物/盟史分类,国际公共数字资源,公共数字化/学术/海外,B,报刊原刊扫描（原件）,一手,press_scan,1949,1949,1949,year,L2,L2,full_item_online,open,accepted
domestic:SAAC:catalog-03-03_01_01,SAAC,中央档案馆/国家档案局,国家级档案馆,国内党政机关与档案馆,A,汇编/出版物收录,汇编,archive_scan,1949-06-17,1949-06-17,1949-06-17,day,L1,L1,surrogate_online,open,accepted
domestic:NLC:minmeng-wenxian-1946-whole,NLC,中国国家图书馆数字化民国文献(Wikimedia镜像),国家级图书馆,公共数字化/学术/海外,A,汇编/出版物收录,汇编,press_scan,1946-12,1946-12,1946-12,month,L2,L2,full_item_online,open,accepted
domestic:SAAC:51koukou-p01-dde07,SAAC,中央档案馆/国家档案局,国家级档案馆,国内党政机关与档案馆,A,档案影像（原件）,一手,archive_scan,1948-10-01,1948-10-01,1948-10-01,day,L2,L2,full_item_online,open,accepted
domestic:MMZY:lead-楚图南-民盟文章,MMZY,民盟中央委员会,民盟系统,民盟自身与盟史,A,汇编/出版物收录,汇编,book_or_assembly,1945—1949,1945,1949,range,L4,L4,full_item_online,open,accepted
domestic:NLC:minxian-85445-1944-06-30,NLC,中国国家图书馆数字化民国文献(Wikimedia镜像),国家级图书馆,公共数字化/学术/海外,A,报刊原刊扫描（原件）,一手,press_scan,1944-06-30,1944-06-30,1944-06-30,day,L1,L1,full_item_online,open,accepted
domestic:MM1941:platform-anchor-minmeng1941-cn,MM1941,《民盟历史文献全媒体数据库》minmeng1941.cn,民盟系统非官方数据库,民盟自身与盟史,C,汇编/出版物收录,汇编,book_or_assembly,2026,2026,2026,year,L3,L3,catalogue_only_online,login,accepted
domestic:NLC:guangmingbao-1947-12-oppose-us-atrocities-shanghai,NLC,中国国家图书馆数字化民国文献(Wikimedia镜像),国家级图书馆,公共数字化/学术/海外,A,报刊原刊扫描（原件）,一手,press_scan,1947-01-08,1947-01-08,1947-01-08,day,L1,L1,full_item_online,open,accepted
domestic:NLC:guangmingbao-1947-issue22-learn-taofen-spirit-hu,NLC,中国国家图书馆数字化民国文献(Wikimedia镜像),国家级图书馆,公共数字化/学术/海外,A,报刊原刊扫描（原件）,一手,press_scan,1947-08-01,1947-08-01,1947-08-01,day,L1,L1,full_item_online,open,accepted
domestic:SAAC:catalog-02-02_13,SAAC,中央档案馆/国家档案局,国家级档案馆,国内党政机关与档案馆,A,汇编/出版物收录,汇编,archive_scan,1949-06-19,1949-06-19,1949-06-19,day,L1,L1,surrogate_online,open,accepted
domestic:MMHIST:yannan-meeting-minutes-1945-07-04,MMHIST,民盟中央文史资料委员会/马恩主义文库汇编,民盟系统,民盟自身与盟史,B,汇编/出版物收录,汇编,book_or_assembly,1945-07-01/1945-07-04,1945-07-01,1945-07-04,multi,L2,L2,catalogue_only_online,open,accepted
domestic:NLC:guangmingbao-1946-issue11-china-at-1947-threshold,NLC,中国国家图书馆数字化民国文献(Wikimedia镜像),国家级图书馆,公共数字化/学术/海外,A,报刊原刊扫描（原件）,一手,press_scan,1946-09-13,1946-09-13,1946-09-13,day,L1,L1,full_item_online,open,accepted
domestic:CPC:2024-09-30-fengyutongzhou-gongyi-guoshi,CPC,中国共产党新闻网,官方媒体,政协/统一战线/官方媒体,B,官方出版物,汇编,official_publication,2024-09-30,2024-09-30,2024-09-30,day,L2,L2,full_item_online,open,accepted
domestic:SAAC:1949-09-30-03,SAAC,中央档案馆/国家档案局,国家级档案馆,国内党政机关与档案馆,A,档案影像（原件）,一手,archive_scan,1949-09-30,1949-09-30,1949-09-30,day,L1,L1,surrogate_online,open,accepted
domestic:SAAC:catalog-03-03_06_09,SAAC,中央档案馆/国家档案局,国家级档案馆,国内党政机关与档案馆,A,汇编/出版物收录,汇编,archive_scan,1949-09,1949-09,1949-09,month,L1,L1,surrogate_online,open,accepted
domestic:NLC:guangmingbao-1947-issue15-huang-yaomian-pcc-line,NLC,中国国家图书馆数字化民国文献(Wikimedia镜像),国家级图书馆,公共数字化/学术/海外,A,报刊原刊扫描（原件）,一手,press_scan,1947-02-08,1947-02-08,1947-02-08,day,L1,L1,full_item_online,open,accepted
domestic:SHDPZ:zlc-characters-line79-liu-simou-1942-return,SHDPZ,上海市地方志办公室,地方志机构,政协/统一战线/官方媒体,A,报刊原刊扫描（原件）,一手,press_scan,2020-10-18,2020-10-18,2020-10-18,day,L3,L3,not_online,offline,needs_human_review
domestic:NLC:guangmingbao-1946-issue11-truman-december-18-statement,NLC,中国国家图书馆数字化民国文献(Wikimedia镜像),国家级图书馆,公共数字化/学术/海外,A,报刊原刊扫描（原件）,一手,press_scan,1946-09-13,1946-09-13,1946-09-13,day,L1,L1,full_item_online,open,accepted
domestic:SHDPZ:zlc-characters-line527-shang-ding-1943-join,SHDPZ,上海市地方志办公室,地方志机构,政协/统一战线/官方媒体,A,报刊原刊扫描（原件）,一手,press_scan,2020-10-18,2020-10-18,2020-10-18,day,L3,L3,not_online,offline,needs_human_review
domestic:MMSH:web-leaders,MMSH,民盟上海市委,民盟省市委,民盟自身与盟史,B,其他/未分类,待定,,,,,empty,L4,L4,full_item_online,open,accepted
domestic:SHAC:6-5-1216-meng-illegal-transfer-1947,SHAC,上海市档案馆,地方档案馆,国内党政机关与档案馆,A,其他/未分类,待定,other,1947-11-11,1947-11-11,1947-11-11,day,L4,L4,catalogue_only_online,open,accepted
domestic:LNU:guangmingbao-index-1941,LNU,岭南大学数字典藏,高校/学术机构,公共数字化/学术/海外,A,官方史志/官网二次叙述,二手,official_history_page,1941-10/1941-11,1941-10,1941-11,multi,L3,L3,full_item_online,open,accepted
domestic:SAAC:catalog-05-05_01,SAAC,中央档案馆/国家档案局,国家级档案馆,国内党政机关与档案馆,A,汇编/出版物收录,汇编,archive_scan,1949-09-21,1949-09-21,1949-09-21,day,L1,L1,surrogate_online,open,accepted
domestic:WM:1940s-zhang-lan-portrait-zhang-lan-tomb,WM,Wikimedia Commons 民国人物/盟史分类,国际公共数字资源,公共数字化/学术/海外,B,报刊原刊扫描（原件）,一手,press_scan,1940,1940,1940,year,L2,L2,full_item_online,open,accepted
domestic:MMZY:1945-first-congress-page,MMZY,民盟中央委员会,民盟系统,民盟自身与盟史,A,汇编/出版物收录,汇编,book_or_assembly,1945-10-01/1945-10-12,1945-10-01,1945-10-12,multi,L4,L4,full_item_online,open,accepted
domestic:SAAC:51koukou-p04-dde07,SAAC,中央档案馆/国家档案局,国家级档案馆,国内党政机关与档案馆,A,档案影像（原件）,一手,archive_scan,1949-06-15,1949-06-15,1949-06-15,day,L2,L2,full_item_online,open,accepted
domestic:NLC:guangmingbao-1946-issue9-anti-civil-war-conscription-editorial,NLC,中国国家图书馆数字化民国文献(Wikimedia镜像),国家级图书馆,公共数字化/学术/海外,A,报刊原刊扫描（原件）,一手,press_scan,1946-08-21,1946-08-21,1946-08-21,day,L1,L1,full_item_online,open,accepted
domestic:NLC:guangmingbao-1947-issue18-people-cannot-endure-editorial,NLC,中国国家图书馆数字化民国文献(Wikimedia镜像),国家级图书馆,公共数字化/学术/海外,A,报刊原刊扫描（原件）,一手,press_scan,1947-05-14,1947-05-14,1947-05-14,day,L1,L1,full_item_online,open,accepted
domestic:NLC:guangmingbao-1947-1947-18,NLC,中国国家图书馆数字化民国文献(Wikimedia镜像),国家级图书馆,公共数字化/学术/海外,A,报刊原刊扫描（原件）,一手,press_scan,1947-05-14,1947-05-14,1947-05-14,day,L1,L1,full_item_online,open,accepted
domestic:MMHIST:chang-po-chun-national-assembly-1946-01-17,MMHIST,民盟中央文史资料委员会/马恩主义文库汇编,民盟系统,民盟自身与盟史,B,汇编/出版物收录,汇编,book_or_assembly,1946-01-17,1946-01-17,1946-01-17,day,L2,L2,surrogate_online,open,accepted
domestic:CQ:chongqing-minmeng-xu-chaojian-2002,CQ,重庆出版社/重庆市政协文史委,出版社/政协文史,政协/统一战线/官方媒体,B,汇编/出版物收录,汇编,other,2002,2002,2002,year,L2,L2,catalogue_only_online,open,accepted
domestic:DRNH:002-080200-00321-036,DRNH,台湾国史馆档案史料文物查询系统,境外馆藏,公共数字化/学术/海外,A,档案影像（原件）,一手,archive_scan,1947-10-13,1947-10-13,1947-10-13,day,L2,L2,surrogate_online,open,accepted
domestic:SHDPZ:printed-page840-shang-ding-1943-10-join,SHDPZ,上海市地方志办公室,地方志机构,政协/统一战线/官方媒体,A,报刊原刊扫描（原件）,一手,press_scan,2020-07-01,2020-07-01,2020-07-01,day,L3,L3,not_online,offline,needs_human_review
domestic:ZLWEB:1943-09-18-zhang-lan-china-needs-real-democracy,ZLWEB,张澜网(民盟背景),纪念馆/民盟系统,民盟自身与盟史,C,网页转述/转录,二手,web_transcription,1943-09-18,1943-09-18,1943-09-18,day,L4,L4,surrogate_online,open,accepted
domestic:NLC:guangmingbao-1946-issue03-ceasefire-telegram,NLC,中国国家图书馆数字化民国文献(Wikimedia镜像),国家级图书馆,公共数字化/学术/海外,A,报刊原刊扫描（原件）,一手,press_scan,1946-10-08,1946-10-08,1946-10-08,day,L1,L1,full_item_online,open,accepted
domestic:NLC:minxian-v1n6-1944-08-15,NLC,中国国家图书馆数字化民国文献(Wikimedia镜像),国家级图书馆,公共数字化/学术/海外,A,报刊原刊扫描（原件）,一手,press_scan,1944-08-15,1944-08-15,1944-08-15,day,L1,L1,full_item_online,open,accepted
domestic:NLC:guangmingbao-1947-1947-16–17,NLC,中国国家图书馆数字化民国文献(Wikimedia镜像),国家级图书馆,公共数字化/学术/海外,A,报刊原刊扫描（原件）,一手,press_scan,1947-03-18,1947-03-18,1947-03-18,day,L1,L1,full_item_online,open,accepted
domestic:SAAC:51koukou-p06-dde12-f1,SAAC,中央档案馆/国家档案局,国家级档案馆,国内党政机关与档案馆,A,档案影像（原件）,一手,archive_scan,1949-10-01,1949-10-01,1949-10-01,day,L2,L2,full_item_online,open,accepted
domestic:SAAC:51koukou-p05-dde15,SAAC,中央档案馆/国家档案局,国家级档案馆,国内党政机关与档案馆,A,档案影像（原件）,一手,archive_scan,1949-09-21,1949-09-21,1949-09-21,day,L2,L2,full_item_online,open,accepted
domestic:NLC:minmeng-wenxian-1946-final-war-political-platform,NLC,中国国家图书馆数字化民国文献(Wikimedia镜像),国家级图书馆,公共数字化/学术/海外,A,汇编/出版物收录,汇编,press_scan,1944-10-10,1944-10-10,1944-10-10,day,L2,L2,full_item_online,open,accepted
domestic:NLC:guangmingbao-1946-issue04-di-chaobai-us-basic-attitude,NLC,中国国家图书馆数字化民国文献(Wikimedia镜像),国家级图书馆,公共数字化/学术/海外,A,报刊原刊扫描（原件）,一手,press_scan,1946-10-18,1946-10-18,1946-10-18,day,L1,L1,full_item_online,open,accepted
domestic:NLC:guangmingbao-1947-issue22-gongpu-still-beside-zhang,NLC,中国国家图书馆数字化民国文献(Wikimedia镜像),国家级图书馆,公共数字化/学术/海外,A,报刊原刊扫描（原件）,一手,press_scan,1947-08-01,1947-08-01,1947-08-01,day,L1,L1,full_item_online,open,accepted
domestic:SAAC:catalog-02-02_11,SAAC,中央档案馆/国家档案局,国家级档案馆,国内党政机关与档案馆,A,汇编/出版物收录,汇编,archive_scan,1949-06-16,1949-06-16,1949-06-16,day,L1,L1,surrogate_online,open,accepted
domestic:WM:1937-07-31-qijunzi-chuyu-heying,WM,Wikimedia Commons 民国人物/盟史分类,国际公共数字资源,公共数字化/学术/海外,B,其他/未分类,待定,,1937-07-31,1937-07-31,1937-07-31,day,L2,L2,full_item_online,open,accepted
domestic:ZSY:website-anchor-1941-1949,ZSY,中央社会主义学院,中央研究机构,政协/统一战线/官方媒体,A,官方出版物,汇编,official_publication,2026,2026,2026,year,L2,L2,full_item_online,open,accepted
domestic:QY:1991-zhongguo-minmeng-jianshi-1941-1949,QY,群言出版社(民盟中央直属),民盟系统出版机构,民盟自身与盟史,B,汇编/出版物收录,汇编,book_or_assembly,1991-03,1991-03,1991-03,month,L2,L2,catalogue_only_online,open,accepted
domestic:MM1941:outline-jianguoqian-fujian-mengshi-ziliao-zhong,MM1941,《民盟历史文献全媒体数据库》minmeng1941.cn,民盟系统非官方数据库,民盟自身与盟史,C,汇编/出版物收录,汇编,book_or_assembly,1946-1949,1946,1949,range,L3,L3,catalogue_only_online,login,accepted
domestic:SAAC:catalog-03-03_04_02,SAAC,中央档案馆/国家档案局,国家级档案馆,国内党政机关与档案馆,A,汇编/出版物收录,汇编,archive_scan,1949-07-09,1949-07-09,1949-07-09,day,L1,L1,surrogate_online,open,accepted
domestic:SAAC:1949-index-c01,SAAC,中央档案馆/国家档案局,国家级档案馆,国内党政机关与档案馆,A,档案影像（原件）,一手,archive_scan,1949-09-21,1949-09-21,1949-09-21,day,L1,L1,surrogate_online,open,accepted
domestic:MMHIST:lo-lung-chi-government-reorganization-1946-01-14,MMHIST,民盟中央文史资料委员会/马恩主义文库汇编,民盟系统,民盟自身与盟史,B,汇编/出版物收录,汇编,book_or_assembly,1946-01-14,1946-01-14,1946-01-14,day,L2,L2,surrogate_online,open,accepted
domestic:NLC:guangmingbao-1947-1947-19,NLC,中国国家图书馆数字化民国文献(Wikimedia镜像),国家级图书馆,公共数字化/学术/海外,A,报刊原刊扫描（原件）,一手,press_scan,1947-10-28,1947-10-28,1947-10-28,day,L1,L1,full_item_online,open,accepted
domestic:SAAC:1949-item-a12,SAAC,中央档案馆/国家档案局,国家级档案馆,国内党政机关与档案馆,A,档案影像（原件）,一手,archive_scan,1949-09-29,1949-09-29,1949-09-29,day,L1,L1,surrogate_online,open,accepted
domestic:NLC:guangmingbao-1947-19-article-02,NLC,中国国家图书馆数字化民国文献(Wikimedia镜像),国家级图书馆,公共数字化/学术/海外,A,报刊原刊扫描（原件）,一手,press_scan,1947-10-28,1947-10-28,1947-10-28,day,L1,L1,full_item_online,open,accepted
domestic:SAAC:51koukou-p06-dde10-f1,SAAC,中央档案馆/国家档案局,国家级档案馆,国内党政机关与档案馆,A,档案影像（原件）,一手,archive_scan,1949-10-01,1949-10-01,1949-10-01,day,L2,L2,full_item_online,open,accepted
domestic:WM:1946-zhonggong-weituo-minmeng-daiguanfangchan-xin,WM,Wikimedia Commons 民国人物/盟史分类,国际公共数字资源,公共数字化/学术/海外,B,报刊原刊扫描（原件）,一手,press_scan,1946,1946,1946,year,L2,L2,full_item_online,open,accepted
domestic:SAAC:1949-index-c28,SAAC,中央档案馆/国家档案局,国家级档案馆,国内党政机关与档案馆,A,档案影像（原件）,一手,archive_scan,1949-09-24,1949-09-24,1949-09-24,day,L1,L1,surrogate_online,open,accepted
domestic:SAAC:catalog-03-03_03_01,SAAC,中央档案馆/国家档案局,国家级档案馆,国内党政机关与档案馆,A,汇编/出版物收录,汇编,archive_scan,1948,1948,1948,year,L1,L1,surrogate_online,open,accepted
domestic:SAAC:catalog-01-01_09,SAAC,中央档案馆/国家档案局,国家级档案馆,国内党政机关与档案馆,A,汇编/出版物收录,汇编,archive_scan,1948-10-17,1948-10-17,1948-10-17,day,L1,L1,surrogate_online,open,accepted
domestic:NLC:guangmingbao-1948-1949-v2n12-taiwan-liberation,NLC,中国国家图书馆数字化民国文献(Wikimedia镜像),国家级图书馆,公共数字化/学术/海外,A,报刊原刊扫描（原件）,一手,press_scan,1949-02-12,1949-02-12,1949-02-12,day,L1,L1,full_item_online,open,accepted
domestic:SAAC:1949-index-c29,SAAC,中央档案馆/国家档案局,国家级档案馆,国内党政机关与档案馆,A,档案影像（原件）,一手,archive_scan,1949-09-24,1949-09-24,1949-09-24,day,L1,L1,surrogate_online,open,accepted
domestic:MGCH:mengge-qianbei-chuanji-congshu-2025,MGCH,团结出版社(民革中央直属),民主党派系统出版机构,政协/统一战线/官方媒体,B,汇编/出版物收录,汇编,other,2026-02-04,2026-02-04,2026-02-04,day,L2,L2,catalogue_only_online,open,accepted
domestic:SAAC:1949-item-a08,SAAC,中央档案馆/国家档案局,国家级档案馆,国内党政机关与档案馆,A,档案影像（原件）,一手,archive_scan,1949-09-27,1949-09-27,1949-09-27,day,L1,L1,surrogate_online,open,accepted
domestic:NLC:guangmingbao-1947-issue22-history-essays-shen-gong,NLC,中国国家图书馆数字化民国文献(Wikimedia镜像),国家级图书馆,公共数字化/学术/海外,A,报刊原刊扫描（原件）,一手,press_scan,1947-08-01,1947-08-01,1947-08-01,day,L1,L1,full_item_online,open,accepted
domestic:MM1941:outline-1942-1949-minmeng-zai-shaanxi-jing,MM1941,《民盟历史文献全媒体数据库》minmeng1941.cn,民盟系统非官方数据库,民盟自身与盟史,C,汇编/出版物收录,汇编,book_or_assembly,1942-1949,1942,1949,range,L3,L3,catalogue_only_online,login,accepted
domestic:NLC:minxian-85443-1944-05-01,NLC,中国国家图书馆数字化民国文献(Wikimedia镜像),国家级图书馆,公共数字化/学术/海外,A,报刊原刊扫描（原件）,一手,press_scan,1944-05-01,1944-05-01,1944-05-01,day,L1,L1,full_item_online,open,accepted
domestic:SAAC:51koukou-p03-dde01-f1,SAAC,中央档案馆/国家档案局,国家级档案馆,国内党政机关与档案馆,A,档案影像（原件）,一手,archive_scan,1949-09-17,1949-09-17,1949-09-17,day,L2,L2,full_item_online,open,accepted
domestic:SAAC:51koukou-p06-dde06-f1,SAAC,中央档案馆/国家档案局,国家级档案馆,国内党政机关与档案馆,A,档案影像（原件）,一手,archive_scan,1949-10-01,1949-10-01,1949-10-01,day,L2,L2,full_item_online,open,accepted
domestic:NLC:guangmingbao-1946-issue04-urgent-situation-editorial,NLC,中国国家图书馆数字化民国文献(Wikimedia镜像),国家级图书馆,公共数字化/学术/海外,A,报刊原刊扫描（原件）,一手,press_scan,1946-10-18,1946-10-18,1946-10-18,day,L1,L1,full_item_online,open,accepted
domestic:BJDCMM:1945-congress-declaration-platform-clipping,BJDCMM,民盟北京市东城区委员会,民盟基层组织,民盟自身与盟史,C,官方史志/官网二次叙述,二手,official_history_page,1945-10,1945-10,1945-10,month,L3,L3,surrogate_online,open,accepted
domestic:93:93-gov-cn-history-1945-chongqing,93,九三学社中央委员会(93.gov.cn),民主党派系统,政协/统一战线/官方媒体,B,官方出版物,汇编,official_publication,1945-09-03,1945-09-03,1945-09-03,day,L2,L2,full_item_online,open,accepted
domestic:NLC:guangmingbao-1947-issue22-shantou-black-terror,NLC,中国国家图书馆数字化民国文献(Wikimedia镜像),国家级图书馆,公共数字化/学术/海外,A,报刊原刊扫描（原件）,一手,press_scan,1947-08-01,1947-08-01,1947-08-01,day,L1,L1,full_item_online,open,accepted
domestic:WM:1949-zhanglan-zhouenlai-zhongyang-zhengfu-heying,WM,Wikimedia Commons 民国人物/盟史分类,国际公共数字资源,公共数字化/学术/海外,B,报刊原刊扫描（原件）,一手,press_scan,1949,1949,1949,year,L2,L2,catalogue_only_online,open,accepted
domestic:MMHIST:congress-declaration-1945,MMHIST,民盟中央文史资料委员会/马恩主义文库汇编,民盟系统,民盟自身与盟史,B,汇编/出版物收录,汇编,book_or_assembly,1945-10-16,1945-10-16,1945-10-16,day,L2,L2,surrogate_online,open,accepted
domestic:SAAC:51koukou-p06-dde03-f1,SAAC,中央档案馆/国家档案局,国家级档案馆,国内党政机关与档案馆,A,档案影像（原件）,一手,archive_scan,1949-10-01,1949-10-01,1949-10-01,day,L2,L2,full_item_online,open,accepted
domestic:SN:shaanxi-minmengshi-chenxitao,SN,陕西人民出版社/民盟陕西省委,出版社/民盟,政协/统一战线/官方媒体,B,其他/未分类,待定,other,2010,2010,2010,year,L3,L3,catalogue_only_online,open,accepted
domestic:QY:2014-minmeng-tongdizhou,QY,群言出版社(民盟中央直属),民盟系统出版机构,民盟自身与盟史,B,汇编/出版物收录,汇编,book_or_assembly,2014,2014,2014,year,L2,L2,catalogue_only_online,open,accepted
domestic:RCL:wenliangmo-1942-join-national-anthem,RCL,上海市地方志办公室民盟资料汇编,地方志机构,政协/统一战线/官方媒体,B,汇编/出版物收录,汇编,other,2024,2024,2024,year,L3,L3,not_online,offline,needs_human_review
domestic:MM1941:outline-1937-04-03-jiangsu-fayuan-qijunzi-qisong,MM1941,《民盟历史文献全媒体数据库》minmeng1941.cn,民盟系统非官方数据库,民盟自身与盟史,C,汇编/出版物收录,汇编,,1937-04-03,1937-04-03,1937-04-03,day,L3,L3,catalogue_only_online,login,accepted
domestic:FRUS:1944-04-21-d329-gauss-service-minority-parties,FRUS,美国国务院 FRUS 外交档案(民盟项目组编),境外档案,公共数字化/学术/海外,A,汇编/出版物收录,汇编,book_or_assembly,1944-04-21,1944-04-21,1944-04-21,day,L2,L3,full_item_online,open,accepted
domestic:QY:zhongguo-minmengtongmengshi-2012-qunyan,QY,群言出版社(民盟中央直属),民盟系统出版机构,民盟自身与盟史,B,汇编/出版物收录,汇编,book_or_assembly,2012-10,2012-10,2012-10,month,L2,L2,catalogue_only_online,open,accepted
domestic:WM:1946-06-23-xiaguan-can'an-maxulun,WM,Wikimedia Commons 民国人物/盟史分类,国际公共数字资源,公共数字化/学术/海外,B,报刊原刊扫描（原件）,一手,press_scan,1946-06-23,1946-06-23,1946-06-23,day,L2,L2,full_item_online,open,accepted
domestic:TM:taimeng-org-cn-history-1947-hongkong,TM,台盟中央委员会,民主党派系统,政协/统一战线/官方媒体,B,官方出版物,汇编,official_publication,1947-11-12,1947-11-12,1947-11-12,day,L2,L2,full_item_online,open,accepted
domestic:NLC:guangmingbao-1947-issue22-painful-memorial-chen,NLC,中国国家图书馆数字化民国文献(Wikimedia镜像),国家级图书馆,公共数字化/学术/海外,A,报刊原刊扫描（原件）,一手,press_scan,1947-08-01,1947-08-01,1947-08-01,day,L1,L1,full_item_online,open,accepted
domestic:CAIXIN:2023-10-18-liangshuming-yushenghua-guangmingbao,CAIXIN,财新网,商业媒体,其他,C,官方出版物,汇编,official_publication,2023-10-18,2023-10-18,2023-10-18,day,L2,L2,full_item_online,open,accepted
domestic:SAAC:catalog-01-01_22,SAAC,中央档案馆/国家档案局,国家级档案馆,国内党政机关与档案馆,A,汇编/出版物收录,汇编,archive_scan,1949-06-30,1949-06-30,1949-06-30,day,L1,L1,surrogate_online,open,accepted
domestic:SAAC:catalog-05-05_81,SAAC,中央档案馆/国家档案局,国家级档案馆,国内党政机关与档案馆,A,汇编/出版物收录,汇编,archive_scan,1949-09-30,1949-09-30,1949-09-30,day,L1,L1,surrogate_online,open,accepted
domestic:AH:anhui-minzhudangpai-shi-meng-zhangjie-2009,AH,安徽教育出版社/时代出版传媒,出版社,政协/统一战线/官方媒体,B,其他/未分类,待定,other,2009-08,2009-08,2009-08,month,L3,L3,catalogue_only_online,open,accepted
domestic:CDMM:website-anchor,CDMM,民盟成都市委员会,民盟基层组织,民盟自身与盟史,C,官方史志/官网二次叙述,二手,official_history_page,2024,2024,2024,year,L2,L2,full_item_online,open,accepted
domestic:WM:1945-maozedong-zhude-liucanzhengyuan,WM,Wikimedia Commons 民国人物/盟史分类,国际公共数字资源,公共数字化/学术/海外,B,报刊原刊扫描（原件）,一手,press_scan,1945,1945,1945,year,L2,L2,full_item_online,open,accepted
domestic:SAAC:51koukou-p03-dde03-f1,SAAC,中央档案馆/国家档案局,国家级档案馆,国内党政机关与档案馆,A,档案影像（原件）,一手,archive_scan,1949-09-17,1949-09-17,1949-09-17,day,L2,L2,full_item_online,open,accepted
domestic:MM1941:outline-1941-1953-wuxi-meng-biannian-shi,MM1941,《民盟历史文献全媒体数据库》minmeng1941.cn,民盟系统非官方数据库,民盟自身与盟史,C,汇编/出版物收录,汇编,book_or_assembly,1941-1953,1941,1953,range,L3,L3,catalogue_only_online,login,accepted
domestic:SAAC:1949-item-a07,SAAC,中央档案馆/国家档案局,国家级档案馆,国内党政机关与档案馆,A,档案影像（原件）,一手,archive_scan,1949-09-27,1949-09-27,1949-09-27,day,L1,L1,surrogate_online,open,accepted
domestic:NLC:minxian-v1n9-1944-11-20,NLC,中国国家图书馆数字化民国文献(Wikimedia镜像),国家级图书馆,公共数字化/学术/海外,A,报刊原刊扫描（原件）,一手,press_scan,1944-11-20,1944-11-20,1944-11-20,day,L1,L1,full_item_online,open,accepted
domestic:NLC:guangmingbao-1946-issue03-double-ten-task-article,NLC,中国国家图书馆数字化民国文献(Wikimedia镜像),国家级图书馆,公共数字化/学术/海外,A,报刊原刊扫描（原件）,一手,press_scan,1946-10-08,1946-10-08,1946-10-08,day,L1,L1,full_item_online,open,accepted
domestic:QY:chongqing-minmengshi-2014-qunyan,QY,群言出版社(民盟中央直属),民盟系统出版机构,民盟自身与盟史,B,汇编/出版物收录,汇编,book_or_assembly,2014-10,2014-10,2014-10,month,L2,L2,catalogue_only_online,open,accepted
domestic:93:bsjs-jsjj-jianyao-1945-1949,93,九三学社中央委员会(93.gov.cn),民主党派系统,政协/统一战线/官方媒体,B,官方出版物,汇编,official_publication,2024,2024,2024,year,L2,L2,full_item_online,open,accepted
domestic:WM:1946-qieshi-baozhang-renmin-quanli-an,WM,Wikimedia Commons 民国人物/盟史分类,国际公共数字资源,公共数字化/学术/海外,B,报刊原刊扫描（原件）,一手,press_scan,1946,1946,1946,year,L2,L2,full_item_online,open,accepted
domestic:DRNH:002-060100-00229-023,DRNH,台湾国史馆档案史料文物查询系统,境外馆藏,公共数字化/学术/海外,A,档案影像（原件）,一手,archive_scan,1947-10-23,1947-10-23,1947-10-23,day,L2,L2,surrogate_online,open,accepted
domestic:WS:democratic-league-declaration-1941,WS,维基文库/公网数据库,公共网络资源,公共数字化/学术/海外,C,网页转述/转录,二手,web_transcription,1941-10-10,1941-10-10,1941-10-10,day,LX,LX,full_item_online,open,accepted
domestic:NLC:guangmingbao-1948-1949-v1n1,NLC,中国国家图书馆数字化民国文献(Wikimedia镜像),国家级图书馆,公共数字化/学术/海外,A,报刊原刊扫描（原件）,一手,press_scan,1948-03-01,1948-03-01,1948-03-01,day,L1,L1,full_item_online,open,accepted
domestic:MX:ding-cong-1942-chongqing-artist,MX,民盟上海市委《盟贤》内部汇编,民盟系统内部资料,民盟自身与盟史,B,汇编/出版物收录,汇编,press_scan,2024,2024,2024,year,L3,L3,not_online,offline,needs_human_review
domestic:NLC:guangmingbao-1947-issue22-hengshe-tonghua-sa,NLC,中国国家图书馆数字化民国文献(Wikimedia镜像),国家级图书馆,公共数字化/学术/海外,A,报刊原刊扫描（原件）,一手,press_scan,1947-08-01,1947-08-01,1947-08-01,day,L1,L1,full_item_online,open,accepted
domestic:8P:8-dangpai-zhongyang-chubanshe,8P,八大民主党派中央主管出版社(自媒体转述),出版线索,其他,C,其他/未分类,待定,other,2024,2024,2024,year,L2,L2,catalogue_only_online,open,accepted
domestic:SAAC:1949-index-c10,SAAC,中央档案馆/国家档案局,国家级档案馆,国内党政机关与档案馆,A,档案影像（原件）,一手,archive_scan,1949-09-21,1949-09-21,1949-09-21,day,L1,L1,surrogate_online,open,accepted
domestic:CJD:1945-minjian-dansheng-chongqing,CJD,民建中央委员会,民主党派系统,政协/统一战线/官方媒体,B,其他/未分类,待定,other,1945-12-16,1945-12-16,1945-12-16,day,L2,L2,full_item_online,open,accepted
domestic:SAAC:1949-09-23-01,SAAC,中央档案馆/国家档案局,国家级档案馆,国内党政机关与档案馆,A,档案影像（原件）,一手,archive_scan,1949-09-23,1949-09-23,1949-09-23,day,L1,L1,surrogate_online,open,accepted
domestic:SAAC:catalog-05-05_38,SAAC,中央档案馆/国家档案局,国家级档案馆,国内党政机关与档案馆,A,汇编/出版物收录,汇编,archive_scan,1949-09-23,1949-09-23,1949-09-23,day,L1,L1,surrogate_online,open,accepted
domestic:RCL:textile-engineer-1943-12-join,RCL,上海市地方志办公室民盟资料汇编,地方志机构,政协/统一战线/官方媒体,B,汇编/出版物收录,汇编,other,2024,2024,2024,year,L3,L3,not_online,offline,needs_human_review
domestic:SAAC:1948-10-08-01,SAAC,中央档案馆/国家档案局,国家级档案馆,国内党政机关与档案馆,A,档案影像（原件）,一手,archive_scan,1948-10-08,1948-10-08,1948-10-08,day,L1,L1,surrogate_online,open,accepted
domestic:SAAC:catalog-05-05_90,SAAC,中央档案馆/国家档案局,国家级档案馆,国内党政机关与档案馆,A,汇编/出版物收录,汇编,archive_scan,1949-09-30,1949-09-30,1949-09-30,day,L1,L1,surrogate_online,open,accepted
domestic:MMHIST:situation-talk-1946-01-02,MMHIST,民盟中央文史资料委员会/马恩主义文库汇编,民盟系统,民盟自身与盟史,B,汇编/出版物收录,汇编,book_or_assembly,1946-01-02,1946-01-02,1946-01-02,day,L2,L2,surrogate_online,open,accepted
domestic:SAAC:51koukou-p04-dde12,SAAC,中央档案馆/国家档案局,国家级档案馆,国内党政机关与档案馆,A,档案影像（原件）,一手,archive_scan,1949-06-19,1949-06-19,1949-06-19,day,L2,L2,full_item_online,open,accepted
domestic:FJMM:lead-少年记忆-初识民盟,FJMM,民盟福建省委,民盟省市委,民盟自身与盟史,B,官方史志/官网二次叙述,二手,official_history_page,1947,1947,1947,year,L4,L4,full_item_online,open,accepted
domestic:NLC:guangmingbao-1946-issue02,NLC,中国国家图书馆数字化民国文献(Wikimedia镜像),国家级图书馆,公共数字化/学术/海外,A,报刊原刊扫描（原件）,一手,press_scan,1946-09-28,1946-09-28,1946-09-28,day,L1,L1,full_item_online,open,accepted
domestic:NLC:guangmingbao-1947-issue21-critique-dictatorship-new-policy-editorial,NLC,中国国家图书馆数字化民国文献(Wikimedia镜像),国家级图书馆,公共数字化/学术/海外,A,报刊原刊扫描（原件）,一手,press_scan,1947-07-05,1947-07-05,1947-07-05,day,L1,L1,full_item_online,open,accepted
domestic:XHB:xinhuaribao-1946-refuse-national-assembly-editorial-1946-11-25,XHB,《新华日报》(1938-1947),历史报刊,政协/统一战线/官方媒体,B,报刊原刊扫描（原件）,一手,press_scan,1946-11-25,1946-11-25,1946-11-25,day,L1,L1,surrogate_online,open,needs_human_review
domestic:WM:zhang-bojun-portrait,WM,Wikimedia Commons 民国人物/盟史分类,国际公共数字资源,公共数字化/学术/海外,B,其他/未分类,待定,,1940,1940,1940,year,L2,L2,full_item_online,open,accepted
domestic:SAAC:1949-index-c04,SAAC,中央档案馆/国家档案局,国家级档案馆,国内党政机关与档案馆,A,档案影像（原件）,一手,archive_scan,1949-09-21,1949-09-21,1949-09-21,day,L1,L1,surrogate_online,open,accepted
domestic:WM:1945-zhanglan-chongqing-tanpan-gongkai-xin,WM,Wikimedia Commons 民国人物/盟史分类,国际公共数字资源,公共数字化/学术/海外,B,报刊原刊扫描（原件）,一手,press_scan,1945,1945,1945,year,L2,L2,full_item_online,open,accepted
domestic:WM:1949-minmeng-leaders-see-CCP-mission-off,WM,Wikimedia Commons 民国人物/盟史分类,国际公共数字资源,公共数字化/学术/海外,B,报刊原刊扫描（原件）,一手,press_scan,1949,1949,1949,year,L2,L2,full_item_online,open,accepted
domestic:NLC:guangmingbao-1946-issue01-shen-zhiyuan-minmeng-current-situation-proposal,NLC,中国国家图书馆数字化民国文献(Wikimedia镜像),国家级图书馆,公共数字化/学术/海外,A,报刊原刊扫描（原件）,一手,press_scan,1946-09-18,1946-09-18,1946-09-18,day,L1,L1,full_item_online,open,accepted
domestic:NLC:minxian-85448-1944-09-10,NLC,中国国家图书馆数字化民国文献(Wikimedia镜像),国家级图书馆,公共数字化/学术/海外,A,报刊原刊扫描（原件）,一手,press_scan,1944-09-10,1944-09-10,1944-09-10,day,L1,L1,full_item_online,open,accepted
domestic:NLC:guangmingbao-1947-issue16-17-li-jishen-situation-views,NLC,中国国家图书馆数字化民国文献(Wikimedia镜像),国家级图书馆,公共数字化/学术/海外,A,报刊原刊扫描（原件）,一手,press_scan,1947-03-18,1947-03-18,1947-03-18,day,L1,L1,full_item_online,open,accepted
domestic:WM:1949-zhongyang-zhengfu-shouge-fuxinjiang-weiwentuan,WM,Wikimedia Commons 民国人物/盟史分类,国际公共数字资源,公共数字化/学术/海外,B,报刊原刊扫描（原件）,一手,press_scan,1949,1949,1949,year,L2,L2,full_item_online,open,accepted
domestic:SAAC:catalog-05-05_86,SAAC,中央档案馆/国家档案局,国家级档案馆,国内党政机关与档案馆,A,汇编/出版物收录,汇编,archive_scan,1949-09-30,1949-09-30,1949-09-30,day,L1,L1,surrogate_online,open,accepted
domestic:NLC:dagongbao-shanghai-1947-11-06-page2-full,NLC,中国国家图书馆数字化民国文献(Wikimedia镜像),国家级图书馆,公共数字化/学术/海外,A,报刊原刊扫描（原件）,一手,press_scan,1947-11-06,1947-11-06,1947-11-06,day,L1,L1,full_item_online,open,accepted
domestic:MM1941:outline-shanghai-minmeng-biannian-shi,MM1941,《民盟历史文献全媒体数据库》minmeng1941.cn,民盟系统非官方数据库,民盟自身与盟史,C,汇编/出版物收录,汇编,book_or_assembly,1945-2018,1945,2018,range,L3,L3,catalogue_only_online,login,accepted
domestic:MMHIST:chang-dong-sun-freedom-1946-01-14,MMHIST,民盟中央文史资料委员会/马恩主义文库汇编,民盟系统,民盟自身与盟史,B,汇编/出版物收录,汇编,book_or_assembly,1946-01-14,1946-01-14,1946-01-14,day,L2,L2,surrogate_online,open,accepted
domestic:SAAC:1949-index-c12,SAAC,中央档案馆/国家档案局,国家级档案馆,国内党政机关与档案馆,A,档案影像（原件）,一手,archive_scan,1949-09-21,1949-09-21,1949-09-21,day,L1,L1,surrogate_online,open,accepted
domestic:QY:2013-minmeng-taoxingzhi,QY,群言出版社(民盟中央直属),民盟系统出版机构,民盟自身与盟史,B,汇编/出版物收录,汇编,book_or_assembly,2013,2013,2013,year,L2,L2,catalogue_only_online,open,accepted
domestic:NLC:guangmingbao-1947-issue18-nantotal-press-reception,NLC,中国国家图书馆数字化民国文献(Wikimedia镜像),国家级图书馆,公共数字化/学术/海外,A,报刊原刊扫描（原件）,一手,press_scan,1947-05-14,1947-05-14,1947-05-14,day,L1,L1,full_item_online,open,accepted
domestic:WS:dagongbao-1946-pcc-five-agreements-1946-01-31,WS,维基文库/公网数据库,公共网络资源,公共数字化/学术/海外,C,网页转述/转录,二手,web_transcription,1946-01-31,1946-01-31,1946-01-31,day,L1,L1,surrogate_online,open,needs_human_review
domestic:WM:1949-liushaoqi-huangyanpei,WM,Wikimedia Commons 民国人物/盟史分类,国际公共数字资源,公共数字化/学术/海外,B,报刊原刊扫描（原件）,一手,press_scan,1949,1949,1949,year,L2,L2,full_item_online,open,accepted
domestic:SAAC:catalog-04-04_02,SAAC,中央档案馆/国家档案局,国家级档案馆,国内党政机关与档案馆,A,汇编/出版物收录,汇编,archive_scan,1949-09-17,1949-09-17,1949-09-17,day,L1,L1,surrogate_online,open,accepted
domestic:NLC:guangmingbao-1948-1949-v2n12-article,NLC,中国国家图书馆数字化民国文献(Wikimedia镜像),国家级图书馆,公共数字化/学术/海外,A,报刊原刊扫描（原件）,一手,press_scan,1949-02-12,1949-02-12,1949-02-12,day,L1,L1,full_item_online,open,accepted
domestic:SAAC:51koukou-p01-dde04,SAAC,中央档案馆/国家档案局,国家级档案馆,国内党政机关与档案馆,A,档案影像（原件）,一手,archive_scan,1948-05-01,1948-05-01,1948-05-01,day,L2,L2,full_item_online,open,accepted
domestic:NLC:guangmingbao-1946-issue07-qian-jiaju-unequal-treaty,NLC,中国国家图书馆数字化民国文献(Wikimedia镜像),国家级图书馆,公共数字化/学术/海外,A,报刊原刊扫描（原件）,一手,press_scan,1946-11-18,1946-11-18,1946-11-18,day,L1,L1,full_item_online,open,accepted
domestic:FRUS:1944-07-11-d380-langdon-kunming-democratic-league,FRUS,美国国务院 FRUS 外交档案(民盟项目组编),境外档案,公共数字化/学术/海外,A,汇编/出版物收录,汇编,book_or_assembly,1944-07-11,1944-07-11,1944-07-11,day,L2,L3,full_item_online,open,accepted
domestic:MMHIST:chang-lan-pcc-opening-1946-01-10,MMHIST,民盟中央文史资料委员会/马恩主义文库汇编,民盟系统,民盟自身与盟史,B,汇编/出版物收录,汇编,book_or_assembly,1946-01-10,1946-01-10,1946-01-10,day,L2,L2,surrogate_online,open,accepted
domestic:NLC:guangmingbao-1948-1949-v1n12-three-premises-li-xiangfu,NLC,中国国家图书馆数字化民国文献(Wikimedia镜像),国家级图书馆,公共数字化/学术/海外,A,报刊原刊扫描（原件）,一手,press_scan,1948-08-16,1948-08-16,1948-08-16,day,L1,L1,full_item_online,open,accepted
domestic:GMD:2022-12-22-minmeng-baodao,GMD,光明日报(gmw.cn),官方媒体,政协/统一战线/官方媒体,B,官方出版物,汇编,official_publication,2022-12-22,2022-12-22,2022-12-22,day,L2,L2,full_item_online,open,accepted
domestic:MM1941:outline-1946-1949-minmeng-zongbu-shanghai,MM1941,《民盟历史文献全媒体数据库》minmeng1941.cn,民盟系统非官方数据库,民盟自身与盟史,C,汇编/出版物收录,汇编,book_or_assembly,1946-1949,1946,1949,range,L3,L3,catalogue_only_online,login,accepted
domestic:SAAC:catalog-03-03_04_05,SAAC,中央档案馆/国家档案局,国家级档案馆,国内党政机关与档案馆,A,汇编/出版物收录,汇编,archive_scan,1949-09-02,1949-09-02,1949-09-02,day,L1,L1,surrogate_online,open,accepted
domestic:NLC:guangmingbao-1947-12-students-letter-to-truman,NLC,中国国家图书馆数字化民国文献(Wikimedia镜像),国家级图书馆,公共数字化/学术/海外,A,报刊原刊扫描（原件）,一手,press_scan,1947-01-08,1947-01-08,1947-01-08,day,L1,L1,full_item_online,open,accepted
domestic:SAAC:catalog-04-04_01,SAAC,中央档案馆/国家档案局,国家级档案馆,国内党政机关与档案馆,A,汇编/出版物收录,汇编,archive_scan,1949-09-17,1949-09-17,1949-09-17,day,L1,L1,surrogate_online,open,accepted
domestic:SAAC:1949-item-a13,SAAC,中央档案馆/国家档案局,国家级档案馆,国内党政机关与档案馆,A,档案影像（原件）,一手,archive_scan,1949-09-29,1949-09-29,1949-09-29,day,L1,L1,surrogate_online,open,accepted
domestic:SAAC:51koukou-p02-dde07-f1,SAAC,中央档案馆/国家档案局,国家级档案馆,国内党政机关与档案馆,A,档案影像（原件）,一手,archive_scan,1949-06,1949-06,1949-06,month,L2,L2,full_item_online,open,accepted
domestic:NLC:guangmingbao-1947-12-congratulate-second-plenum-editorial,NLC,中国国家图书馆数字化民国文献(Wikimedia镜像),国家级图书馆,公共数字化/学术/海外,A,报刊原刊扫描（原件）,一手,press_scan,1947-01-08,1947-01-08,1947-01-08,day,L1,L1,full_item_online,open,accepted
domestic:NJSH:2nd-Historical-Archives-1912-1949-220w-juan,NJSH,中国第二历史档案馆,国家级档案馆,国内党政机关与档案馆,A,其他/未分类,待定,other,2025-04,2025-04,2025-04,month,L3,L3,catalogue_only_online,login,accepted
domestic:FRUS:1944-10-30-d478-gauss-war-final-stage-proposals,FRUS,美国国务院 FRUS 外交档案(民盟项目组编),境外档案,公共数字化/学术/海外,A,汇编/出版物收录,汇编,book_or_assembly,1944-10-30,1944-10-30,1944-10-30,day,L2,L3,full_item_online,open,accepted
domestic:SAAC:1949-index-c08,SAAC,中央档案馆/国家档案局,国家级档案馆,国内党政机关与档案馆,A,档案影像（原件）,一手,archive_scan,1949-09-21,1949-09-21,1949-09-21,day,L1,L1,surrogate_online,open,accepted
domestic:RMZXW:website-anchor-1949,RMZXW,人民政协网,官方媒体,政协/统一战线/官方媒体,B,其他/未分类,待定,other,2026,2026,2026,year,L2,L2,full_item_online,open,accepted
domestic:BJTZB:lead-人民民主统一战线的巩固和扩大,BJTZB,北京市委统战部,统战系统,政协/统一战线/官方媒体,A,其他/未分类,待定,other,1947—1948,1947,1948,range,L4,L4,full_item_online,open,accepted
domestic:SAAC:catalog-04-04_03,SAAC,中央档案馆/国家档案局,国家级档案馆,国内党政机关与档案馆,A,汇编/出版物收录,汇编,archive_scan,1949-09-17,1949-09-17,1949-09-17,day,L1,L1,surrogate_online,open,accepted
domestic:SAAC:51koukou-p02-dde03-f1,SAAC,中央档案馆/国家档案局,国家级档案馆,国内党政机关与档案馆,A,档案影像（原件）,一手,archive_scan,1949-06,1949-06,1949-06,month,L2,L2,full_item_online,open,accepted
domestic:SAAC:1949-index-c22,SAAC,中央档案馆/国家档案局,国家级档案馆,国内党政机关与档案馆,A,档案影像（原件）,一手,archive_scan,1949-09-23,1949-09-23,1949-09-23,day,L1,L1,surrogate_online,open,accepted
domestic:MM1941:outline-1942-shaanxi-tongzhanbu-meng-zhibu-renxuan,MM1941,《民盟历史文献全媒体数据库》minmeng1941.cn,民盟系统非官方数据库,民盟自身与盟史,C,汇编/出版物收录,汇编,book_or_assembly,1942,1942,1942,year,L3,L3,catalogue_only_online,login,accepted
domestic:SHPRESS:zhanglan-shidai-ribao-1947-11-07-lead,SHPRESS,上海《时代日报》线索(盟史转述),历史报刊线索,其他,C,网页转述/转录,二手,web_transcription,1947-11-07,1947-11-07,1947-11-07,day,L4,L4,not_online,open,needs_human_review
domestic:SAAC:1948-05-01-01,SAAC,中央档案馆/国家档案局,国家级档案馆,国内党政机关与档案馆,A,档案影像（原件）,一手,archive_scan,1948-05-01,1948-05-01,1948-05-01,day,L1,L1,surrogate_online,open,accepted
domestic:SAAC:1949-item-a15,SAAC,中央档案馆/国家档案局,国家级档案馆,国内党政机关与档案馆,A,档案影像（原件）,一手,archive_scan,1949-09-29,1949-09-29,1949-09-29,day,L1,L1,surrogate_online,open,accepted
domestic:NLC:dagongbao-hankow-1947-11-04-zhang-qun-notice,NLC,中国国家图书馆数字化民国文献(Wikimedia镜像),国家级图书馆,公共数字化/学术/海外,A,报刊原刊扫描（原件）,一手,press_scan,1947-11-04,1947-11-04,1947-11-04,day,L1,L1,full_item_online,open,accepted
domestic:SAAC:catalog-02-02_04,SAAC,中央档案馆/国家档案局,国家级档案馆,国内党政机关与档案馆,A,汇编/出版物收录,汇编,archive_scan,1949-06-15,1949-06-15,1949-06-15,day,L1,L1,surrogate_online,open,accepted
domestic:SHDPZ:printed-page816-su-yanbin-1943-11-join,SHDPZ,上海市地方志办公室,地方志机构,政协/统一战线/官方媒体,A,报刊原刊扫描（原件）,一手,press_scan,2020-07-01,2020-07-01,2020-07-01,day,L3,L3,not_online,offline,needs_human_review
domestic:SAAC:51koukou-p03-dde05-f1,SAAC,中央档案馆/国家档案局,国家级档案馆,国内党政机关与档案馆,A,档案影像（原件）,一手,archive_scan,1949-09-20,1949-09-20,1949-09-20,day,L2,L2,full_item_online,open,accepted
domestic:NLC:guangmingbao-1946-issue10-guangdong-kmt-protest-editorial,NLC,中国国家图书馆数字化民国文献(Wikimedia镜像),国家级图书馆,公共数字化/学术/海外,A,报刊原刊扫描（原件）,一手,press_scan,1946-08-28,1946-08-28,1946-08-28,day,L1,L1,full_item_online,open,accepted
domestic:SAAC:catalog-01-01_05,SAAC,中央档案馆/国家档案局,国家级档案馆,国内党政机关与档案馆,A,汇编/出版物收录,汇编,archive_scan,1948-05-07,1948-05-07,1948-05-07,day,L1,L1,surrogate_online,open,accepted
domestic:NLC:minxian-v1n10-1944-12-20,NLC,中国国家图书馆数字化民国文献(Wikimedia镜像),国家级图书馆,公共数字化/学术/海外,A,报刊原刊扫描（原件）,一手,press_scan,1944-12-20,1944-12-20,1944-12-20,day,L1,L1,full_item_online,open,accepted
domestic:ZL1872:chang-lan-dissolution-statement-1947,ZL1872,张澜纪念馆公开史料页,纪念馆/民盟系统,民盟自身与盟史,C,网页转述/转录,二手,web_transcription,1947-11-07,1947-11-07,1947-11-07,day,L4,L4,full_item_online,open,accepted
domestic:DRNH:002-080200-00537-081,DRNH,台湾国史馆档案史料文物查询系统,境外馆藏,公共数字化/学术/海外,A,档案影像（原件）,一手,archive_scan,1947-11-05,1947-11-05,1947-11-05,day,L2,L2,surrogate_online,open,accepted
domestic:WM:1946-10-18-zhouenlai-minmeng-shanghai-tanpan,WM,Wikimedia Commons 民国人物/盟史分类,国际公共数字资源,公共数字化/学术/海外,B,报刊原刊扫描（原件）,一手,press_scan,1946-10-18,1946-10-18,1946-10-18,day,L2,L2,full_item_online,open,accepted
domestic:SAAC:catalog-05-05_77,SAAC,中央档案馆/国家档案局,国家级档案馆,国内党政机关与档案馆,A,汇编/出版物收录,汇编,archive_scan,1949-09-30,1949-09-30,1949-09-30,day,L1,L1,surrogate_online,open,accepted
domestic:SAAC:1949-index-c11,SAAC,中央档案馆/国家档案局,国家级档案馆,国内党政机关与档案馆,A,档案影像（原件）,一手,archive_scan,1949-09-21,1949-09-21,1949-09-21,day,L1,L1,surrogate_online,open,accepted
domestic:WM:1949-xinzhengxie-kaimushi-zhuxitai,WM,Wikimedia Commons 民国人物/盟史分类,国际公共数字资源,公共数字化/学术/海外,B,报刊原刊扫描（原件）,一手,press_scan,1949,1949,1949,year,L2,L2,full_item_online,open,accepted
domestic:SAAC:catalog-03-03_03_03,SAAC,中央档案馆/国家档案局,国家级档案馆,国内党政机关与档案馆,A,汇编/出版物收录,汇编,archive_scan,1949-06,1949-06,1949-06,month,L1,L1,surrogate_online,open,accepted
domestic:SAAC:catalog-05-05_40,SAAC,中央档案馆/国家档案局,国家级档案馆,国内党政机关与档案馆,A,汇编/出版物收录,汇编,archive_scan,1949-09-23,1949-09-23,1949-09-23,day,L1,L1,surrogate_online,open,accepted
domestic:ZJ:zhejiang-sheng-minzhudangpai-zhi-2002,ZJ,浙江人民出版社/省民主党派志编委会,出版社/政协,政协/统一战线/官方媒体,B,其他/未分类,待定,other,2002-12,2002-12,2002-12,month,L2,L2,catalogue_only_online,open,accepted
domestic:NLC:guangmingbao-1947-1947-20,NLC,中国国家图书馆数字化民国文献(Wikimedia镜像),国家级图书馆,公共数字化/学术/海外,A,报刊原刊扫描（原件）,一手,press_scan,1947-06-23,1947-06-23,1947-06-23,day,L1,L1,full_item_online,open,accepted
domestic:SAAC:1949-index-c14,SAAC,中央档案馆/国家档案局,国家级档案馆,国内党政机关与档案馆,A,档案影像（原件）,一手,archive_scan,1949-09-22,1949-09-22,1949-09-22,day,L1,L1,surrogate_online,open,accepted
domestic:NLC:guangmingbao-1947-issue22-wipe-out-killers-li,NLC,中国国家图书馆数字化民国文献(Wikimedia镜像),国家级图书馆,公共数字化/学术/海外,A,报刊原刊扫描（原件）,一手,press_scan,1947-08-01,1947-08-01,1947-08-01,day,L1,L1,full_item_online,open,accepted
domestic:NLC:minxian-v1n1-1944-05-16,NLC,中国国家图书馆数字化民国文献(Wikimedia镜像),国家级图书馆,公共数字化/学术/海外,A,报刊原刊扫描（原件）,一手,press_scan,1944-05-16,1944-05-16,1944-05-16,day,L1,L1,full_item_online,open,accepted
domestic:SAAC:catalog-03-03_03_05,SAAC,中央档案馆/国家档案局,国家级档案馆,国内党政机关与档案馆,A,汇编/出版物收录,汇编,archive_scan,1949-06-30,1949-06-30,1949-06-30,day,L1,L1,surrogate_online,open,accepted
domestic:NLC:guangmingbao-1946-issue8-qiu-xini-guangdong-shengtianli,NLC,中国国家图书馆数字化民国文献(Wikimedia镜像),国家级图书馆,公共数字化/学术/海外,A,报刊原刊扫描（原件）,一手,press_scan,1946-11-28,1946-11-28,1946-11-28,day,L1,L1,full_item_online,open,accepted
domestic:NLC:guangmingbao-1947-12-statement-one-sided-constitution,NLC,中国国家图书馆数字化民国文献(Wikimedia镜像),国家级图书馆,公共数字化/学术/海外,A,报刊原刊扫描（原件）,一手,press_scan,1947-01-08,1947-01-08,1947-01-08,day,L1,L1,full_item_online,open,accepted
domestic:SAAC:51koukou-p05-dde04-i3,SAAC,中央档案馆/国家档案局,国家级档案馆,国内党政机关与档案馆,A,档案影像（原件）,一手,archive_scan,1949-09-21,1949-09-21,1949-09-21,day,L2,L2,full_item_online,open,accepted
domestic:HB:hubei-minmengshi-2014-xiangbiwu,HB,湖北人民出版社/民盟湖北省委,出版社/民盟,政协/统一战线/官方媒体,B,其他/未分类,待定,other,2014,2014,2014,year,L3,L3,catalogue_only_online,open,accepted
domestic:MM1941:outline-1946-1953-jiangsu-meng-biannian-shi,MM1941,《民盟历史文献全媒体数据库》minmeng1941.cn,民盟系统非官方数据库,民盟自身与盟史,C,汇编/出版物收录,汇编,book_or_assembly,1946-1953,1946,1953,range,L3,L3,catalogue_only_online,login,accepted
domestic:SAAC:1949-09-28-01,SAAC,中央档案馆/国家档案局,国家级档案馆,国内党政机关与档案馆,A,档案影像（原件）,一手,archive_scan,1949-09-28,1949-09-28,1949-09-28,day,L1,L1,surrogate_online,open,accepted
domestic:SAAC:catalog-05-05_88,SAAC,中央档案馆/国家档案局,国家级档案馆,国内党政机关与档案馆,A,汇编/出版物收录,汇编,archive_scan,1949-09-30,1949-09-30,1949-09-30,day,L1,L1,surrogate_online,open,accepted
domestic:NLC:guangmingbao-1947-issue13-our-attitude-editorial,NLC,中国国家图书馆数字化民国文献(Wikimedia镜像),国家级图书馆,公共数字化/学术/海外,A,报刊原刊扫描（原件）,一手,press_scan,1947-01-18,1947-01-18,1947-01-18,day,L1,L1,full_item_online,open,accepted
domestic:WM:1949-maozedong-zhude-daoda-beiping,WM,Wikimedia Commons 民国人物/盟史分类,国际公共数字资源,公共数字化/学术/海外,B,报刊原刊扫描（原件）,一手,press_scan,1949,1949,1949,year,L2,L2,full_item_online,open,accepted
domestic:SAAC:catalog-03-03_06_02,SAAC,中央档案馆/国家档案局,国家级档案馆,国内党政机关与档案馆,A,汇编/出版物收录,汇编,archive_scan,1949-07-10,1949-07-10,1949-07-10,day,L1,L1,surrogate_online,open,accepted
domestic:SAAC:1949-item-a17,SAAC,中央档案馆/国家档案局,国家级档案馆,国内党政机关与档案馆,A,档案影像（原件）,一手,archive_scan,1949-09-30,1949-09-30,1949-09-30,day,L1,L1,surrogate_online,open,accepted
domestic:NLC:guangmingbao-1948-1949-v2n1-article,NLC,中国国家图书馆数字化民国文献(Wikimedia镜像),国家级图书馆,公共数字化/学术/海外,A,报刊原刊扫描（原件）,一手,press_scan,1949-01-10,1949-01-10,1949-01-10,day,L1,L1,full_item_online,open,accepted
domestic:SAAC:catalog-06-06_02,SAAC,中央档案馆/国家档案局,国家级档案馆,国内党政机关与档案馆,A,汇编/出版物收录,汇编,archive_scan,1949-10-01,1949-10-01,1949-10-01,day,L1,L1,surrogate_online,open,accepted
domestic:MM1941:outline-1937-04-12-zhonggong-qijunzi-shengming,MM1941,《民盟历史文献全媒体数据库》minmeng1941.cn,民盟系统非官方数据库,民盟自身与盟史,C,汇编/出版物收录,汇编,,1937-04-12,1937-04-12,1937-04-12,day,L3,L3,catalogue_only_online,login,accepted
domestic:SCU:democratic-league-situation-talk-1946-01-02,SCU,四川大学党史科研组公开汇编,高校/学术机构,公共数字化/学术/海外,B,汇编/出版物收录,汇编,official_history_page,1946-01-02,1946-01-02,1946-01-02,day,L2,L2,surrogate_online,open,accepted
domestic:WM:xinan-lianda-jiuzhi-1946-meng,WM,Wikimedia Commons 民国人物/盟史分类,国际公共数字资源,公共数字化/学术/海外,B,报刊原刊扫描（原件）,一手,press_scan,2024,2024,2024,year,L3,L3,full_item_online,open,accepted
domestic:MM1941:outline-1946-beiyoudang-tewu-qinfeng-bao,MM1941,《民盟历史文献全媒体数据库》minmeng1941.cn,民盟系统非官方数据库,民盟自身与盟史,C,汇编/出版物收录,汇编,book_or_assembly,1946,1946,1946,year,L3,L3,catalogue_only_online,login,accepted
domestic:NLC:guangmingbao-1947-issue21-deng-chumin-middle-route,NLC,中国国家图书馆数字化民国文献(Wikimedia镜像),国家级图书馆,公共数字化/学术/海外,A,报刊原刊扫描（原件）,一手,press_scan,1947-07-05,1947-07-05,1947-07-05,day,L1,L1,full_item_online,open,accepted
domestic:MM1941:outline-1944-1946-minmeng-zongbu-chongqing,MM1941,《民盟历史文献全媒体数据库》minmeng1941.cn,民盟系统非官方数据库,民盟自身与盟史,C,汇编/出版物收录,汇编,book_or_assembly,1944-1946,1944,1946,range,L3,L3,catalogue_only_online,login,accepted
domestic:FJ:zhongguo-minmengtongmeng-fujian-jianshi-2018,FJ,线装书局/民盟福建省委,出版社/民盟,政协/统一战线/官方媒体,B,其他/未分类,待定,other,2018-12,2018-12,2018-12,month,L2,L2,catalogue_only_online,open,accepted
domestic:WH:wenhuibao-1946-refuse-national-assembly-shanghai-1946-11-25,WH,《文汇报》(1938创刊),历史报刊,政协/统一战线/官方媒体,B,其他/未分类,待定,other,1946-11-25,1946-11-25,1946-11-25,day,L1,L1,surrogate_online,open,needs_human_review
domestic:NLC:guangmingbao-1947-issue13-plenum-clippings,NLC,中国国家图书馆数字化民国文献(Wikimedia镜像),国家级图书馆,公共数字化/学术/海外,A,报刊原刊扫描（原件）,一手,press_scan,1947-01-18,1947-01-18,1947-01-18,day,L1,L1,full_item_online,open,accepted
domestic:SAAC:1949-item-a11,SAAC,中央档案馆/国家档案局,国家级档案馆,国内党政机关与档案馆,A,档案影像（原件）,一手,archive_scan,1949-09-29,1949-09-29,1949-09-29,day,L1,L1,surrogate_online,open,accepted
domestic:FRUS:1944-09-22-d445-sprouse-democratic-league-principles,FRUS,美国国务院 FRUS 外交档案(民盟项目组编),境外档案,公共数字化/学术/海外,A,汇编/出版物收录,汇编,book_or_assembly,1944-09-22,1944-09-22,1944-09-22,day,L2,L3,full_item_online,open,accepted
domestic:NLC:guangmingbao-1946-issue10,NLC,中国国家图书馆数字化民国文献(Wikimedia镜像),国家级图书馆,公共数字化/学术/海外,A,报刊原刊扫描（原件）,一手,press_scan,1946-08-28,1946-08-28,1946-08-28,day,L1,L1,full_item_online,open,accepted
domestic:SAAC:1949-09-30-01,SAAC,中央档案馆/国家档案局,国家级档案馆,国内党政机关与档案馆,A,档案影像（原件）,一手,archive_scan,1949-09-30,1949-09-30,1949-09-30,day,L1,L1,surrogate_online,open,accepted
domestic:SAAC:51koukou-p01-dde15-i3,SAAC,中央档案馆/国家档案局,国家级档案馆,国内党政机关与档案馆,A,档案影像（原件）,一手,archive_scan,1948-08-01,1948-08-01,1948-08-01,day,L2,L2,full_item_online,open,accepted
domestic:MM1941:outline-1943-xibei-ju-ierkuozhang-huiyi,MM1941,《民盟历史文献全媒体数据库》minmeng1941.cn,民盟系统非官方数据库,民盟自身与盟史,C,汇编/出版物收录,汇编,book_or_assembly,1943,1943,1943,year,L3,L3,catalogue_only_online,login,accepted
domestic:SAAC:catalog-06-06_03,SAAC,中央档案馆/国家档案局,国家级档案馆,国内党政机关与档案馆,A,汇编/出版物收录,汇编,archive_scan,1949-10-01,1949-10-01,1949-10-01,day,L1,L1,surrogate_online,open,accepted
domestic:NLC:guangmingbao-1946-issue01,NLC,中国国家图书馆数字化民国文献(Wikimedia镜像),国家级图书馆,公共数字化/学术/海外,A,报刊原刊扫描（原件）,一手,press_scan,1946-09-18,1946-09-18,1946-09-18,day,L1,L1,full_item_online,open,accepted
domestic:MMSH:guangmingbao-formation-editorial-1941,MMSH,民盟上海市委,民盟省市委,民盟自身与盟史,B,汇编/出版物收录,汇编,book_or_assembly,1941-10-16,1941-10-16,1941-10-16,day,L4,L4,full_item_online,open,accepted
domestic:NLC:guangmingbao-1946-issue07,NLC,中国国家图书馆数字化民国文献(Wikimedia镜像),国家级图书馆,公共数字化/学术/海外,A,报刊原刊扫描（原件）,一手,press_scan,1946-11-18,1946-11-18,1946-11-18,day,L1,L1,full_item_online,open,accepted
domestic:WM:1946-ship-huazhong-minjin-dongbei-jiefangqu,WM,Wikimedia Commons 民国人物/盟史分类,国际公共数字资源,公共数字化/学术/海外,B,报刊原刊扫描（原件）,一手,press_scan,1946,1946,1946,year,L2,L2,full_item_online,open,accepted
domestic:WM:taoxingzhi-heweigui-hengfu,WM,Wikimedia Commons 民国人物/盟史分类,国际公共数字资源,公共数字化/学术/海外,B,报刊原刊扫描（原件）,一手,press_scan,1940,1940,1940,year,L2,L2,full_item_online,open,accepted
domestic:QY:2011-zhongguo-minmeng-qishinian,QY,群言出版社(民盟中央直属),民盟系统出版机构,民盟自身与盟史,B,汇编/出版物收录,汇编,book_or_assembly,2011-05,2011-05,2011-05,month,L2,L2,catalogue_only_online,open,accepted
domestic:MMSH:web-political-cooperation,MMSH,民盟上海市委,民盟省市委,民盟自身与盟史,B,汇编/出版物收录,汇编,book_or_assembly,2024-10-12,2024-10-12,2024-10-12,day,L4,L4,full_item_online,open,accepted
domestic:SAAC:1949-item-a01,SAAC,中央档案馆/国家档案局,国家级档案馆,国内党政机关与档案馆,A,档案影像（原件）,一手,archive_scan,1949-09-25,1949-09-25,1949-09-25,day,L1,L1,surrogate_online,open,accepted
domestic:NLC:guangmingbao-1947-1947-13,NLC,中国国家图书馆数字化民国文献(Wikimedia镜像),国家级图书馆,公共数字化/学术/海外,A,报刊原刊扫描（原件）,一手,press_scan,1947-01-18,1947-01-18,1947-01-18,day,L1,L1,full_item_online,open,accepted
domestic:NLC:guangmingbao-1947-12-si-tan-guo-shi,NLC,中国国家图书馆数字化民国文献(Wikimedia镜像),国家级图书馆,公共数字化/学术/海外,A,报刊原刊扫描（原件）,一手,press_scan,1947-01-08,1947-01-08,1947-01-08,day,L1,L1,full_item_online,open,accepted
domestic:MM1941:outline-1939-1950-sichuan-meng-biannian-shi,MM1941,《民盟历史文献全媒体数据库》minmeng1941.cn,民盟系统非官方数据库,民盟自身与盟史,C,汇编/出版物收录,汇编,book_or_assembly,1939-1950,1939,1950,range,L3,L3,catalogue_only_online,login,accepted
domestic:WM:1940s-luo-longji-portrait,WM,Wikimedia Commons 民国人物/盟史分类,国际公共数字资源,公共数字化/学术/海外,B,报刊原刊扫描（原件）,一手,press_scan,1940,1940,1940,year,L2,L2,full_item_online,open,accepted
domestic:NLC:guangmingbao-1947-issue22-one-year-war-result-lu,NLC,中国国家图书馆数字化民国文献(Wikimedia镜像),国家级图书馆,公共数字化/学术/海外,A,报刊原刊扫描（原件）,一手,press_scan,1947-08-01,1947-08-01,1947-08-01,day,L1,L1,full_item_online,open,accepted
domestic:NLC:guangmingbao-1946-issue11-zhang-lan-shanghai-welcome-speech,NLC,中国国家图书馆数字化民国文献(Wikimedia镜像),国家级图书馆,公共数字化/学术/海外,A,报刊原刊扫描（原件）,一手,press_scan,1946-09-13,1946-09-13,1946-09-13,day,L1,L1,full_item_online,open,accepted
domestic:QY:qunyan-chubanshe-meng-zhongyang,QY,群言出版社(民盟中央直属),民盟系统出版机构,民盟自身与盟史,B,汇编/出版物收录,汇编,book_or_assembly,2026,2026,2026,year,L2,L2,catalogue_only_online,open,accepted
domestic:MMYunnan:democracy-weekly-run-1944-1946,MMYunnan,民盟云南省委员会,民盟省市委,民盟自身与盟史,B,官方史志/官网二次叙述,二手,official_history_page,1944-12-09/1946-08-02,1944-12-09,1946-08-02,multi,L4,L4,catalogue_only_online,open,accepted
domestic:WM:1946-li-gongpu-yiguanzhong-highres,WM,Wikimedia Commons 民国人物/盟史分类,国际公共数字资源,公共数字化/学术/海外,B,报刊原刊扫描（原件）,一手,press_scan,1946,1946,1946,year,L1,L1,full_item_online,open,accepted
domestic:SAAC:catalog-05-05_79,SAAC,中央档案馆/国家档案局,国家级档案馆,国内党政机关与档案馆,A,汇编/出版物收录,汇编,archive_scan,1949-09-30,1949-09-30,1949-09-30,day,L1,L1,surrogate_online,open,accepted
domestic:NLC:guangmingbao-1947-issue15-heavier-task-editorial,NLC,中国国家图书馆数字化民国文献(Wikimedia镜像),国家级图书馆,公共数字化/学术/海外,A,报刊原刊扫描（原件）,一手,press_scan,1947-02-08,1947-02-08,1947-02-08,day,L1,L1,full_item_online,open,accepted
domestic:MJ:minj-gov-cn-history-1945-shanghai,MJ,民进中央委员会,民主党派系统,政协/统一战线/官方媒体,B,其他/未分类,待定,other,1945-12-30,1945-12-30,1945-12-30,day,L2,L2,full_item_online,open,accepted
domestic:SAAC:1949-index-c32,SAAC,中央档案馆/国家档案局,国家级档案馆,国内党政机关与档案馆,A,档案影像（原件）,一手,archive_scan,1949-09-25,1949-09-25,1949-09-25,day,L1,L1,surrogate_online,open,accepted
domestic:NLC:guangmingbao-1946-issue03,NLC,中国国家图书馆数字化民国文献(Wikimedia镜像),国家级图书馆,公共数字化/学术/海外,A,报刊原刊扫描（原件）,一手,press_scan,1946-10-08,1946-10-08,1946-10-08,day,L1,L1,full_item_online,open,accepted
domestic:SAAC:catalog-02-02_08,SAAC,中央档案馆/国家档案局,国家级档案馆,国内党政机关与档案馆,A,汇编/出版物收录,汇编,archive_scan,1949-06-15,1949-06-15,1949-06-15,day,L1,L1,surrogate_online,open,accepted
domestic:MMHIST:li-gongpu-protest-1946-07-12,MMHIST,民盟中央文史资料委员会/马恩主义文库汇编,民盟系统,民盟自身与盟史,B,汇编/出版物收录,汇编,book_or_assembly,1946-07-12,1946-07-12,1946-07-12,day,L2,L2,surrogate_online,open,accepted
domestic:NLC:guangmingbao-1947-issue16-17-minmeng-situation-declaration,NLC,中国国家图书馆数字化民国文献(Wikimedia镜像),国家级图书馆,公共数字化/学术/海外,A,报刊原刊扫描（原件）,一手,press_scan,1947-03-18,1947-03-18,1947-03-18,day,L1,L1,full_item_online,open,accepted
domestic:SAAC:1949-09-22-02,SAAC,中央档案馆/国家档案局,国家级档案馆,国内党政机关与档案馆,A,档案影像（原件）,一手,archive_scan,1949-09-22,1949-09-22,1949-09-22,day,L1,L1,surrogate_online,open,accepted
domestic:FJMM:lead-福建民盟盟史导言,FJMM,民盟福建省委,民盟省市委,民盟自身与盟史,B,官方史志/官网二次叙述,二手,official_history_page,1941—1947,1941,1947,range,L4,L4,full_item_online,open,accepted
domestic:WM:1946-li-gongpu-fangwen-balujun-zongbu,WM,Wikimedia Commons 民国人物/盟史分类,国际公共数字资源,公共数字化/学术/海外,B,其他/未分类,待定,,1937,1937,1937,year,L2,L2,full_item_online,open,accepted
domestic:NLC:guangmingbao-1947-issue22-mourn-and-spur-song,NLC,中国国家图书馆数字化民国文献(Wikimedia镜像),国家级图书馆,公共数字化/学术/海外,A,报刊原刊扫描（原件）,一手,press_scan,1947-08-01,1947-08-01,1947-08-01,day,L1,L1,full_item_online,open,accepted
domestic:GXMM:observer-professors-statement-1947-11-08,GXMM,民盟广西区委,民盟省市委,民盟自身与盟史,B,官方史志/官网二次叙述,二手,official_history_page,1947-11-08,1947-11-08,1947-11-08,day,L4,L4,full_item_online,open,accepted
domestic:MMZY:lead-周恩来与第一届人民政协会议的召开,MMZY,民盟中央委员会,民盟系统,民盟自身与盟史,A,汇编/出版物收录,汇编,book_or_assembly,1945—1949,1945,1949,range,L4,L4,full_item_online,open,accepted
domestic:MM1941:outline-1937-qijunzi-yuzhong-gemingge,MM1941,《民盟历史文献全媒体数据库》minmeng1941.cn,民盟系统非官方数据库,民盟自身与盟史,C,汇编/出版物收录,汇编,,1937,1937,1937,year,L3,L3,catalogue_only_online,login,accepted
domestic:MMHIST:program-draft-1944-09-19,MMHIST,民盟中央文史资料委员会/马恩主义文库汇编,民盟系统,民盟自身与盟史,B,汇编/出版物收录,汇编,book_or_assembly,1944-09-19,1944-09-19,1944-09-19,day,L2,L2,surrogate_online,open,accepted
domestic:SAAC:1949-index-c02,SAAC,中央档案馆/国家档案局,国家级档案馆,国内党政机关与档案馆,A,档案影像（原件）,一手,archive_scan,1949-09-21,1949-09-21,1949-09-21,day,L1,L1,surrogate_online,open,accepted
domestic:SAAC:1949-09-30-02,SAAC,中央档案馆/国家档案局,国家级档案馆,国内党政机关与档案馆,A,档案影像（原件）,一手,archive_scan,1949-09-30,1949-09-30,1949-09-30,day,L1,L1,surrogate_online,open,accepted
domestic:NLC:guangmingbao-1947-12-interview-shen-junru,NLC,中国国家图书馆数字化民国文献(Wikimedia镜像),国家级图书馆,公共数字化/学术/海外,A,报刊原刊扫描（原件）,一手,press_scan,1947-01-08,1947-01-08,1947-01-08,day,L1,L1,full_item_online,open,accepted
domestic:MM1941:outline-1941-zhongguo-minzhengtongmeng-chengli-huizhi,MM1941,《民盟历史文献全媒体数据库》minmeng1941.cn,民盟系统非官方数据库,民盟自身与盟史,C,汇编/出版物收录,汇编,book_or_assembly,1941-03-19,1941-03-19,1941-03-19,day,L3,L3,catalogue_only_online,login,accepted
domestic:ACAD:1977-shaheen-cdl-politics-1939-1947-phd,ACAD,密歇根大学/道客巴巴公开学术资源,高校/商业文库,公共数字化/学术/海外,C,汇编/出版物收录,汇编,book_or_assembly,1977,1977,1977,year,L2,L2,catalogue_only_online,open,accepted
domestic:NLC:guangmingbao-1948-1949-v1n1-refute-hu-shi-gaoji,NLC,中国国家图书馆数字化民国文献(Wikimedia镜像),国家级图书馆,公共数字化/学术/海外,A,报刊原刊扫描（原件）,一手,press_scan,1948-03-01,1948-03-01,1948-03-01,day,L1,L1,full_item_online,open,accepted
domestic:SAAC:1949-09-27-01,SAAC,中央档案馆/国家档案局,国家级档案馆,国内党政机关与档案馆,A,档案影像（原件）,一手,archive_scan,1949-09-27,1949-09-27,1949-09-27,day,L1,L1,surrogate_online,open,accepted
domestic:SAAC:1949-index-c18,SAAC,中央档案馆/国家档案局,国家级档案馆,国内党政机关与档案馆,A,档案影像（原件）,一手,archive_scan,1949-09-23,1949-09-23,1949-09-23,day,L1,L1,surrogate_online,open,accepted
domestic:SAAC:1949-index-c27,SAAC,中央档案馆/国家档案局,国家级档案馆,国内党政机关与档案馆,A,档案影像（原件）,一手,archive_scan,1949-09-24,1949-09-24,1949-09-24,day,L1,L1,surrogate_online,open,accepted
domestic:NLC:guangmingbao-1947-19-article-03,NLC,中国国家图书馆数字化民国文献(Wikimedia镜像),国家级图书馆,公共数字化/学术/海外,A,报刊原刊扫描（原件）,一手,press_scan,1947-10-28,1947-10-28,1947-10-28,day,L1,L1,full_item_online,open,accepted
domestic:SAAC:1949-index-c30,SAAC,中央档案馆/国家档案局,国家级档案馆,国内党政机关与档案馆,A,档案影像（原件）,一手,archive_scan,1949-09-25,1949-09-25,1949-09-25,day,L1,L1,surrogate_online,open,accepted
domestic:NLC:dagongbao-tianjin-1947-11-06-page2-full,NLC,中国国家图书馆数字化民国文献(Wikimedia镜像),国家级图书馆,公共数字化/学术/海外,A,报刊原刊扫描（原件）,一手,press_scan,1947-11-06,1947-11-06,1947-11-06,day,L1,L1,full_item_online,open,accepted
domestic:MM1941:outline-1942-1949-minmeng-zai-shaanxi,MM1941,《民盟历史文献全媒体数据库》minmeng1941.cn,民盟系统非官方数据库,民盟自身与盟史,C,汇编/出版物收录,汇编,book_or_assembly,1942-1949,1942,1949,range,L3,L3,catalogue_only_online,login,accepted
domestic:WM:zhang-lan-tomb,WM,Wikimedia Commons 民国人物/盟史分类,国际公共数字资源,公共数字化/学术/海外,B,报刊原刊扫描（原件）,一手,press_scan,2010,2010,2010,year,L3,L3,full_item_online,open,accepted
domestic:SAAC:1949-09-21-02,SAAC,中央档案馆/国家档案局,国家级档案馆,国内党政机关与档案馆,A,档案影像（原件）,一手,archive_scan,1949-09-21,1949-09-21,1949-09-21,day,L1,L1,surrogate_online,open,accepted
domestic:SAAC:catalog-05-05_83,SAAC,中央档案馆/国家档案局,国家级档案馆,国内党政机关与档案馆,A,汇编/出版物收录,汇编,archive_scan,1949-09-30,1949-09-30,1949-09-30,day,L1,L1,surrogate_online,open,accepted
domestic:DRNH:002-090300-00016-114,DRNH,台湾国史馆档案史料文物查询系统,境外馆藏,公共数字化/学术/海外,A,档案影像（原件）,一手,archive_scan,1946-07-15,1946-07-15,1946-07-15,day,L2,L2,surrogate_online,open,accepted
domestic:NLC:guangmingbao-1946-issue06-shen-zhiyuan-truce-statement-review,NLC,中国国家图书馆数字化民国文献(Wikimedia镜像),国家级图书馆,公共数字化/学术/海外,A,报刊原刊扫描（原件）,一手,press_scan,1946-11-08,1946-11-08,1946-11-08,day,L1,L1,full_item_online,open,accepted
domestic:RMZXB:2015-04-09-guangming-bao-chibaijiafan,RMZXB,人民政协网(rmzxb.com.cn),官方媒体,政协/统一战线/官方媒体,B,其他/未分类,待定,other,2015-04-09,2015-04-09,2015-04-09,day,L2,L2,full_item_online,open,accepted
domestic:SAAC:catalog-05-05_22,SAAC,中央档案馆/国家档案局,国家级档案馆,国内党政机关与档案馆,A,汇编/出版物收录,汇编,archive_scan,1949-09-21,1949-09-21,1949-09-21,day,L1,L1,surrogate_online,open,accepted
domestic:WM:1949-minmeng-daibiao-zhonggong-daibiao-huitan,WM,Wikimedia Commons 民国人物/盟史分类,国际公共数字资源,公共数字化/学术/海外,B,报刊原刊扫描（原件）,一手,press_scan,1949,1949,1949,year,L2,L2,full_item_online,open,accepted
domestic:NLC:guangmingbao-1947-issue22-double-effort-people-shen,NLC,中国国家图书馆数字化民国文献(Wikimedia镜像),国家级图书馆,公共数字化/学术/海外,A,报刊原刊扫描（原件）,一手,press_scan,1947-08-01,1947-08-01,1947-08-01,day,L1,L1,full_item_online,open,accepted
domestic:NLC:guangmingbao-1947-issue16-17-moscow-conference-china-editorial,NLC,中国国家图书馆数字化民国文献(Wikimedia镜像),国家级图书馆,公共数字化/学术/海外,A,报刊原刊扫描（原件）,一手,press_scan,1947-03-18,1947-03-18,1947-03-18,day,L1,L1,full_item_online,open,accepted
domestic:SAAC:51koukou-p05-dde05-i3,SAAC,中央档案馆/国家档案局,国家级档案馆,国内党政机关与档案馆,A,档案影像（原件）,一手,archive_scan,1949-09-21,1949-09-21,1949-09-21,day,L2,L2,full_item_online,open,accepted
domestic:WM:1947-du-bincheng-lieshi-minmeng-xibei,WM,Wikimedia Commons 民国人物/盟史分类,国际公共数字资源,公共数字化/学术/海外,B,报刊原刊扫描（原件）,一手,press_scan,1947,1947,1947,year,L2,L2,catalogue_only_online,open,accepted
domestic:HN:hunan-minmengrenwu-2020,HN,群言出版社/民盟湖南省委员会,出版社/民盟,政协/统一战线/官方媒体,B,其他/未分类,待定,other,2020-10,2020-10,2020-10,month,L2,L2,catalogue_only_online,open,accepted
domestic:HLJMM:first-congress-files-1945,HLJMM,民盟黑龙江省委员会,民盟省市委,民盟自身与盟史,B,官方史志/官网二次叙述,二手,official_history_page,1945-10,1945-10,1945-10,month,L4,L4,full_item_online,open,accepted
domestic:SAAC:51koukou-p01-dde13,SAAC,中央档案馆/国家档案局,国家级档案馆,国内党政机关与档案馆,A,档案影像（原件）,一手,archive_scan,1949-01-20,1949-01-20,1949-01-20,day,L2,L2,full_item_online,open,accepted
domestic:MX:lu-jinhua-1942-yueju-troupe,MX,民盟上海市委《盟贤》内部汇编,民盟系统内部资料,民盟自身与盟史,B,汇编/出版物收录,汇编,press_scan,2024,2024,2024,year,L3,L3,not_online,offline,needs_human_review
domestic:WS:democratic-movement-editorial-1941,WS,维基文库/公网数据库,公共网络资源,公共数字化/学术/海外,C,网页转述/转录,二手,web_transcription,1941-10-28,1941-10-28,1941-10-28,day,L3,L3,full_item_online,open,accepted
domestic:NLC:guangmingbao-1947-issue22-pass-the-test-hu-sheng,NLC,中国国家图书馆数字化民国文献(Wikimedia镜像),国家级图书馆,公共数字化/学术/海外,A,报刊原刊扫描（原件）,一手,press_scan,1947-08-01,1947-08-01,1947-08-01,day,L1,L1,full_item_online,open,accepted
domestic:MMSH:web-bases,MMSH,民盟上海市委,民盟省市委,民盟自身与盟史,B,其他/未分类,待定,,,,,empty,L4,L4,full_item_online,open,accepted
domestic:SAAC:51koukou-p02-dde02-f1,SAAC,中央档案馆/国家档案局,国家级档案馆,国内党政机关与档案馆,A,档案影像（原件）,一手,archive_scan,1949-08-23,1949-08-23,1949-08-23,day,L2,L2,full_item_online,open,accepted
domestic:NLC:minmeng-wenxian-1946-situation-declaration-1945-01-15,NLC,中国国家图书馆数字化民国文献(Wikimedia镜像),国家级图书馆,公共数字化/学术/海外,A,汇编/出版物收录,汇编,press_scan,1945-01-15,1945-01-15,1945-01-15,day,L2,L2,full_item_online,open,accepted
domestic:SAAC:51koukou-p06-dde08-f1,SAAC,中央档案馆/国家档案局,国家级档案馆,国内党政机关与档案馆,A,档案影像（原件）,一手,archive_scan,1949-10-01,1949-10-01,1949-10-01,day,L2,L2,full_item_online,open,accepted
domestic:WS:peace-building-program-1946,WS,维基文库/公网数据库,公共网络资源,公共数字化/学术/海外,C,网页转述/转录,二手,web_transcription,1946-01-31,1946-01-31,1946-01-31,day,LX,LX,full_item_online,open,accepted
domestic:NLC:observer-1947-v3n11-dong-shijin,NLC,中国国家图书馆数字化民国文献(Wikimedia镜像),国家级图书馆,公共数字化/学术/海外,A,报刊原刊扫描（原件）,一手,press_scan,1947-11-08,1947-11-08,1947-11-08,day,L1,L1,full_item_online,open,accepted
domestic:SAAC:catalog-02-02_12,SAAC,中央档案馆/国家档案局,国家级档案馆,国内党政机关与档案馆,A,汇编/出版物收录,汇编,archive_scan,1949-06-19,1949-06-19,1949-06-19,day,L1,L1,surrogate_online,open,accepted
domestic:RMrb:1946-11-19-national-assembly-boycott,RMrb,《人民日报》历史版面,官方媒体,政协/统一战线/官方媒体,B,官方出版物,汇编,official_publication,1946-11-19,1946-11-19,1946-11-19,day,L2,L2,surrogate_online,open,accepted
domestic:SAAC:51koukou-p04-dde04,SAAC,中央档案馆/国家档案局,国家级档案馆,国内党政机关与档案馆,A,档案影像（原件）,一手,archive_scan,1949-06-15,1949-06-15,1949-06-15,day,L2,L2,full_item_online,open,accepted
domestic:QY:2013-minmeng-chutunan,QY,群言出版社(民盟中央直属),民盟系统出版机构,民盟自身与盟史,B,汇编/出版物收录,汇编,book_or_assembly,2013,2013,2013,year,L2,L2,catalogue_only_online,open,accepted
domestic:NLC:minmeng-wenxian-1946-toc-political-report-gap,NLC,中国国家图书馆数字化民国文献(Wikimedia镜像),国家级图书馆,公共数字化/学术/海外,A,汇编/出版物收录,汇编,press_scan,1945-10-11,1945-10-11,1945-10-11,day,L3,L3,full_item_online,open,accepted
domestic:NLC:guangmingbao-1947-issue22-patriotic-poet-wen-hong,NLC,中国国家图书馆数字化民国文献(Wikimedia镜像),国家级图书馆,公共数字化/学术/海外,A,报刊原刊扫描（原件）,一手,press_scan,1947-08-01,1947-08-01,1947-08-01,day,L1,L1,full_item_online,open,accepted
domestic:WM:1945-liucanzhengyuan-fangwen-yanan-2,WM,Wikimedia Commons 民国人物/盟史分类,国际公共数字资源,公共数字化/学术/海外,B,报刊原刊扫描（原件）,一手,press_scan,1945,1945,1945,year,L2,L2,full_item_online,open,accepted
domestic:SAAC:catalog-03-03_06_05,SAAC,中央档案馆/国家档案局,国家级档案馆,国内党政机关与档案馆,A,汇编/出版物收录,汇编,archive_scan,1949-08,1949-08,1949-08,month,L1,L1,surrogate_online,open,accepted
domestic:NLC:guangmingbao-1947-issue22-dictators-killed-them-ye,NLC,中国国家图书馆数字化民国文献(Wikimedia镜像),国家级图书馆,公共数字化/学术/海外,A,报刊原刊扫描（原件）,一手,press_scan,1947-08-01,1947-08-01,1947-08-01,day,L1,L1,full_item_online,open,accepted
domestic:NLC:guangmingbao-1947-issue22-gongpu-rest-in-peace-simu,NLC,中国国家图书馆数字化民国文献(Wikimedia镜像),国家级图书馆,公共数字化/学术/海外,A,报刊原刊扫描（原件）,一手,press_scan,1947-08-01,1947-08-01,1947-08-01,day,L1,L1,full_item_online,open,accepted
domestic:SAAC:1949-index-c16,SAAC,中央档案馆/国家档案局,国家级档案馆,国内党政机关与档案馆,A,档案影像（原件）,一手,archive_scan,1949-09-22,1949-09-22,1949-09-22,day,L1,L1,surrogate_online,open,accepted
domestic:SAAC:1949-index-c23,SAAC,中央档案馆/国家档案局,国家级档案馆,国内党政机关与档案馆,A,档案影像（原件）,一手,archive_scan,1949-09-23,1949-09-23,1949-09-23,day,L1,L1,surrogate_online,open,accepted
domestic:MM1941:outline-1946-nian-shengming-jianghua-neirong,MM1941,《民盟历史文献全媒体数据库》minmeng1941.cn,民盟系统非官方数据库,民盟自身与盟史,C,汇编/出版物收录,汇编,book_or_assembly,1946,1946,1946,year,L3,L3,catalogue_only_online,login,accepted
domestic:NLC:guangmingbao-1947-12-respond-anti-us-military,NLC,中国国家图书馆数字化民国文献(Wikimedia镜像),国家级图书馆,公共数字化/学术/海外,A,报刊原刊扫描（原件）,一手,press_scan,1947-01-08,1947-01-08,1947-01-08,day,L1,L1,full_item_online,open,accepted
domestic:SAAC:catalog-06-06_09,SAAC,中央档案馆/国家档案局,国家级档案馆,国内党政机关与档案馆,A,汇编/出版物收录,汇编,archive_scan,1949-10-01,1949-10-01,1949-10-01,day,L1,L1,surrogate_online,open,accepted
domestic:MM1941:outline-1949qian-beijing-minmeng-biannian-shi,MM1941,《民盟历史文献全媒体数据库》minmeng1941.cn,民盟系统非官方数据库,民盟自身与盟史,C,汇编/出版物收录,汇编,book_or_assembly,1945-1949,1945,1949,range,L3,L3,catalogue_only_online,login,accepted
domestic:SAAC:album-51koukou-kaoguodadian,SAAC,中央档案馆/国家档案局,国家级档案馆,国内党政机关与档案馆,A,汇编/出版物收录,汇编,archive_scan,2019-09,2019-09,2019-09,month,L2,L2,full_item_online,open,accepted
domestic:DRNH:002-080200-00537-095,DRNH,台湾国史馆档案史料文物查询系统,境外馆藏,公共数字化/学术/海外,A,档案影像（原件）,一手,archive_scan,1947-11-12,1947-11-12,1947-11-12,day,L2,L2,surrogate_online,open,accepted
domestic:NLC:guangmingbao-1947-issue22-middle-route-again-deng,NLC,中国国家图书馆数字化民国文献(Wikimedia镜像),国家级图书馆,公共数字化/学术/海外,A,报刊原刊扫描（原件）,一手,press_scan,1947-08-01,1947-08-01,1947-08-01,day,L1,L1,full_item_online,open,accepted
domestic:SAAC:catalog-05-05_87,SAAC,中央档案馆/国家档案局,国家级档案馆,国内党政机关与档案馆,A,汇编/出版物收录,汇编,archive_scan,1949-09-30,1949-09-30,1949-09-30,day,L1,L1,surrogate_online,open,accepted
domestic:HNMM:lead-民盟精神解析,HNMM,民盟湖南省委员会,民盟省市委,民盟自身与盟史,B,官方史志/官网二次叙述,二手,official_history_page,1941—1948,1941,1948,range,L4,L4,full_item_online,open,accepted
domestic:RMZXB:2024-12-10-huangyanpei-jiuxinzheng,RMZXB,人民政协网(rmzxb.com.cn),官方媒体,政协/统一战线/官方媒体,B,其他/未分类,待定,other,2024-12-10,2024-12-10,2024-12-10,day,L2,L2,full_item_online,open,accepted
domestic:SAAC:1949-09-21-07,SAAC,中央档案馆/国家档案局,国家级档案馆,国内党政机关与档案馆,A,档案影像（原件）,一手,archive_scan,1949-09-21,1949-09-21,1949-09-21,day,L1,L1,surrogate_online,open,accepted
domestic:SAAC:51koukou-p05-dde09-i3,SAAC,中央档案馆/国家档案局,国家级档案馆,国内党政机关与档案馆,A,档案影像（原件）,一手,archive_scan,1949-09-21,1949-09-21,1949-09-21,day,L2,L2,full_item_online,open,accepted
domestic:MM1941:outline-1937-qijunzi-yuzhong-dushu,MM1941,《民盟历史文献全媒体数据库》minmeng1941.cn,民盟系统非官方数据库,民盟自身与盟史,C,汇编/出版物收录,汇编,,1937,1937,1937,year,L3,L3,catalogue_only_online,login,accepted
domestic:SAAC:51koukou-p01-dde20,SAAC,中央档案馆/国家档案局,国家级档案馆,国内党政机关与档案馆,A,档案影像（原件）,一手,archive_scan,1949-06-19,1949-06-19,1949-06-19,day,L2,L2,full_item_online,open,accepted
domestic:GXMM:lead--大公报-和-观察-对民盟被迫解散的不同反应,GXMM,民盟广西区委,民盟省市委,民盟自身与盟史,B,官方史志/官网二次叙述,二手,official_history_page,1947-11,1947-11,1947-11,month,L4,L4,full_item_online,open,accepted
domestic:NLC:minmeng-wenxian-1946-formation-declaration,NLC,中国国家图书馆数字化民国文献(Wikimedia镜像),国家级图书馆,公共数字化/学术/海外,A,汇编/出版物收录,汇编,press_scan,1941-10-10,1941-10-10,1941-10-10,day,L2,L2,full_item_online,open,accepted
domestic:SAAC:catalog-06-06_04,SAAC,中央档案馆/国家档案局,国家级档案馆,国内党政机关与档案馆,A,汇编/出版物收录,汇编,archive_scan,1949-10,1949-10,1949-10,month,L1,L1,surrogate_online,open,accepted
domestic:MMSH:web-history,MMSH,民盟上海市委,民盟省市委,民盟自身与盟史,B,汇编/出版物收录,汇编,book_or_assembly,,,,empty,L4,L4,full_item_online,open,accepted
domestic:NLC:dagongbao-hankow-1947-11-04-league-dissolution-meeting,NLC,中国国家图书馆数字化民国文献(Wikimedia镜像),国家级图书馆,公共数字化/学术/海外,A,报刊原刊扫描（原件）,一手,press_scan,1947-11-04,1947-11-04,1947-11-04,day,L1,L1,full_item_online,open,accepted
domestic:SAAC:catalog-03-03_03_02,SAAC,中央档案馆/国家档案局,国家级档案馆,国内党政机关与档案馆,A,汇编/出版物收录,汇编,archive_scan,1949-06-18,1949-06-18,1949-06-18,day,L1,L1,surrogate_online,open,accepted
domestic:SAAC:catalog-05-05_37,SAAC,中央档案馆/国家档案局,国家级档案馆,国内党政机关与档案馆,A,汇编/出版物收录,汇编,archive_scan,1949-09-23,1949-09-23,1949-09-23,day,L1,L1,surrogate_online,open,accepted
domestic:NLC:guangmingbao-1947-issue22-meixian-recent-look,NLC,中国国家图书馆数字化民国文献(Wikimedia镜像),国家级图书馆,公共数字化/学术/海外,A,报刊原刊扫描（原件）,一手,press_scan,1947-08-01,1947-08-01,1947-08-01,day,L1,L1,full_item_online,open,accepted
domestic:NLC:guangmingbao-1947-12-qingmo-democracy-two-paths,NLC,中国国家图书馆数字化民国文献(Wikimedia镜像),国家级图书馆,公共数字化/学术/海外,A,报刊原刊扫描（原件）,一手,press_scan,1947-01-08,1947-01-08,1947-01-08,day,L1,L1,full_item_online,open,accepted
domestic:SAAC:catalog-01-01_20,SAAC,中央档案馆/国家档案局,国家级档案馆,国内党政机关与档案馆,A,汇编/出版物收录,汇编,archive_scan,1949-06-19,1949-06-19,1949-06-19,day,L1,L1,surrogate_online,open,accepted
domestic:MMSH:lead-新中国成立前民盟对政治协商制度的贡献,MMSH,民盟上海市委,民盟省市委,民盟自身与盟史,B,汇编/出版物收录,汇编,book_or_assembly,1941—1949,1941,1949,range,L4,L4,full_item_online,open,accepted
domestic:BJ:beijing-minmeng-zuzhi-chengli-70-zhounian-2016,BJ,民盟北京市委员会,民盟省市委,民盟自身与盟史,B,其他/未分类,待定,other,2016-06,2016-06,2016-06,month,L3,L3,catalogue_only_online,open,accepted
domestic:SAAC:catalog-03-03_05_01,SAAC,中央档案馆/国家档案局,国家级档案馆,国内党政机关与档案馆,A,汇编/出版物收录,汇编,archive_scan,1949-06-18,1949-06-18,1949-06-18,day,L1,L1,surrogate_online,open,accepted
domestic:RCL:qian-weichang-1942-phd-meng-vice-chairman,RCL,上海市地方志办公室民盟资料汇编,地方志机构,政协/统一战线/官方媒体,B,汇编/出版物收录,汇编,other,2024,2024,2024,year,L3,L3,not_online,offline,needs_human_review
domestic:SAAC:51koukou-p03-dde04-f1,SAAC,中央档案馆/国家档案局,国家级档案馆,国内党政机关与档案馆,A,档案影像（原件）,一手,archive_scan,1949-09,1949-09,1949-09,month,L2,L2,full_item_online,open,accepted
domestic:SAAC:catalog-02-02_16,SAAC,中央档案馆/国家档案局,国家级档案馆,国内党政机关与档案馆,A,汇编/出版物收录,汇编,archive_scan,1949-07-13,1949-07-13,1949-07-13,day,L1,L1,surrogate_online,open,accepted
domestic:NLC:guangmingbao-1946-issue01-liu-simou-youth-degeneration,NLC,中国国家图书馆数字化民国文献(Wikimedia镜像),国家级图书馆,公共数字化/学术/海外,A,报刊原刊扫描（原件）,一手,press_scan,1946-09-18,1946-09-18,1946-09-18,day,L1,L1,full_item_online,open,accepted
domestic:SAAC:1949-index-c17,SAAC,中央档案馆/国家档案局,国家级档案馆,国内党政机关与档案馆,A,档案影像（原件）,一手,archive_scan,1949-09-22,1949-09-22,1949-09-22,day,L1,L1,surrogate_online,open,accepted
domestic:SAAC:51koukou-p02-dde08-f1,SAAC,中央档案馆/国家档案局,国家级档案馆,国内党政机关与档案馆,A,档案影像（原件）,一手,archive_scan,1949-06,1949-06,1949-06,month,L2,L2,full_item_online,open,accepted
domestic:JS:zhongguo-minmengtongmeng-jiangsu-jianshi-2012,JS,江苏人民出版社/民盟江苏省委/省政协,出版社/民盟,政协/统一战线/官方媒体,B,其他/未分类,待定,other,2012,2012,2012,year,L3,L3,catalogue_only_online,open,accepted
domestic:NLC:guangmingbao-1947-issue22-cry-recall-xingzhi-deng,NLC,中国国家图书馆数字化民国文献(Wikimedia镜像),国家级图书馆,公共数字化/学术/海外,A,报刊原刊扫描（原件）,一手,press_scan,1947-08-01,1947-08-01,1947-08-01,day,L1,L1,full_item_online,open,accepted
domestic:SAAC:1949-02-14-01,SAAC,中央档案馆/国家档案局,国家级档案馆,国内党政机关与档案馆,A,档案影像（原件）,一手,archive_scan,1949-02-14,1949-02-14,1949-02-14,day,L1,L1,surrogate_online,open,accepted
domestic:YADS:yanan-record-1945-07-04,YADS,延安党史网/市委党史研究室,党史系统,政协/统一战线/官方媒体,B,汇编/出版物收录,汇编,official_history_page,1945-07-04,1945-07-04,1945-07-04,day,L3,L3,full_item_online,open,accepted
domestic:QY:2014-minmeng-dubincheng,QY,群言出版社(民盟中央直属),民盟系统出版机构,民盟自身与盟史,B,汇编/出版物收录,汇编,book_or_assembly,2014,2014,2014,year,L2,L2,catalogue_only_online,open,accepted
domestic:NLC:minxian-v1n9-democracy-vs-nondemocracy-1944-11-20,NLC,中国国家图书馆数字化民国文献(Wikimedia镜像),国家级图书馆,公共数字化/学术/海外,A,报刊原刊扫描（原件）,一手,press_scan,1944-11-20,1944-11-20,1944-11-20,day,L1,L1,full_item_online,open,accepted
domestic:ZJMG:lead-中国国民党革命委员会60年-一-,ZJMG,相关民主党派官方机构,民主党派系统,政协/统一战线/官方媒体,B,其他/未分类,待定,other,1947,1947,1947,year,L4,L4,full_item_online,open,accepted
domestic:MM1941:outline-1942-2012-shaanxi-meng-70nian,MM1941,《民盟历史文献全媒体数据库》minmeng1941.cn,民盟系统非官方数据库,民盟自身与盟史,C,汇编/出版物收录,汇编,book_or_assembly,1942-2012,1942,2012,range,L3,L3,catalogue_only_online,login,accepted
domestic:MMSH:web-newspapers,MMSH,民盟上海市委,民盟省市委,民盟自身与盟史,B,其他/未分类,待定,,2024-09-12,2024-09-12,2024-09-12,day,L4,L4,full_item_online,open,accepted
domestic:NLC:guangmingbao-1946-issue04,NLC,中国国家图书馆数字化民国文献(Wikimedia镜像),国家级图书馆,公共数字化/学术/海外,A,报刊原刊扫描（原件）,一手,press_scan,1946-10-18,1946-10-18,1946-10-18,day,L1,L1,full_item_online,open,accepted
domestic:MX:cheng-boren-1942-join-northwest-org,MX,民盟上海市委《盟贤》内部汇编,民盟系统内部资料,民盟自身与盟史,B,汇编/出版物收录,汇编,press_scan,2024,2024,2024,year,L3,L3,not_online,offline,needs_human_review
domestic:NLC:guangmingbao-1946-issue02-huang-yaomian-us-imperialism-china,NLC,中国国家图书馆数字化民国文献(Wikimedia镜像),国家级图书馆,公共数字化/学术/海外,A,报刊原刊扫描（原件）,一手,press_scan,1946-09-28,1946-09-28,1946-09-28,day,L1,L1,full_item_online,open,accepted
domestic:MMHIST:formation-declaration-1941,MMHIST,民盟中央文史资料委员会/马恩主义文库汇编,民盟系统,民盟自身与盟史,B,汇编/出版物收录,汇编,book_or_assembly,1941-10-10,1941-10-10,1941-10-10,day,L2,L2,surrogate_online,open,accepted
domestic:SAAC:1949-index-c05,SAAC,中央档案馆/国家档案局,国家级档案馆,国内党政机关与档案馆,A,档案影像（原件）,一手,archive_scan,1949-09-21,1949-09-21,1949-09-21,day,L1,L1,surrogate_online,open,accepted
domestic:GXMM:forced-dissolution-1947-11-05,GXMM,民盟广西区委,民盟省市委,民盟自身与盟史,B,官方史志/官网二次叙述,二手,official_history_page,1947-11-05,1947-11-05,1947-11-05,day,L4,L4,full_item_online,open,accepted
domestic:SAAC:51koukou-p05-dde13-i3,SAAC,中央档案馆/国家档案局,国家级档案馆,国内党政机关与档案馆,A,档案影像（原件）,一手,archive_scan,1949-09-21,1949-09-21,1949-09-21,day,L2,L2,full_item_online,open,accepted
domestic:SAAC:1949-item-a06,SAAC,中央档案馆/国家档案局,国家级档案馆,国内党政机关与档案馆,A,档案影像（原件）,一手,archive_scan,1949-09-27,1949-09-27,1949-09-27,day,L1,L1,surrogate_online,open,accepted
domestic:SAAC:catalog-04-04_04,SAAC,中央档案馆/国家档案局,国家级档案馆,国内党政机关与档案馆,A,汇编/出版物收录,汇编,archive_scan,1949-09,1949-09,1949-09,month,L1,L1,surrogate_online,open,accepted
domestic:DRNH:002-020400-00012-067,DRNH,台湾国史馆档案史料文物查询系统,境外馆藏,公共数字化/学术/海外,A,档案影像（原件）,一手,archive_scan,1947-10-22,1947-10-22,1947-10-22,day,L2,L2,surrogate_online,open,accepted
domestic:MH:modernhistory-periodical-guoxun,MH,中国社科院近代史研究所/近代史数字图书馆,中央研究机构,公共数字化/学术/海外,A,汇编/出版物收录,汇编,book_or_assembly,2024,2024,2024,year,L4,L4,catalogue_only_online,login,accepted
domestic:PP:menshi-zonglan-minmeng-chengli-4-gaizu,PP,澎湃新闻,商业媒体,其他,C,官方出版物,汇编,official_publication,2021-03-26,2021-03-26,2021-03-26,day,L2,L2,full_item_online,open,accepted
domestic:WM:1949-yijie-zhengxie-nvdaibiao,WM,Wikimedia Commons 民国人物/盟史分类,国际公共数字资源,公共数字化/学术/海外,B,报刊原刊扫描（原件）,一手,press_scan,1949,1949,1949,year,L2,L2,full_item_online,open,accepted
domestic:SAAC:catalog-05-05_85,SAAC,中央档案馆/国家档案局,国家级档案馆,国内党政机关与档案馆,A,汇编/出版物收录,汇编,archive_scan,1949-09-30,1949-09-30,1949-09-30,day,L1,L1,surrogate_online,open,accepted
domestic:NLC:guangmingbao-1947-issue14-shen-zhiyuan-plenum-impression,NLC,中国国家图书馆数字化民国文献(Wikimedia镜像),国家级图书馆,公共数字化/学术/海外,A,报刊原刊扫描（原件）,一手,press_scan,1947-01-28,1947-01-28,1947-01-28,day,L1,L1,full_item_online,open,accepted
domestic:DRNH:002-080200-00301-070,DRNH,台湾国史馆档案史料文物查询系统,境外馆藏,公共数字化/学术/海外,A,档案影像（原件）,一手,archive_scan,1945-07-07,1945-07-07,1945-07-07,day,L2,L2,surrogate_online,open,accepted
domestic:HKU:guangmingbao-primo-record,HKU,香港大学图书馆特别馆藏,境外馆藏,公共数字化/学术/海外,A,报刊原刊扫描（原件）,一手,press_scan,1941—1949,1941,1949,range,L2,L2,catalogue_only_online,reading_room,needs_human_review
domestic:NLC:guangmingbao-1946-issue04-yang-bokai-jiang-jieshi-speech-review,NLC,中国国家图书馆数字化民国文献(Wikimedia镜像),国家级图书馆,公共数字化/学术/海外,A,报刊原刊扫描（原件）,一手,press_scan,1946-10-18,1946-10-18,1946-10-18,day,L1,L1,full_item_online,open,accepted
domestic:XHB:xinhuaribao-1946-pcc-five-agreements-1946-01-31,XHB,《新华日报》(1938-1947),历史报刊,政协/统一战线/官方媒体,B,报刊原刊扫描（原件）,一手,press_scan,1946-01-31,1946-01-31,1946-01-31,day,L1,L1,surrogate_online,open,needs_human_review
domestic:RMrb:1947-11-07-page1-league-dissolution,RMrb,《人民日报》历史版面,官方媒体,政协/统一战线/官方媒体,B,官方出版物,汇编,official_publication,1947-11-07,1947-11-07,1947-11-07,day,L2,L2,surrogate_online,open,accepted
domestic:SAAC:catalog-03-03_05_02,SAAC,中央档案馆/国家档案局,国家级档案馆,国内党政机关与档案馆,A,汇编/出版物收录,汇编,archive_scan,1949-08-21,1949-08-21,1949-08-21,day,L1,L1,surrogate_online,open,accepted
domestic:GXMM:NLC-dagongbao-tianjin-1947-11-06-page2-excerpt,GXMM,民盟广西区委,民盟省市委,民盟自身与盟史,B,官方史志/官网二次叙述,二手,official_history_page,1947-11-06,1947-11-06,1947-11-06,day,L1,L1,full_item_online,open,accepted
domestic:SAAC:catalog-01-01_10,SAAC,中央档案馆/国家档案局,国家级档案馆,国内党政机关与档案馆,A,汇编/出版物收录,汇编,archive_scan,1948-10-31,1948-10-31,1948-10-31,day,L1,L1,surrogate_online,open,accepted
domestic:NLC:guangmingbao-1947-issue14-plenum-political-report,NLC,中国国家图书馆数字化民国文献(Wikimedia镜像),国家级图书馆,公共数字化/学术/海外,A,报刊原刊扫描（原件）,一手,press_scan,1947-01-28,1947-01-28,1947-01-28,day,L1,L1,full_item_online,open,accepted
domestic:NLC:guangmingbao-1946-issue9,NLC,中国国家图书馆数字化民国文献(Wikimedia镜像),国家级图书馆,公共数字化/学术/海外,A,报刊原刊扫描（原件）,一手,press_scan,1946-08-21,1946-08-21,1946-08-21,day,L1,L1,full_item_online,open,accepted
domestic:SAAC:catalog-02-02_02,SAAC,中央档案馆/国家档案局,国家级档案馆,国内党政机关与档案馆,A,汇编/出版物收录,汇编,archive_scan,1949-06-15,1949-06-15,1949-06-15,day,L1,L1,surrogate_online,open,accepted
domestic:SAAC:catalog-06-06_11,SAAC,中央档案馆/国家档案局,国家级档案馆,国内党政机关与档案馆,A,汇编/出版物收录,汇编,archive_scan,1949-10-01,1949-10-01,1949-10-01,day,L1,L1,surrogate_online,open,accepted
domestic:WM:1946-pengdehuai-tici-li-gongpu,WM,Wikimedia Commons 民国人物/盟史分类,国际公共数字资源,公共数字化/学术/海外,B,报刊原刊扫描（原件）,一手,press_scan,1946,1946,1946,year,L2,L2,full_item_online,open,accepted
domestic:WM:1949-cai-chang-shiliang-tiananmen,WM,Wikimedia Commons 民国人物/盟史分类,国际公共数字资源,公共数字化/学术/海外,B,报刊原刊扫描（原件）,一手,press_scan,1949,1949,1949,year,L2,L2,full_item_online,open,accepted
domestic:NLC:guangmingbao-1946-issue02-people-power-editorial,NLC,中国国家图书馆数字化民国文献(Wikimedia镜像),国家级图书馆,公共数字化/学术/海外,A,报刊原刊扫描（原件）,一手,press_scan,1946-09-28,1946-09-28,1946-09-28,day,L1,L1,full_item_online,open,accepted
domestic:MM1941:outline-1936-qijunzi-song-qingling-feng-yuxiang,MM1941,《民盟历史文献全媒体数据库》minmeng1941.cn,民盟系统非官方数据库,民盟自身与盟史,C,汇编/出版物收录,汇编,,1936-11-23,1936-11-23,1936-11-23,day,L3,L3,catalogue_only_online,login,accepted
domestic:NLC:guangmingbao-1947-1947-14,NLC,中国国家图书馆数字化民国文献(Wikimedia镜像),国家级图书馆,公共数字化/学术/海外,A,报刊原刊扫描（原件）,一手,press_scan,1947-01-28,1947-01-28,1947-01-28,day,L1,L1,full_item_online,open,accepted
domestic:MMHIST:political-report-1945,MMHIST,民盟中央文史资料委员会/马恩主义文库汇编,民盟系统,民盟自身与盟史,B,汇编/出版物收录,汇编,book_or_assembly,1945-10-11,1945-10-11,1945-10-11,day,L2,L2,surrogate_online,open,accepted
domestic:NLC:guangmingbao-1947-issue22-liwen-anniversary-qian,NLC,中国国家图书馆数字化民国文献(Wikimedia镜像),国家级图书馆,公共数字化/学术/海外,A,报刊原刊扫描（原件）,一手,press_scan,1947-08-01,1947-08-01,1947-08-01,day,L1,L1,full_item_online,open,accepted
domestic:MM1941:outline-1937-meiguo-wenxuejie-qijunzi,MM1941,《民盟历史文献全媒体数据库》minmeng1941.cn,民盟系统非官方数据库,民盟自身与盟史,C,汇编/出版物收录,汇编,,1937,1937,1937,year,L3,L3,catalogue_only_online,login,accepted
domestic:GD:guangdong-minmengshi-2012-lijingxian,GD,广东人民出版社/民盟广东省委,出版社/民盟,政协/统一战线/官方媒体,B,其他/未分类,待定,other,2012,2012,2012,year,L3,L3,catalogue_only_online,open,accepted
domestic:NLC:guangmingbao-1946-issue11-anti-one-party-constitution,NLC,中国国家图书馆数字化民国文献(Wikimedia镜像),国家级图书馆,公共数字化/学术/海外,A,报刊原刊扫描（原件）,一手,press_scan,1946-09-13,1946-09-13,1946-09-13,day,L1,L1,full_item_online,open,accepted
domestic:QY:2021-qingyang-minmeng-shi,QY,群言出版社(民盟中央直属),民盟系统出版机构,民盟自身与盟史,B,汇编/出版物收录,汇编,book_or_assembly,2021,2021,2021,year,L2,L2,catalogue_only_online,open,accepted
domestic:WM:1949-minjin-daibiao-heying-yijie-zhengxie,WM,Wikimedia Commons 民国人物/盟史分类,国际公共数字资源,公共数字化/学术/海外,B,报刊原刊扫描（原件）,一手,press_scan,1949,1949,1949,year,L2,L2,full_item_online,open,accepted
domestic:SAAC:51koukou-p05-dde03-i3,SAAC,中央档案馆/国家档案局,国家级档案馆,国内党政机关与档案馆,A,档案影像（原件）,一手,archive_scan,1949-09-21,1949-09-21,1949-09-21,day,L2,L2,full_item_online,open,accepted
domestic:SAAC:51koukou-p01-dde14,SAAC,中央档案馆/国家档案局,国家级档案馆,国内党政机关与档案馆,A,档案影像（原件）,一手,archive_scan,1949-02-01,1949-02-01,1949-02-01,day,L2,L2,full_item_online,open,accepted
domestic:SAAC:51koukou-p05-dde01-i3,SAAC,中央档案馆/国家档案局,国家级档案馆,国内党政机关与档案馆,A,档案影像（原件）,一手,archive_scan,1949-09-21,1949-09-21,1949-09-21,day,L2,L2,full_item_online,open,accepted
domestic:SAAC:1949-09-29-01,SAAC,中央档案馆/国家档案局,国家级档案馆,国内党政机关与档案馆,A,档案影像（原件）,一手,archive_scan,1949-09-29,1949-09-29,1949-09-29,day,L1,L1,surrogate_online,open,accepted
domestic:SAAC:catalog-05-05_89,SAAC,中央档案馆/国家档案局,国家级档案馆,国内党政机关与档案馆,A,汇编/出版物收录,汇编,archive_scan,1949-09-30,1949-09-30,1949-09-30,day,L1,L1,surrogate_online,open,accepted
domestic:NLC:guangmingbao-1946-issue01-refounding-editorial,NLC,中国国家图书馆数字化民国文献(Wikimedia镜像),国家级图书馆,公共数字化/学术/海外,A,报刊原刊扫描（原件）,一手,press_scan,1946-09-18,1946-09-18,1946-09-18,day,L1,L1,full_item_online,open,accepted
domestic:SAAC:catalog-02-02_07,SAAC,中央档案馆/国家档案局,国家级档案馆,国内党政机关与档案馆,A,汇编/出版物收录,汇编,archive_scan,1949-06-15,1949-06-15,1949-06-15,day,L1,L1,surrogate_online,open,accepted
domestic:NLC:guangmingbao-1947-1947-15,NLC,中国国家图书馆数字化民国文献(Wikimedia镜像),国家级图书馆,公共数字化/学术/海外,A,报刊原刊扫描（原件）,一手,press_scan,1947-02-08,1947-02-08,1947-02-08,day,L1,L1,full_item_online,open,accepted
domestic:SHDPZ:printed-page820-zhou-gucheng-federation-consultant-1942,SHDPZ,上海市地方志办公室,地方志机构,政协/统一战线/官方媒体,A,报刊原刊扫描（原件）,一手,press_scan,2020-07-01,2020-07-01,2020-07-01,day,L3,L3,not_online,offline,needs_human_review
domestic:RMTZ:dangshi-minmeng-zaili-chengli,RMTZ,民盟同仁/民盟网站转述,民盟系统网络,民盟自身与盟史,C,官方出版物,汇编,official_publication,2016-01-21,2016-01-21,2016-01-21,day,L2,L2,full_item_online,open,accepted
domestic:MM1941:outline-1937-07-04-he-xiangning-qijunzi,MM1941,《民盟历史文献全媒体数据库》minmeng1941.cn,民盟系统非官方数据库,民盟自身与盟史,C,汇编/出版物收录,汇编,,1937-07-04,1937-07-04,1937-07-04,day,L3,L3,catalogue_only_online,login,accepted
domestic:NLC:guangmingbao-1946-issue06-qian-jiaju-unequal-treaty,NLC,中国国家图书馆数字化民国文献(Wikimedia镜像),国家级图书馆,公共数字化/学术/海外,A,报刊原刊扫描（原件）,一手,press_scan,1946-11-08,1946-11-08,1946-11-08,day,L1,L1,full_item_online,open,accepted
domestic:WM:1949-zhouenlai-maxulun-masicong,WM,Wikimedia Commons 民国人物/盟史分类,国际公共数字资源,公共数字化/学术/海外,B,报刊原刊扫描（原件）,一手,press_scan,1949,1949,1949,year,L2,L2,full_item_online,open,accepted
domestic:SAAC:1949-09-26-01,SAAC,中央档案馆/国家档案局,国家级档案馆,国内党政机关与档案馆,A,档案影像（原件）,一手,archive_scan,1949-09-26,1949-09-26,1949-09-26,day,L1,L1,surrogate_online,open,accepted
domestic:PP:2024-08-09-nonggong-dang-chengli,PP,澎湃新闻,商业媒体,其他,C,其他/未分类,待定,,2024-08-09,2024-08-09,2024-08-09,day,L2,L2,full_item_online,open,accepted
domestic:SAAC:catalog-04-04_05,SAAC,中央档案馆/国家档案局,国家级档案馆,国内党政机关与档案馆,A,汇编/出版物收录,汇编,archive_scan,1949-09-20,1949-09-20,1949-09-20,day,L1,L1,surrogate_online,open,accepted
domestic:NLC:guangmingbao-1947-issue21,NLC,中国国家图书馆数字化民国文献(Wikimedia镜像),国家级图书馆,公共数字化/学术/海外,A,报刊原刊扫描（原件）,一手,press_scan,1947-07-05,1947-07-05,1947-07-05,day,L1,L1,full_item_online,open,accepted
domestic:SAAC:catalog-01-01_03,SAAC,中央档案馆/国家档案局,国家级档案馆,国内党政机关与档案馆,A,汇编/出版物收录,汇编,archive_scan,1948-05-01,1948-05-01,1948-05-01,day,L1,L1,surrogate_online,open,accepted
domestic:NLC:guangmingbao-1946-issue07-why-not-national-assembly,NLC,中国国家图书馆数字化民国文献(Wikimedia镜像),国家级图书馆,公共数字化/学术/海外,A,报刊原刊扫描（原件）,一手,press_scan,1946-11-18,1946-11-18,1946-11-18,day,L1,L1,full_item_online,open,accepted
domestic:QY:1991-wo-yu-minmeng-50zhounian-jinianwenji,QY,群言出版社(民盟中央直属),民盟系统出版机构,民盟自身与盟史,B,汇编/出版物收录,汇编,book_or_assembly,1991-08,1991-08,1991-08,month,L2,L2,catalogue_only_online,open,accepted
domestic:SAAC:1949-index-c09,SAAC,中央档案馆/国家档案局,国家级档案馆,国内党政机关与档案馆,A,档案影像（原件）,一手,archive_scan,1949-09-21,1949-09-21,1949-09-21,day,L1,L1,surrogate_online,open,accepted
domestic:XHB:reprint-1938-1947-1987-shanghai-bookstore,XHB,《新华日报》(1938-1947),历史报刊,政协/统一战线/官方媒体,B,报刊原刊扫描（原件）,一手,press_scan,1987,1987,1987,year,L3,L3,catalogue_only_online,login,accepted
domestic:WM:1946-wen-yiduo-yiguanzhong,WM,Wikimedia Commons 民国人物/盟史分类,国际公共数字资源,公共数字化/学术/海外,B,报刊原刊扫描（原件）,一手,press_scan,1946,1946,1946,year,L2,L2,full_item_online,open,accepted
domestic:SAAC:catalog-03-03_04_04,SAAC,中央档案馆/国家档案局,国家级档案馆,国内党政机关与档案馆,A,汇编/出版物收录,汇编,archive_scan,1949-08,1949-08,1949-08,month,L1,L1,surrogate_online,open,accepted
domestic:MM1941:outline-1936-pingjin-wenhuajie-qijunzi,MM1941,《民盟历史文献全媒体数据库》minmeng1941.cn,民盟系统非官方数据库,民盟自身与盟史,C,汇编/出版物收录,汇编,,1936-11-26,1936-11-26,1936-11-26,day,L3,L3,catalogue_only_online,login,accepted
domestic:93:bsjs-ljzywyh-anchor,93,九三学社中央委员会(93.gov.cn),民主党派系统,政协/统一战线/官方媒体,B,官方出版物,汇编,official_publication,2024,2024,2024,year,L2,L2,full_item_online,open,accepted
domestic:SAAC:catalog-06-06_05,SAAC,中央档案馆/国家档案局,国家级档案馆,国内党政机关与档案馆,A,汇编/出版物收录,汇编,archive_scan,1949-10-01,1949-10-01,1949-10-01,day,L1,L1,surrogate_online,open,accepted
domestic:SC:sichuan-minmengshi-sichuan-renmin,SC,四川人民出版社/民盟四川省委,出版社/民盟,政协/统一战线/官方媒体,B,其他/未分类,待定,other,2020,2020,2020,year,L3,L3,catalogue_only_online,open,accepted
domestic:WM:1949-zhouenlai-minmeng-daibiao-xinzhengxie,WM,Wikimedia Commons 民国人物/盟史分类,国际公共数字资源,公共数字化/学术/海外,B,报刊原刊扫描（原件）,一手,press_scan,1949,1949,1949,year,L2,L2,full_item_online,open,accepted
domestic:SAAC:1949-09-22-01,SAAC,中央档案馆/国家档案局,国家级档案馆,国内党政机关与档案馆,A,档案影像（原件）,一手,archive_scan,1949-09-22,1949-09-22,1949-09-22,day,L1,L1,surrogate_online,open,accepted
domestic:SAAC:1949-09-21-01,SAAC,中央档案馆/国家档案局,国家级档案馆,国内党政机关与档案馆,A,档案影像（原件）,一手,archive_scan,1949-09-21,1949-09-21,1949-09-21,day,L1,L1,surrogate_online,open,accepted
domestic:SAAC:1949-09-25-01,SAAC,中央档案馆/国家档案局,国家级档案馆,国内党政机关与档案馆,A,档案影像（原件）,一手,archive_scan,1949-09-25,1949-09-25,1949-09-25,day,L1,L1,surrogate_online,open,accepted
domestic:MM1941:outline-1937-qijunzi-yuzhong-zhao,MM1941,《民盟历史文献全媒体数据库》minmeng1941.cn,民盟系统非官方数据库,民盟自身与盟史,C,汇编/出版物收录,汇编,,1937,1937,1937,year,L3,L3,catalogue_only_online,login,needs_human_review
domestic:SAAC:51koukou-p05-dde12-i3,SAAC,中央档案馆/国家档案局,国家级档案馆,国内党政机关与档案馆,A,档案影像（原件）,一手,archive_scan,1949-09-21,1949-09-21,1949-09-21,day,L2,L2,full_item_online,open,accepted
domestic:SAAC:1949-09-29-02,SAAC,中央档案馆/国家档案局,国家级档案馆,国内党政机关与档案馆,A,档案影像（原件）,一手,archive_scan,1949-09-29,1949-09-29,1949-09-29,day,L1,L1,surrogate_online,open,accepted
domestic:SAAC:catalog-02-02_01,SAAC,中央档案馆/国家档案局,国家级档案馆,国内党政机关与档案馆,A,汇编/出版物收录,汇编,archive_scan,1949-06-14,1949-06-14,1949-06-14,day,L1,L1,surrogate_online,open,accepted
domestic:SAAC:catalog-05-05_35,SAAC,中央档案馆/国家档案局,国家级档案馆,国内党政机关与档案馆,A,汇编/出版物收录,汇编,archive_scan,1949-09-23,1949-09-23,1949-09-23,day,L1,L1,surrogate_online,open,accepted
domestic:NLC:guangmingbao-1946-issue11,NLC,中国国家图书馆数字化民国文献(Wikimedia镜像),国家级图书馆,公共数字化/学术/海外,A,报刊原刊扫描（原件）,一手,press_scan,1946-09-13,1946-09-13,1946-09-13,day,L1,L1,full_item_online,open,accepted
domestic:VOC:guoxun-1942-issue253-cnbksy-index,VOC,中华职业教育社/报刊索引/近代史数字图书馆,公共数字化/学术/海外,公共数字化/学术/海外,B,网页转述/转录,二手,web_transcription,1942,1942,1942,year,L3,L3,catalogue_only_online,login,accepted
domestic:SAAC:51koukou-p03-dde02-f1,SAAC,中央档案馆/国家档案局,国家级档案馆,国内党政机关与档案馆,A,档案影像（原件）,一手,archive_scan,1949-09-17,1949-09-17,1949-09-17,day,L2,L2,full_item_online,open,accepted
domestic:SAAC:catalog-01-01_13,SAAC,中央档案馆/国家档案局,国家级档案馆,国内党政机关与档案馆,A,汇编/出版物收录,汇编,archive_scan,1949-01-20,1949-01-20,1949-01-20,day,L1,L1,surrogate_online,open,accepted
domestic:BJDCMM:reorganization-1944,BJDCMM,民盟北京市东城区委员会,民盟基层组织,民盟自身与盟史,C,官方史志/官网二次叙述,二手,official_history_page,1944-09,1944-09,1944-09,month,L4,L4,full_item_online,open,accepted
domestic:NLC:minmeng-wenxian-1946-minmeng-platform-1945,NLC,中国国家图书馆数字化民国文献(Wikimedia镜像),国家级图书馆,公共数字化/学术/海外,A,汇编/出版物收录,汇编,press_scan,1945-10,1945-10,1945-10,month,L2,L2,full_item_online,open,accepted
domestic:JS:jiangsu-minmengshi-gao-2004,JS,江苏人民出版社/民盟江苏省委/省政协,出版社/民盟,政协/统一战线/官方媒体,B,其他/未分类,待定,other,2004,2004,2004,year,L3,L3,catalogue_only_online,open,accepted
domestic:MH:platform-anchor-modernhistory-2026,MH,中国社科院近代史研究所/近代史数字图书馆,中央研究机构,公共数字化/学术/海外,A,汇编/出版物收录,汇编,book_or_assembly,2026,2026,2026,year,L3,L3,catalogue_only_online,login,accepted
domestic:SAAC:51koukou-p05-dde10,SAAC,中央档案馆/国家档案局,国家级档案馆,国内党政机关与档案馆,A,档案影像（原件）,一手,archive_scan,1949-09-21,1949-09-21,1949-09-21,day,L2,L2,full_item_online,open,accepted
domestic:NLC:observer-1947-v3n11,NLC,中国国家图书馆数字化民国文献(Wikimedia镜像),国家级图书馆,公共数字化/学术/海外,A,报刊原刊扫描（原件）,一手,press_scan,1947-11-08,1947-11-08,1947-11-08,day,L1,L1,full_item_online,open,accepted
domestic:SAAC:1949-index-c21,SAAC,中央档案馆/国家档案局,国家级档案馆,国内党政机关与档案馆,A,档案影像（原件）,一手,archive_scan,1949-09-23,1949-09-23,1949-09-23,day,L1,L1,surrogate_online,open,accepted
domestic:SAAC:51koukou-p01-dde08-i3,SAAC,中央档案馆/国家档案局,国家级档案馆,国内党政机关与档案馆,A,档案影像（原件）,一手,archive_scan,1948-05-01,1948-05-01,1948-05-01,day,L2,L2,full_item_online,open,accepted
domestic:NLC:minmeng-wenxian-1946-congress-declaration-1945-10-16,NLC,中国国家图书馆数字化民国文献(Wikimedia镜像),国家级图书馆,公共数字化/学术/海外,A,汇编/出版物收录,汇编,press_scan,1945-10-16,1945-10-16,1945-10-16,day,L2,L2,full_item_online,open,accepted
domestic:93JS:lead-九三学社1947年大事记,93JS,九三学社中央委员会,民主党派系统,政协/统一战线/官方媒体,B,汇编/出版物收录,汇编,other,1947,1947,1947,year,L4,L4,full_item_online,open,accepted
domestic:MMHIST:lo-lung-chi-national-assembly-1946-01-17,MMHIST,民盟中央文史资料委员会/马恩主义文库汇编,民盟系统,民盟自身与盟史,B,汇编/出版物收录,汇编,book_or_assembly,1946-01-17,1946-01-17,1946-01-17,day,L2,L2,surrogate_online,open,accepted
domestic:SAAC:catalog-03-03_01_02,SAAC,中央档案馆/国家档案局,国家级档案馆,国内党政机关与档案馆,A,汇编/出版物收录,汇编,archive_scan,1949-06-17,1949-06-17,1949-06-17,day,L1,L1,surrogate_online,open,accepted
domestic:SAAC:catalog-05-05_21,SAAC,中央档案馆/国家档案局,国家级档案馆,国内党政机关与档案馆,A,汇编/出版物收录,汇编,archive_scan,1949-09-21,1949-09-21,1949-09-21,day,L1,L1,surrogate_online,open,accepted
domestic:HBMJ:lead-民建简史第三章-迎接新中国的诞生,HBMJ,民建湖北省委,民主党派系统,政协/统一战线/官方媒体,B,其他/未分类,待定,other,1947-11,1947-11,1947-11,month,L4,L4,full_item_online,open,accepted
domestic:SAAC:catalog-05-05_19,SAAC,中央档案馆/国家档案局,国家级档案馆,国内党政机关与档案馆,A,汇编/出版物收录,汇编,archive_scan,1949-09-21,1949-09-21,1949-09-21,day,L1,L1,surrogate_online,open,accepted
domestic:WM:1947-zhonggong-minmeng-kangyi-zhengfu-jiesan-minmeng,WM,Wikimedia Commons 民国人物/盟史分类,国际公共数字资源,公共数字化/学术/海外,B,报刊原刊扫描（原件）,一手,press_scan,1947,1947,1947,year,L2,L2,full_item_online,open,accepted
domestic:WS:dagongbao-1946-refuse-national-assembly-minmeng-1946-11-14,WS,维基文库/公网数据库,公共网络资源,公共数字化/学术/海外,C,网页转述/转录,二手,web_transcription,1946-11-14,1946-11-14,1946-11-14,day,L1,L1,surrogate_online,open,needs_human_review
domestic:WM:qijunzi-heying-shen-junru-categorized,WM,Wikimedia Commons 民国人物/盟史分类,国际公共数字资源,公共数字化/学术/海外,B,其他/未分类,待定,,1936,1936,1936,year,L2,L2,full_item_online,open,accepted
domestic:SAAC:1949-item-a16,SAAC,中央档案馆/国家档案局,国家级档案馆,国内党政机关与档案馆,A,档案影像（原件）,一手,archive_scan,1949-09-30,1949-09-30,1949-09-30,day,L1,L1,surrogate_online,open,accepted
domestic:ZLWEB:1943-09-17-jiang-zhang-chongqing-exchange,ZLWEB,张澜网(民盟背景),纪念馆/民盟系统,民盟自身与盟史,C,网页转述/转录,二手,web_transcription,1943-09-17,1943-09-17,1943-09-17,day,L4,L4,surrogate_online,open,accepted
domestic:MMSH:web-liukaiqu,MMSH,民盟上海市委,民盟省市委,民盟自身与盟史,B,汇编/出版物收录,汇编,book_or_assembly,2024-10-12,2024-10-12,2024-10-12,day,L4,L4,full_item_online,open,accepted
domestic:SAAC:catalog-03-03_06_07,SAAC,中央档案馆/国家档案局,国家级档案馆,国内党政机关与档案馆,A,汇编/出版物收录,汇编,archive_scan,1949-09-22,1949-09-22,1949-09-22,day,L1,L1,surrogate_online,open,accepted
domestic:TM:tmly-tmzc-zhangcheng,TM,台盟中央委员会,民主党派系统,政协/统一战线/官方媒体,B,官方出版物,汇编,official_publication,2024,2024,2024,year,L2,L2,full_item_online,open,accepted
domestic:SAAC:catalog-03-03_03_04,SAAC,中央档案馆/国家档案局,国家级档案馆,国内党政机关与档案馆,A,汇编/出版物收录,汇编,archive_scan,1949-06-25,1949-06-25,1949-06-25,day,L1,L1,surrogate_online,open,accepted
domestic:WM:1946-zhouenlai-shougao-daoci-li-wen,WM,Wikimedia Commons 民国人物/盟史分类,国际公共数字资源,公共数字化/学术/海外,B,报刊原刊扫描（原件）,一手,press_scan,1946-07,1946-07,1946-07,month,L2,L2,full_item_online,open,accepted
domestic:SH:1946-junzi-xieding-jiuxinzheng,SH,搜狐网,商业媒体,其他,C,其他/未分类,待定,other,2024,2024,2024,year,L2,L2,full_item_online,open,accepted
domestic:MMHIST:zhang-bo-jun-common-program-1946-01-16,MMHIST,民盟中央文史资料委员会/马恩主义文库汇编,民盟系统,民盟自身与盟史,B,汇编/出版物收录,汇编,book_or_assembly,1946-01-16,1946-01-16,1946-01-16,day,L2,L2,surrogate_online,open,accepted
domestic:WM:1949-wei-sakongliao-songxing,WM,Wikimedia Commons 民国人物/盟史分类,国际公共数字资源,公共数字化/学术/海外,B,报刊原刊扫描（原件）,一手,press_scan,1949,1949,1949,year,L2,L2,full_item_online,open,accepted
domestic:GZ:guizhou-minmengshi-2013,GZ,贵州人民出版社/民盟贵州省委,出版社/民盟,政协/统一战线/官方媒体,B,其他/未分类,待定,other,2013,2013,2013,year,L3,L3,catalogue_only_online,open,accepted
domestic:SAAC:51koukou-p06-dde05-f1,SAAC,中央档案馆/国家档案局,国家级档案馆,国内党政机关与档案馆,A,档案影像（原件）,一手,archive_scan,1949-10-01,1949-10-01,1949-10-01,day,L2,L2,full_item_online,open,accepted
domestic:SAAC:1949-09-21-06,SAAC,中央档案馆/国家档案局,国家级档案馆,国内党政机关与档案馆,A,档案影像（原件）,一手,archive_scan,1949-09-21,1949-09-21,1949-09-21,day,L1,L1,surrogate_online,open,accepted
domestic:SCIO:2021-12-china-political-party-system,SCIO,国务院新闻办公室,中央政府机构,政协/统一战线/官方媒体,A,官方出版物,汇编,official_publication,2021-12,2021-12,2021-12,month,L2,L2,full_item_online,open,accepted
domestic:MM1941:outline-1937-06-07-qijunzi-bianhu,MM1941,《民盟历史文献全媒体数据库》minmeng1941.cn,民盟系统非官方数据库,民盟自身与盟史,C,汇编/出版物收录,汇编,,1937-06-07,1937-06-07,1937-06-07,day,L3,L3,catalogue_only_online,login,needs_human_review
domestic:NLC:minxian-85446-1944-07-16,NLC,中国国家图书馆数字化民国文献(Wikimedia镜像),国家级图书馆,公共数字化/学术/海外,A,报刊原刊扫描（原件）,一手,press_scan,1944-07-16,1944-07-16,1944-07-16,day,L1,L1,full_item_online,open,accepted
domestic:NLC:guangmingbao-1948-1949-v1n1-article,NLC,中国国家图书馆数字化民国文献(Wikimedia镜像),国家级图书馆,公共数字化/学术/海外,A,报刊原刊扫描（原件）,一手,press_scan,1948-03-01,1948-03-01,1948-03-01,day,L1,L1,full_item_online,open,accepted
domestic:SAAC:1949-01-08-01,SAAC,中央档案馆/国家档案局,国家级档案馆,国内党政机关与档案馆,A,档案影像（原件）,一手,archive_scan,1949-01-08,1949-01-08,1949-01-08,day,L1,L1,surrogate_online,open,accepted
domestic:WM:1949-xinzhengxie-choubeihui-changwei-maxulun-categorized,WM,Wikimedia Commons 民国人物/盟史分类,国际公共数字资源,公共数字化/学术/海外,B,报刊原刊扫描（原件）,一手,press_scan,1949,1949,1949,year,L1,L1,full_item_online,open,accepted
domestic:NLC:minmeng-yanlunji-1945-whole,NLC,中国国家图书馆数字化民国文献(Wikimedia镜像),国家级图书馆,公共数字化/学术/海外,A,汇编/出版物收录,汇编,press_scan,1945-10,1945-10,1945-10,month,L2,L2,full_item_online,open,accepted
domestic:SAAC:catalog-02-02_10,SAAC,中央档案馆/国家档案局,国家级档案馆,国内党政机关与档案馆,A,汇编/出版物收录,汇编,archive_scan,1949-06-16,1949-06-16,1949-06-16,day,L1,L1,surrogate_online,open,accepted
domestic:WM:people-of-china-democratic-league-anchor,WM,Wikimedia Commons 民国人物/盟史分类,国际公共数字资源,公共数字化/学术/海外,B,报刊原刊扫描（原件）,一手,press_scan,2026,2026,2026,year,L3,L3,catalogue_only_online,open,accepted
domestic:NLC:guangmingbao-1946-issue06-editorial-pcc-ten-months,NLC,中国国家图书馆数字化民国文献(Wikimedia镜像),国家级图书馆,公共数字化/学术/海外,A,报刊原刊扫描（原件）,一手,press_scan,1946-11-08,1946-11-08,1946-11-08,day,L1,L1,full_item_online,open,accepted
domestic:WM:1949-song-ching-ling-1st-cppcc,WM,Wikimedia Commons 民国人物/盟史分类,国际公共数字资源,公共数字化/学术/海外,B,报刊原刊扫描（原件）,一手,press_scan,1949,1949,1949,year,L2,L2,full_item_online,open,accepted
domestic:WM:1946-zhouenlai-luolongji-zhengxie,WM,Wikimedia Commons 民国人物/盟史分类,国际公共数字资源,公共数字化/学术/海外,B,报刊原刊扫描（原件）,一手,press_scan,1946-01,1946-01,1946-01,month,L2,L2,full_item_online,open,accepted
domestic:SAAC:catalog-05-05_74,SAAC,中央档案馆/国家档案局,国家级档案馆,国内党政机关与档案馆,A,汇编/出版物收录,汇编,archive_scan,1949-09-29,1949-09-29,1949-09-29,day,L1,L1,surrogate_online,open,accepted
domestic:NLC:guangmingbao-1947-issue22,NLC,中国国家图书馆数字化民国文献(Wikimedia镜像),国家级图书馆,公共数字化/学术/海外,A,报刊原刊扫描（原件）,一手,press_scan,1947-08-01,1947-08-01,1947-08-01,day,L1,L1,full_item_online,open,accepted
domestic:WM:1946-li-gongpu-wen-yiduo-lieshi-jinian,WM,Wikimedia Commons 民国人物/盟史分类,国际公共数字资源,公共数字化/学术/海外,B,报刊原刊扫描（原件）,一手,press_scan,1946,1946,1946,year,L2,L2,catalogue_only_online,open,accepted
domestic:WM:1949-zhongyang-renmin-zhengfu-zhuxi-fuzhuxi,WM,Wikimedia Commons 民国人物/盟史分类,国际公共数字资源,公共数字化/学术/海外,B,报刊原刊扫描（原件）,一手,press_scan,1949,1949,1949,year,L2,L2,full_item_online,open,accepted
domestic:MMC:lingdao-jiegou-2026,MMC,民盟中央委员会官网,民盟系统,民盟自身与盟史,A,汇编/出版物收录,汇编,book_or_assembly,2026-01,2026-01,2026-01,month,L2,L2,full_item_online,open,accepted
domestic:SAAC:catalog-05-05_78,SAAC,中央档案馆/国家档案局,国家级档案馆,国内党政机关与档案馆,A,汇编/出版物收录,汇编,archive_scan,1949-09-30,1949-09-30,1949-09-30,day,L1,L1,surrogate_online,open,accepted
domestic:SAAC:51koukou-p01-dde22-i3,SAAC,中央档案馆/国家档案局,国家级档案馆,国内党政机关与档案馆,A,档案影像（原件）,一手,archive_scan,1948-05-07,1948-05-07,1948-05-07,day,L2,L2,full_item_online,open,accepted
domestic:NLC:guangmingbao-1947-issue22-dare-not-forget-chen,NLC,中国国家图书馆数字化民国文献(Wikimedia镜像),国家级图书馆,公共数字化/学术/海外,A,报刊原刊扫描（原件）,一手,press_scan,1947-08-01,1947-08-01,1947-08-01,day,L1,L1,full_item_online,open,accepted
domestic:SAAC:1949-item-a10,SAAC,中央档案馆/国家档案局,国家级档案馆,国内党政机关与档案馆,A,档案影像（原件）,一手,archive_scan,1949-09-28,1949-09-28,1949-09-28,day,L1,L1,surrogate_online,open,accepted
domestic:KMY:minzhuzhoukan-1946-li-wen-wen-yiduo-1946-07,KMY,《民主周刊》线索(闻一多),历史报刊线索,其他,C,其他/未分类,待定,other,1946-07-15,1946-07-15,1946-07-15,day,L1,L1,surrogate_online,open,needs_human_review
domestic:MMHIST:platform-1945,MMHIST,民盟中央文史资料委员会/马恩主义文库汇编,民盟系统,民盟自身与盟史,B,汇编/出版物收录,汇编,book_or_assembly,1945-10-12,1945-10-12,1945-10-12,day,L2,L2,surrogate_online,open,accepted
domestic:ZJMM:yann-an-meeting-minmeng-1945-07-01,ZJMM,民盟浙江省委员会,民盟省市委,民盟自身与盟史,B,官方史志/官网二次叙述,二手,official_history_page,1945-07-01,1945-07-01,1945-07-01,day,L4,L4,full_item_online,open,accepted
domestic:SAAC:51koukou-p04-dde08-i3,SAAC,中央档案馆/国家档案局,国家级档案馆,国内党政机关与档案馆,A,档案影像（原件）,一手,archive_scan,1949-06-15,1949-06-15,1949-06-15,day,L2,L2,full_item_online,open,accepted
domestic:SCU:democratic-league-anti-civil-war-talk-1945-11-02,SCU,四川大学党史科研组公开汇编,高校/学术机构,公共数字化/学术/海外,B,汇编/出版物收录,汇编,official_history_page,1945-11-02,1945-11-02,1945-11-02,day,L2,L2,surrogate_online,open,accepted
domestic:SAAC:1949-index-c26,SAAC,中央档案馆/国家档案局,国家级档案馆,国内党政机关与档案馆,A,档案影像（原件）,一手,archive_scan,1949-09-24,1949-09-24,1949-09-24,day,L1,L1,surrogate_online,open,accepted
domestic:NLC:minxian-85444-1944-06-15,NLC,中国国家图书馆数字化民国文献(Wikimedia镜像),国家级图书馆,公共数字化/学术/海外,A,报刊原刊扫描（原件）,一手,press_scan,1944-06-15,1944-06-15,1944-06-15,day,L1,L1,full_item_online,open,accepted
domestic:MMSH:web-intro,MMSH,民盟上海市委,民盟省市委,民盟自身与盟史,B,其他/未分类,待定,,,,,empty,L4,L4,full_item_online,open,accepted
domestic:SAAC:51koukou-p05-dde16,SAAC,中央档案馆/国家档案局,国家级档案馆,国内党政机关与档案馆,A,档案影像（原件）,一手,archive_scan,1949-09-21,1949-09-21,1949-09-21,day,L2,L2,full_item_online,open,accepted
domestic:MM1941:outline-jianguoqian-fujian-mengshi-ziliao-shang,MM1941,《民盟历史文献全媒体数据库》minmeng1941.cn,民盟系统非官方数据库,民盟自身与盟史,C,汇编/出版物收录,汇编,book_or_assembly,1946-1949,1946,1949,range,L3,L3,catalogue_only_online,login,accepted
domestic:ZG:zg-org-cn-history-1925-america,ZG,致公党中央委员会,民主党派系统,政协/统一战线/官方媒体,B,其他/未分类,待定,other,1925-10,1925-10,1925-10,month,L2,L2,full_item_online,open,accepted
domestic:WM:1949-shiliang-tiananmen-cropped,WM,Wikimedia Commons 民国人物/盟史分类,国际公共数字资源,公共数字化/学术/海外,B,报刊原刊扫描（原件）,一手,press_scan,1949,1949,1949,year,L2,L2,full_item_online,open,accepted
domestic:NLC:guangmingbao-1947-issue16-17-respond-li-jishen-editorial,NLC,中国国家图书馆数字化民国文献(Wikimedia镜像),国家级图书馆,公共数字化/学术/海外,A,报刊原刊扫描（原件）,一手,press_scan,1947-03-18,1947-03-18,1947-03-18,day,L1,L1,full_item_online,open,accepted
domestic:DRNH:002-020400-00011-053,DRNH,台湾国史馆档案史料文物查询系统,境外馆藏,公共数字化/学术/海外,A,档案影像（原件）,一手,archive_scan,1947-10-27,1947-10-27,1947-10-27,day,L2,L2,surrogate_online,open,accepted
domestic:SAAC:catalog-03-03_06_08,SAAC,中央档案馆/国家档案局,国家级档案馆,国内党政机关与档案馆,A,汇编/出版物收录,汇编,archive_scan,1949-09,1949-09,1949-09,month,L1,L1,surrogate_online,open,accepted
domestic:NLC:guangmingbao-1947-1947-12,NLC,中国国家图书馆数字化民国文献(Wikimedia镜像),国家级图书馆,公共数字化/学术/海外,A,报刊原刊扫描（原件）,一手,press_scan,1947-01-08,1947-01-08,1947-01-08,day,L1,L1,full_item_online,open,accepted
domestic:NLC:guangmingbao-1947-issue13-zhang-lan-plenum-closing,NLC,中国国家图书馆数字化民国文献(Wikimedia镜像),国家级图书馆,公共数字化/学术/海外,A,报刊原刊扫描（原件）,一手,press_scan,1947-01-18,1947-01-18,1947-01-18,day,L1,L1,full_item_online,open,accepted
domestic:MM1941:outline-1941-2014-chongqing-meng-shi-jing,MM1941,《民盟历史文献全媒体数据库》minmeng1941.cn,民盟系统非官方数据库,民盟自身与盟史,C,汇编/出版物收录,汇编,book_or_assembly,1941-2014,1941,2014,range,L3,L3,catalogue_only_online,login,accepted
domestic:NLC:observer-1947-v3n11-han-depei,NLC,中国国家图书馆数字化民国文献(Wikimedia镜像),国家级图书馆,公共数字化/学术/海外,A,报刊原刊扫描（原件）,一手,press_scan,1947-11-08,1947-11-08,1947-11-08,day,L1,L1,full_item_online,open,accepted
domestic:SAAC:1949-index-c24,SAAC,中央档案馆/国家档案局,国家级档案馆,国内党政机关与档案馆,A,档案影像（原件）,一手,archive_scan,1949-09-24,1949-09-24,1949-09-24,day,L1,L1,surrogate_online,open,accepted
domestic:SAAC:1948-10-01-01,SAAC,中央档案馆/国家档案局,国家级档案馆,国内党政机关与档案馆,A,档案影像（原件）,一手,archive_scan,1948-10-01,1948-10-01,1948-10-01,day,L1,L1,surrogate_online,open,accepted
domestic:SAAC:catalog-03-03_02_01,SAAC,中央档案馆/国家档案局,国家级档案馆,国内党政机关与档案馆,A,汇编/出版物收录,汇编,archive_scan,1949-06-18,1949-06-18,1949-06-18,day,L1,L1,surrogate_online,open,accepted
domestic:SAAC:51koukou-p04-dde02-i3,SAAC,中央档案馆/国家档案局,国家级档案馆,国内党政机关与档案馆,A,档案影像（原件）,一手,archive_scan,1949-06-15,1949-06-15,1949-06-15,day,L2,L2,full_item_online,open,accepted
domestic:NLC:guangmingbao-1946-issue05,NLC,中国国家图书馆数字化民国文献(Wikimedia镜像),国家级图书馆,公共数字化/学术/海外,A,报刊原刊扫描（原件）,一手,press_scan,1946-10-28,1946-10-28,1946-10-28,day,L1,L1,full_item_online,open,accepted
domestic:WP:1949-1988-minmeng-wenwu-1991,WP,文物出版社,中央级出版机构,政协/统一战线/官方媒体,B,汇编/出版物收录,汇编,other,1991-01,1991-01,1991-01,month,L2,L2,catalogue_only_online,open,accepted
domestic:RMZXW:2025-05-21-minmeng-chengli-80-zhounian,RMZXW,人民政协网,官方媒体,政协/统一战线/官方媒体,B,其他/未分类,待定,other,2025-05-21,2025-05-21,2025-05-21,day,L2,L2,full_item_online,open,accepted
domestic:RMrb:1947-11-04-page1-league-illegal-report,RMrb,《人民日报》历史版面,官方媒体,政协/统一战线/官方媒体,B,官方出版物,汇编,official_publication,1947-11-04,1947-11-04,1947-11-04,day,L2,L2,surrogate_online,open,accepted
domestic:WS:wen-yiduo-last-testament-1946,WS,维基文库/公网数据库,公共网络资源,公共数字化/学术/海外,C,网页转述/转录,二手,web_transcription,1946-07-15,1946-07-15,1946-07-15,day,L3,L3,full_item_online,open,accepted
domestic:SAAC:catalog-01-01_19,SAAC,中央档案馆/国家档案局,国家级档案馆,国内党政机关与档案馆,A,汇编/出版物收录,汇编,archive_scan,1949-03-26,1949-03-26,1949-03-26,day,L1,L1,surrogate_online,open,accepted
domestic:PP:menshi-zonglan-series-anchor,PP,澎湃新闻,商业媒体,其他,C,官方出版物,汇编,official_publication,2024,2024,2024,year,L2,L2,full_item_online,open,accepted
domestic:MM1941:outline-1947-1949-zhongyang-zongzhanhui-lianhehuiyi,MM1941,《民盟历史文献全媒体数据库》minmeng1941.cn,民盟系统非官方数据库,民盟自身与盟史,C,汇编/出版物收录,汇编,book_or_assembly,1947-1949,1947,1949,range,L3,L3,catalogue_only_online,login,accepted
domestic:MMHIST:wen-yiduo-emergency-statement-1946-07-16,MMHIST,民盟中央文史资料委员会/马恩主义文库汇编,民盟系统,民盟自身与盟史,B,汇编/出版物收录,汇编,book_or_assembly,1946-07-16,1946-07-16,1946-07-16,day,L2,L2,surrogate_online,open,accepted
domestic:NLC:guangmingbao-1947-issue22-action-memorial-peng,NLC,中国国家图书馆数字化民国文献(Wikimedia镜像),国家级图书馆,公共数字化/学术/海外,A,报刊原刊扫描（原件）,一手,press_scan,1947-08-01,1947-08-01,1947-08-01,day,L1,L1,full_item_online,open,accepted
domestic:SHDPZ:zlc-chapter5-line571-shi-liang-1942-join,SHDPZ,上海市地方志办公室,地方志机构,政协/统一战线/官方媒体,A,报刊原刊扫描（原件）,一手,press_scan,2020-10-18,2020-10-18,2020-10-18,day,L3,L3,not_online,offline,needs_human_review
domestic:SAAC:51koukou-p05-dde07-i3,SAAC,中央档案馆/国家档案局,国家级档案馆,国内党政机关与档案馆,A,档案影像（原件）,一手,archive_scan,1949-09-21,1949-09-21,1949-09-21,day,L2,L2,full_item_online,open,accepted
domestic:MX:shang-ding-1943-11-join-mengxian,MX,民盟上海市委《盟贤》内部汇编,民盟系统内部资料,民盟自身与盟史,B,汇编/出版物收录,汇编,press_scan,2024,2024,2024,year,L3,L3,not_online,offline,needs_human_review
domestic:QY:1991-zhongguo-minmeng-shi-1941-1949,QY,群言出版社(民盟中央直属),民盟系统出版机构,民盟自身与盟史,B,汇编/出版物收录,汇编,book_or_assembly,1991-03,1991-03,1991-03,month,L2,L2,catalogue_only_online,open,accepted
domestic:MM1941:outline-1941-1989-gansu-meng-jianzhi,MM1941,《民盟历史文献全媒体数据库》minmeng1941.cn,民盟系统非官方数据库,民盟自身与盟史,C,汇编/出版物收录,汇编,book_or_assembly,1941-1989,1941,1989,range,L3,L3,catalogue_only_online,login,accepted
domestic:DRNH:002-090300-00017-115,DRNH,台湾国史馆档案史料文物查询系统,境外馆藏,公共数字化/学术/海外,A,档案影像（原件）,一手,archive_scan,1945-09-22,1945-09-22,1945-09-22,day,L2,L2,surrogate_online,open,accepted
domestic:SAAC:catalog-01-01_18,SAAC,中央档案馆/国家档案局,国家级档案馆,国内党政机关与档案馆,A,汇编/出版物收录,汇编,archive_scan,1949-03-25,1949-03-25,1949-03-25,day,L1,L1,surrogate_online,open,accepted
domestic:NLC:guangmingbao-1946-issue8-conditional-national-assembly,NLC,中国国家图书馆数字化民国文献(Wikimedia镜像),国家级图书馆,公共数字化/学术/海外,A,报刊原刊扫描（原件）,一手,press_scan,1946-08,1946-08,1946-08,month,L1,L1,full_item_online,open,accepted
domestic:SAAC:1948-04-30-01,SAAC,中央档案馆/国家档案局,国家级档案馆,国内党政机关与档案馆,A,档案影像（原件）,一手,archive_scan,1948-04-30,1948-04-30,1948-04-30,day,L1,L1,surrogate_online,open,accepted
domestic:SAAC:1949-02-01-01,SAAC,中央档案馆/国家档案局,国家级档案馆,国内党政机关与档案馆,A,档案影像（原件）,一手,archive_scan,1949-02-01/1949-02-02,1949-02-01,1949-02-02,multi,L1,L1,surrogate_online,open,accepted
domestic:SAAC:1948-04-30-02,SAAC,中央档案馆/国家档案局,国家级档案馆,国内党政机关与档案馆,A,档案影像（原件）,一手,archive_scan,1948-04-30,1948-04-30,1948-04-30,day,L1,L1,surrogate_online,open,accepted
domestic:WH:wenhuibao-1946-pcc-five-agreements-1946-01-31,WH,《文汇报》(1938创刊),历史报刊,政协/统一战线/官方媒体,B,其他/未分类,待定,other,1946-01-31,1946-01-31,1946-01-31,day,L1,L1,surrogate_online,open,needs_human_review
domestic:WS:pcc-government-reorganization-1946,WS,维基文库/公网数据库,公共网络资源,公共数字化/学术/海外,C,网页转述/转录,二手,web_transcription,1946,1946,1946,year,LX,LX,full_item_online,open,accepted
domestic:MMHIST:huang-yan-pei-common-program-1946-01-16,MMHIST,民盟中央文史资料委员会/马恩主义文库汇编,民盟系统,民盟自身与盟史,B,汇编/出版物收录,汇编,book_or_assembly,1946-01-16,1946-01-16,1946-01-16,day,L2,L2,surrogate_online,open,accepted
domestic:CSSN:lishi-zhuanti-1941-1949,CSSN,中国社会科学院,中央研究机构,公共数字化/学术/海外,A,官方出版物,汇编,official_publication,2026,2026,2026,year,L2,L2,full_item_online,open,accepted
domestic:MMHIST:li-gongpu-statement-1946-07-17,MMHIST,民盟中央文史资料委员会/马恩主义文库汇编,民盟系统,民盟自身与盟史,B,汇编/出版物收录,汇编,book_or_assembly,1946-07-17,1946-07-17,1946-07-17,day,L2,L2,surrogate_online,open,accepted
domestic:NLC:dagongbao-hankow-1947-11-06-league-dissolution,NLC,中国国家图书馆数字化民国文献(Wikimedia镜像),国家级图书馆,公共数字化/学术/海外,A,报刊原刊扫描（原件）,一手,press_scan,1947-11-06,1947-11-06,1947-11-06,day,L1,L1,full_item_online,open,accepted
domestic:QY:mengtuan-lishi-renwu-congshu-anchor,QY,群言出版社(民盟中央直属),民盟系统出版机构,民盟自身与盟史,B,汇编/出版物收录,汇编,book_or_assembly,2024,2024,2024,year,L2,L2,catalogue_only_online,open,accepted
domestic:GXMM:dagongbao-tianjin-dissolution-1947-11-06,GXMM,民盟广西区委,民盟省市委,民盟自身与盟史,B,官方史志/官网二次叙述,二手,official_history_page,1947-11-06,1947-11-06,1947-11-06,day,L4,L4,full_item_online,open,accepted
domestic:NLC:observer-1947-3-11-article-government-oppression-minmeng,NLC,中国国家图书馆数字化民国文献(Wikimedia镜像),国家级图书馆,公共数字化/学术/海外,A,报刊原刊扫描（原件）,一手,press_scan,1947-11-08,1947-11-08,1947-11-08,day,L1,L1,surrogate_online,open,needs_human_review
domestic:NLC:minxian-85453-1945-02-25,NLC,中国国家图书馆数字化民国文献(Wikimedia镜像),国家级图书馆,公共数字化/学术/海外,A,报刊原刊扫描（原件）,一手,press_scan,1945-02-25,1945-02-25,1945-02-25,day,L1,L1,full_item_online,open,accepted
domestic:NLC:guangmingbao-1948-1949-v2n12,NLC,中国国家图书馆数字化民国文献(Wikimedia镜像),国家级图书馆,公共数字化/学术/海外,A,报刊原刊扫描（原件）,一手,press_scan,1949-02-12,1949-02-12,1949-02-12,day,L1,L1,full_item_online,open,accepted
domestic:SAAC:1949-item-a04,SAAC,中央档案馆/国家档案局,国家级档案馆,国内党政机关与档案馆,A,档案影像（原件）,一手,archive_scan,1949-09-26,1949-09-26,1949-09-26,day,L1,L1,surrogate_online,open,accepted
domestic:SAAC:catalog-06-06_08,SAAC,中央档案馆/国家档案局,国家级档案馆,国内党政机关与档案馆,A,汇编/出版物收录,汇编,archive_scan,1949-10-01,1949-10-01,1949-10-01,day,L1,L1,surrogate_online,open,accepted
domestic:SAAC:1949-index-c19,SAAC,中央档案馆/国家档案局,国家级档案馆,国内党政机关与档案馆,A,档案影像（原件）,一手,archive_scan,1949-09-23,1949-09-23,1949-09-23,day,L1,L1,surrogate_online,open,accepted
domestic:MMSH:web-zhanglan,MMSH,民盟上海市委,民盟省市委,民盟自身与盟史,B,其他/未分类,待定,,,,,empty,L4,L4,full_item_online,open,accepted
domestic:HKU:guangmingbao-1941-microform-holdings,HKU,香港大学图书馆特别馆藏,境外馆藏,公共数字化/学术/海外,A,报刊原刊扫描（原件）,一手,press_scan,1941-09-18—1941-12-12,1941-09-18,1941-12-12,range,L2,L2,catalogue_only_online,reading_room,needs_human_review
domestic:ACAD:wuhan-united-front-1940s-cambridge-quarterly,ACAD,密歇根大学/道客巴巴公开学术资源,高校/商业文库,公共数字化/学术/海外,C,汇编/出版物收录,汇编,book_or_assembly,1990,1990,1990,year,L2,L2,catalogue_only_online,open,accepted
domestic:QY:mengtuan-lishiwenxian-congshu-anchor,QY,群言出版社(民盟中央直属),民盟系统出版机构,民盟自身与盟史,B,汇编/出版物收录,汇编,book_or_assembly,2024,2024,2024,year,L2,L2,catalogue_only_online,open,accepted
domestic:SAAC:catalog-03-03_06_06,SAAC,中央档案馆/国家档案局,国家级档案馆,国内党政机关与档案馆,A,汇编/出版物收录,汇编,archive_scan,1949-09-14,1949-09-14,1949-09-14,day,L1,L1,surrogate_online,open,accepted
domestic:SAAC:catalog-06-06_06,SAAC,中央档案馆/国家档案局,国家级档案馆,国内党政机关与档案馆,A,汇编/出版物收录,汇编,archive_scan,1949-10-01,1949-10-01,1949-10-01,day,L1,L1,surrogate_online,open,accepted
domestic:XINHUA:2017-12-11-cdl-12th-congress-english,XINHUA,新华社英文版,官方媒体,政协/统一战线/官方媒体,B,官方出版物,汇编,official_publication,2017-12-11,2017-12-11,2017-12-11,day,L2,L2,full_item_online,open,accepted
domestic:SAAC:51koukou-p02-dde05-f1,SAAC,中央档案馆/国家档案局,国家级档案馆,国内党政机关与档案馆,A,档案影像（原件）,一手,archive_scan,1949-06,1949-06,1949-06,month,L2,L2,full_item_online,open,accepted
domestic:SAAC:1949-index-c03,SAAC,中央档案馆/国家档案局,国家级档案馆,国内党政机关与档案馆,A,档案影像（原件）,一手,archive_scan,1949-09-21,1949-09-21,1949-09-21,day,L1,L1,surrogate_online,open,accepted
domestic:SAAC:catalog-01-01_17,SAAC,中央档案馆/国家档案局,国家级档案馆,国内党政机关与档案馆,A,汇编/出版物收录,汇编,archive_scan,1949-03-21/1949-03-22,1949-03-21,1949-03-22,multi,L1,L1,surrogate_online,open,accepted
domestic:NGD:ngd-org-cn-history-1930-shanghai,NGD,农工党中央委员会,民主党派系统,政协/统一战线/官方媒体,B,官方出版物,汇编,official_publication,1930-08-09,1930-08-09,1930-08-09,day,L2,L2,full_item_online,open,accepted
domestic:MMC:zuzhi-jiegou,MMC,民盟中央委员会官网,民盟系统,民盟自身与盟史,A,汇编/出版物收录,汇编,book_or_assembly,2026,2026,2026,year,L2,L2,full_item_online,open,accepted
domestic:WM:1936-shen-junru-zaiyuzhong,WM,Wikimedia Commons 民国人物/盟史分类,国际公共数字资源,公共数字化/学术/海外,B,其他/未分类,待定,,1936,1936,1936,year,L2,L2,full_item_online,open,accepted
domestic:SAAC:catalog-03-03_02_04,SAAC,中央档案馆/国家档案局,国家级档案馆,国内党政机关与档案馆,A,汇编/出版物收录,汇编,archive_scan,1949-09-15,1949-09-15,1949-09-15,day,L1,L1,surrogate_online,open,accepted
domestic:CJD:cndca-gov-cn-history-1945-chongqing,CJD,民建中央委员会,民主党派系统,政协/统一战线/官方媒体,B,其他/未分类,待定,other,1945-12-16,1945-12-16,1945-12-16,day,L2,L2,full_item_online,open,accepted
domestic:WM:wen-yiduo-portrait,WM,Wikimedia Commons 民国人物/盟史分类,国际公共数字资源,公共数字化/学术/海外,B,报刊原刊扫描（原件）,一手,press_scan,1940,1940,1940,year,L2,L2,full_item_online,open,accepted
domestic:SAAC:51koukou-p05-dde11,SAAC,中央档案馆/国家档案局,国家级档案馆,国内党政机关与档案馆,A,档案影像（原件）,一手,archive_scan,1949-09-21,1949-09-21,1949-09-21,day,L2,L2,full_item_online,open,accepted
domestic:ZL1872:chang-lan-pcc-opening-transcript-1946,ZL1872,张澜纪念馆公开史料页,纪念馆/民盟系统,民盟自身与盟史,C,网页转述/转录,二手,web_transcription,1946-01-10,1946-01-10,1946-01-10,day,L4,L4,full_item_online,open,accepted
domestic:SAAC:1949-item-a02,SAAC,中央档案馆/国家档案局,国家级档案馆,国内党政机关与档案馆,A,档案影像（原件）,一手,archive_scan,1949-09-25,1949-09-25,1949-09-25,day,L1,L1,surrogate_online,open,accepted
domestic:MM1941:outline-1946-1949-nanfang-mengshi-shiling,MM1941,《民盟历史文献全媒体数据库》minmeng1941.cn,民盟系统非官方数据库,民盟自身与盟史,C,汇编/出版物收录,汇编,book_or_assembly,1946-1949,1946,1949,range,L3,L3,catalogue_only_online,login,accepted
domestic:MMHIST:organization-regulation-1945,MMHIST,民盟中央文史资料委员会/马恩主义文库汇编,民盟系统,民盟自身与盟史,B,汇编/出版物收录,汇编,book_or_assembly,1945-10,1945-10,1945-10,month,L2,L2,surrogate_online,open,accepted
domestic:PP:huishi-daxuexi-difang-zuzhi-jianshe-1,PP,澎湃新闻,商业媒体,其他,C,官方出版物,汇编,official_publication,2024,2024,2024,year,L2,L2,full_item_online,open,accepted
domestic:GXMM:dagongbao-dissolution-report-1947-11-06,GXMM,民盟广西区委,民盟省市委,民盟自身与盟史,B,官方史志/官网二次叙述,二手,official_history_page,1947-11-06,1947-11-06,1947-11-06,day,L4,L4,full_item_online,open,accepted
domestic:SAAC:1949-09-21-04,SAAC,中央档案馆/国家档案局,国家级档案馆,国内党政机关与档案馆,A,档案影像（原件）,一手,archive_scan,1949-09-21,1949-09-21,1949-09-21,day,L1,L1,surrogate_online,open,accepted
domestic:SAAC:catalog-02-02_17,SAAC,中央档案馆/国家档案局,国家级档案馆,国内党政机关与档案馆,A,汇编/出版物收录,汇编,archive_scan,1949-07-18,1949-07-18,1949-07-18,day,L1,L1,surrogate_online,open,accepted
domestic:MM1941:outline-1937-05-05-jiuguohui-shengming,MM1941,《民盟历史文献全媒体数据库》minmeng1941.cn,民盟系统非官方数据库,民盟自身与盟史,C,汇编/出版物收录,汇编,,1937-05-05,1937-05-05,1937-05-05,day,L3,L3,catalogue_only_online,login,accepted
domestic:NLC:guangmingbao-1948-1949-v1n12-article,NLC,中国国家图书馆数字化民国文献(Wikimedia镜像),国家级图书馆,公共数字化/学术/海外,A,报刊原刊扫描（原件）,一手,press_scan,1948-08-16,1948-08-16,1948-08-16,day,L1,L1,full_item_online,open,accepted
domestic:SAAC:catalog-03-03_06_03,SAAC,中央档案馆/国家档案局,国家级档案馆,国内党政机关与档案馆,A,汇编/出版物收录,汇编,archive_scan,1949-08-05,1949-08-05,1949-08-05,day,L1,L1,surrogate_online,open,accepted
domestic:WM:1940s-zhang-junmai-portrait-1,WM,Wikimedia Commons 民国人物/盟史分类,国际公共数字资源,公共数字化/学术/海外,B,报刊原刊扫描（原件）,一手,press_scan,1940,1940,1940,year,L2,L2,full_item_online,open,accepted
domestic:GMD:epaper-meng-1941-1949-aggregate,GMD,光明日报(gmw.cn),官方媒体,政协/统一战线/官方媒体,B,官方出版物,汇编,official_publication,2024,2024,2024,year,L2,L2,full_item_online,open,accepted
domestic:SAAC:catalog-06-06_01,SAAC,中央档案馆/国家档案局,国家级档案馆,国内党政机关与档案馆,A,汇编/出版物收录,汇编,archive_scan,1949-09-30,1949-09-30,1949-09-30,day,L1,L1,surrogate_online,open,accepted
domestic:YN:yunan-minmengshi-2021-chenguang,YN,晨光出版社/民盟云南省委,出版社/民盟,政协/统一战线/官方媒体,B,其他/未分类,待定,other,2021-10,2021-10,2021-10,month,L3,L3,catalogue_only_online,open,accepted
domestic:SAAC:51koukou-p04-dde03-i3,SAAC,中央档案馆/国家档案局,国家级档案馆,国内党政机关与档案馆,A,档案影像（原件）,一手,archive_scan,1949-06-15,1949-06-15,1949-06-15,day,L2,L2,full_item_online,open,accepted
domestic:NLC:guangmingbao-1946-issue8,NLC,中国国家图书馆数字化民国文献(Wikimedia镜像),国家级图书馆,公共数字化/学术/海外,A,报刊原刊扫描（原件）,一手,press_scan,1946,1946,1946,year,L1,L1,full_item_online,open,accepted
domestic:ZG:website-anchor,ZG,致公党中央委员会,民主党派系统,政协/统一战线/官方媒体,B,其他/未分类,待定,other,2024,2024,2024,year,L2,L2,full_item_online,open,accepted
domestic:SAAC:catalog-05-05_36,SAAC,中央档案馆/国家档案局,国家级档案馆,国内党政机关与档案馆,A,汇编/出版物收录,汇编,archive_scan,1949-09-23,1949-09-23,1949-09-23,day,L1,L1,surrogate_online,open,accepted
domestic:QY:zhongguo-minmengtongmeng-50nian-chongqing-2014,QY,群言出版社(民盟中央直属),民盟系统出版机构,民盟自身与盟史,B,汇编/出版物收录,汇编,book_or_assembly,2014-10,2014-10,2014-10,month,L2,L2,catalogue_only_online,open,accepted
domestic:SAAC:catalog-06-06_10,SAAC,中央档案馆/国家档案局,国家级档案馆,国内党政机关与档案馆,A,汇编/出版物收录,汇编,archive_scan,1949-10-01,1949-10-01,1949-10-01,day,L1,L1,surrogate_online,open,accepted
domestic:GXMM:dagongbao-1947-10-29-self-surrender,GXMM,民盟广西区委,民盟省市委,民盟自身与盟史,B,官方史志/官网二次叙述,二手,official_history_page,1947-10-29,1947-10-29,1947-10-29,day,L4,L4,catalogue_only_online,open,accepted
domestic:DRNH:002-080200-00301-062,DRNH,台湾国史馆档案史料文物查询系统,境外馆藏,公共数字化/学术/海外,A,档案影像（原件）,一手,archive_scan,1945-07-01,1945-07-01,1945-07-01,day,L2,L2,surrogate_online,open,accepted
domestic:NLC:minmeng-yanlunji-1945-congress-political-report,NLC,中国国家图书馆数字化民国文献(Wikimedia镜像),国家级图书馆,公共数字化/学术/海外,A,汇编/出版物收录,汇编,press_scan,1945-10-11,1945-10-11,1945-10-11,day,L2,L2,full_item_online,open,accepted
domestic:RMTZ:2013-01-24-liangshuming-xianggang-guangmingbao,RMTZ,民盟同仁/民盟网站转述,民盟系统网络,民盟自身与盟史,C,官方出版物,汇编,official_publication,2013-01-24,2013-01-24,2013-01-24,day,L2,L2,full_item_online,open,accepted
domestic:SAAC:1949-index-c31,SAAC,中央档案馆/国家档案局,国家级档案馆,国内党政机关与档案馆,A,档案影像（原件）,一手,archive_scan,1949-09-25,1949-09-25,1949-09-25,day,L1,L1,surrogate_online,open,accepted
domestic:MMHIST:league-banned-1947-10-27,MMHIST,民盟中央文史资料委员会/马恩主义文库汇编,民盟系统,民盟自身与盟史,B,汇编/出版物收录,汇编,book_or_assembly,1947-10-27,1947-10-27,1947-10-27,day,L2,L2,surrogate_online,open,accepted
domestic:SAAC:catalog-03-03_06_01,SAAC,中央档案馆/国家档案局,国家级档案馆,国内党政机关与档案馆,A,汇编/出版物收录,汇编,archive_scan,1949-07-04,1949-07-04,1949-07-04,day,L1,L1,surrogate_online,open,accepted
domestic:SAAC:51koukou-p06-dde01-f1,SAAC,中央档案馆/国家档案局,国家级档案馆,国内党政机关与档案馆,A,档案影像（原件）,一手,archive_scan,1949-09-30,1949-09-30,1949-09-30,day,L2,L2,full_item_online,open,accepted
domestic:MMHIST:league-military-proposal-1946-01-16,MMHIST,民盟中央文史资料委员会/马恩主义文库汇编,民盟系统,民盟自身与盟史,B,汇编/出版物收录,汇编,book_or_assembly,1946-01-16,1946-01-16,1946-01-16,day,L2,L2,surrogate_online,open,accepted
domestic:SAAC:1949-09-21-03,SAAC,中央档案馆/国家档案局,国家级档案馆,国内党政机关与档案馆,A,档案影像（原件）,一手,archive_scan,1949-09-21/1949-09-30,1949-09-21,1949-09-30,multi,L1,L1,surrogate_online,open,accepted
domestic:SAAC:catalog-02-02_05,SAAC,中央档案馆/国家档案局,国家级档案馆,国内党政机关与档案馆,A,汇编/出版物收录,汇编,archive_scan,1949-06-15,1949-06-15,1949-06-15,day,L1,L1,surrogate_online,open,accepted
domestic:SAAC:1949-09-27-02,SAAC,中央档案馆/国家档案局,国家级档案馆,国内党政机关与档案馆,A,档案影像（原件）,一手,archive_scan,1949-09-27,1949-09-27,1949-09-27,day,L1,L1,surrogate_online,open,accepted
domestic:SAAC:51koukou-p04-dde01-i3,SAAC,中央档案馆/国家档案局,国家级档案馆,国内党政机关与档案馆,A,档案影像（原件）,一手,archive_scan,1949-06-14,1949-06-14,1949-06-14,day,L2,L2,full_item_online,open,accepted
domestic:WM:1946-dengyingchao-daoci-li-wen,WM,Wikimedia Commons 民国人物/盟史分类,国际公共数字资源,公共数字化/学术/海外,B,报刊原刊扫描（原件）,一手,press_scan,1946,1946,1946,year,L2,L2,full_item_online,open,accepted
domestic:SAAC:catalog-02-02_09,SAAC,中央档案馆/国家档案局,国家级档案馆,国内党政机关与档案馆,A,汇编/出版物收录,汇编,archive_scan,1949-06-16,1949-06-16,1949-06-16,day,L1,L1,surrogate_online,open,accepted
domestic:SAAC:1949-item-a05,SAAC,中央档案馆/国家档案局,国家级档案馆,国内党政机关与档案馆,A,档案影像（原件）,一手,archive_scan,1949-09-26,1949-09-26,1949-09-26,day,L1,L1,surrogate_online,open,accepted
domestic:SAAC:51koukou-p05-dde14-i3,SAAC,中央档案馆/国家档案局,国家级档案馆,国内党政机关与档案馆,A,档案影像（原件）,一手,archive_scan,1949-09-21,1949-09-21,1949-09-21,day,L2,L2,full_item_online,open,accepted
domestic:NLC:guangmingbao-1946-issue05-beijing-comrades-editorial,NLC,中国国家图书馆数字化民国文献(Wikimedia镜像),国家级图书馆,公共数字化/学术/海外,A,报刊原刊扫描（原件）,一手,press_scan,1946-10-28,1946-10-28,1946-10-28,day,L1,L1,full_item_online,open,accepted
domestic:WM:wen-yiduo-xi-nan-lian-da-yin-zhang,WM,Wikimedia Commons 民国人物/盟史分类,国际公共数字资源,公共数字化/学术/海外,B,报刊原刊扫描（原件）,一手,press_scan,1940,1940,1940,year,L2,L2,full_item_online,open,accepted
domestic:TM:tmly-tmjj-jianyao-1947,TM,台盟中央委员会,民主党派系统,政协/统一战线/官方媒体,B,官方出版物,汇编,official_publication,2024,2024,2024,year,L2,L2,full_item_online,open,accepted
domestic:CQ:Teyuan-China-Democratic-Parties-Museum-2024,CQ,重庆出版社/重庆市政协文史委,出版社/政协文史,政协/统一战线/官方媒体,B,汇编/出版物收录,汇编,other,2024-04-29,2024-04-29,2024-04-29,day,L3,L3,catalogue_only_online,open,accepted
domestic:NLC:minxian-85455-1945-06-13,NLC,中国国家图书馆数字化民国文献(Wikimedia镜像),国家级图书馆,公共数字化/学术/海外,A,报刊原刊扫描（原件）,一手,press_scan,1945-06-13,1945-06-13,1945-06-13,day,L1,L1,full_item_online,open,accepted
domestic:SAAC:catalog-03-03_02_03,SAAC,中央档案馆/国家档案局,国家级档案馆,国内党政机关与档案馆,A,汇编/出版物收录,汇编,archive_scan,1949-08-18,1949-08-18,1949-08-18,day,L1,L1,surrogate_online,open,accepted
domestic:MMHIST:league-dissolution-announcement-1947-11-06,MMHIST,民盟中央文史资料委员会/马恩主义文库汇编,民盟系统,民盟自身与盟史,B,汇编/出版物收录,汇编,book_or_assembly,1947-11-06,1947-11-06,1947-11-06,day,L2,L2,surrogate_online,open,accepted
domestic:WM:1949-xianfa-caogao-zuotanhui-di8zu-heying,WM,Wikimedia Commons 民国人物/盟史分类,国际公共数字资源,公共数字化/学术/海外,B,报刊原刊扫描（原件）,一手,press_scan,1949,1949,1949,year,L2,L2,full_item_online,open,accepted
domestic:NGD:website-jianjie-anchor,NGD,农工党中央委员会,民主党派系统,政协/统一战线/官方媒体,B,官方出版物,汇编,official_publication,2024,2024,2024,year,L2,L2,full_item_online,open,accepted
domestic:NLC:minmeng-wenxian-1946-ten-program,NLC,中国国家图书馆数字化民国文献(Wikimedia镜像),国家级图书馆,公共数字化/学术/海外,A,汇编/出版物收录,汇编,press_scan,1941-10-10,1941-10-10,1941-10-10,day,L2,L2,full_item_online,open,accepted
domestic:NLC:minxian-85449-1944-10-12,NLC,中国国家图书馆数字化民国文献(Wikimedia镜像),国家级图书馆,公共数字化/学术/海外,A,报刊原刊扫描（原件）,一手,press_scan,1944-10-12,1944-10-12,1944-10-12,day,L1,L1,full_item_online,open,accepted
domestic:SAAC:51koukou-p06-dde04-f1,SAAC,中央档案馆/国家档案局,国家级档案馆,国内党政机关与档案馆,A,档案影像（原件）,一手,archive_scan,1949-10,1949-10,1949-10,month,L2,L2,full_item_online,open,accepted
domestic:NLC:guangmingbao-1947-19-article-04,NLC,中国国家图书馆数字化民国文献(Wikimedia镜像),国家级图书馆,公共数字化/学术/海外,A,报刊原刊扫描（原件）,一手,press_scan,1947-10-28,1947-10-28,1947-10-28,day,L1,L1,full_item_online,open,accepted
domestic:SAAC:51koukou-p04-dde05,SAAC,中央档案馆/国家档案局,国家级档案馆,国内党政机关与档案馆,A,档案影像（原件）,一手,archive_scan,1949-06-15,1949-06-15,1949-06-15,day,L2,L2,full_item_online,open,accepted
domestic:WM:shiliang-portrait-1,WM,Wikimedia Commons 民国人物/盟史分类,国际公共数字资源,公共数字化/学术/海外,B,其他/未分类,待定,,1940,1940,1940,year,L2,L2,full_item_online,open,accepted
domestic:SAAC:catalog-03-03_06_04,SAAC,中央档案馆/国家档案局,国家级档案馆,国内党政机关与档案馆,A,汇编/出版物收录,汇编,archive_scan,1949-08-24,1949-08-24,1949-08-24,day,L1,L1,surrogate_online,open,accepted
domestic:SAAC:1949-item-a14,SAAC,中央档案馆/国家档案局,国家级档案馆,国内党政机关与档案馆,A,档案影像（原件）,一手,archive_scan,1949-09-29,1949-09-29,1949-09-29,day,L1,L1,surrogate_online,open,accepted
domestic:XHB:xinhuaribao-1946-li-wen-mao-zhu-condolence-1946-07-21,XHB,《新华日报》(1938-1947),历史报刊,政协/统一战线/官方媒体,B,报刊原刊扫描（原件）,一手,press_scan,1946-07-21,1946-07-21,1946-07-21,day,L1,L1,surrogate_online,open,needs_human_review
domestic:MM1941:outline-shaanxi-minmeng-shi,MM1941,《民盟历史文献全媒体数据库》minmeng1941.cn,民盟系统非官方数据库,民盟自身与盟史,C,汇编/出版物收录,汇编,book_or_assembly,1942-2012,1942,2012,range,L3,L3,catalogue_only_online,login,accepted
domestic:HNMM:response-may-day-1948,HNMM,民盟湖南省委员会,民盟省市委,民盟自身与盟史,B,官方史志/官网二次叙述,二手,official_history_page,1948-06-14,1948-06-14,1948-06-14,day,L3,L3,full_item_online,open,accepted
domestic:NLC:guangmingbao-1947-issue13-zhang-lan-plenum-opening,NLC,中国国家图书馆数字化民国文献(Wikimedia镜像),国家级图书馆,公共数字化/学术/海外,A,报刊原刊扫描（原件）,一手,press_scan,1947-01-18,1947-01-18,1947-01-18,day,L1,L1,full_item_online,open,accepted
domestic:MMSH:web-office-history,MMSH,民盟上海市委,民盟省市委,民盟自身与盟史,B,汇编/出版物收录,汇编,book_or_assembly,2024-05-12,2024-05-12,2024-05-12,day,L4,L4,full_item_online,open,accepted
domestic:NLC:guangmingbao-1947-19-article-01,NLC,中国国家图书馆数字化民国文献(Wikimedia镜像),国家级图书馆,公共数字化/学术/海外,A,报刊原刊扫描（原件）,一手,press_scan,1947-10-28,1947-10-28,1947-10-28,day,L1,L1,full_item_online,open,accepted
domestic:NLC:guangmingbao-1947-12-shanghai-democrats-on-us-atrocities,NLC,中国国家图书馆数字化民国文献(Wikimedia镜像),国家级图书馆,公共数字化/学术/海外,A,报刊原刊扫描（原件）,一手,press_scan,1947-01-08,1947-01-08,1947-01-08,day,L1,L1,full_item_online,open,accepted
domestic:NLC:guangmingbao-1948-1949-v1n1-current-tasks-zhangbojun,NLC,中国国家图书馆数字化民国文献(Wikimedia镜像),国家级图书馆,公共数字化/学术/海外,A,报刊原刊扫描（原件）,一手,press_scan,1948-03-01,1948-03-01,1948-03-01,day,L1,L1,full_item_online,open,accepted
