event_id,event_year,event_date,event_title,event_summary,scope_type,scope_name,actors,tags,organizations,places,importance
1,1945,1945-10-05,昆明暗杀事件引发的政治压力与外交关注,他们询问苏联对美国军队在天津和北平地区登陆的立场。,topic,昆明暗杀与民盟政治压力,周恩来; 蒋介石,昆明暗杀; 北平接触,国民党; 中国共产党,昆明; 北平; 重庆; 延安; 满洲; 天津,60
2,1945,1945/09/22 ~ 1945/09/22,昆明暗杀事件引发的政治压力与外交关注,邱清泉电唐纵戴笠等情报暂十七师开越及共党在昆活动机关有观察报社等又民盟罗隆基李公朴潘光旦等人于各大学演讲诋毁元首请令严密防范为要,topic,昆明暗杀与民盟政治压力,罗隆基,昆明暗杀; 民盟,中国民主同盟,,45
3,1946,1946/07/15 ~ 1946/07/15,昆明暗杀事件引发的政治压力与外交关注,陶镕电蒋中正民盟负责人李公朴被人刺死后捕获嫌疑犯一人警备总部正在严缉中惟奸党阴谋借此攻击国民党和青年团支团并煽动学生,topic,昆明暗杀与民盟政治压力,,昆明暗杀; 民盟,中国民主同盟; 国民党,,35
4,1948,1948-11-19,昆明暗杀事件引发的政治压力与外交关注,在所有有组织的国民党抵抗停止后，内战结束的标志很可能是组建一个包括现国民政府重要成员在内的新联合政府。 这样的联合政府有可能在“反帝国主义”这一核心议题上寻求团结，但也有可能避免与美国对抗。,topic,昆明暗杀与民盟政治压力,蒋介石,昆明暗杀; 马歇尔调处; 联合政府; 民盟,中国民主同盟; 国民政府; 国民党; 中国共产党; 美国国务院,香港; 满洲,55
5,1948,1948/07/22 ~ 1948/07/22,陶镕电蒋中正立院休会返昆昆明学潮虽解决但因中共民盟发展已久外县仍多奸党活动及滇省共匪在滇桂越边境较多企图与桂境李济琛指挥下之民主联军联合,陶镕电蒋中正立院休会返昆昆明学潮虽解决但因中共民盟发展已久外县仍多奸党活动及滇省共匪在滇桂越边境较多企图与桂境李济琛指挥下之民主联军联合,topic,昆明暗杀与民盟政治压力,,民盟,中国民主同盟; 中国共产党,昆明,20
6,1948,1948/09/07 ~ 1948/09/07,卢汉电蒋中正称滇西匪段英已遭击溃在昆明捕获现正严讯中期得民盟在云南逆谋以为预防,卢汉电蒋中正称滇西匪段英已遭击溃在昆明捕获现正严讯中期得民盟在云南逆谋以为预防,topic,昆明暗杀与民盟政治压力,,民盟,中国民主同盟,昆明,20
7,1949,1949-01-01,北平接触与民盟人士沟通,迁沪后不久，北平、南京分会相继成立，随后于1946年开设了香港九龙分会。 实际上，各分会及上海总部均由中共地下女党员、中国民主同盟成员及其他左翼人士领导，他们与解放区妇女联合会筹备委员会合作，并秘密接受蔡畅、邓颖超及该筹备委员会其他核心成员的指导。,topic,昆明暗杀与民盟政治压力,,北平接触; 民盟,中国民主同盟; 国民党; 中国共产党,昆明; 北平; 南京; 重庆; 上海; 香港; 成都,75
8,1949,1949-06-14,昆明暗杀事件引发的政治压力与外交关注,我军计划于今年冬季攻占以下城市：广州、南宁、昆明、贵阳、重庆、成都、青海、宁夏。为防止帝国主义列强可能实施的经济封锁和军事干预，应采取以下措施： a) 尽快将帝国主义的走狗——国民党残余势力从地球上彻底消灭。这是首要任务。如果中国大陆没有帝国主义的走狗，那么帝国主义者实施经济封锁和干预将十分困难，甚至几乎不可能。 b) 建立沿海防线。 c) 准备实现经济自给自足，以免受可能的经济封锁之影响。 4.,topic,昆明暗杀与民盟政治压力,,昆明暗杀,国民党,昆明; 重庆; 成都,40
9,1950,1950-01-20,昆明暗杀事件引发的政治压力与外交关注,**中共决定承认越南民主共和国** 昨晚在此间收听到的北平电台广播宣布，中共政府已决定承认胡志明博士在越南的越南民主共和国（Vietminh Republic）。,topic,昆明暗杀与民盟政治压力,蒋介石,昆明暗杀; 第三方面; 北平接触,国民党; 中国共产党; 美国国务院,昆明; 北平; 香港; 延安; 满洲; 华盛顿,20
19,1946,22 July 1946,昆明暗杀事件引发的政治压力与外交关注,893/7-2246：电报〔文件698〕马歇尔将军致杜鲁门总统。 我也不同意他认为全部责任都在共产党一方的看法，并且我着重谈到昆明和平的民盟教授遭暗杀一事对世界舆论的影响；尤其是有关一个恐怖恐吓自由派人士的组织的传闻，直接指向一位最显著的国民党领导人。,topic,昆明暗杀与民盟政治压力,周恩来; 马歇尔; 司徒雷登; 蒋介石,昆明暗杀; 马歇尔调处; 民盟,中国民主同盟; 国民党; 中国共产党; 行政院,昆明; 南京; 牯岭,70
20,1945,"April 5, 1945",昆明暗杀事件引发的政治压力与外交关注,893.00/4-545［文件228］驻华代办艾奇逊致国务卿。第279号。 重庆，1945年4月5日。［4月17日收。］主题：李济深元帅的沉浮。 先生：兹提及国务院1945年2月26日第三人称指示，其中除其他事项外，评论了使馆1944年12月15日第9号函，题为《中国东南部被日军隔绝以来的状况》。国务院表示，将饶有兴趣地关注该地区潜在分离主义集团未来活动。现随函附上1945年3月23日驻成都使馆随,topic,昆明暗杀与民盟政治压力,梁漱溟; 蒋介石,昆明暗杀,中国共产党; 美国国务院,重庆; 成都,15
21,1944,"August 1, 1944",昆明暗杀事件引发的政治压力与外交关注,893.00/8-144〔文件400〕 驻昆明总领事（兰登）致国务卿 第58号〔摘录〕 昆明，1944年8月1日。〔8月22日收到。〕 先生：参照总领事馆1944年7月14日第51号公文，关于中国未来政治发展的报告，我谨向国务院报告昆明中国自由派人士对蒋介石委员长的看法。这些看法显示，蒋在中国自由派中的声望已严重下降，也说明了他们对其领导的批评和反对。 这些意见由国民党内自由派和独立自由派人士在最,topic,昆明暗杀与民盟政治压力,蒋介石,昆明暗杀,中国民主同盟; 国民党; 中国共产党; 美国国务院; 美国驻昆明领事馆,昆明,35
22,1944,"August 2, 1944",昆明暗杀事件引发的政治压力与外交关注,一位同民主同盟和共产党均关系密切的消息来源称，民主同盟所联合的各党派、团体代表，预定约于9月1日在重庆举行秘密会议。,topic,昆明暗杀与民盟政治压力,,昆明暗杀; 民盟,中国民主同盟; 国民党; 中国共产党; 美国国务院,昆明; 重庆; 成都; 桂林,50
23,1946,"August 2, 1946",昆明暗杀事件引发的政治压力与外交关注,"1946年7月26日第517号,第31号,其中要求提交大使馆二等秘书菲利普·斯普鲁斯前往昆明的航空邮件报告,谨附上1946年8月1日题为“在总领事馆的保护下离开中国人在昆明的领事房地;昆明的中国当局的保护保证”的备忘录(一)和(二)1946年8月1日题为“在昆明暗杀李公朴和闻一多的责任问题”的备忘录副本。 在斯普鲁斯先生访问期间，中国当局对昆明的友好态度，是因为马歇尔将军和司徒雷登大使在这方面对委",topic,昆明暗杀与民盟政治压力,马歇尔; 司徒雷登; 蒋介石,昆明暗杀; 马歇尔调处; 民盟,中国民主同盟; 国民党; 中国共产党; 美国国务院; 美国驻华使馆,昆明; 南京; 牯岭,50
24,1946,"August 20, 1946",昆明暗杀事件引发的政治压力与外交关注,74 中国民主同盟成员，关注大众教育运动。,topic,昆明暗杀与民盟政治压力,司徒雷登,昆明暗杀; 民盟,中国民主同盟; 美国国务院,昆明; 南京,50
25,1944,"August 23, 1944",昆明暗杀事件引发的政治压力与外交关注,"斯普鲁斯先生援引所谓""中国民主同盟""领导人罗隆基的话称，这场运动是一场旨在改革政府的革命，其目标是建立代议制民主政府、继续对日作战，并给予言论、出版、集会和结社自由；罗隆基还表示，由于缺乏一位有实力、有影响力的领袖，将成立一个""委员会""来指导运动。",topic,昆明暗杀与民盟政治压力,罗隆基; 蒋介石,昆明暗杀; 民盟,中国民主同盟; 国民政府; 国民党; 中国共产党; 美国国务院,昆明; 重庆; 桂林,60
26,1946,"August 29, 1946",昆明暗杀事件引发的政治压力与外交关注,梁漱溟一直在昆明代表民主同盟调查此案。,topic,昆明暗杀与民盟政治压力,梁漱溟; 司徒雷登,昆明暗杀; 民盟,中国民主同盟; 美国国务院,昆明; 南京,70
27,1946,"August 29, 1946",昆明暗杀事件引发的政治压力与外交关注,最近报载称，民主同盟主席张澜数日前在成都参加李公朴和闻一多追悼会时，遭特务人员殴打。,topic,昆明暗杀与民盟政治压力,张澜; 司徒雷登,昆明暗杀; 民盟,中国民主同盟,成都,85
28,1944,"August 31, 1944",昆明暗杀事件引发的政治压力与外交关注,893.42/8–3144 [文件第421号] 驻昆明总领事（兰登）致驻华大使（高斯）函 第38号 昆明，1944年8月31日 阁下： 关于大使馆1944年8月16日备忘录中提及的所谓民主学生运动，谨此呈报总领事馆所获有关昆明中国大学生活动的信息。[以下为详细报告] 结论 可以断定，联大学生对当前中国状况深感不满，这种不满既涉及自身处境，也关乎现有的军事、政治及经济形势。然而，由于学生间缺乏充分组,topic,昆明暗杀与民盟政治压力,,昆明暗杀,国民党; 美国国务院; 美国驻昆明领事馆,昆明,15
29,1946,"August 6, 1946",昆明暗杀事件引发的政治压力与外交关注,00/8–646：电报 [文件735] 驻华大使（司徒雷登）致国务卿 南京，1946年8月6日上午10时 [8月6日凌晨4时25分收到] 第1270号 近期与民盟成员（包括部分曾在昆明领事馆避难者）的谈话表明，昆明暗杀事件后，民盟内部普遍存在恐惧情绪。 无论暗杀责任归属何方，最终结果已暴露出中国民主同盟作为独立政党的脆弱性，及其作为中国内政凝聚因素的局限性。,topic,昆明暗杀与民盟政治压力,司徒雷登,昆明暗杀; 民盟,中国民主同盟; 国民党; 中国共产党; 美国国务院,昆明; 南京,70
30,1946,"August 6, 1946",昆明暗杀事件引发的政治压力与外交关注,预计只有少数民盟领导人会前往共产党控制区；一位著名的民盟教授已向大使馆含蓄表达了前往延安的意愿。 然而，预计学生（尤其是受暗杀事件影响的大学学生）向延安、张家口或其他共产党控制地区的流动将会增加。,topic,昆明暗杀与民盟政治压力,司徒雷登,昆明暗杀; 民盟,中国民主同盟; 中国共产党,延安,75
31,1946,"August 8, 1946",昆明暗杀事件引发的政治压力与外交关注,马歇尔使团档案，第54-D270卷〔文件742〕 蒋介石委员长与马歇尔将军会谈记录 中国牯岭，1946年8月8日下午。 马歇尔将军说，他推迟到今天才返回南京，是为了等待司徒雷登博士从南京星期二晚间同周恩来将军会谈后返回并提交详细报告；司徒雷登在那次会谈中转达了委员长关于停止敌对行动的各项规定。,topic,昆明暗杀与民盟政治压力,周恩来; 马歇尔; 司徒雷登; 蒋介石,昆明暗杀; 政协; 马歇尔调处; 民盟,中国民主同盟; 国民政府; 国民党; 中国共产党; 政治协商会议; 美国国务院; 美国驻昆明领事馆,昆明; 南京; 满洲; 牯岭,70
32,1949,"February 1, 1949",昆明暗杀事件引发的政治压力与外交关注,1月29日广播还提到中国共产党“按照毛的八项条件和平解决北平问题”的正确性和成功，并指出“这不仅为和平谈判准备了地点，而且为解决南京、上海、汉口、太原、昆明、广州、兰州、迪化、西安、海南等地和平问题树立了榜样”。 注96：民主同盟成员。,topic,昆明暗杀与民盟政治压力,沈钧儒; 司徒雷登; 蒋介石,昆明暗杀; 北平接触; 民盟,中国民主同盟; 国民政府; 国民党; 中国共产党; 美国国务院,昆明; 北平; 南京; 上海,70
33,1947,"February 6, 1947",昆明暗杀事件引发的政治压力与外交关注,"他认为民主同盟是机会主义的,在等待中断;他们的立场的效果是对共产党的帮助,他觉得一些联盟成员与共产党没有什么区别. 关于昆明的文立暗杀事件,他说55,他为追查枪击事件的责任而特别痛心,最终被钉在军人身上,有些人至少受到名义上的处罚.",topic,昆明暗杀与民盟政治压力,蒋介石,昆明暗杀; 第三方面; 民盟,中国民主同盟; 国民政府; 国民党; 中国共产党; 青年党; 民主社会党; 美国驻华使馆; 行政院,昆明; 南京; 满洲; 成都; 天津,50
34,1945,"January 20, 1945",昆明暗杀事件引发的政治压力与外交关注,龙云、潘某等人之间存在明确谅解一事，近期已多次由中国民主同盟的主要代表向我传达，他们坚称中国共产党也包含在该联盟之内。,topic,昆明暗杀与民盟政治压力,蒋介石,昆明暗杀; 民盟,中国民主同盟; 国民政府; 中国共产党; 美国国务院; 美国驻华使馆,昆明; 重庆; 成都,50
35,1945,"January 23, 1945",昆明暗杀事件引发的政治压力与外交关注,先生：我谨报告1945年1月22日同民主同盟代表朱蕴山先生会谈的内容。 朱先生大部分时间用于民盟组织工作，目前正同此地民盟主要领导人一起起草民盟关于联合政府的最终纲领。,topic,昆明暗杀与民盟政治压力,罗隆基; 蒋介石,昆明暗杀; 联合政府; 民盟,中国民主同盟; 中国共产党,昆明; 重庆; 成都; 桂林,80
36,1945,"January 31, 1945",昆明暗杀事件引发的政治压力与外交关注,"值得指出的是,非共产主义中国组织和个人主张的政治改革,在很大程度上与中共主张的改革相同. 范宣德[附件] 中国事务改革司特洛伊·珀金斯先生的备忘录,由著名中文(人物和组织)简称. 国民参政会：国民参政会,中国民主政团同盟：中国民主政团同盟,宪政促进会：宪政促进会. (关于所提到的个人和报纸,见附录末尾。 ) 一. 政治立场。 总的来说,中国现在更加民主,是所有问题的症结所在,特别是眼前的战争局势。",topic,昆明暗杀与民盟政治压力,梁漱溟; 黄炎培; 蒋介石,昆明暗杀,中国民主同盟; 国民党; 中国共产党; 美国国务院,昆明; 北平; 重庆; 上海,20
37,1944,"July 11, 1944",昆明暗杀事件引发的政治压力与外交关注,在该协会的掩护下，民盟成员得以讨论宪政及相关问题，并将其意见作为根据中央政府意愿设立的机构所提出的意见，呈报重庆当局。,topic,昆明暗杀与民盟政治压力,蒋介石,昆明暗杀; 民盟,中国民主同盟; 美国国务院; 美国驻昆明领事馆,昆明; 重庆; 桂林,50
38,1944,"July 14, 1944",昆明暗杀事件引发的政治压力与外交关注,原注：该组织成员现将其译名改为“民主同盟”。,topic,昆明暗杀与民盟政治压力,蒋介石,昆明暗杀; 民盟,中国民主同盟; 国民党; 中国共产党; 美国国务院; 美国驻昆明领事馆,昆明; 重庆,70
39,1946,"July 16, 1946",昆明暗杀事件引发的政治压力与外交关注,马歇尔使团档案，Lot 54-D270〔文件679〕周恩来将军致马歇尔将军备忘录。 亲爱的马歇尔将军： 我到上海后，认识到陈立夫特务人员的压迫，比我在南京时想象的严重得多。,topic,昆明暗杀与民盟政治压力,周恩来; 马歇尔; 司徒雷登; 蒋介石,昆明暗杀; 政协; 马歇尔调处; 民盟,中国民主同盟; 国民党; 中国共产党; 政治协商会议,南京; 上海,70
40,1946,"July 17, 1946",昆明暗杀事件引发的政治压力与外交关注,马歇尔使团档案，Lot 54-D270 [文件682] 马歇尔将军与周恩来将军会谈纪要，1946年7月17日上午10时45分，南京宁海路5号。 马歇尔将军：我想先问你一个问题。,topic,昆明暗杀与民盟政治压力,罗隆基; 沈钧儒; 史良; 周恩来; 马歇尔; 司徒雷登; 蒋介石,昆明暗杀; 政协; 马歇尔调处; 民盟,中国民主同盟; 国民党; 中国共产党; 政治协商会议; 美国驻华使馆; 行政院,昆明; 南京; 重庆; 上海; 成都,80
41,1946,"July 17, 1946",昆明暗杀事件引发的政治压力与外交关注,民主同盟著名成员闻一多于今晚6时遭暗杀，其子受重伤；二人遭密集枪击。 通过警备司令副官之兄可靠查明，特务机关已接到指令，要在昆明刺杀民主同盟高级成员；民主同盟云南支部主席、云大教授楚图南，以及民盟省支部书记赵沨，也被列为今晚刺杀对象。,topic,昆明暗杀与民盟政治压力,司徒雷登,昆明暗杀; 北平接触; 民盟,中国民主同盟; 中国共产党; 美国国务院,昆明; 北平; 南京; 上海,70
42,1946,"July 17, 1946",昆明暗杀事件引发的政治压力与外交关注,在当前恐怖气氛下，现留在领事馆的民盟成员不愿离开，除非“负责任的”政府方面保证其安全，或达成全国性政治解决。 他们认为，他们提出的下列条件，是解决暗杀事件造成的即时紧张局势的必要步骤：第一，立即停止昆明的恐怖活动；第二，保障民主同盟所有成员以及所有为民主与和平事业工作者的人身安全；第三，组织并派出一个调查昆明暗杀事件的委员会，由政府、民盟和马歇尔将军方面的代表组成。,topic,昆明暗杀与民盟政治压力,马歇尔; 司徒雷登,昆明暗杀; 马歇尔调处; 民盟,中国民主同盟; 美国驻昆明领事馆,昆明; 香港,75
43,1946,"July 18, 1946",昆明暗杀事件引发的政治压力与外交关注,马歇尔使团档案，Lot 54-D270〔文件687〕 马歇尔将军与俞大维将军会谈纪要 南京，宁海路5号，1946年7月18日上午11时30分。 马歇尔将军向俞大维出示了一幅由共产党代表团制作的江苏省态势图。,topic,昆明暗杀与民盟政治压力,周恩来; 马歇尔,昆明暗杀; 马歇尔调处; 民盟,中国民主同盟; 国民政府; 中国共产党,昆明; 南京,70
44,1946,"July 23, 1946",昆明暗杀事件引发的政治压力与外交关注,与此同时，此前未曾在总领事馆避难的民盟成员蒋曾忠教授昨日收到威胁，称若他离家外出，将被暗杀。 总领事馆作出此决定，不仅基于上述恐怖气氛及何将军的不合作态度，还基于从多个来源获得的可靠情报，这些情报一致表明何将军至少参与了一两起此前的暗杀事件。,topic,昆明暗杀与民盟政治压力,司徒雷登,昆明暗杀; 民盟,中国民主同盟; 美国国务院,昆明; 南京,50
45,1946,"July 23, 1946",昆明暗杀事件引发的政治压力与外交关注,当地报纸编辑报告称，一名三民主义青年团同乡说，闻一多暗杀案由警备司令部第六师六名成员执行，他们收取了六百万元。 另据一名民盟成员的朋友说，其兄弟是何将军副官，透露警备司令部特务机关曾下令暗杀民盟成员，并给出名单上居首者姓名（见我第65号电）。,topic,昆明暗杀与民盟政治压力,司徒雷登,昆明暗杀; 民盟,中国民主同盟; 国民党; 中国共产党,昆明; 南京,55
46,1946,"July 26, 1946",昆明暗杀事件引发的政治压力与外交关注,马歇尔使团文件，Lot 54–D270 [文件706] 马歇尔将军与周恩来将军在南京宁海路5号会谈记录，1946年7月26日上午10时15分 南京，1946年7月26日上午10时15分 周恩来将军：非常感谢您提供的交通便利。 马歇尔将军：我发出询问电文是因为我急于请您回来，以便我们能与司徒雷登博士讨论当前局势。,topic,昆明暗杀与民盟政治压力,周恩来; 马歇尔; 司徒雷登; 蒋介石,昆明暗杀; 政协; 马歇尔调处; 民盟,中国民主同盟; 国民政府; 国民党; 中国共产党; 政治协商会议; 行政院,昆明; 南京; 上海; 满洲; 牯岭,70
47,1946,"July 26, 1946",昆明暗杀事件引发的政治压力与外交关注,马歇尔使团档案，Lot 54-D270 [文件708] 马歇尔将军与罗隆基博士会谈纪要，1946年7月26日下午1时15分，南京宁海路5号。 罗博士开会时说，马歇尔将军启程赴牯岭以前，他必须见马歇尔一面，因为有一件特别重要的事情，需要在马歇尔即将访问牯岭期间采取行动。,topic,昆明暗杀与民盟政治压力,罗隆基; 马歇尔; 蒋介石,昆明暗杀; 马歇尔调处; 民盟,中国民主同盟; 国民党,昆明; 南京; 牯岭,80
48,1946,"July 26, 1946",昆明暗杀事件引发的政治压力与外交关注,罗博士认为，民主同盟不可能派一名有影响力的成员去昆明调查，因为此人很可能得不到任何保护，并且除非作为联合委员会成员，否则肯定没有任何权威。 罗博士此时紧急把此事提请马歇尔将军注意，主要目的在于说服马歇尔在牯岭期间同委员长提出此事。,topic,昆明暗杀与民盟政治压力,罗隆基; 马歇尔; 蒋介石,昆明暗杀; 马歇尔调处; 民盟,中国民主同盟; 美国国务院,昆明; 南京; 牯岭,85
49,1946,"July 30, 1946",昆明暗杀事件引发的政治压力与外交关注,马歇尔使团档案，第54-D270卷：电报〔文件716〕 马歇尔将军致杜鲁门总统 〔南京，〕1946年7月30日。 与此同时，民主同盟两名大学教授在昆明被暗杀，以及上海同类人士遭秘密警察严密监视，引起极大震动，并使自由派人士产生一种感觉：政府正在采用恐怖手段镇压任何口头或文字形式的反对意见。,topic,昆明暗杀与民盟政治压力,周恩来; 马歇尔; 司徒雷登; 蒋介石,昆明暗杀; 马歇尔调处; 第三方面; 北平接触; 联合政府; 民盟,中国民主同盟; 国民政府; 国民党; 中国共产党; 美国国务院,昆明; 北平; 南京; 上海; 满洲; 天津; 牯岭,70
50,1946,"July 31, 1946",昆明暗杀事件引发的政治压力与外交关注,马歇尔使团档案，Lot 54–D270 [文件718] 马歇尔将军与俞大维将军会谈记录 南京宁海路5号，1946年7月31日下午6时45分 南京，1946年7月31日下午6时45分。 俞大维将军首先询问马歇尔将军上次牯岭之行与委员长会谈的结果。,topic,昆明暗杀与民盟政治压力,罗隆基; 张君劢; 马歇尔; 司徒雷登; 蒋介石,昆明暗杀; 马歇尔调处; 第三方面; 北平接触,国民党; 中国共产党,北平; 南京; 满洲; 牯岭,25
51,1947,"July 5, 1947",北平接触与民盟人士沟通,"[附录] 驻北平领事(弗里曼)驻华大使(司徒雷登)第25号 1947年7月1日 北平. 先生:我荣幸地提及最近的报告,这些报道无疑已引起大使馆的注意,报告在中国成立第三党的运动,并报告在北平这一运动的发展情况。",topic,昆明暗杀与民盟政治压力,司徒雷登; 蒋介石,第三方面; 北平接触; 联合政府; 民盟,中国民主同盟; 国民党; 中国共产党,昆明; 北平; 南京; 上海; 香港,75
52,1946,"June 3, 1946",昆明暗杀事件引发的政治压力与外交关注,周恩来将军说，他愿先向马歇尔将军通报几件事。 马歇尔将军问“原定计划”指什么。,topic,昆明暗杀与民盟政治压力,周恩来; 马歇尔; 蒋介石,昆明暗杀; 马歇尔调处; 北平接触; 民盟,中国民主同盟; 国民党; 中国共产党,昆明; 北平; 南京; 重庆; 上海; 沈阳; 满洲; 天津,75
53,1945,"October 19, 1945",昆明暗杀事件引发的政治压力与外交关注,该小组中三人是国民党员，其中一人与民主同盟关系密切。 他们无法理解美国给予重庆政府的“全力支持”；他们认为，这只会加强蒋介石不在中国建立真正联合政府、不交出国民党目前掌握的任何实权的决心。,topic,昆明暗杀与民盟政治压力,蒋介石,昆明暗杀; 第三方面; 联合政府; 民盟,中国民主同盟; 国民党; 中国共产党; 美国国务院,昆明; 南京; 重庆; 上海,70
54,1947,"October 31, 1947",昆明暗杀事件引发的政治压力与外交关注,大使谨随函附上一份会谈备忘录，记录1947年10月28日两名使馆官员同民盟罗隆基博士的谈话。 该备忘录表达了罗博士对国民政府宣布民盟为非法组织之命令的关切，并重申其关于联合政府的总体方案，认为这是解决中国当前问题的唯一可行办法。,topic,昆明暗杀与民盟政治压力,罗隆基; 司徒雷登; 蒋介石,昆明暗杀; 第三方面; 联合政府; 民盟,中国民主同盟; 国民政府; 国民党; 中国共产党; 美国国务院; 美国驻华使馆,昆明; 南京,80
55,1944,"September 22, 1944",昆明暗杀事件引发的政治压力与外交关注,］先生：关于昆明总领事馆1944年7月14日第51号函，以及使馆1944年8月23日第2900号函所述民主同盟（旧称中国民主政团同盟）及其他反对国民政府和国民党的力量之活动，兹随函附上1944年9月13日昆明领事菲利普·D. 该信转来《民主同盟政治原则草案》译文。,topic,昆明暗杀与民盟政治压力,罗隆基,昆明暗杀; 民盟,中国民主同盟; 国民政府; 国民党; 美国国务院,昆明; 重庆; 成都; 桂林,80
56,1948,"September 8, 1948",昆明暗杀事件引发的政治压力与外交关注,“大会以无记名投票选出27名成员，包括中国共产党前旧金山联合国会议代表董必武、中共中央华北局代表薄一波、华北人民解放军第一兵团司令徐向前、著名中国历史学家范文澜、著名法学家陈瑾昆，以及民盟成员丁一，组成华北人民政府委员会。 大会541名代表包括工人、农民、革命军人、商人、实业家、专业人士、新式富农、社会名流、开明士绅、民盟成员、穆斯林领袖、国民党控制区某些人民团体代表以及妇女代表。,topic,昆明暗杀与民盟政治压力,司徒雷登,昆明暗杀; 民盟,中国民主同盟; 国民党; 中国共产党; 美国国务院,昆明; 南京,70
57,1946,1 June 1946,围绕政协决议和政府改组的调处,鉴于第5段a款所载建议，兹请国务院作为紧急事项，将本文件第4段所载结论转交马歇尔将军征求意见，其中包括就请求总统批准这些结论是否可取提出意见。 马歇尔将军的意见一经收到，应提交SWNCC秘书处，以便分发至委员会，按建议第5段b款所设想采取行动。,topic,1946 年政治协商会议,马歇尔; 蒋介石,政协; 马歇尔调处; 北平接触; 联合政府; 民盟,中国民主同盟; 国民政府; 国民党; 中国共产党; 政治协商会议; 美国国务院; 国民大会,北平; 南京; 重庆; 沈阳; 满洲; 天津; 华盛顿,70
58,1945,19 December 1945,围绕政协决议和政府改组的调处,马歇尔使团档案，Lot 54–D270〔第560号文件〕谢普利先生（注39）致马歇尔将军备忘录。 马歇尔将军： 依据目前所掌握的情报，拜罗德上校（注40）与本人已就中国的政治局势作出一个初步判断。,topic,1946 年政治协商会议,张澜; 周恩来; 马歇尔; 蒋介石,政协; 马歇尔调处; 联合政府; 民盟,中国民主同盟; 国民党; 中国共产党; 政治协商会议; 美国驻华使馆; 行政院; 国民大会,南京; 重庆; 延安,80
59,1945,1945-10-05,昆明暗杀事件引发的政治压力与外交关注,他们询问苏联对美国军队在天津和北平地区登陆的立场。,topic,1946 年政治协商会议,周恩来; 蒋介石,昆明暗杀; 北平接触,国民党; 中国共产党,昆明; 北平; 重庆; 延安; 满洲; 天津,60
60,1945,1945-10-10,"Record of Conversation between Soviet Ambassador in China Apollon Petrov and Mao Zedong, Zhou Enlai and Wang Ruofei",**档案来源：** **国际史解密档案** **1945年10月10日** **苏联驻华大使阿波罗·彼得罗夫与毛泽东、周恩来及王若飞会谈记录** **引文：** 『苏联驻华大使阿波罗·彼得罗夫与毛泽东、周恩来及王若飞会谈记录』，1945年10月10日，历史与公共政策项目数字档案，AVPRF：全宗0100，目录40，案卷7，册248，第39-44页。由谢尔盖·拉琴科翻译。 **摘要：** 毛泽东讨论,topic,1946 年政治协商会议,周恩来; 蒋介石,,国民党,,25
61,1945,1945-10-10,"Record of Conversation between Soviet Ambassador in China Apollon Petrov and Mao Zedong, Zhou Enlai and Wang Ruofei","**苏联驻华大使阿波罗·彼得罗夫与毛泽东、周恩来、王若飞谈话记录。1945年10月10日。** 10月10日，因毛泽东即将启程返回延安，我设宴为他饯行。周恩来和王若飞亦应邀出席。我方出席宴会的有：使馆参赞米克拉舍夫斯基同志、武官尼古拉·罗申少将、一等秘书费德林同志和列多夫斯基同志。宴会前后，双方就各种问题进行了交谈。 当我问及毛泽东同志如何评价蒋介石与中共代表之间的谈判结果时，毛泽东答道：""不能说",topic,1946 年政治协商会议,周恩来; 蒋介石,,国民党; 中国共产党,重庆; 延安,25
62,1945,1945-10-10,"Record of Conversation between Soviet Ambassador in China Apollon Petrov and Mao Zedong, Zhou Enlai and Wang Ruofei",毛泽东回答说，中国共产党将为此努力，但并不指望成功。 随后我问及蒋介石从西昌返回后的行为。毛泽东回答说，蒋介石对他的态度明显好转：变得更加客气、温和、迁就，也更加真诚。这次蒋介石同意公布关于谈判初步结果的公报。 毛泽东接着说，在他与蒋介石单独会谈时，蒋介石宣称“国家的命运掌握在我们手中”（即蒋介石和毛泽东手中），并且“如果我们彼此之间无法达成协议，我们将愧对后世子孙”。在同一次谈话中，蒋介石宣称“,topic,1946 年政治协商会议,周恩来; 蒋介石,,国民党; 中国共产党,满洲,25
63,1945,1945-10-10,北平接触与民盟人士沟通,第十一战区的部队集中在两个区域——其中一股多达11个师的兵力集中在北平至海口的铁路沿线，另一股则集中在随州地区，任务是在北方展开部署。 对于罗申同志提出的问题，即蒋介石是否可能在美国先遣部队（已在天津和北平登陆）的掩护下调动其部队，以及津浦铁路和平汉铁路是否将成为国民党军队运动的主要方向，毛泽东回答说，这将是美国对中国内政的公开干涉，而这正是中共唯一担心的事情。,topic,1946 年政治协商会议,蒋介石,北平接触,国民党; 中国共产党,北平; 满洲; 天津,40
64,1945,1945/02/02 ~ 1945/02/02,钱大钧等呈蒋中正有关沈钧儒等访周恩来询及中国国民党召开国民大会意见,钱大钧等呈蒋中正有关沈钧儒等访周恩来询及中国国民党召开国民大会意见,topic,1946 年政治协商会议,沈钧儒; 周恩来,,国民党; 国民大会,,5
65,1945,1945/08/21 ~ 1945/08/21,一年间影响绥靖军事之政治和谈：第二篇政治协商会议前景,一年间影响绥靖军事之政治和谈：第二篇政治协商会议前景,topic,1946 年政治协商会议,,政协,政治协商会议,,20
66,1945,1945/09/27 ~ 1946/05/22,国民大会在重庆代表要求召开国民大会解决中共问题，各界对政治协商会之意见，吴鼎昌呈政治协商会议费用概算，贺耀组拟具政治协商会议外交内政立案要旨…,国民大会在重庆代表要求召开国民大会解决中共问题，各界对政治协商会之意见，吴鼎昌呈政治协商会议费用概算，贺耀组拟具政治协商会议外交内政立案要旨…,topic,1946 年政治协商会议,,政协,中国共产党; 政治协商会议; 国民大会,重庆,20
67,1945,1945/10/01 ~ 1945/10/01,张奚若等各界电蒋中正为陈政治协商会议之意见,张奚若等各界电蒋中正为陈政治协商会议之意见,topic,1946 年政治协商会议,,政协,政治协商会议,,20
68,1945,1945/10/09 ~ 1945/10/09,杨砥中等各界电国民政府主席蒋中正为拟推派代表参加政治协商会议,杨砥中等各界电国民政府主席蒋中正为拟推派代表参加政治协商会议,topic,1946 年政治协商会议,,政协,国民政府; 政治协商会议,,20
69,1945,1945/10/09 ~ 1948/05/07,杨砥中等呈各界拟推派代表参加政治协商会议，吴铁城等会商召开政治协商会议日期地点，国民政府与中共议定停止冲突及恢复交通办法，政治协商会…,杨砥中等呈各界拟推派代表参加政治协商会议，吴铁城等会商召开政治协商会议日期地点，国民政府与中共议定停止冲突及恢复交通办法，政治协商会…,topic,1946 年政治协商会议,,政协,国民政府; 中国共产党; 政治协商会议,,20
70,1945,1945/10/10 ~ 1945/10/10,政治协商会议,政治协商会议,topic,1946 年政治协商会议,,政协,政治协商会议,,20
71,1945,1945/10/11 ~ 1945/10/11,蒋中正与毛泽东谈话忽提政治协商会议以缓开为宜并称回延安召集解放区民选代表会议后再定办法及接徐永昌美军总部备忘录称惠勒已解职将返美国拟请任命泰莱继任中国驻印总…,蒋中正与毛泽东谈话忽提政治协商会议以缓开为宜并称回延安召集解放区民选代表会议后再定办法及接徐永昌美军总部备忘录称惠勒已解职将返美国拟请任命泰莱继任中国驻印总…,topic,1946 年政治协商会议,,政协,政治协商会议,延安,20
72,1945,1945/10/30 ~ 1945/10/30,陈立夫呈中国国民党总裁蒋中正为恳请免派出席政治协商会议,陈立夫呈中国国民党总裁蒋中正为恳请免派出席政治协商会议,topic,1946 年政治协商会议,,政协,国民党; 政治协商会议,,20
73,1945,1945/11/05 ~ 1945/11/05,对于军事三人小组会议之意见，张樾亭呈蒋中正关于目前消共复政之意见，对中共案政治解决实施步骤及办法，我们对政治协商会议之共同见解等,对于军事三人小组会议之意见，张樾亭呈蒋中正关于目前消共复政之意见，对中共案政治解决实施步骤及办法，我们对政治协商会议之共同见解等,topic,1946 年政治协商会议,,政协,中国共产党; 政治协商会议,,20
74,1945,1945/11/26 ~ 1945/11/26,蒋中正出席中央常务委员会讨论对东北方针后提出召开政治协商会议办法与最高经济委员会组织条例草案并获通过另下午即成立最高经济委员会并致词又接美联合国赔偿委员会委…,蒋中正出席中央常务委员会讨论对东北方针后提出召开政治协商会议办法与最高经济委员会组织条例草案并获通过另下午即成立最高经济委员会并致词又接美联合国赔偿委员会委…,topic,1946 年政治协商会议,,政协,政治协商会议,,20
75,1945,1945/11/26 ~ 1945/11/26,政治协商会议会员通讯录，国民政府召开政治协商会议办法,政治协商会议会员通讯录，国民政府召开政治协商会议办法,topic,1946 年政治协商会议,,政协,国民政府; 政治协商会议,,20
76,1945,1945/12/04 ~ 1945/12/04,李健生函蒋中正概陈周恩来对郭沫若阳翰笙表示中央政府召开政治协商会议问题谈话,李健生函蒋中正概陈周恩来对郭沫若阳翰笙表示中央政府召开政治协商会议问题谈话,topic,1946 年政治协商会议,周恩来,政协,政治协商会议,,20
77,1945,1945/12/17 ~ 1945/12/17,国民政府文官长吴鼎昌呈主席蒋中正有关吴铁城邵力子孙科王宠惠王世杰张厉生陈布雷等会商政治协商会议日期地点,国民政府文官长吴鼎昌呈主席蒋中正有关吴铁城邵力子孙科王宠惠王世杰张厉生陈布雷等会商政治协商会议日期地点,topic,1946 年政治协商会议,,政协,国民政府; 政治协商会议,,20
78,1945,1945/12/17 ~ 1945/12/17,吴鼎昌电蒋中正其与孙科王宠惠等会商政治协商会议开始日期地点等,吴鼎昌电蒋中正其与孙科王宠惠等会商政治协商会议开始日期地点等,topic,1946 年政治协商会议,,政协,政治协商会议,,20
79,1945,1945/12/17 ~ 1945/12/17,吴鼎昌电周宏涛转蒋中正经与孙科王宠惠等昨晚在吴铁城宅会商以政治协商会议日期地点及秘书长人选并请钧座早日回渝针对现势指示会议进行办法,吴鼎昌电周宏涛转蒋中正经与孙科王宠惠等昨晚在吴铁城宅会商以政治协商会议日期地点及秘书长人选并请钧座早日回渝针对现势指示会议进行办法,topic,1946 年政治协商会议,,政协,政治协商会议,,20
80,1945,1945/12/20 ~ 1945/12/20,戴笠呈蒋中正中共中央政治局建议对政治协商会议须坚持之事项,戴笠呈蒋中正中共中央政治局建议对政治协商会议须坚持之事项,topic,1946 年政治协商会议,,政协,中国共产党; 政治协商会议,,20
81,1945,1945/12/24 ~ 1945/12/24,蒋中正手谕邵力子关于明年度预算审查案请于本星期内完毕发还又谕陈诚发包绥守城官兵犒赏洋一千万元又约各院长及耆老谈政治协商会议方针等,蒋中正手谕邵力子关于明年度预算审查案请于本星期内完毕发还又谕陈诚发包绥守城官兵犒赏洋一千万元又约各院长及耆老谈政治协商会议方针等,topic,1946 年政治协商会议,,政协,政治协商会议,,20
82,1945,1945/12/29 ~ 1945/12/29,款待商谈召开政治协商会议问题代表会场一瞥,款待商谈召开政治协商会议问题代表会场一瞥,topic,1946 年政治协商会议,,政协,政治协商会议,,20
83,1945,1945/12/29 ~ 1945/12/29,围绕政协决议和政府改组的调处,外交部长王世杰与商谈召开政治协商会议问题代表的美国驻华特使马歇尔留影,topic,1946 年政治协商会议,马歇尔,政协; 马歇尔调处,政治协商会议,,20
84,1945,1945/12/29 ~ 1945/12/29,参加政治协商会议之中国共产党代表,参加政治协商会议之中国共产党代表,topic,1946 年政治协商会议,,政协,中国共产党; 政治协商会议,,20
85,1945,1945/12/31 ~ 1945/12/31,国民政府主席蒋中正设酒会款待参加政治协商会议代表,国民政府主席蒋中正设酒会款待参加政治协商会议代表,topic,1946 年政治协商会议,,政协,国民政府; 政治协商会议,,20
86,1945,1945/12/31 ~ 1945/12/31,国民政府主席蒋中正于款待政治协商会议代表酒会上接见各党派代表,国民政府主席蒋中正于款待政治协商会议代表酒会上接见各党派代表,topic,1946 年政治协商会议,,政协,国民政府; 政治协商会议,,20
87,1945,1945/12/31 ~ 1945/12/31,国民政府主席蒋中正于款待政治协商会议代表酒会上接见中国共产党代表,国民政府主席蒋中正于款待政治协商会议代表酒会上接见中国共产党代表,topic,1946 年政治协商会议,,政协,国民政府; 中国共产党; 政治协商会议,,20
88,1945,1945/12/31 ~ 1945/12/31,国民政府主席蒋中正于款待政治协商会议代表酒会上接见中国共产党代表,国民政府主席蒋中正于款待政治协商会议代表酒会上接见中国共产党代表,topic,1946 年政治协商会议,,政协,国民政府; 中国共产党; 政治协商会议,,20
89,1945,1945/12/31 ~ 1945/12/31,国民政府主席蒋中正于款待政治协商会议代表酒会上接见中共代表董必武,国民政府主席蒋中正于款待政治协商会议代表酒会上接见中共代表董必武,topic,1946 年政治协商会议,,政协,国民政府; 中国共产党; 政治协商会议,,20
90,1946,1946,政治协商会议办法,政治协商会议办法,topic,1946 年政治协商会议,,政协,政治协商会议,,20
91,1946,1946,政治协商会议剪报（一）,政治协商会议剪报（一）,topic,1946 年政治协商会议,,政协,政治协商会议,,20
92,1946,1946,政治协商会议剪报（二）,政治协商会议剪报（二）,topic,1946 年政治协商会议,,政协,政治协商会议,,20
93,1946,1946,政治协商会议办法,政治协商会议办法,topic,1946 年政治协商会议,,政协,政治协商会议,,20
94,1946,1946,政治协商会议剪报资料,政治协商会议剪报资料,topic,1946 年政治协商会议,,政协,政治协商会议,,20
95,1946,1946,第三方面在国共之间寻求政治空间,” 第三方面发言人批评他们所称“违反政协决议和程序”的做法，并列举如下：（1）委员长提出为少数党派保留国民大会席位；（2）尚未完成的宪法草案将提交国民大会，这违反了政协程序；该程序要求完成后的草案先提交讨论并获得通过；（3）宪法本身应规定其修正办法。 民主同盟发言人罗隆基说：“声明谈到六个月后修改宪法。,topic,1946 年政治协商会议,罗隆基; 司徒雷登; 蒋介石,政协; 马歇尔调处; 第三方面; 民盟,中国民主同盟; 国民政府; 国民党; 中国共产党; 政治协商会议; 美国国务院; 国民大会,南京,80
96,1946,1946,围绕政协决议和政府改组的调处,马歇尔使团档案，第54-D270卷〔文件309〕 马歇尔将军与俞大维将军会谈记录 南京宁海路5号，1946年12月某日上午11时。 俞大维将军开始会谈时，把一份地图交给马歇尔将军，并说明该图标示了共产党攻击的地点和日期。,topic,1946 年政治协商会议,周恩来; 马歇尔; 司徒雷登; 蒋介石,政协; 马歇尔调处; 民盟,中国民主同盟; 中国共产党; 政治协商会议; 行政院; 国民大会,南京; 延安,70
97,1946,1946 (undated),北平接触与民盟人士沟通,马歇尔使团档案，Lot 54-D270〔文件37〕 中华民国临时政府组织章程 未注明日期 第一条。 委员中九名由总统根据国民党提名任命，六名根据共产党提名任命，一名根据民主同盟提名任命，一名根据青年党提名任命，三名由总统从共和国无党籍杰出公民中自行任命。,topic,1946 年政治协商会议,马歇尔; 蒋介石,马歇尔调处; 北平接触; 民盟,中国民主同盟; 国民政府; 国民党; 中国共产党; 青年党; 国民大会,北平; 天津,70
98,1946,1946-01-11,第三方面在国共之间寻求政治空间,** **希腊组建联合政府** 会议——即政治协商会议——的主要任务将是试图调和两大主要政党——中国国民党与中国共产党——之间的分歧，并解决其他重大的国家问题。 会议共有38名代表，其中包括：国民党代表八名，共产党代表七名，青年党代表五名，中国民主同盟代表九名，以及无党派社会贤达九名。,topic,1946 年政治协商会议,罗隆基; 张澜; 梁漱溟; 沈钧儒; 黄炎培; 章伯钧; 张君劢; 张东荪,政协; 第三方面; 联合政府; 民盟,中国民主同盟; 国民党; 中国共产党; 青年党; 政治协商会议,重庆; 延安,65
99,1946,1946-01-28,北平接触与民盟人士沟通,中国民主同盟发言人罗隆基表示，一旦获得满意的保证，民盟将立即停止罢工。 一名记者在绥远省集宁（位于北平西北约200英里，长城以北50英里）发出的电讯中称，他与中共将领孙志远进行了四小时的会谈。,topic,1946 年政治协商会议,罗隆基; 史良,政协; 北平接触; 联合政府; 民盟,中国民主同盟; 国民党; 中国共产党; 政治协商会议,北平; 重庆; 延安,65
100,1946,1946-01-29,China Mail 1946-01-29 · 政协会议召开期间,民盟的罢工导致原定于今日举行的政治协商会议两个小组委员会会议被取消。 **重庆，1月28日** 中国民主同盟在抗议重庆警方搜查其部分成员住宅而退出24小时后，已将其代表派回中国的统一会议。,topic,1946 年政治协商会议,周恩来,政协; 民盟,中国民主同盟; 国民党; 中国共产党; 政治协商会议,重庆; 延安,55
101,1946,1946-02-01,北平接触与民盟人士沟通,其余700个名额将通过提名产生，分配如下：国民党220席，共产党190席，中国民主同盟120席，青年党100席，无党派人士70席。 中国民主同盟发言人引述中共二号人物周恩来的声明称，共产党主席毛泽东可能加入拟议中的各党派联合组成的国务委员会，并在该委员会于南京成立后前往南京。,topic,1946 年政治协商会议,周恩来,政协; 马歇尔调处; 北平接触; 民盟,中国民主同盟; 国民党; 中国共产党; 青年党; 政治协商会议; 行政院; 国民大会,北平; 南京; 重庆; 延安; 天津,55
102,1946,1946-02-26,北平接触与民盟人士沟通,**北平约两千人举行群众大会，谴责“俄国帝国主义”，并指控共产党为“苏联工具”** （美联社讯）据莫斯科电台今日援引雅典报道称，希腊共产党已宣布将不参加即将举行的…… **“总统”办公室致“共党”报纸函件全文——2月22日新闻** 该函件显然显示反共情绪，并企图破坏盟国间的团结与政治协商会议的威望。 那么，我们又怎能谈论政治民主与盟国合作呢？ “这些暴行……损害了政府的尊严……” **民盟就2月2,topic,1946 年政治协商会议,张澜; 蒋介石,政协; 北平接触; 民盟,中国民主同盟; 中国共产党; 政治协商会议,北平; 重庆; 满洲,85
103,1946,1946-07-05,围绕政协决议和政府改组的调处,马歇尔使团档案，编号 Lot 54–D270 [文件 645] 新华社发布之中共中央委员会纪念“七七”九周年宣言草案 新华社延安，7月5日电——以下是中国共产党中央委员会为纪念“七七”九周年所发布宣言的全文： 致：全体同胞及所有爱国志士： 今天，是我国人民胜利结束抗日战争与爱国战争后，首次纪念“七七”。 在全国人民压力下，并应去年十二月莫斯科三国外长会议的要求及美国特使马歇尔将军的参与，国民党被迫,topic,1946 年政治协商会议,马歇尔; 蒋介石,政协; 马歇尔调处; 北平接触; 联合政府; 民盟,中国民主同盟; 国民政府; 国民党; 中国共产党; 政治协商会议; 美国国务院; 国民大会,北平; 南京; 重庆; 上海; 延安; 华盛顿,70
104,1946,1946-09-21,围绕政协决议和政府改组的调处,马歇尔使团档案，第54-D270卷〔文件107〕 周恩来将军致马歇尔将军备忘录 上海，1946年9月21日。 亲爱的马歇尔将军： 你9月19日OSE 446号备忘录已经收到。,topic,1946 年政治协商会议,周恩来; 马歇尔; 司徒雷登,政协; 马歇尔调处; 北平接触; 民盟,中国民主同盟; 国民政府; 国民党; 中国共产党; 政治协商会议,北平; 上海,70
105,1946,1946-10-22,第三方面在国共之间寻求政治空间,国民党与中共条件差距过大 第三方面调解人认为，目前国民政府与中共的条件差距过大，担心在此基础上的谈判将毫无希望且旷日持久。 第三方面成员在赴南京前拟定了四项原则，要求：（1）下达停火令；（2）各战线就地停止敌对行动；（3）由政治协商会议成员组成停战小组，监督并安排停火；（4）政府改组问题原则上解决后，所有党派共同参与。,topic,1946 年政治协商会议,,政协; 马歇尔调处; 第三方面,国民政府; 国民党; 中国共产党; 政治协商会议,南京; 香港,40
106,1946,1946-10-30,北平接触与民盟人士沟通,北平执行部国民党方面参谋长戴文池将军否认了上海所刊报道，该报道称杜聿明将军所部已发起对大连的攻势。 他们指出，若国民党方面已发动针对大连的攻势，则位于鞍山的执行部战地小组——该小组是距离大连最近的此类机构——理应已向北平总部报告。,topic,1946 年政治协商会议,马歇尔; 蒋介石,马歇尔调处; 第三方面; 北平接触,国民政府; 国民党; 中国共产党; 国民大会,北平; 南京; 上海; 香港; 延安; 满洲,40
107,1946,1946-11-12,围绕政协决议和政府改组的调处,马歇尔使团档案，Lot 54-D270〔文件271〕 哈特·考吉上校致马歇尔将军 〔南京〕1946年11月12日。 由张君劢博士领导的民主同盟一组，以及由黄炎培先生领导的一组，大概也会参加；其想法是，他们将以个人身份签名，而不是代表民主同盟。,topic,1946 年政治协商会议,黄炎培; 张君劢; 周恩来; 马歇尔; 司徒雷登; 蒋介石,政协; 马歇尔调处; 民盟,中国民主同盟; 中国共产党; 青年党; 政治协商会议; 国民大会,南京; 延安,70
108,1946,1946-11-26,北平接触与民盟人士沟通,据可靠消息来源称，中华全国总工会主席朱学范……在国际劳工组织会议上的报告……严重受伤……朱先生于周日遭遇交通事故，身受重伤……该代表团目前正在上海，迄今已访问了九个重要城市，包括天津…… **（合众社）** 北平，11月25日电。 ……从满洲撤回的执行总部战地小组乘坐12架飞机抵达北平。,topic,1946 年政治协商会议,罗隆基; 张君劢,第三方面; 北平接触; 民盟,中国民主同盟; 国民党; 中国共产党; 民主社会党; 国民大会,北平; 南京; 上海; 延安; 满洲; 天津; 华盛顿,65
109,1946,1946-11-27,China Mail 1946-11-27 · 国民大会次日,"**南斯拉夫官方共产党对希腊政府发动猛烈抨击** 中共决定于12月12日在延安自行召集""国民大会""，并正式成立""民主联合政府""。 以重新开始为基础恢复谈判…… ——**中国民主同盟**：…… ……（以下为香港本地新闻、法庭案件、食品价格等无关内容，已忽略）",topic,1946 年政治协商会议,蒋介石,联合政府; 民盟,中国民主同盟; 国民党; 中国共产党; 国民大会,香港; 延安,40
110,1946,1946/00/23 ~ 1946/00/23,蒋中正分电胡宗南孙连仲等召开国民大会为最大政治任务并指示分化打击中共都市分子与民盟等敌对阵容并争取青年党等中立分子及党派工作需团结分工等相关策略,蒋中正分电胡宗南孙连仲等召开国民大会为最大政治任务并指示分化打击中共都市分子与民盟等敌对阵容并争取青年党等中立分子及党派工作需团结分工等相关策略,topic,1946 年政治协商会议,,民盟,中国民主同盟; 中国共产党; 青年党; 国民大会,,20
111,1946,1946/01/02 ~ 1946/01/02,蒋中正见张群讨论政治协商会议之提案及审阅去年预定工作大纲能如期完成十之八九尤以八年抗战获得最后胜利颇引为欣慰又是日行政院例会决议收复省区沦陷至收复日止各年田…,蒋中正见张群讨论政治协商会议之提案及审阅去年预定工作大纲能如期完成十之八九尤以八年抗战获得最后胜利颇引为欣慰又是日行政院例会决议收复省区沦陷至收复日止各年田…,topic,1946 年政治协商会议,,政协,政治协商会议; 行政院,,20
112,1946,1946/01/04 ~ 1946/01/04,蒋中正见俞大维谈话知美军在华北所封存敌军之物资已准予启封点交及电钱大钧令向巴贝致谢期协助海运军队北上其回国时可代送中国土产以示谢意又审核政治协商会议中政府方…,蒋中正见俞大维谈话知美军在华北所封存敌军之物资已准予启封点交及电钱大钧令向巴贝致谢期协助海运军队北上其回国时可代送中国土产以示谢意又审核政治协商会议中政府方…,topic,1946 年政治协商会议,,政协,政治协商会议,,20
113,1946,1946/01/06 ~ 1946/01/06,国民政府公布召开政治协商会议办法,国民政府公布召开政治协商会议办法,topic,1946 年政治协商会议,,政协,国民政府; 政治协商会议,,20
114,1946,1946/01/06 ~ 1946/01/06,一年间影响绥靖军事之政治和谈：第四篇政治协商会议全貌,一年间影响绥靖军事之政治和谈：第四篇政治协商会议全貌,topic,1946 年政治协商会议,,政协,政治协商会议,,20
115,1946,1946/01/07 ~ 1946/01/07,国防最高委员会秘书厅函国民政府文官处为函送国民参政会建议对于政治协商会议之建议在施行前应先提交国民参政会审议等两案请查照转陈,国防最高委员会秘书厅函国民政府文官处为函送国民参政会建议对于政治协商会议之建议在施行前应先提交国民参政会审议等两案请查照转陈,topic,1946 年政治协商会议,,政协,国民政府; 政治协商会议,,20
116,1946,1946/01/07 ~ 1946/01/07,雷震呈国民政府主席蒋中正为请暂拨政治协商会议开会费用一千五百万元,雷震呈国民政府主席蒋中正为请暂拨政治协商会议开会费用一千五百万元,topic,1946 年政治协商会议,,政协,国民政府; 政治协商会议,,20
117,1946,1946/01/07 ~ 1946/01/07,政治协商会议秘书处函国民政府文官处为请惠予借用国府大礼堂为开会会场,政治协商会议秘书处函国民政府文官处为请惠予借用国府大礼堂为开会会场,topic,1946 年政治协商会议,,政协,国民政府; 政治协商会议,,20
118,1946,1946/01/07 ~ 1947/11/24,国民参政会驻会委员会建议政治协商会议在施行前应先提交国民参政会审议、为节省国库支出被裁遣公务员请政府分别给奖尽先输送还乡并任用及请政府与共产党迅即停止军事冲…,国民参政会驻会委员会建议政治协商会议在施行前应先提交国民参政会审议、为节省国库支出被裁遣公务员请政府分别给奖尽先输送还乡并任用及请政府与共产党迅即停止军事冲…,topic,1946 年政治协商会议,,政协,中国共产党; 政治协商会议,,20
119,1946,1946/01/08 ~ 1946/01/08,何思源电蒋中正政治协商会议召开在即而鲁省共军攻我愈急正围攻济宁聊城等地请转政协会议诸先生向共党代表交涉立刻停止鲁省各地对我之攻击,何思源电蒋中正政治协商会议召开在即而鲁省共军攻我愈急正围攻济宁聊城等地请转政协会议诸先生向共党代表交涉立刻停止鲁省各地对我之攻击,topic,1946 年政治协商会议,,政协,政治协商会议,,20
120,1946,1946/01/09 ~ 1946/01/09,新中国建设协会对政治协商会议宣言,新中国建设协会对政治协商会议宣言,topic,1946 年政治协商会议,,政协,政治协商会议,,20
121,1946,1946/01/10 ~ 1946/01/10,贺耀组电国民政府主席蒋中正为拟具政治协商会议外交内政立案要旨,贺耀组电国民政府主席蒋中正为拟具政治协商会议外交内政立案要旨,topic,1946 年政治协商会议,,政协,国民政府; 政治协商会议,,20
122,1946,1946/01/10 ~ 1946/01/10,行政院电国民政府为政治协商会议开会费用案已饬拨国币一千五百万元谨电复鉴察,行政院电国民政府为政治协商会议开会费用案已饬拨国币一千五百万元谨电复鉴察,topic,1946 年政治协商会议,,政协,国民政府; 政治协商会议; 行政院,,20
123,1946,1946/01/10 ~ 1946/01/10,国民政府主席蒋中正主持政治协商会议开幕式,国民政府主席蒋中正主持政治协商会议开幕式,topic,1946 年政治协商会议,,政协,国民政府; 政治协商会议,,20
124,1946,1946/01/10 ~ 1946/01/10,国民政府主席蒋中正于政治协商会议致词-望各党派以国是为主协同完成建国工作,国民政府主席蒋中正于政治协商会议致词-望各党派以国是为主协同完成建国工作,topic,1946 年政治协商会议,,政协,国民政府; 政治协商会议,,20
125,1946,1946/01/10 ~ 1946/01/10,中国共产党代表周恩来于政治协商会议开幕式上致词,中国共产党代表周恩来于政治协商会议开幕式上致词,topic,1946 年政治协商会议,周恩来,政协,中国共产党; 政治协商会议,,20
126,1946,1946/01/10 ~ 1946/01/10,政治协商会议开幕式会场一瞥,政治协商会议开幕式会场一瞥,topic,1946 年政治协商会议,,政协,政治协商会议,,20
127,1946,1946/01/10 ~ 1946/01/10,政治协商会议分组讨论,政治协商会议分组讨论,topic,1946 年政治协商会议,,政协,政治协商会议,,20
128,1946,1946/01/10 ~ 1946/01/10,国民政府主席蒋中正主持政治协商会议,国民政府主席蒋中正主持政治协商会议,topic,1946 年政治协商会议,,政协,国民政府; 政治协商会议,,20
129,1946,1946/01/10 ~ 1946/01/10,国民政府主席蒋中正主持政治协商会议,国民政府主席蒋中正主持政治协商会议,topic,1946 年政治协商会议,,政协,国民政府; 政治协商会议,,20
130,1946,1946/01/10 ~ 1946/01/10,国民政府主席蒋中正主持政治协商会议,国民政府主席蒋中正主持政治协商会议,topic,1946 年政治协商会议,,政协,国民政府; 政治协商会议,,20
131,1946,1946/01/10 ~ 1946/01/10,国民政府主席蒋中正主持政治协商会议,国民政府主席蒋中正主持政治协商会议,topic,1946 年政治协商会议,,政协,国民政府; 政治协商会议,,20
132,1946,1946/01/10 ~ 1946/01/10,蒋中正对政治协商会议致词节要,蒋中正对政治协商会议致词节要,topic,1946 年政治协商会议,,政协,政治协商会议,,20
133,1946,1946/01/10 ~ 1946/01/10,蒋中正赴国民政府出席政治协商会议主持开幕典礼并致词表示本会议目的是邀集各党派代表共商国是等并宣布政府决定实施人民之自由与政党之合法地位和普选等及电杜聿明将颁…,蒋中正赴国民政府出席政治协商会议主持开幕典礼并致词表示本会议目的是邀集各党派代表共商国是等并宣布政府决定实施人民之自由与政党之合法地位和普选等及电杜聿明将颁…,topic,1946 年政治协商会议,,政协,国民政府; 政治协商会议,,20
134,1946,1946/01/11 ~ 1946/01/11,蒋中正见张群代表谈军市三人小组会议应催促中共早日商定整编军队与共军接受政府统辖办法及对郑介民指示军事调处执行部注意要旨又是日政治协商会议举行第二次大会张群报…,蒋中正见张群代表谈军市三人小组会议应催促中共早日商定整编军队与共军接受政府统辖办法及对郑介民指示军事调处执行部注意要旨又是日政治协商会议举行第二次大会张群报…,topic,1946 年政治协商会议,,政协,中国共产党; 政治协商会议,,20
135,1946,1946/01/12 ~ 1946/01/12,傅作义电蒋中正建议对政治协商会议之意见,傅作义电蒋中正建议对政治协商会议之意见,topic,1946 年政治协商会议,,政协,政治协商会议,,20
136,1946,1946/01/12 ~ 1946/01/12,蒋中正接杜聿明电据彭璧玉称苏方希国军赴沈阳接防并先接收抚顺铁岭等外围据点及记本星期反省录政治协商会议已开始关于停止军事冲突与恢复交通办法亦与中共成立协定并颁…,蒋中正接杜聿明电据彭璧玉称苏方希国军赴沈阳接防并先接收抚顺铁岭等外围据点及记本星期反省录政治协商会议已开始关于停止军事冲突与恢复交通办法亦与中共成立协定并颁…,topic,1946 年政治协商会议,,政协,中国共产党; 政治协商会议,沈阳,20
137,1946,1946/01/13 ~ 1946/01/13,蒋中正电莫德惠政治协商会议已开幕务请即日飞渝,蒋中正电莫德惠政治协商会议已开幕务请即日飞渝,topic,1946 年政治协商会议,,政协,政治协商会议,,20
138,1946,1946/01/14 ~ 1946/01/14,政治协商会议秘书长雷震呈国民政府主席蒋中正有关政治协商会议提案及议程排列办法,政治协商会议秘书长雷震呈国民政府主席蒋中正有关政治协商会议提案及议程排列办法,topic,1946 年政治协商会议,,政协,国民政府; 政治协商会议,,20
139,1946,1946/01/14 ~ 1946/01/14,政治协商会议秘书长雷震呈国民政府为呈送政治协商会议会员提案及议程等祈察阅,政治协商会议秘书长雷震呈国民政府为呈送政治协商会议会员提案及议程等祈察阅,topic,1946 年政治协商会议,,政协,国民政府; 政治协商会议,,20
140,1946,1946/01/14 ~ 1946/01/14,胡宗南电蒋中正政治协商会议适予共军以喘息机会请贯彻决策实施申讨,胡宗南电蒋中正政治协商会议适予共军以喘息机会请贯彻决策实施申讨,topic,1946 年政治协商会议,,政协,政治协商会议,,20
141,1946,1946/01/14 ~ 1946/01/14,孙科吴铁城等致政治协商会议关于和平建国及国民大会问题意见,孙科吴铁城等致政治协商会议关于和平建国及国民大会问题意见,topic,1946 年政治协商会议,,政协,政治协商会议; 国民大会,,20
142,1946,1946/01/14 ~ 1946/01/14,王世杰对政治协商会议对中国国民党所提扩大政府组织案之内容有所说明,王世杰对政治协商会议对中国国民党所提扩大政府组织案之内容有所说明,topic,1946 年政治协商会议,,政协,国民党; 政治协商会议,,20
143,1946,1946/01/14 ~ 1946/01/14,商震呈蒋中正政治协商会议会员提案及议程排列办法,商震呈蒋中正政治协商会议会员提案及议程排列办法,topic,1946 年政治协商会议,,政协,政治协商会议,,20
144,1946,1946/01/15 ~ 1946/01/15,陈布雷呈蒋中正政治协商会议各会员讨论和平建国纲领案发表之意见,陈布雷呈蒋中正政治协商会议各会员讨论和平建国纲领案发表之意见,topic,1946 年政治协商会议,,政协,政治协商会议,,20
145,1946,1946/01/15 ~ 1946/01/15,蒋中正考虑近日急务促开军事三人小组会议与政治协商会议如不能成立协议惟宣布政府实施民主之步骤及接白崇禧电已转饬各部遵照停战并对整军有所建议陆军迅速整编充实粮弹…,蒋中正考虑近日急务促开军事三人小组会议与政治协商会议如不能成立协议惟宣布政府实施民主之步骤及接白崇禧电已转饬各部遵照停战并对整军有所建议陆军迅速整编充实粮弹…,topic,1946 年政治协商会议,,政协; 马歇尔调处,政治协商会议,,20
146,1946,1946/01/16 ~ 1946/01/16,叶实之呈蒋中正政治协商会议各会员对军队国家化案发表之意见,叶实之呈蒋中正政治协商会议各会员对军队国家化案发表之意见,topic,1946 年政治协商会议,,政协,政治协商会议,,20
147,1946,1946/01/17 ~ 1946/01/17,北平接触与民盟人士沟通,蒋中正接陈诚报告第十一战区北平天津保定石家庄日军缴械情形与日侨遣送状况航空部队全部解除武装又是日政治协商会议举行第七次大会讨论国民大会问题孙科等提出关于国民…,topic,1946 年政治协商会议,,政协; 北平接触,政治协商会议; 国民大会,北平; 天津,20
148,1946,1946/01/17 ~ 1946/01/17,胡宗南电蒋中正据报匪新四军李先念皮定宗王树声等部攻陷息县光山正围潢川激战中虽值政治协商会议停战中仍请派大军进剿等情,胡宗南电蒋中正据报匪新四军李先念皮定宗王树声等部攻陷息县光山正围潢川激战中虽值政治协商会议停战中仍请派大军进剿等情,topic,1946 年政治协商会议,,政协; 马歇尔调处,政治协商会议,,20
149,1946,1946/01/18 ~ 1946/01/18,蒋中正接见戴笠陈立夫等谈组织交通警察总局和取消军统局与筹划党费等问题及考虑对俄共之决心营口泰安接为共军攻陷俄军并为共军掩护可知俄军不愿撤尽且必引起事端又政治协商会议,蒋中正接见戴笠陈立夫等谈组织交通警察总局和取消军统局与筹划党费等问题及考虑对俄共之决心营口泰安接为共军攻陷俄军并为共军掩护可知俄军不愿撤尽且必引起事端又政治协商会议,topic,1946 年政治协商会议,,政协,政治协商会议,,20
150,1946,1946/01/20 ~ 1946/01/20,胡宗南电蒋中正据邵鸿基电称顷闻政治协商会议中央命令无条件停战然中共依然破路进攻华北几全被占据如准要求停战无异断送华北万劫不复恳速收复华北等情,胡宗南电蒋中正据邵鸿基电称顷闻政治协商会议中央命令无条件停战然中共依然破路进攻华北几全被占据如准要求停战无异断送华北万劫不复恳速收复华北等情,topic,1946 年政治协商会议,,政协; 马歇尔调处,中国共产党; 政治协商会议,,20
151,1946,1946/01/21 ~ 1946/01/21,山西省工会等电呈国民政府为请政治协商会议制止共军攻击等情,山西省工会等电呈国民政府为请政治协商会议制止共军攻击等情,topic,1946 年政治协商会议,,政协,国民政府; 政治协商会议,,20
152,1946,1946/01/21 ~ 1946/01/21,叶实之呈蒋中正政治协商会议关于“人民权利问题”协议各条文,叶实之呈蒋中正政治协商会议关于“人民权利问题”协议各条文,topic,1946 年政治协商会议,,政协,政治协商会议,,20
153,1946,1946/01/21 ~ 1946/01/21,围绕政协决议和政府改组的调处,陈布雷呈蒋中正有关陶希圣所呈对政治协商会议及其后政局转变本党之政策、当前之急务、马歇尔特使使命之结束等意见书,topic,1946 年政治协商会议,马歇尔,政协; 马歇尔调处,政治协商会议,,20
154,1946,1946/01/22 ~ 1946/01/22,察哈尔省商会电国民政府主席蒋中正为政治协商会议察绥热问题不在军事调处执行部任务之内由当局另行解决,察哈尔省商会电国民政府主席蒋中正为政治协商会议察绥热问题不在军事调处执行部任务之内由当局另行解决,topic,1946 年政治协商会议,,政协,国民政府; 政治协商会议,,20
155,1946,1946/01/22 ~ 1946/01/22,王陵基电蒋中正判断皖鄂边区奸匪似有藉停战机会积极整补确占大别山要地与大小悟山情势若政治协商会议无圆满结果则以主力进出商城罗田窜扰鄂皖边区之企图,王陵基电蒋中正判断皖鄂边区奸匪似有藉停战机会积极整补确占大别山要地与大小悟山情势若政治协商会议无圆满结果则以主力进出商城罗田窜扰鄂皖边区之企图,topic,1946 年政治协商会议,,政协; 马歇尔调处,政治协商会议,,20
156,1946,1946/01/23 ~ 1946/01/23,国民政府主席蒋中正款待出席政治协商会议代表,国民政府主席蒋中正款待出席政治协商会议代表,topic,1946 年政治协商会议,,政协,国民政府; 政治协商会议,,20
157,1946,1946/01/23 ~ 1946/01/23,国民政府主席蒋中正款待出席政治协商会议代表,国民政府主席蒋中正款待出席政治协商会议代表,topic,1946 年政治协商会议,,政协,国民政府; 政治协商会议,,20
158,1946,1946/01/23 ~ 1946/01/23,国民政府主席蒋中正宴政治协商会议代表,国民政府主席蒋中正宴政治协商会议代表,topic,1946 年政治协商会议,,政协,国民政府; 政治协商会议,,20
159,1946,1946/01/23 ~ 1946/01/23,国民政府主席蒋中正宴政治协商会议代表,国民政府主席蒋中正宴政治协商会议代表,topic,1946 年政治协商会议,,政协,国民政府; 政治协商会议,,20
160,1946,1946/01/24 ~ 1946/01/24,王宗山李梦彪电蒋中正政治协商会议业经决定组织军事考察团各省市参议会应有代表参加方能本民意立场发扬正义,王宗山李梦彪电蒋中正政治协商会议业经决定组织军事考察团各省市参议会应有代表参加方能本民意立场发扬正义,topic,1946 年政治协商会议,,政协,政治协商会议,,20
161,1946,1946/01/24 ~ 1946/01/24,张金铭电蒋中正孙科等请政治协商会议转饬共军立即确遵命令停止军事行动并请中共还军于国所遗地方部队一律缴出械弹由各省县政府酌量编并为地方警察队,张金铭电蒋中正孙科等请政治协商会议转饬共军立即确遵命令停止军事行动并请中共还军于国所遗地方部队一律缴出械弹由各省县政府酌量编并为地方警察队,topic,1946 年政治协商会议,,政协,中国共产党; 政治协商会议,,20
162,1946,1946/01/24 ~ 1946/01/24,刘茂恩电蒋中正据确报焦作共军指挥部接到毛泽东手令谓解放区同志必须加紧工作拼命攻击开展地盘以促成政治协商会议有利形势等情已电各有关机关注意严防,刘茂恩电蒋中正据确报焦作共军指挥部接到毛泽东手令谓解放区同志必须加紧工作拼命攻击开展地盘以促成政治协商会议有利形势等情已电各有关机关注意严防,topic,1946 年政治协商会议,,政协,政治协商会议,,20
163,1946,1946/01/25 ~ 1946/01/25,林希谦电蒋中正此次政治协商会议决定组织军事考察团以谋有效制止战事查目前战区辽阔请准各省区参议会推派代表参加,林希谦电蒋中正此次政治协商会议决定组织军事考察团以谋有效制止战事查目前战区辽阔请准各省区参议会推派代表参加,topic,1946 年政治协商会议,,政协,政治协商会议,,20
164,1946,1946/01/26 ~ 1946/01/26,政治协商会议秘书长雷震呈国民政府为签陈中国工程师学会等一百六十五团体呈函祈鉴核,政治协商会议秘书长雷震呈国民政府为签陈中国工程师学会等一百六十五团体呈函祈鉴核,topic,1946 年政治协商会议,,政协,国民政府; 政治协商会议,,20
165,1946,1946/01/28 ~ 1946/01/28,政治协商会议秘书长雷震呈国民政府主席蒋中正为送施政纲领军事宪法草案等三组商讨结果,政治协商会议秘书长雷震呈国民政府主席蒋中正为送施政纲领军事宪法草案等三组商讨结果,topic,1946 年政治协商会议,,政协,国民政府; 政治协商会议,,20
166,1946,1946/01/28 ~ 1946/01/28,国民政府文官长吴鼎昌函军事委员会为山西省工会等电请政治协商会议制止共军攻击一案函达查照,国民政府文官长吴鼎昌函军事委员会为山西省工会等电请政治协商会议制止共军攻击一案函达查照,topic,1946 年政治协商会议,,政协,国民政府; 政治协商会议,,20
167,1946,1946/01/28 ~ 1946/01/28,国民政府文官长吴鼎昌函政治协商会议秘书处为山西省工会等电为停战命令限期已过共军仍破坏铁路夺取城镇一案函达查照,国民政府文官长吴鼎昌函政治协商会议秘书处为山西省工会等电为停战命令限期已过共军仍破坏铁路夺取城镇一案函达查照,topic,1946 年政治协商会议,,政协; 马歇尔调处,国民政府; 政治协商会议,,20
168,1946,1946/01/28 ~ 1946/01/28,雷震呈蒋中正政治协商会议施政纲领军事宪法草案等三组商讨结果,雷震呈蒋中正政治协商会议施政纲领军事宪法草案等三组商讨结果,topic,1946 年政治协商会议,,政协,政治协商会议,,20
169,1946,1946/01/28 ~ 1946/01/28,胡宗南电蒋中正豫北共军奉毛泽东手令为促成政治协商会议于匪有利形势各解放区同志须加紧工作并攻击开展地区以往成绩将来地位均视此次工作而定等情,胡宗南电蒋中正豫北共军奉毛泽东手令为促成政治协商会议于匪有利形势各解放区同志须加紧工作并攻击开展地区以往成绩将来地位均视此次工作而定等情,topic,1946 年政治协商会议,,政协,政治协商会议,,20
170,1946,1946/01/29 ~ 1946/01/29,国民政府文官处函政治协商会议秘书处关于四川省参议会电陈国民大会之召开及依法选出代表之请力持正义如期召开案奉批送贵单位函达查照,国民政府文官处函政治协商会议秘书处关于四川省参议会电陈国民大会之召开及依法选出代表之请力持正义如期召开案奉批送贵单位函达查照,topic,1946 年政治协商会议,,政协,国民政府; 政治协商会议; 国民大会,,20
171,1946,1946/01/29 ~ 1946/01/29,政治协商会议秘书长雷震呈国民政府谨将施政纲领军事宪法草案等三组商讨结果签呈察阅,政治协商会议秘书长雷震呈国民政府谨将施政纲领军事宪法草案等三组商讨结果签呈察阅,topic,1946 年政治协商会议,,政协,国民政府; 政治协商会议,,20
172,1946,1946/01/29 ~ 1946/01/29,国民政府文官处函张群为政治协商会议察绥热问题来电三件请参考,国民政府文官处函张群为政治协商会议察绥热问题来电三件请参考,topic,1946 年政治协商会议,,政协,国民政府; 政治协商会议,,20
173,1946,1946/01/31 ~ 1946/01/31,国民政府文官长吴鼎昌函政治协商会议秘书处为陕北特区人民自救会电为中共肆虐提供意见四项请迅予设法实施以平内乱一案函达查照,国民政府文官长吴鼎昌函政治协商会议秘书处为陕北特区人民自救会电为中共肆虐提供意见四项请迅予设法实施以平内乱一案函达查照,topic,1946 年政治协商会议,,政协,国民政府; 中国共产党; 政治协商会议,,20
174,1946,1946/01/31 ~ 1946/01/31,国民政府文官处函政治协商会议秘书长雷震为山东省政府临时参议会议长裴鸣宇电军事考察团必须有各省市民意机关代表参加本会推孙丹林参加请查照,国民政府文官处函政治协商会议秘书长雷震为山东省政府临时参议会议长裴鸣宇电军事考察团必须有各省市民意机关代表参加本会推孙丹林参加请查照,topic,1946 年政治协商会议,,政协,国民政府; 政治协商会议,,20
175,1946,1946/01/31 ~ 1946/01/31,蒋中正审阅政治协商会议所商定之宪草审议会之组织与宪法原则案及接刘翰东电共军围攻辽北省会与昌图开源共军向省会四郊逐渐合围招收武力不足应战清速发弹药并令国军增援…,蒋中正审阅政治协商会议所商定之宪草审议会之组织与宪法原则案及接刘翰东电共军围攻辽北省会与昌图开源共军向省会四郊逐渐合围招收武力不足应战清速发弹药并令国军增援…,topic,1946 年政治协商会议,,政协,政治协商会议,,20
176,1946,1946/02/01 ~ 1946/02/01,政治协商会议协议扩大政府组织者及和平建国纲领等事项,政治协商会议协议扩大政府组织者及和平建国纲领等事项,topic,1946 年政治协商会议,,政协,政治协商会议,,20
177,1946,1946/02/01 ~ 1946/02/01,何应钦电蒋中正焦作共军接到毛泽东手令称政治协商会议进程流血愈多愈有价值以往之成绩将来之地位均视此次工作而定等语已电饬将确实证据搜呈,何应钦电蒋中正焦作共军接到毛泽东手令称政治协商会议进程流血愈多愈有价值以往之成绩将来之地位均视此次工作而定等语已电饬将确实证据搜呈,topic,1946 年政治协商会议,,政协,政治协商会议,,20
178,1946,1946/02/05 ~ 1946/02/05,蒋中正约见英美新闻记者答复其所询有关政府改组共党军队缩编对日政策对俄交涉还都南京等问题，伦敦曼彻斯特报导社论赞扬中国为达成政治统一所召开只政治协商会议政府实…,蒋中正约见英美新闻记者答复其所询有关政府改组共党军队缩编对日政策对俄交涉还都南京等问题，伦敦曼彻斯特报导社论赞扬中国为达成政治统一所召开只政治协商会议政府实…,topic,1946 年政治协商会议,,政协,政治协商会议,南京,20
179,1946,1946/02/07 ~ 1946/02/07,分存单中央秘书处国防秘书厅抄送政治协商会议决议案一份,分存单中央秘书处国防秘书厅抄送政治协商会议决议案一份,topic,1946 年政治协商会议,,政协,政治协商会议,,20
180,1946,1946/02/07 ~ 1946/02/07,立法院及国民大会代表选举总事务所关于抄送政治协商会议关于国民大会决议案分存单,立法院及国民大会代表选举总事务所关于抄送政治协商会议关于国民大会决议案分存单,topic,1946 年政治协商会议,,政协,政治协商会议; 国民大会,,20
181,1946,1946/02/09 ~ 1946/02/09,政治协商会议秘书长雷震呈国民政府主席蒋中正为报告宪法草案审议委员会开会日期及名单,政治协商会议秘书长雷震呈国民政府主席蒋中正为报告宪法草案审议委员会开会日期及名单,topic,1946 年政治协商会议,,政协,国民政府; 政治协商会议,,20
182,1946,1946/02/11 ~ 1946/02/11,政治协商会议秘书长雷震呈国民政府为呈报宪草审议委员会开会日期,政治协商会议秘书长雷震呈国民政府为呈报宪草审议委员会开会日期,topic,1946 年政治协商会议,,政协,国民政府; 政治协商会议,,20
183,1946,1946/02/14 ~ 1946/02/14,陶冶电国民政府主席蒋中正为贺政治协商会议会商完成,陶冶电国民政府主席蒋中正为贺政治协商会议会商完成,topic,1946 年政治协商会议,,政协,国民政府; 政治协商会议,,20
184,1946,1946/03/04 ~ 1946/03/04,国民政府文官长吴鼎昌呈主席蒋中正为根据政治协商会议变更国民政府组知各项拟具国民政府组织法修正草案请核改后交二中全会讨论,国民政府文官长吴鼎昌呈主席蒋中正为根据政治协商会议变更国民政府组知各项拟具国民政府组织法修正草案请核改后交二中全会讨论,topic,1946 年政治协商会议,,政协,国民政府; 政治协商会议,,20
185,1946,1946/03/04 ~ 1946/03/04,纽约留美中国同仁及重庆市基督教会电国民政府主席蒋中正为请求彻底执行政治协商会议决议,纽约留美中国同仁及重庆市基督教会电国民政府主席蒋中正为请求彻底执行政治协商会议决议,topic,1946 年政治协商会议,,政协,国民政府; 政治协商会议,重庆,20
186,1946,1946/03/04 ~ 1947/04/21,蒋中正交议根据政治协商会议拟具国民政府组织法，吴鼎昌呈改组国民政府选任五院院长及国民政府委员等注意事项，中央常会决议立法委员延长任期扩增名额及监察委员扩增名…,蒋中正交议根据政治协商会议拟具国民政府组织法，吴鼎昌呈改组国民政府选任五院院长及国民政府委员等注意事项，中央常会决议立法委员延长任期扩增名额及监察委员扩增名…,topic,1946 年政治协商会议,,政协,国民政府; 政治协商会议,,20
187,1946,1946/03/07 ~ 1946/03/07,国民政府文官处文书局函参军处军务局关于李善谦谢盛戡在二百四十名指定代表名额中予以指定一案自政治协商会议后事实上已不可能函达查照,国民政府文官处文书局函参军处军务局关于李善谦谢盛戡在二百四十名指定代表名额中予以指定一案自政治协商会议后事实上已不可能函达查照,topic,1946 年政治协商会议,,政协,国民政府; 政治协商会议,,20
188,1946,1946/03/07 ~ 1946/03/07,国民政府文官处函国民大会代表选举总事务所自政治协商会议后关于二百四十名指定代表名额业已撤销李善谦谢盛戡二员国大代表资格已无法产生函达查照,国民政府文官处函国民大会代表选举总事务所自政治协商会议后关于二百四十名指定代表名额业已撤销李善谦谢盛戡二员国大代表资格已无法产生函达查照,topic,1946 年政治协商会议,,政协,国民政府; 政治协商会议; 国民大会,,20
189,1946,1946/03/10 ~ 1946/03/10,政治协商会议名单与协议事项及陈立夫等呈蒋中正政治协商会议扩大政府组织案之研究,政治协商会议名单与协议事项及陈立夫等呈蒋中正政治协商会议扩大政府组织案之研究,topic,1946 年政治协商会议,,政协,政治协商会议,,20
190,1946,1946/03/15 ~ 1946/03/15,徐复观呈蒋中正关于政治协商会议及党务革新方案，杨虎呈蒋中正为请争取统制国内外中国帮会党团组织献议书,徐复观呈蒋中正关于政治协商会议及党务革新方案，杨虎呈蒋中正为请争取统制国内外中国帮会党团组织献议书,topic,1946 年政治协商会议,,政协,政治协商会议,,20
191,1946,1946/03/16 ~ 1946/03/16,蒋中正于中国国民党第六届二中全会第十八次大会提出政治协商会议及宪草条改原则之审查报告并说明五权宪法精神在五权独立不可互相牵制等，政治协商会议…,蒋中正于中国国民党第六届二中全会第十八次大会提出政治协商会议及宪草条改原则之审查报告并说明五权宪法精神在五权独立不可互相牵制等，政治协商会议…,topic,1946 年政治协商会议,,政协,国民党; 政治协商会议,,20
192,1946,1946/03/16 ~ 1946/03/16,黄昭明电蒋中正奉郑介民令派军事调处执行部第八小组工作并以机密方法探知中共对国内政治协商会议系为联络各党派推翻政府及在苏军未撤前扩大东北占领区等,黄昭明电蒋中正奉郑介民令派军事调处执行部第八小组工作并以机密方法探知中共对国内政治协商会议系为联络各党派推翻政府及在苏军未撤前扩大东北占领区等,topic,1946 年政治协商会议,,政协,中国共产党; 政治协商会议,,20
193,1946,1946/03/18 ~ 1946/03/18,赵君迈高维翰高理文电蒋经国四平街失陷共军有公开集结活动又苏军藉演习实行扫荡非正式部队等及政治协商会议之决定与军事三人小组工作应将东北包括在内,赵君迈高维翰高理文电蒋经国四平街失陷共军有公开集结活动又苏军藉演习实行扫荡非正式部队等及政治协商会议之决定与军事三人小组工作应将东北包括在内,topic,1946 年政治协商会议,,政协,政治协商会议,,20
194,1946,1946/03/19 ~ 1946/03/19,中国共产党代表团函国民政府文官长吴鼎昌为张表方等转来陪都各界庆祝政治协商会议成功大会筹备会来函并附呈文一件嘱转呈主席蒋中正兹将原件奉上希转呈,中国共产党代表团函国民政府文官长吴鼎昌为张表方等转来陪都各界庆祝政治协商会议成功大会筹备会来函并附呈文一件嘱转呈主席蒋中正兹将原件奉上希转呈,topic,1946 年政治协商会议,,政协,国民政府; 中国共产党; 政治协商会议,,20
195,1946,1946/03/20 ~ 1946/03/20,蒋中正主持国民参政会第二次大会并致词指出日本投降后政府正以其全力复员整军和平建国呼吁参政员以把握重点注意现实解除地方苦难三者为依据提供具体方案另约见孙科等政治协商会议…,蒋中正主持国民参政会第二次大会并致词指出日本投降后政府正以其全力复员整军和平建国呼吁参政员以把握重点注意现实解除地方苦难三者为依据提供具体方案另约见孙科等政治协商会议…,topic,1946 年政治协商会议,,政协,政治协商会议,,20
196,1946,1946/03/21 ~ 1946/03/21,国民政府文官长吴鼎昌电国民大会代表选举总事务所主任张厉生为奉谕国民大会会期迫近迅依商定分配名额与各方面洽办相应抄同政治协商会议决定事项电达查照迅办,国民政府文官长吴鼎昌电国民大会代表选举总事务所主任张厉生为奉谕国民大会会期迫近迅依商定分配名额与各方面洽办相应抄同政治协商会议决定事项电达查照迅办,topic,1946 年政治协商会议,,政协,国民政府; 政治协商会议; 国民大会,,20
197,1946,1946/03/23 ~ 1946/03/23,中国回教协会甘肃武威分会电二中全会政治协商会议请准回民参政及分配国大代表名额,中国回教协会甘肃武威分会电二中全会政治协商会议请准回民参政及分配国大代表名额,topic,1946 年政治协商会议,,政协,政治协商会议,,20
198,1946,1946/04/02 ~ 1946/04/02,中国国民党中央执行委员会秘书处函国民政府文官处为政治协商会议事项业报告中国国民党二中全会并由审查会研讨制成决议案提奉大会通过函请查照转陈办理,中国国民党中央执行委员会秘书处函国民政府文官处为政治协商会议事项业报告中国国民党二中全会并由审查会研讨制成决议案提奉大会通过函请查照转陈办理,topic,1946 年政治协商会议,,政协,国民政府; 国民党; 政治协商会议,,20
199,1946,1946/04/09 ~ 1946/04/09,国防最高委员会秘书厅函国民政府文官处有关中国国民党中央执行委员会秘书处函送二中全会对于政治协商会议报告决议案遵批函请查照转陈,国防最高委员会秘书厅函国民政府文官处有关中国国民党中央执行委员会秘书处函送二中全会对于政治协商会议报告决议案遵批函请查照转陈,topic,1946 年政治协商会议,,政协,国民政府; 国民党; 政治协商会议,,20
200,1946,1946/04/12 ~ 1946/04/12,国民政府文官处函政治协商会议秘书长雷震为遵谕检送中国国民党二中全会对于政协会协议事项之决议案函请查照,国民政府文官处函政治协商会议秘书长雷震为遵谕检送中国国民党二中全会对于政协会协议事项之决议案函请查照,topic,1946 年政治协商会议,,政协,国民政府; 国民党; 政治协商会议,,20
201,1946,1946/04/15 ~ 1946/04/15,蒋中正于国民政府召开政协会议并指定张群张厉生邵力子三代表暨雷震秘书长尽速与各方面协商又电熊式辉苏军既已完全退出长春我军应设法由沈阳空运长春并应令驻长部队确实固守长春机场另电周…,蒋中正于国民政府召开政协会议并指定张群张厉生邵力子三代表暨雷震秘书长尽速与各方面协商又电熊式辉苏军既已完全退出长春我军应设法由沈阳空运长春并应令驻长部队确实固守长春机场另电周…,topic,1946 年政治协商会议,,政协,国民政府; 政治协商会议,沈阳,20
202,1946,1946/04/17 ~ 1946/04/17,国民政府文官处函国防最高委员会秘书厅有关中国国民党中央执行委员会秘书处函送二中全会对于政治协商会议报告决议案复请查照,国民政府文官处函国防最高委员会秘书厅有关中国国民党中央执行委员会秘书处函送二中全会对于政治协商会议报告决议案复请查照,topic,1946 年政治协商会议,,政协,国民政府; 国民党; 政治协商会议,,20
203,1946,1946/05/01 ~ 1946/05/01,围绕政协决议和政府改组的调处,郑介民电蒋中正徐永昌谍报延安派来姚某与叶剑英谈话内容在军事面中共于华北取守势对东北采攻势及政治取攻势以民主同盟为先锋政治协商为战场使马歇尔观战,topic,1946 年政治协商会议,马歇尔,政协; 马歇尔调处; 民盟,中国民主同盟; 中国共产党; 政治协商会议,延安,35
204,1946,1946/08/27 ~ 1946/08/27,陈布雷电彭学沛连日民盟中共皆要求重开政协会议请于记者招待会表示自停战令后中共到处攻击扩大侵占地故关键全在共党诚意另政协会议未有再开必要等,陈布雷电彭学沛连日民盟中共皆要求重开政协会议请于记者招待会表示自停战令后中共到处攻击扩大侵占地故关键全在共党诚意另政协会议未有再开必要等,topic,1946 年政治协商会议,,政协; 马歇尔调处; 民盟,中国民主同盟; 中国共产党; 政治协商会议,,35
205,1946,1946/10/02 ~ 1946/10/02,张澜等电蒋中正恳请停止国共内战举行国民大会制定宪法以促进国家和平统一完成民主宪政,张澜等电蒋中正恳请停止国共内战举行国民大会制定宪法以促进国家和平统一完成民主宪政,topic,1946 年政治协商会议,张澜,,国民大会,,15
206,1946,1946/10/04 ~ 1946/10/04,张澜等电国民政府为胪陈对召开国民大会各党派代表名额分配之疑议及今后和平建国之意见,1946年9月9日，中国民主同盟主席张澜等人联名向国民政府递交正式呈文。 此时正值抗战胜利后、国共内战一触即发的关键历史转折期，民盟作为和平建国、民主协商的第三力量，极力争取多党协商、和平建国的空间。,topic,1946 年政治协商会议,张澜,民盟,中国民主同盟; 国民政府; 国民大会,,30
207,1946,1946/11/03 ~ 1946/11/03,蒋中正接见陈立夫洪兰友商谈国民大会有关问题并接见毛人凤又接见出席政治协商会议之政府代表商谈宪法草案提出于国民大会之手续事宜,蒋中正接见陈立夫洪兰友商谈国民大会有关问题并接见毛人凤又接见出席政治协商会议之政府代表商谈宪法草案提出于国民大会之手续事宜,topic,1946 年政治协商会议,,政协,政治协商会议; 国民大会,,20
208,1946,1946/11/12 ~ 1946/11/12,蒋中正接见张嘉璈听其报告民社党民主同盟代表动向又闻张君劢赴沪召集民社党人士会商参加国民大会即嘱张嘉璈赴沪促其返京免于在沪受共党包围动摇其志另得孙科报告今日下…,蒋中正接见张嘉璈听其报告民社党民主同盟代表动向又闻张君劢赴沪召集民社党人士会商参加国民大会即嘱张嘉璈赴沪促其返京免于在沪受共党包围动摇其志另得孙科报告今日下…,topic,1946 年政治协商会议,张君劢,民盟,中国民主同盟; 国民大会,,20
209,1946,1946/11/16 ~ 1946/11/16,国防最高委员会秘书厅函国民政府文官处为核定政治协商会议还都经费及还都后房屋修缮租赁费预算,国防最高委员会秘书厅函国民政府文官处为核定政治协商会议还都经费及还都后房屋修缮租赁费预算,topic,1946 年政治协商会议,,政协,国民政府; 政治协商会议,,20
210,1946,1946/11/20 ~ 1946/11/20,国民政府训令行政院等为核定政治协商会议还都经费及还都后房屋修缮租赁费预算一案令仰转饬遵照,国民政府训令行政院等为核定政治协商会议还都经费及还都后房屋修缮租赁费预算一案令仰转饬遵照,topic,1946 年政治协商会议,,政协,国民政府; 政治协商会议; 行政院,,20
211,1946,1946/11/25 ~ 1946/11/25,国民政府文官处文书局函政治协商会议秘书长雷震关于国民大会山东省职业代表闻承烈因病不克出席应依一般例案办理,国民政府文官处文书局函政治协商会议秘书长雷震关于国民大会山东省职业代表闻承烈因病不克出席应依一般例案办理,topic,1946 年政治协商会议,,政协,国民政府; 政治协商会议; 国民大会,,20
212,1947,1947-04-26,China Mail 1947-04-26 · 政府改组期,中国民主同盟——中国第三大政党，目前正与中共共同抵制改组后的政府——今日发表了一份长达1500字的宣言，宣称改组后的政府既不会给中国带来和平，也不会促进民主，因为它并非按照去年各党派政治协商会议的精神与程序所组成。 （此处为无关内容，涉及葡萄牙罢工、德国将军、芬兰政治等，与民盟无关，予以忽略） 赫尔辛基，4月24日电——三匹马并驾齐驱，却各奔东西——这恰恰是今日芬兰政治局势的缩影。,topic,1946 年政治协商会议,,政协; 民盟,中国民主同盟; 中国共产党; 政治协商会议,,55
213,1947,1947-07-26,第三方面在国共之间寻求政治空间,去年三月底至四月初，中国民主同盟介入调处，提议在满洲建立民主联合政府。 中央政府反对此议，坚称必须先由国军占领满洲，方可建立联合政府。,topic,1946 年政治协商会议,张君劢; 周恩来; 蒋介石,政协; 马歇尔调处; 第三方面; 联合政府; 民盟,中国民主同盟; 国民政府; 国民党; 中国共产党; 青年党; 民主社会党; 政治协商会议; 美国驻上海总领事馆; 行政院; 国民大会,南京; 重庆; 上海; 满洲,75
214,1947,1947-10-30,China Mail 1947-10-30 · 民盟「非法」事件后,接管中国民主同盟总部，民盟成员被置于警方监视之下。 民盟大楼此前曾由中共人员占用，目前正受到监视，但迄今尚无逮捕报告。,topic,1946 年政治协商会议,张澜,民盟,中国民主同盟; 国民党; 中国共产党; 国民大会,南京; 香港,70
215,1947,1947-11-01,围绕政协决议和政府改组的调处,1947年11月1日 中国上海霞飞路646号 美国华盛顿特区 国务院 国务卿 马歇尔先生阁下 亲爱的马歇尔先生： 我至今仍清晰记得去年和平谈判期间我们之间的密切合作。 我首先想向您强调的一点是：只要国民党不愿真正承认联合政府，那么仅仅组建一个联合政府是不够的。,topic,1946 年政治协商会议,张君劢; 马歇尔,政协; 马歇尔调处; 第三方面; 联合政府; 民盟,中国民主同盟; 国民政府; 国民党; 青年党; 民主社会党; 政治协商会议; 美国国务院,上海; 华盛顿,75
216,1947,1947/06/27 ~ 1947/06/27,政治协商会议秘书长雷震呈国民政府主席蒋中正为送本会临时费概算书请饬主管机关拨发归垫与核销,政治协商会议秘书长雷震呈国民政府主席蒋中正为送本会临时费概算书请饬主管机关拨发归垫与核销,topic,1946 年政治协商会议,,政协,国民政府; 政治协商会议,,20
217,1947,1947/10/22 ~ 1947/10/22,薛岳呈蒋中正各党派动态民盟决定坚守立场不参加改组政府及李济琛何香凝等企图发动新政治协商与冯玉祥在美从事反政府活动等情报提要等六则,薛岳呈蒋中正各党派动态民盟决定坚守立场不参加改组政府及李济琛何香凝等企图发动新政治协商与冯玉祥在美从事反政府活动等情报提要等六则,topic,1946 年政治协商会议,,政协; 民盟,中国民主同盟; 政治协商会议,,35
218,1948,1948-01-06,北平接触与民盟人士沟通,盘踞此段铁路的共军，在遭到一支自北平南下的国民党纵队与另一支自（某地）北上的部队夹击时，向西逃窜。 据抵达上海的通常可靠的中国消息来源称，共军正在数个区域进行相当规模的调动，尤其是在长春周围以及满洲西南部北平至沈阳铁路的两侧。,topic,1946 年政治协商会议,蒋介石,政协; 第三方面; 北平接触; 民盟,中国民主同盟; 国民政府; 国民党; 中国共产党; 政治协商会议; 国民大会,北平; 南京; 上海; 香港; 沈阳; 满洲,55
219,1948,1948-10-29,CIA Reading Room cia-rdp78-01617a002100030001-4: WEEKLY SUMMARY NUMBER 24,**-13-** **机密** **解密并批准发布 2013/04/10 : CIA-RDP78-01617A002100030001-4** **机密** **中国** 中共继续计划为全中国建立一个联合政府。 中共提出的“召开新的政治协商会议以制定联合政府计划”的倡议，已吸引了在香港的反国民党中国国民党革命委员会（民革）的一个代表团，并且可能在中共控制下组建一支民革军队，以促进国民党军队的更多倒,topic,1946 年政治协商会议,蒋介石,政协; 马歇尔调处; 联合政府; 民盟,中国民主同盟; 国民政府; 国民党; 中国共产党; 政治协商会议; 美国国务院,香港; 沈阳; 满洲; 天津,55
220,1948,1948-12-30,"Cable, Mao Zedong to Stalin",**档案来源：** **数字化档案编号：** digitalarchive.wilsoncenter.org/document/113789 **国际史解密项目** **1948年12月30日** **毛泽东致斯大林电** **引文：** 『毛泽东致斯大林电』，1948年12月30日，历史与公共政策项目数字档案，俄罗斯联邦总统档案馆（APRF）：全宗39，目录1，案卷31，第49–52页。转载自安,topic,1946 年政治协商会议,,,国民党; 中国共产党,,25
221,1948,1948-12-30,北平接触与民盟人士沟通,为防止傅作义集团的48个师从北平路—平绥路一线逃脱，我们不等东北部队休整完毕和整顿就绪，便命令他们提前向南发动进攻，与华北我军协同，包围并歼灭傅作义部。,topic,1946 年政治协商会议,蒋介石,北平接触,国民党; 中国共产党,北平; 满洲,40
222,1948,1948-12-30,北平接触与民盟人士沟通,**档案译文** 傅作义的主力部队（33个师）目前位于北平、天津和塘沽（一个海港）。 在绥远、北平、天津附近的军事行动结束后，我军主力必须休整三个月，并攻占孤城太原，然后向长江流域和广阔的南方地区进军。,topic,1946 年政治协商会议,,北平接触,国民党,北平; 满洲; 天津,40
223,1948,1948-12-30,北平接触与民盟人士沟通,在完成随州和北平附近的两场军事行动后，国民党将不再拥有骨干力量。 香港、上海、北平、天津等大城市的民主党派和团体以及人民组织的领导人，已经或即将打着政治协商会议和民主联合政府的旗号来到我方区域。,topic,1946 年政治协商会议,罗隆基; 张澜,政协; 北平接触; 联合政府; 民盟,中国民主同盟; 国民党; 政治协商会议,北平; 上海; 香港; 满洲; 天津,65
224,1948,1948-12-30,"Cable, Mao Zedong to Stalin",明年夏季前后，我们将召开各民主党派、团体和人民团体代表参加的政治协商会议，并组建民主联合政府。,topic,1946 年政治协商会议,,政协; 联合政府,中国共产党; 政治协商会议,,40
225,1948,1948/05/09 ~ 1948/05/09,保密局呈蒋中正中共号召各党派举行政治协商会议企图成立联合政府,保密局呈蒋中正中共号召各党派举行政治协商会议企图成立联合政府,topic,1946 年政治协商会议,,政协; 联合政府,中国共产党; 政治协商会议,,20
226,1948,1948/07/21 ~ 1948/07/21,保密局中讯局呈蒋中正共军华东解放军区分为三兵团及香港反动派召开新政协预备会议等中共及各党派动态情报提要四则,保密局中讯局呈蒋中正共军华东解放军区分为三兵团及香港反动派召开新政协预备会议等中共及各党派动态情报提要四则,topic,1946 年政治协商会议,,政协,中国共产党; 政治协商会议,香港,20
227,1948,1948/10/01 ~ 1948/10/01,保密局等呈蒋中正报告沈钧儒等函张澜等报告有关新政协问题及青年党民社党农民党近与共党接触有试探参加新政协企图等各党派动态情报提要四则,保密局等呈蒋中正报告沈钧儒等函张澜等报告有关新政协问题及青年党民社党农民党近与共党接触有试探参加新政协企图等各党派动态情报提要四则,topic,1946 年政治协商会议,张澜; 沈钧儒,政协,青年党; 政治协商会议,,30
228,1948,1948/10/23 ~ 1948/10/23,保密局呈报蒋中正共党拟先分区设立地方政府再行筹组一联邦共和国以吸引各地方实力派拥护及罗隆基致函香港民盟谓上海民盟赞成派员出席新政协等各党派情…,保密局呈报蒋中正共党拟先分区设立地方政府再行筹组一联邦共和国以吸引各地方实力派拥护及罗隆基致函香港民盟谓上海民盟赞成派员出席新政协等各党派情…,topic,1946 年政治协商会议,罗隆基,政协; 民盟,中国民主同盟; 政治协商会议,上海; 香港,45
229,1948,1948/11/10 ~ 1948/11/10,毛人凤呈蒋中正青年党有退出政府趋向共匪将提早召开新政协会议及谢伟思谈美对华态度等情报提要四则,毛人凤呈蒋中正青年党有退出政府趋向共匪将提早召开新政协会议及谢伟思谈美对华态度等情报提要四则,topic,1946 年政治协商会议,,政协,青年党; 政治协商会议,,20
230,1949,1949-01-10,"Cable, Terebin to Stalin [via Kuznetsov]",**档案原文** 1949年1月10日 捷列宾致斯大林电 [通过库兹涅佐夫转交] 数字档案，俄罗斯联邦总统档案馆：全宗39，目录1，案卷31，第54-58页。转载自安德烈·列多夫斯基、赖莎·米罗维茨卡娅 与弗拉基米尔·米亚斯尼科夫编《苏中关系》，第5卷，第2册，1946年-1950年2月 （莫斯科：历史思想纪念碑出版社，2005年），第11-14页。由谢尔盖·拉琴科为国际冷战史项目翻译。 **摘要,topic,1946 年政治协商会议,,,国民党,,25
231,1949,1949-01-10,北平接触与民盟人士沟通,在向他转达第0100号电报的内容并阅读书面译文后，毛泽东表示，我们的计划如下： 在占领北平（北京）后，召开协商会议，随后组建联合政府。 我打算于2月底返回，以便在3月召开中共七届二中全会，随后于4月举行协商会议；但最好休息一个月，充分准备后于5月举行，进而在夏季组建联合政府。,topic,1946 年政治协商会议,罗隆基; 张澜; 黄炎培; 蒋介石,北平接触; 联合政府,国民党; 中国共产党; 国民大会,北平; 南京; 上海,50
232,1949,1949-01-10,北平接触与民盟人士沟通,甚至连美国人也在试图与我们建立联系，更不用说许多美国记者（以及英国记者）在香港和从北平[北京]来到我们这里的人，都请求我们允许他们进入解放区看看——我们拒绝了所有人。,topic,1946 年政治协商会议,周恩来; 司徒雷登; 蒋介石,北平接触,国民党; 中国共产党,北平; 上海; 香港; 满洲,40
233,1949,1949-01-10,北平接触与民盟人士沟通,中共的主要要求是：傅作义允许中共军队通过他的部队进入北平，不得破坏城市。 毛泽东预计，攻克天津和消灭被围的杜聿明集团将在1月份进行，而夺取北平则在2月份。,topic,1946 年政治协商会议,周恩来; 蒋介石,北平接触,中国共产党,北平; 延安; 天津,40
234,1949,1949-01-31,北平接触与民盟人士沟通,1949年1月31日 米高扬与毛泽东会谈纪要 摘要：毛泽东讨论联合政府的组建及其最佳时机。 毛泽东讲述了以下内容： **关于联合政府组建的准备工作** 毛泽东说，组建政府的准备工作与清除北平[北京]敌对分子有关，这大约需要三周时间，此后便可在作为恢复后首都的北平组织联合政府。,topic,1946 年政治协商会议,周恩来; 蒋介石,北平接触; 联合政府,国民党; 中国共产党,北平; 南京; 上海; 满洲; 天津,60
235,1949,1949-02-02,北平接触与民盟人士沟通,北平的自由派知识分子感到沮丧，认为达成任何力量均衡的和平已无可能。 这些知识分子相信，中国民主同盟和李济深领导的中国国民党革命委员会，即使作为点缀，也不会被中共允许参加三月份的人民政治协商会议。,topic,1946 年政治协商会议,,政协; 北平接触; 民盟,中国民主同盟; 国民政府; 国民党; 中国共产党; 政治协商会议,北平; 南京,55
236,1949,1949-02-03,Memorandum of Conversation between Anastas Mikoyan and Mao Zedong,**档案来源：** **国际史解密档案** **日期：** 1949年2月3日 **阿纳斯塔斯·米高扬与毛泽东会谈纪要** **引文：** 『阿纳斯塔斯·米高扬与毛泽东会谈纪要』，1949年2月3日，历史与公共政策项目数字档案，俄罗斯联邦总统档案馆（APRF）：全宗39，目录1，案卷39，第47-53页。重印于安德烈·列多夫斯基、赖莎·米罗维茨卡娅和弗拉基米尔·米亚斯尼科夫编，《苏中关系》，第5卷,topic,1946 年政治协商会议,,,国民党; 中国共产党,,25
237,1949,1949-02-03,Memorandum of Conversation between Anastas Mikoyan and Mao Zedong,**关于国民党与中共谈判中的外国调停问题** 1949年2月3日晚，与毛泽东举行了又一次会谈。参加会谈的有中共中央政治局成员周恩来、刘少奇、任弼时和朱德，以及翻译师哲。我方出席的有伊·瓦·科瓦廖夫和[苏联中国问题专家]叶·弗·科瓦廖夫。 相互问候之后，会谈开始，我首先指出，我们获悉英国、美国和法国主张由它们承担起调停国民党与中共的职能。后来，这些大国不知通过何种途径了解到苏联和中共反对外国调停，它,topic,1946 年政治协商会议,周恩来,,国民党; 中国共产党,香港,25
238,1949,1949-02-03,Memorandum of Conversation between Anastas Mikoyan and Mao Zedong,回到关于建立亚洲国家共产党情报局的问题，毛泽东告知，他们知道暹罗和印度支那的共产党已表示赞成建立这样一个机构。目前，先建立一个由部分亚洲国家（而非全部）共产党代表组成的情报局较为适宜，例如，可由中国、朝鲜、印度支那和菲律宾共产党的代表组成。至于日本共产党，其在共产主义运动中的分量尚不高，况且我们目前与日本共产党人尚无联系。关于日本共产党参与情报局的问题，毛泽东说，应事先与其交换意见并征得其同意。 ,topic,1946 年政治协商会议,周恩来,,国民党; 中国共产党,,25
239,1949,1949-02-03,Memorandum of Conversation between Anastas Mikoyan and Mao Zedong,访问莫斯科后，他学到了一些东西，并开始在中国共产党内组织工作。来到中国后，他们召开了中共六届三中全会，这次会议谴责了李立三路线。左派分子不同意这一决定，并要求召开中共六届四中全会。通过这一步骤，他们损害了自身在党内的权威，更何况他们缺乏革命斗争和建设的实际经验。为了达到目的，他们不惜利用右倾机会主义者陈独秀的服务。他们与所有人斗争，认为只有自己才是正统的布尔什维克。他们称刘少奇为机会主义者，因为刘,topic,1946 年政治协商会议,,,国民党; 中国共产党,重庆; 满洲,25
240,1949,1949-02-03,Memorandum of Conversation between Anastas Mikoyan and Mao Zedong,他推迟了回答。 到抗日战争开始时，我们在军事力量上遭受了重大损失。我们只剩下大约3万名战士，对此，王明声称这些力量不足以进行抗日斗争，坚持要将他们分散到国民党军队中去。现在很清楚，这是一条错误的路线，因为正是这3万人构成了骨架，在此基础上发展出了如今拥有300万之众的人民解放军。 王明的所有这些错误，中共七大的代表们都知晓，并引起了他们真诚的不满。代表们也知道李立三、博古和洛甫的错误，并要求不选举,topic,1946 年政治协商会议,,,国民党; 中国共产党,上海,25
241,1949,1949-02-04,Memorandum of Conversation between Anastas Mikoyan and Mao Zedong,**档案来源：** **档案** **日期：** 1949年2月4日 **文件：** 阿纳斯塔斯·米高扬与毛泽东会谈备忘录 **引文：** 『阿纳斯塔斯·米高扬与毛泽东会谈备忘录』，1949年2月4日，历史与公共政策项目数字档案，俄罗斯联邦总统档案馆（APRF）：全宗39，目录1，案卷39，第54-62页。转载自安德烈·列多夫斯基、赖莎·米罗维茨卡娅、弗拉基米尔·米亚斯尼科夫编，《苏中关系》，第5,topic,1946 年政治协商会议,,政协,国民党; 中国共产党; 政治协商会议,,60
242,1949,1949-02-04,Memorandum of Conversation between Anastas Mikoyan and Mao Zedong,1949年2月4日，与毛泽东的又一次会晤在中共中央政治局成员周恩来、刘少奇、任弼时、朱德以及翻译师哲的陪同下举行。我方出席的有科瓦廖夫·伊[万]·V.和科瓦廖夫·E.F.。 **民族问题** 我向毛泽东转达，我党中央建议中国共产党在民族问题上不要过度，即不要通过给予少数民族独立地位来行事，以免因共产党接管政权而缩减中国国家的领土。应当给予少数民族自治权，而非独立。 毛泽东对这一建议表示高兴，但从其,topic,1946 年政治协商会议,周恩来,,国民党; 中国共产党,,45
243,1949,1949-02-04,北平接触与民盟人士沟通,毛泽东对科瓦廖夫同志听候他调遣表示感谢，并继续谈话说，当中共中央迁至北平时，我们之间的关系将在两个层面发展——外交层面和党的层面。,topic,1946 年政治协商会议,周恩来,北平接触,中国共产党,北平; 重庆; 满洲,60
244,1949,1949-02-04,Memorandum of Conversation between Anastas Mikoyan and Mao Zedong,未来国民党将被解散，如果目前我们承认它是谈判的一方，它必然会要求在未来的联合政府中占有一席之地。,topic,1946 年政治协商会议,周恩来,联合政府,国民党; 中国共产党,满洲,45
245,1949,1949-02-04,北平接触与民盟人士沟通,国民党也无力独立组织联合政府。 我们知道，前驻苏联大使颜惠庆打算来北平就上海问题的和平解决进行谈判。,topic,1946 年政治协商会议,蒋介石,政协; 第三方面; 北平接触; 联合政府; 民盟,中国民主同盟; 国民党; 中国共产党; 政治协商会议,北平; 上海,75
246,1949,1949-02-04,Memorandum of Conversation between Anastas Mikoyan and Mao Zedong,组建联合政府。,topic,1946 年政治协商会议,蒋介石,政协; 联合政府,中国共产党; 政治协商会议,上海,60
247,1949,1949-02-04,Memorandum of Conversation between Anastas Mikoyan and Mao Zedong,我问毛泽东，他在谈话中如何解释中苏条约的爱国性质。毛泽东笑着回答说，签署这个条约的不是他，而是蒋介石。毛泽东说，我向他们解释，苏联进入旅顺是为了保护自身和中国免遭日本法西斯之害，因为中国如此软弱，没有苏联的帮助就无法自卫。苏联进入长春铁路和旅顺，不是作为帝国主义势力，而是作为社会主义力量，以保护共同利益。 对于我提出的问题——为什么共产党人反对美国在青岛的海军基地，却维护苏联在旅顺的基地——毛泽东,topic,1946 年政治协商会议,蒋介石,,国民党; 中国共产党,,45
248,1949,1949-02-05,Memorandum of Conversation between Anastas Mikoyan and Mao Zedong,**档案来源：** **国际史解密档案** **日期：** 1949年2月5日 **主题：** 阿纳斯塔斯·米高扬与毛泽东会谈纪要 **引文：** 『阿纳斯塔斯·米高扬与毛泽东会谈纪要』，1949年2月5日，历史与公共政策项目数字档案，俄罗斯联邦总统档案馆（APRF）：全宗39，目录1，案卷39，第74-77页。重印于安德烈·列多夫斯基、赖莎·米罗维茨卡娅与弗拉基米尔·米亚斯尼科夫编，《苏中关系》,topic,1946 年政治协商会议,,,中国共产党,,25
249,1949,1949-02-05,北平接触与民盟人士沟通,他举了和平解决进军北平的例子，在那里傅作义的部队接受了投降条件。,topic,1946 年政治协商会议,周恩来,北平接触,国民党; 中国共产党,北平; 南京; 上海,40
250,1949,1949-02-05,北平接触与民盟人士沟通,军事行动必须从北平（北京）推进到广州。 现在，我们必须发展长春、本溪湖、鞍山、张家口、烟台、北平、天津等城市。,topic,1946 年政治协商会议,,北平接触,国民党; 中国共产党,北平; 上海; 满洲; 桂林; 天津,40
251,1949,1949-04-13,北平接触与民盟人士沟通,他指出，中共代表团（以周恩来同志为首）与国民党代表团（以张治中为首）正在北平进行谈判。 周恩来同志详细介绍了谈判的具体细节，包括双方在战犯名单、军队改编、联合政府组成等问题上的分歧。,topic,1946 年政治协商会议,周恩来,北平接触; 联合政府,国民党; 中国共产党,北平; 南京; 上海,40
252,1949,1949-04-13,Kovalev reports to Stalin on conversation with Mao Zedong,致菲利波夫同志： 兹报告如下： 4月9日，与毛泽东同志进行了长达三小时的会谈，出席者包括中共中央政治局成员朱德同志、周恩来同志和刘少奇同志。 会谈期间，毛泽东同志简要阐述了以下问题： 1. 对中共七届二中全会的工作及其决议的评价。 2. 关于苏联提供的贷款。 3. 关于中国的军事形势及对国民党军队作战的前景。 4. 关于上海市及其特殊性。 5. 关于与国民党代表进行和平谈判的进程。 6. 关于七届,topic,1946 年政治协商会议,周恩来,,国民党; 中国共产党,上海,25
253,1949,1949-04-13,北平接触与民盟人士沟通,毛泽东同志说，我们视此提议为一种企图，并非为了援助中国人民，而是为了挽救美国资本主义于危机（依据马歇尔计划），并试图将中国人民置于枷锁之下，如同他们在蒋介石政权下所做的那样。 一些将领，例如白崇禧，他掌握着32个师的兵力，已经与我们建立了联系，以便像北平（北京）的傅作义将军那样，通过和平方式解决问题。,topic,1946 年政治协商会议,马歇尔; 蒋介石,马歇尔调处; 北平接触,国民党; 中国共产党,北平; 南京; 上海,40
254,1949,1949-04-13,Kovalev reports to Stalin on conversation with Mao Zedong,**特别地，目前不宜在战犯名单中指名道姓。** 双方同意，人民解放军必须渡过长江，占领南京和上海，但请求在和平谈判结束后再行此举。 **关于上海市及其特殊性** 毛泽东同志特别阐述了这一问题。他说，如果国民党军队在（解放军）渡江时进行抵抗，我们无论如何都要渡江，并占领南京和上海。 然而，占领这些城市比管理它们更容易。毛泽东同志强调，上海是一座特殊的城市——它是外国资本家经济和政治利益的中心，是国民,topic,1946 年政治协商会议,,,国民党,南京; 上海,25
255,1949,1949-04-13,Kovalev reports to Stalin on conversation with Mao Zedong,上海市长拟由陈毅将军担任，南京市长拟由刘伯承将军担任。 毛泽东同志关注如何为上海供应粮食和原材料，因为仅靠铁路运输无法保障供应，而他们又没有海军，因此要求将此事报告给您。 关于与国民党政府和平谈判的进程。 总结和平谈判的进程，由此产生了国民党人将中央政权及一切相关事务移交给中国共产党的可能性，这些事务包括中国与其他国家之间的条约关系所规定的内容（包括共产党接受外交代表机构、大使馆、领事馆），以及考,topic,1946 年政治协商会议,,,国民党; 中国共产党,南京; 上海,25
256,1949,1949-04-13,北平接触与民盟人士沟通,关于以北平方式和平解放南京、上海和汉口一事，[我]提请你注意国民党政府和指挥部的某些行为事实： 1. 具体而言，北平至汉口段黄河上的吴川附近一座大桥被毁。,topic,1946 年政治协商会议,周恩来,北平接触,国民党; 中国共产党,北平; 南京; 上海,40
257,1949,1949-04-13,Kovalev reports to Stalin on conversation with Mao Zedong,声称[他们]不会向共产党让步。然而，和平代表团中的某些派系在与共产党会面时（他们彼此隐瞒，执意试图安排这些会面），表现却截然不同，实际上完全同意中共提出的条件。 李宗仁、何应钦、白崇禧的行为也表明，他们一方面害怕蒋介石和美国人，因此公开推行强硬政策；但另一方面，他们又彼此隐瞒，与共产党调情，试图在国民党失败的情况下为自己保留特殊特权。 三、美帝国主义者试图与中共建立联系的企图，不仅体现在他们通过花,topic,1946 年政治协商会议,周恩来; 蒋介石,,国民党; 中国共产党,上海; 香港,25
258,1949,1949-06-14,"Cable, Mao Zedong [via Kovalev] to Stalin",**档案来源：** **日期：** 1949年6月14日 **文件：** 毛泽东[通过科瓦廖夫]致斯大林的电报 **引文：** 『毛泽东[通过科瓦廖夫]致斯大林的电报』，1949年6月14日，历史与公共政策项目数字档案，俄罗斯联邦总统档案馆（APRF）：全宗45，目录1，案卷331，第101-111页。重印于安德烈·列多夫斯基、赖莎·米罗维茨卡娅和弗拉基米尔·米亚斯尼科夫编，《苏中关系》，第5卷，,topic,1946 年政治协商会议,,,,,25
259,1949,1949-06-14,"Cable, Mao Zedong [via Kovalev] to Stalin",**报告：** 6月12日，毛泽东同志向我提交了他的报告，供转呈给您。报告内容如下： 1. 我通过科瓦廖夫同志收到了您5月26日的电报。 除了通过科瓦廖夫同志向您转达的那些要点外，我将向您提交本报告。自今年3月19日和21日我向您提交上一份报告以来，已经过去了两个半月。现在有一些问题，我必须向您报告并请求您的指示。 2. **关于组建政府的问题。** 现在我们决定在今年8月至9月间组建政府。所有准,topic,1946 年政治协商会议,,政协,政治协商会议,重庆,40
260,1949,1949-06-14,昆明暗杀事件引发的政治压力与外交关注,我军计划于今年冬季攻占以下城市：广州、南宁、昆明、贵阳、重庆、成都、青海、宁夏。为防止帝国主义列强可能实施的经济封锁和军事干预，应采取以下措施： a) 尽快将帝国主义的走狗——国民党残余势力从地球上彻底消灭。这是首要任务。如果中国大陆没有帝国主义的走狗，那么帝国主义者实施经济封锁和干预将十分困难，甚至几乎不可能。 b) 建立沿海防线。 c) 准备实现经济自给自足，以免受可能的经济封锁之影响。 4.,topic,1946 年政治协商会议,,昆明暗杀,国民党,昆明; 重庆; 成都,40
261,1949,1949-06-14,"Cable, Mao Zedong [via Kovalev] to Stalin",经济方面。所有这些都使人民解放军能够比较顺利地解决地方上的补给难题，而不必依赖后方。 当前形势使我们有机会超越原定计划所规定的军事行动规模。根据该计划（关于此计划我曾亲自告知安德烈耶夫同志[米高扬]），我们原打算今年攻取10个省：江苏、安徽、浙江、福建、湖南、湖北、江西、陕西、甘肃。然而，从4月21日算起的50天内，我们已经攻取了5个省：江苏、安徽、浙江、湖北和陕西，以及江西和福建的部分地区。 考,topic,1946 年政治协商会议,,,国民党,,25
262,1949,1949-06-14,"Cable, Mao Zedong [via Kovalev] to Stalin",11. 目前我们尚无一项广泛的宣传与展示中苏友好关系的计划。我们的意见是，利用各民主党派人士赴苏联及东欧新民主主义国家参观访问的机会，让他们亲眼目睹并感受到苏联对中国的友好关系，从而消除他们中一些人在这方面的错误看法。 此举将有助于在民主政府成立后，顺利推进与苏联就贷款及苏联专家问题正式签订条约。同时，这也有助于苏联专家在中国正式开展工作。 鉴于政府将于8月成立，而民主人士需与我们共同在6月至7月,topic,1946 年政治协商会议,,,,,25
263,1949,1949-06-18,"Cable, Filippov [Stalin] to Mao Zedong [via Kovalev]",**档案来源：** **国际史解密档案** **1949年6月18日** **斯大林（化名菲利波夫）致毛泽东电（通过科瓦廖夫转交）** **引文：** 『斯大林（化名菲利波夫）致毛泽东电（通过科瓦廖夫转交）』，1949年6月18日，历史与公共政策项目数字档案，俄罗斯联邦总统档案馆（APRF）：全宗45，目录1，案卷331，第119页。重印于安德烈·列多夫斯基、赖莎·米罗维茨卡娅与弗拉基米尔·米亚斯,topic,1946 年政治协商会议,,,,,25
264,1949,1949-06-18,"Cable, Filippov [Stalin] to Mao Zedong [via Kovalev]","[...] 向毛泽东同志转达以下电报： ""1. 我们认为你们关于组建政府以及进一步向西部和南部进军的计划是明智且相当可行的。如果我们仍然认为不能排除干预和封锁的可能性，那是因为在制定计划时，不仅要考虑有利情况，也要考虑最坏情况，以便防范意外，不致措手不及。 2. 建议高度重视新疆，那里地下蕴藏石油，你们还能获得棉花。没有自己的石油，你们将面临困难。如果能在新疆尽快开展工作，那么两三年后就能拥有自己",topic,1946 年政治协商会议,,,,,25
265,1949,1949-06-20,China Mail 1949-06-20 · 联合政府讨论,"**基于平等原则的外交关系——4** **联合政府与** 中共领袖毛泽东先生在八月的一次会议上发表讲话，此次会议将起草全国联合政府的蓝图。 这位中共领导人表示，多党政治协商会议将宣布成立""中国人民民主共和国""，以取代摇摇欲坠的国民党政府，并选举产生""民主联合政府""。",topic,1946 年政治协商会议,,政协; 联合政府,国民政府; 国民党; 中国共产党; 政治协商会议,上海; 天津,40
266,1949,1949-06-30,北平接触与民盟人士沟通,# 1949 讲话/文件 **标题：论人民民主专政** **作者：毛泽东** **日期：** 1949年6月30日 **来源：** 7月1日北平电台广播。,topic,1946 年政治协商会议,,马歇尔调处; 北平接触,国民党; 中国共产党,北平,40
267,1949,1949-06-30,On the People's Democratic Dictatorship: In Commemoration of the Twenty-eighth Anniversary of the Communist Party of China,[4] 翦伯赞（1898—1968），中国马克思主义历史学家。 [5] 康有为（1858—1927），中国维新派领袖，戊戌变法代表人物。 [6] 严复（1854—1921），中国启蒙思想家、翻译家，曾翻译《天演论》等西方著作。 [7] 科举制度，中国封建王朝选拔官员的考试制度，1905年废除。 [8] 辛亥革命（1911—1912），孙中山领导的资产阶级民主革命，推翻了清朝统治。 在中国共产党诞生,topic,1946 年政治协商会议,蒋介石,,中国共产党,,25
268,1949,1949-06-30,On the People's Democratic Dictatorship: In Commemoration of the Twenty-eighth Anniversary of the Communist Party of China,但是，中国不能有资产阶级共和国，因为中国是一个受帝国主义压迫的国家。唯一的出路是经过工人阶级领导的人民共和国。 所有其他道路都尝试过，并且都失败了。那些向往这些道路的人，有的倒下了，有的觉醒了，有的正在改变想法。事件发展如此迅速，以至于许多人感到变化的突然，需要重新学习。这种心态是可以理解的，我们欢迎这种值得称赞的重新学习的愿望。 中国无产阶级的先锋队在十月革命后学习了马克思列宁主义，并成立了中国,topic,1946 年政治协商会议,蒋介石,,中国共产党,,25
269,1949,1949-06-30,On the People's Democratic Dictatorship: In Commemoration of the Twenty-eighth Anniversary of the Communist Party of China,团结国内国际一切力量，我们就能在平等、互利和相互尊重领土主权的基础上同一切外国进行贸易并建立外交关系。 “没有国际援助也能胜利。”这是一种错误的想法。在帝国主义存在的时代，任何国家的真正的人民革命，如果没有国际革命力量在各种不同方式上的援助，要取得自己的胜利是不可能的；胜利了，要巩固，也是不可能的。伟大的十月革命的胜利和巩固，就是这样的，列宁和斯大林早已告诉我们了。第二次世界大战打倒三个帝国主义国,topic,1946 年政治协商会议,,,国民党; 中国共产党,,25
270,1949,1949-06-30,On the People's Democratic Dictatorship: In Commemoration of the Twenty-eighth Anniversary of the Communist Party of China,为何必须如此行事？原因对每个人而言都显而易见。若不如此，革命就会失败，人民就会受苦，国家就会沦亡。 “你们不是要消灭国家权力吗？”是的，我们是要消灭它，但眼下还不行，我们还做不到。为什么？因为帝国主义还存在，因为国内反动派还存在，因为我国国内还存在阶级。我们当前的任务是强化人民的国家机器——主要是人民的军队、人民的警察和人民的法庭——以巩固国防和保护人民利益。在此条件下，中国才能在工人阶级和共产党,topic,1946 年政治协商会议,,,中国共产党,,25
271,1949,1949-06-30,On the People's Democratic Dictatorship: In Commemoration of the Twenty-eighth Anniversary of the Communist Party of China,工业化。由于本文不拟详细讨论经济问题，故不再赘述。 1924年，由孙中山先生亲自领导、共产党人参与的中国国民党第一次全国代表大会通过了一份著名的宣言。宣言指出： “近世各国所谓民权制度，往往为资产阶级所专有，适成为压迫平民之工具。盖国民党之民权主义，则为一般平民所共有，非少数人所得而私也。” 撇开谁领导谁的问题不谈，上述民权主义，就其一般政治纲领而言，与我们所说的人民民主或新民主主义是相符合的。只,topic,1946 年政治协商会议,蒋介石,,国民党; 中国共产党,,25
272,1949,1949-06-30,On the People's Democratic Dictatorship: In Commemoration of the Twenty-eighth Anniversary of the Communist Party of China,国民经济的产出。为反抗帝国主义压迫，并将落后的经济提升到更高水平，中国必须利用一切有益于国计民生、无害于国民经济与人民生活的城乡资本主义因素；我们必须与民族资产阶级共同奋斗。我们当前的政策是调节资本主义，而非消灭它。但民族资产阶级不能充当革命的领导者，也不应在国家政权中占据主要地位。它之所以不能成为革命的领导者，也不应在国家政权中占据主要地位，是因为民族资产阶级的社会经济地位决定了它的软弱性；它缺,topic,1946 年政治协商会议,,,中国共产党,,25
273,1949,1949-06-30,On the People's Democratic Dictatorship: In Commemoration of the Twenty-eighth Anniversary of the Communist Party of China,**注释** 1. 亦称大同世界。指一种以公有制为基础、没有阶级剥削和压迫的社会——这是中国人民长期向往的崇高理想。此处的大同世界指共产主义社会。 2. 参见弗·伊·列宁《共产主义运动中的“左派”幼稚病》第二章。列宁指出：“在将近半个世纪里——大约从19世纪40年代到90年代——俄国进步的思想界，在空前野蛮和反动的沙皇制度的压迫下，如饥似渴地寻求正确的革命理论，并以惊人的勤勉和彻底性，密切关注着欧,topic,1946 年政治协商会议,,,中国共产党,北平; 南京,25
274,1949,1949-06-30,On the People's Democratic Dictatorship: In Commemoration of the Twenty-eighth Anniversary of the Communist Party of China,9. 小说《水浒传》中的一位英雄人物，在景阳冈赤手空拳打死了一只老虎。这是该著名小说中最广为人知的章节之一。 10. 关于农业社会化与国家工业化之间的关系，参见毛泽东同志于1955年7月31日在中共省、市、自治区党委书记会议上所作的报告《关于农业合作化问题》（第七、第八节）。在该报告中，毛泽东同志基于苏联经验与我国实践，极大地发展了农业社会化应与社会主义工业化同步推进的论点。 11. 此引文出自朱,topic,1946 年政治协商会议,,,中国共产党,,25
275,1949,1949-07-04,"Report from the Head of the Delegation of the CC of the Chinese Communist Party, 'The Current State of the Chinese Revolution'",**档案来源：** 数字档案馆 digitalarchive.wilsoncenter.org **国际史解密项目** **1949年7月4日** **中国共产党中央代表团团长关于“中国革命当前形势”的报告** **引文：** “中国共产党中央代表团团长关于‘中国革命当前形势’的报告”，1949年7月4日，历史与公共政策项目数字档案馆，俄罗斯国家社会政治史档案馆（РГАСПИ），全宗 558，目录,topic,1946 年政治协商会议,,政协,中国共产党; 政治协商会议,,40
276,1949,1949-07-04,北平接触与民盟人士沟通,人民解放军已攻占1043座城市，包括上海、南京、北平、天津、武汉等大城市，这占中国所有县级及以上城市（共2000座）的51%。,topic,1946 年政治协商会议,蒋介石,北平接触,国民党; 中国共产党,北平; 南京; 上海; 天津,40
277,1949,1949-07-04,"Report from the Head of the Delegation of the CC of the Chinese Communist Party, 'The Current State of the Chinese Revolution'",今年8月，我们决定召开新的政治协商会议，并组建联合政府。,topic,1946 年政治协商会议,蒋介石,政协; 联合政府,国民党; 中国共产党; 政治协商会议,,40
278,1949,1949-07-04,"Report from the Head of the Delegation of the CC of the Chinese Communist Party, 'The Current State of the Chinese Revolution'",海外华侨团体——共计23个组织，正共同筹备此次新政协会议。 目前，新政协筹备委员会业已成立。,topic,1946 年政治协商会议,周恩来,政协,中国共产党; 政治协商会议,,40
279,1949,1949-07-04,"Report from the Head of the Delegation of the CC of the Chinese Communist Party, 'The Current State of the Chinese Revolution'","[左侧手写批注：5. 是的！""] 中国的人民民主专政与列宁在1905—1907年革命中所论述的“工农民主专政”具有共同之处，但也存在差异。 其共同之处在于，领导权由无产阶级掌握，这一专政的基础是工农联盟。然而，中国的人民民主专政还包括那些愿意反对帝国主义、封建主义和官僚资本主义的自由资产阶级的代表及其政治团体。这便是差异所在。[左侧手写批注：是的！""] 这一情况可解释为：中国是一个半殖民地国家，在",topic,1946 年政治协商会议,,,国民党; 中国共产党,,25
280,1949,1949-07-04,北平接触与民盟人士沟通,"中国民主党派的大多数高层人士已抵达北平[北京]。 其中 20,000 人属于中国民主同盟。",topic,1946 年政治协商会议,蒋介石,政协; 北平接触; 民盟,中国民主同盟; 国民党; 中国共产党; 政治协商会议,北平,55
281,1949,1949-07-04,"Report from the Head of the Delegation of the CC of the Chinese Communist Party, 'The Current State of the Chinese Revolution'",为青年运动的统一事业服务。国民党溃败后，国民党工会、青年组织、孙中山三民主义青年团以及国民党妇女组织已处于非法地位，且迅速瓦解；其领导人要么逃亡，要么停止了活动。其中一些进步分子在国民党溃败前就已与中共建立了联系。由朱学范领导的中国劳动协会曾引领部分劳动群众，但现已与中华全国总工会合并。 今年二月，我们收到了联共（布）中央关于加强体力劳动者、职员、青年和妇女工作的指示。我们同意这些指示。目前，这项,topic,1946 年政治协商会议,,,国民党; 中国共产党,北平,25
282,1949,1949-07-04,"Report from the Head of the Delegation of the CC of the Chinese Communist Party, 'The Current State of the Chinese Revolution'","**外交工作：** [左侧页边有手写竖线，表示适用于所有要点：""9. 同意""] 1. 对帝国主义国家进行斗争，以实现中国人民的完全独立。 2. 在国际事务中，与苏联及各新民主国家站在同一立场，反对新战争危险，保卫全世界的和平与民主。 3. 利用资本主义国家之间及其内部的矛盾。 4. 在平等互利原则基础上发展中国与外国的贸易关系，特别是与苏联及各人民民主国家的贸易关系。 我们目前没有关于帝国主义国家",topic,1946 年政治协商会议,,,中国共产党,上海; 天津,25
283,1949,1949-07-04,"Report from the Head of the Delegation of the CC of the Chinese Communist Party, 'The Current State of the Chinese Revolution'","我们允许外国宗教组织继续活动，条件是他们必须遵守我国法律，但同时我们也在进行反宗教宣传。我们在征得信徒同意后，没收并分配了宗教传教团和教会的土地。[左侧手写：""12. 是""] 我们还没收并分配了其他外国机构和组织的土地。 我们不承认外国驻华外交官员，将他们视为外国侨民。由于我们在这一问题上执行这样的政策，人民明白了中国已经站起来了，中国共产党不怕帝国主义者。此外，这还使我们有机会避免许多麻烦，因为",topic,1946 年政治协商会议,,,国民党; 中国共产党,上海; 满洲,25
284,1949,1949-07-04,"Report from the Head of the Delegation of the CC of the Chinese Communist Party, 'The Current State of the Chinese Revolution'","[左侧手写批注：16. ""同意！""] 我们在国际关系领域的政策无疑将与苏联保持一致，并已就此向各民主党派和团体作了多次说明。一些无党派人士批评我们的政策只倾向于苏联，但毛泽东同志答复他们：我们的政策确实将只倾向于苏联，因为在反对帝国主义阵线的斗争中，如果我们不与苏联站在一起，而是试图走中间道路，那将是一个错误。经过这些解释后，所有民主党派和团体均与中国共产党共同签署并发表了一份反对《北大西洋公约》",topic,1946 年政治协商会议,,,中国共产党,满洲,25
285,1949,1949-07-04,"Report from the Head of the Delegation of the CC of the Chinese Communist Party, 'The Current State of the Chinese Revolution'",是的。 关于苏联从满洲运走机器设备的问题，我们解释说，这些机器属于日本人，苏联将其作为战利品运出，用于自身的社会主义建设，并且考虑到这些设备不应落入中国反动派之手，以免被用来反对中国人民。苏联的做法完全正确。 这些解释是否正确？ [左侧手写：“正确。”] 我们希望尽快解决建立邮政、电报、铁路和航空通信的问题，并成立一家苏中混合航空公司。此事应如何办理？ 如何最好地解决与东欧人民民主国家建立关系及开,topic,1946 年政治协商会议,,,中国共产党,满洲,25
286,1949,1949-07-04,"Report from the Head of the Delegation of the CC of the Chinese Communist Party, 'The Current State of the Chinese Revolution'",**指示与批评中共的工作与政策。** 中国共产党代表团团长 [中文签名] 刘少奇 中国共产党中央委员会 1949年7月4日 译自中文 [由] [签名] (S. P. 安德烈耶夫) --- 分页符 ---,topic,1946 年政治协商会议,,,中国共产党,,25
287,1949,1949-07-06,Kovalev reports to Stalin advice on running a communist government,**档案来源：** **日期：** 1949年7月6日 **文件：** 科瓦廖夫致斯大林报告 **引文：**『科瓦廖夫致斯大林报告』，1949年7月6日，历史与公共政策项目数字档案，俄罗斯联邦总统档案馆（APRF）：全宗3，目录65，案卷363，第20-23页。转载自安德烈·列多夫斯基、赖莎·米罗维茨卡娅、弗拉基米尔·米亚斯尼科夫编，《苏中关系》，第5卷，第2册，1946年-1950年2月（莫斯科,topic,1946 年政治协商会议,,,中国共产党,满洲,25
288,1949,1949-07-06,Kovalev reports to Stalin advice on running a communist government,致斯大林同志： 报告如下： 在7月5日和6日与我交谈时，刘少奇、高岗和王稼祥同志请求向您报告以下内容： 1. 他们希望就刘少奇同志提交给您的报告中所阐述的问题，得到您的指示和建议。 2. 他们希望在莫斯科期间熟悉以下情况： a. 联共（布）的组织结构及党务机关的工作方式； b. 苏维埃国家的组织结构； c. 计划机构、国民经济计划工作及国家经济管理方式； d. 国内的文化启蒙工作状况； e. 群众,topic,1946 年政治协商会议,,,,满洲,25
289,1949,1949-07-06,Kovalev reports to Stalin advice on running a communist government,a. 关于为机械制造厂提供重型设备的问题，不以信贷方式，而是作为易货贸易，以货易货； b. 他们希望明确苏联与满洲之间贸易的前景，包括商品名称、价格、货物交换方式及时间安排； c. 他们希望为满洲获得不少于300名各工业领域的专家，特别是用于替换在冶金、军工、航空工业以及发电厂和医院中担任医生的日本人。 他们还提出了旅顺港的问题，宣称希望苏联军队在那里驻扎的时间不是条约规定的30年，而是60年，但,topic,1946 年政治协商会议,,,,满洲,25
290,1949,1949-07-06,Kovalev reports to Stalin advice on running a communist government,同意成立一个委员会，负责拟定关于赊购商品供应的协议。但鉴于财政经济机构尚未建立，且缺乏专家、数据及所需设备的估算，[他]请求待苏联专家抵达中国并研究工业状况后，再就地制定设备订单清单。他在电报中指出，贷款（50%）将主要用于满洲，其次是华北，然后是西北，用于恢复冶金、煤炭工业、发电厂、铁路，以及组织石油的开采与加工。代表团还表示，其有权签署贷款协议，无需再与中共中央进一步磋商。 科瓦廖夫。 摘自科,topic,1946 年政治协商会议,,,国民党; 中国共产党,满洲,25
291,1949,1949-07-06,Report from the Head of the Delegation of the Chinese Communist Party CC to Stalin,二、关于中国民主同盟及其他民主党派问题，我们拟就以下事项征求您的意见： （1）中国民主同盟（民盟）及其他民主党派在即将成立的新政权中的地位与作用； （2）如何对待民盟内部的不同派别，特别是罗隆基、张澜、沈钧儒等领导人的政治倾向； （3）民盟与中国共产党合作的历史经验及未来关系模式。 - 报告中所提“中国民主同盟”即“民盟”，为当时中国主要民主党派之一。,topic,1946 年政治协商会议,罗隆基; 张澜; 沈钧儒; 司徒雷登,民盟,中国民主同盟; 国民党; 中国共产党,,50
292,1949,1949-07-06,Report from the Head of the Delegation of the Chinese Communist Party CC to Stalin,**绝密** **译自中文** **致联共（布）中央委员会** **致斯大林同志** 1. 我们在报告中已向联共（布）中央和斯大林同志提出了一系列问题，请求给予指示。关于贷款和专家问题，斯大林同志的指示已经下达。 我们离华赴苏时，毛泽东同志嘱托我们就以下问题向斯大林同志请示：对国际形势的评估与分析、新战争的危险性、苏联与帝国主义国家（美、英）的关系。这些问题将作为中共评估国际形势的指导方针。 2.,topic,1946 年政治协商会议,,,中国共产党,,25
293,1949,1949-07-06,Report from the Head of the Delegation of the Chinese Communist Party CC to Stalin,c) 苏联的文化与教育，包括： - 各级教育机构的组织与体系。 - 教育机构与工业部门之间的联系。 - 学生的招生与物质保障。 - 学校课程的教学内容。 - 文化与艺术领域的其他工作。 - 科研机构。 d) 党的组织与群众团体的结构，包括以下问题： - 党组织的形式。 - 党的工作领域。 - 党的教育的组织。 - 党委会的体系。 - 党的干部管理。 - 工会的组织形式。 - 青年组织的组织形式。 ,topic,1946 年政治协商会议,,,中国共产党,,25
294,1949,1949-07-06,Report from the Head of the Delegation of the Chinese Communist Party CC to Stalin,**全苏工会中央理事会** **共青团中央委员会** 一至两名工厂厂长、一名党支部（党组）书记及一名地方委员会主席。 **联共（布）莫斯科州委员会** **联共（布）莫斯科市委员会** **莫斯科市苏维埃** 此外，我们希望参观一至两家工厂、一至两个集体农庄和一个国营农场，以及一至两所教育机构。 3. 我们正考虑请求苏联政府设立一所专门的教育机构，大致类似于过去的中国劳动者大学，为新中国培养建设和,topic,1946 年政治协商会议,,,中国共产党,北平; 沈阳; 满洲,25
295,1949,1949-07-06,Report from the Head of the Delegation of the Chinese Communist Party CC to Stalin,1) 以机器设备交换苏联商品。 2) 在大连和满洲建立统一货币，以促进大连与满洲之间的经济联系，减轻我方硬通货负担，并更好地恢复大连的工业。 3) 开放大连港，向香港和日本出口煤炭、盐等物资。 如果上海和天津被封锁，能否利用大连港进行对华进出口贸易？在此情况下，是否允许英美商船进出大连港？ 4) 关于鸭绿江水电站电力使用的问题。满洲方面要求上述水电站将其一半的电力供应给满洲。中国在该水电站建设中投,topic,1946 年政治协商会议,,,中国共产党,上海; 香港; 满洲; 天津,25
296,1949,1949-07-07,北平接触与民盟人士沟通,该同盟在重庆、南京、上海、北平以及海外设有支部，约有200名成员。 1945年，在我党提出建立联合政府的口号以及国民党第六次全国代表大会召开后，该联合会正式公开。,topic,1946 年政治协商会议,罗隆基; 张澜; 黄炎培; 章伯钧; 张东荪; 蒋介石,政协; 马歇尔调处; 北平接触; 联合政府; 民盟,中国民主同盟; 国民党; 中国共产党; 政治协商会议,北平; 南京; 重庆; 上海; 香港,85
297,1949,1949-07-18,Liu Shaoqi about his meeting with Stalin,**档案来源：** **国际史解密项目** **1949年7月18日** **刘少奇致毛泽东电** **引文：** 『刘少奇致毛泽东电』，1949年7月18日，历史与公共政策项目数字档案，源自《建国以来刘少奇文稿》第一册（北京：中央文献出版社，2005年），第30-37页。由戴维·沃尔夫为CWIHP翻译。 **摘要：** 成立了一个委员会，负责起草苏联向中国提供贷款的初步草案。斯大林会见了中共代表,topic,1946 年政治协商会议,,,中国共产党,北平,25
298,1949,1949-07-18,Liu Shaoqi about his meeting with Stalin,**关于斯大林与中国共产党代表团会谈情况的电报（1949年7月18日）** 致中央，毛主席： 一、在我们向苏共中央斯大林提交了书面报告及其他一些材料后，7月11日晚10时，苏共中央政治局在克里姆林宫举行会议。我们[刘少奇、高岗、王稼祥]和科瓦廖夫出席，师哲担任翻译。[其他与会者包括]斯大林、莫洛托夫、马林科夫、[拉夫连季]贝利亚、米高扬、[拉扎尔]卡冈诺维奇、[尼古拉]布尔加宁、[尼古拉]什维尔尼,topic,1946 年政治协商会议,,,中国共产党,,25
299,1949,1949-07-18,Liu Shaoqi about his meeting with Stalin,企业，因此在希特勒战败后，所有这些国家关注的焦点都是它们的企业，而不是它们自身。但中国的民族资产阶级则不同。他们在战争期间没有向日本投降。因此，他们也不必随日军撤退。日本战败后，这部分群体中的一部分人支持蒋介石，以获取美国的承认和支持。但《中美友好通商航海条约》极其不公平，是对中国民族资产阶级的一次重大打击，使其在贸易和航运两方面都陷入了依附地位。因此，中国民族资产阶级反对美国和蒋介石，反对美蒋关,topic,1946 年政治协商会议,蒋介石,,中国共产党,,25
300,1949,1949-07-18,Liu Shaoqi about his meeting with Stalin,您目前关于在执行中央集权主义时避免过激行为的观点是正确的。也就是说，在地方政府服从中央政府的前提下，没有必要实施过度的中央集权主义。但斯大林非常关注地方与中央政府之间可能出现的分裂问题。此外，在报告中我们没有提及买办资产阶级，因此斯大林询问官僚资本中是否包含或不包含买办资本。他似乎非常注意不要将买办资产阶级与[中国]民族资产阶级混淆。 c. 关于外交政策问题 斯大林认为我们在报告中提出的外交政策原,topic,1946 年政治协商会议,蒋介石,,国民党; 中国共产党,,25
301,1949,1949-07-18,Liu Shaoqi about his meeting with Stalin,可以考虑从旅顺撤军。如果中国共产党认为有必要让苏军立即撤离旅顺，以便在政治领域为中共提供更大的回旋余地，苏军现在就可以从旅顺和大连（旅大）撤出。斯大林认为，我们报告中提出的处理中苏条约的三种初步方案（原封不动继承条约、签署新条约或宣布稍后将签署新条约）均无必要。他说，等毛泽东来莫斯科再解决此事。关于中国与东欧国家的关系，斯大林说：你们可以与所有东欧国家进行谈判。我们可以提供帮助，但最好由你们直接谈,topic,1946 年政治协商会议,,,中国共产党,,25
302,1949,1949-07-18,Liu Shaoqi about his meeting with Stalin,**II. 关于管理干部。** 斯大林说：这是件好事。虽然有困难，但我们能做到。 **4.** 斯大林本人提出了修建一条从外蒙古的呼伦[贝尔]地区到张家口的铁路的问题（因为有人在安德烈耶夫访问西柏坡时提出了这个想法）。他说，这是件好事，我们可以做到。我们问：能否修建一条从陕西经新疆到苏联的铁路？斯大林说：那太长了。不如先建一条输油管道，其成本不到铁路的三分之一。斯大林还说：如果你们有茶叶、桐油、大,topic,1946 年政治协商会议,,,,,25
303,1949,1949-07-18,Liu Shaoqi about his meeting with Stalin,马歇尔计划已经破产。,topic,1946 年政治协商会议,马歇尔,马歇尔调处,,,25
304,1949,1949-07-27,Memorandum of Conversation between Liu Shaoqi and Stalin,**1949年 讲话/文件** **标题：刘少奇与斯大林会谈备忘录** **作者：** **日期：1949年7月27日** **来源：**《建国以来刘少奇文稿》（中共中央文献研究室与中央档案馆合编）第1卷（北京，2005年），第40-41页。由David Wolff自中文译出。发表于CWIHP《公报》第16期 **描述：** 斯大林、布尔加宁和维辛斯基为一方，刘少奇、高岗和王稼祥为另一方，讨论中国,topic,1946 年政治协商会议,周恩来; 蒋介石,,国民党; 中国共产党,北平; 重庆,25
305,1949,1949-07-27,北平接触与民盟人士沟通,斯大林立即意识到高岗的言论并未获得北平方面的授权，便与高岗划清了界限。,topic,1946 年政治协商会议,,北平接触,国民党; 中国共产党,北平; 满洲,40
306,1949,1949-08-10,北平接触与民盟人士沟通,**中央情报局报告** **信息来源：外国文件或无线电广播** **国家：** 中共控制区 **信息日期：** 1949年 **主题：** 人物志——中国左翼人士 **出版形式：** 日报 **出版地点：** 香港 **页数：** 4 **出版日期：** 1949年5月20日 **语言：** 中文 **本文件包含影响国家防务的信息** **此为未经评估的信息** **来源：** 《华商报》 **新,topic,1946 年政治协商会议,罗隆基; 张澜; 沈钧儒; 黄炎培; 章伯钧; 史良; 张东荪; 周恩来,政协; 北平接触; 民盟,中国民主同盟; 国民党; 中国共产党; 政治协商会议,北平; 上海; 香港,85
307,1949,1949-10-31,CIA Reading Room cia-rdp82-00457r003600570008-6: CURRENT NEWSPAPERS IN SHANGHAI,《文汇报》，与中国民主同盟有关联；发行人：徐铸成。,topic,1946 年政治协商会议,,政协; 民盟,中国民主同盟; 中国共产党; 政治协商会议,上海,55
308,1949,1949-11-10,北平接触与民盟人士沟通,今年夏天刘少奇率领中国代表团赴莫斯科时，毛泽东本人曾想亲自率团，但当时中共领导层刚刚抵达北平，政府尚未组建，大量组织工作亟待处理，若无毛泽东则无法进行，故其留在了北平。,topic,1946 年政治协商会议,周恩来,北平接触,国民党; 中国共产党,北平; 南京; 满洲,40
309,1949,1949-12-16,Record of conversation between Stalin and Mao Zedong,"**档案编号：** APRF, f. 45, op. 1, d. 329, ll. 9-17 **日期：** 1949年12月16日 **主题：** 斯大林与中华人民共和国中央人民政府主席毛泽东会谈记录（1949年12月16日） **引文：** 『Record of Conversation between I.V. Stalin and Chairman of the Central Peopl",topic,1946 年政治协商会议,,,,,25
310,1949,1949-12-16,Record of conversation between Stalin and Mao Zedong,[密级涂黑处： 加盖“非机密”章] **苏联部长会议主席斯大林同志与中华人民共和国中央人民政府主席毛泽东会谈记录** **1949年12月16日** 互致问候并讨论一般性问题后，进行了如下谈话。 **毛泽东同志：** 当前最重要的问题是确立和平。中国需要3至5年的和平时期，用以将经济恢复到战前水平，并实现国家的总体稳定。中国重大问题的决策，都取决于和平前景如何。有鉴于此，中共中央委托我向您，斯大林,topic,1946 年政治协商会议,,,中国共产党,满洲,25
311,1949,1949-12-16,Record of conversation between Stalin and Mao Zedong,反对帝国主义侵略。此外，中长铁路也是为中国培养铁路和工业干部的学校。 斯大林同志：撤军并不意味着苏联拒绝援助中国，如果中国需要这种援助的话。事实上，作为共产党人，我们对于在外国领土上驻扎军队，尤其是在友好国家的领土上，感到并不完全自在。在这种情况下，任何人都可以说，如果苏联军队可以驻扎在中国领土上，那么，举例来说，为什么英国军队不能驻扎在香港，或者美国军队不能驻扎在东京呢？ 如果经双方同意，苏联军,topic,1946 年政治协商会议,周恩来; 蒋介石,,国民党; 中国共产党,香港,25
312,1949,1949-12-16,Record of conversation between Stalin and Mao Zedong,毛泽东同志：我们非常希望得到苏联的援助，以建立空中运输航线。 斯大林同志：我们愿意提供此类援助。可以通过新疆和蒙古人民共和国建立航线。我们有专家，会给予你们援助。 毛泽东同志：我们还希望得到贵方援助，以建立一支海军力量。 斯大林同志：中国海军的干部可以在旅顺口培养。你们提供人员，我们提供舰船。经过培训的中国海军干部随后可以乘坐这些舰船返回中国。 毛泽东同志：国民党的支持者在台湾岛上建立了一个海空军,topic,1946 年政治协商会议,,,国民党,上海; 香港,25
313,1949,1949-12-16,Record of conversation between Stalin and Mao Zedong,毛泽东同志：中国的民族资产阶级以及我们迄今尚未触及的外国企业。至于外国人的势力范围，英国在经济和商业领域的投资占主导地位，而美国在文化教育机构领域领先。 斯大林同志：日本企业的情况如何？ 毛泽东同志：已被国有化。 斯大林同志：海关机构掌握在谁手中？ 毛泽东同志：在政府手中。 斯大林同志：必须重点关注海关机构，因为它通常是政府财政收入的重要来源。 毛泽东同志：在军事和政治领域，我们已经取得完全成功；,topic,1946 年政治协商会议,,,,上海; 成都,25
314,1949,1949-12-16,Record of conversation between Stalin and Mao Zedong,毛泽东同志：我正在审阅各地出版社出版的我那些著作，其中存在大量错误和歪曲之处。我计划在1950年春季前完成这项审阅工作。不过，我希望得到苏联同志的帮助：首先，与俄文翻译人员一起处理文本；其次，在编辑中文原稿方面获得协助。 斯大林同志：这可以办到。不过，您的著作是否需要编辑？ 毛泽东同志：是的，我请您挑选一位适合此项工作的同志，例如，从联共（布）中央委员会中选一位。 斯大林同志：如果确实有此需要，可,topic,1946 年政治协商会议,,,中国共产党,,25
315,1949,1949-12-16,Record of conversation between Stalin and Mao Zedong,--- page break ---,topic,1946 年政治协商会议,,,,,25
316,1949,1949-12-16,Record of conversation between Stalin and Mao Zedong,--- page break ---,topic,1946 年政治协商会议,,,,,25
317,1949,1949-12-16,Record of conversation between Stalin and Mao Zedong,--- page break ---,topic,1946 年政治协商会议,,,,,25
318,1949,1949-12-16,Record of conversation between Stalin and Mao Zedong,抱歉，您似乎只提供了“--- page break ---”这一行，没有提供需要翻译的英文档案正文。请提供完整的英文档案内容，我将严格按照您的要求进行学术级中文翻译。,topic,1946 年政治协商会议,,,,,25
319,1949,1949-12-16,Record of conversation between Stalin and Mao Zedong,--- page break ---,topic,1946 年政治协商会议,,,,,25
320,1949,1949-12-18,Telegram Mao Zedong to Liu Shaoqi about meeting with Stalin,**1949年 讲话/文件** **标题：致刘少奇电** **作者：毛泽东** **日期：1949年12月18日** **来源：** 参见裴坚章等编，《中华人民共和国外交史》（北京：世界知识出版社，1994年），第17-18页。 **内容描述：** （1）我于16日抵达莫斯科，当晚10时（北京时间）与斯大林会晤两小时。他的态度十分诚恳。所涉及的问题包括和平前景、条约、贷款、台湾以及我的选集出版事宜,topic,1946 年政治协商会议,周恩来,,国民党,北平,25
321,1949,1949-12-20,北平接触与民盟人士沟通,**中央情报局 · 情报报告** （机密 / 管制 — 仅供美方官员） **国家：** 中国 **主题：** 罗隆基（Lo Lung-chi） **分发日期：** 1949 年 12 月 20 日 **页数：** 1 中国民主同盟领导人罗隆基（1896-1965，清华大学政治学博士、民盟宣传委员会主任）写道，他实际上已沦为北平的一名囚徒。 > 译注：本报告是 CIA 收到的关于罗隆基政治处境的早期,topic,1946 年政治协商会议,罗隆基; 张澜,政协; 北平接触; 民盟,中国民主同盟; 政治协商会议,北平; 上海,85
322,1949,1949-12-24,"Report, Kovalev to Stalin",**档案标题：** 科瓦廖夫致斯大林的报告 **日期：** 1949年12月24日 **引文：** 『科瓦廖夫致斯大林的报告』，1949年12月24日，历史与公共政策项目数字档案，来源：俄罗斯联邦总统档案馆（APRF）：全宗3，目录65，案卷584，第123-144页。转载自安德烈·列多夫斯基、赖莎·米罗维茨卡娅、弗拉基米尔·米亚斯尼科夫编，《苏中关系》，第5卷，第2册，1946年-1950年2月,topic,1946 年政治协商会议,,,中国共产党,,25
323,1949,1949-12-24,"Report, Kovalev to Stalin","致斯大林同志 现就中国共产党中央委员会若干政策与实践问题向您报告。 1. 国家经济形势若干数据。 您曾建议中国同志""特别注意恢复和发展民族工业，包括民族资产阶级手中的工业""。 应当指出，除满洲外，这方面尚未取得实质性成果，国家正面临严重经济困难。 主要工业部门的生产规模仍远低于最高产量年份的水平。例如，1949年煤炭产量仅为3350万吨，而最高产量年份（1942年）为5870万吨，即仅达57%。 ",topic,1946 年政治协商会议,,,中国共产党,上海; 满洲,25
324,1949,1949-12-24,"Report, Kovalev to Stalin","铁路运输方面的情况有所改善，1949 年共修复铁路约 2,650 公里、桥梁 1,355 座（总长 13,550 米），这使得华北、华中及华南铁路沿线（总长 9,700 公里）得以恢复列车运行，人民解放军最重要进军路线上的交通得以恢复，中国北方地区与华中、华南地区也得以连接。 批发与零售贸易，除满洲地区外，几乎完全掌握在私商手中，这使国家无法对市场状况及市场价格施加任何影响，导致部分商品（尤其是粮",topic,1946 年政治协商会议,,,国民党,满洲,25
325,1949,1949-12-24,"Report, Kovalev to Stalin",目前未采取任何措施来调节货币流通。大规模发行货币仍在继续。截至1949年11月1日，流通中的人民银行（People's Bank of China）纸币为14010亿元，东北银行（Bank of the Northeast）纸币为9972亿元；仅1949年10月，就发行了664亿元的人民银行纸币和1120亿元的东北银行纸币。1949年11月，货币发行量同样巨大。 为弥补预算赤字而发行的货币导致流通,topic,1946 年政治协商会议,,,,北平; 天津,25
326,1949,1949-12-24,"Report, Kovalev to Stalin",2. 关于工人阶级 您在 1949 年 1 月曾建议“争取中国工人阶级的大多数站到中共一边”，并特别强调必须“加强在中国工人阶级中的政治工作，并创造物质及其他条件，使工人阶级感到自己是统治阶级并掌握政权”。 自那时起，中共中央在这一方向上并未采取任何根本性措施。 工人的处境仅在满洲境内的部分国营企业、铁路运输、矿山和冶金工厂中有所改善。 在其他地区，工人阶级虽因蒋介石政权的覆灭而获得了政治自由，但,topic,1946 年政治协商会议,蒋介石,政协,国民党; 中国共产党; 政治协商会议,满洲,40
327,1949,1949-12-24,"Report, Kovalev to Stalin",“在农村进行革命，担心将农民卷入革命会破坏统一的反帝阵线。同志们，这是最深的错觉。农民越早、越彻底地参与革命，反帝阵线就会越强大、越有力。” 中国共产党多年来一直依靠农民作为主力军，以此创建了人民解放军，并作为军队物资供应的来源，但同时，在农村开展革命活动时却表现出犹豫不决和畏首畏尾。 截至目前，土地改革仅在满洲领土以及华北一些长期解放的地区进行，涉及人口略超过1亿。 在其他地区，不仅土地改革未能,topic,1946 年政治协商会议,,,中国共产党,满洲,25
328,1949,1949-12-24,"Report, Kovalev to Stalin",根据中共中央的数据，全体党员的80%由农民构成。在华东地区，34835个党支部中仅有414个是工厂党支部。在华北地区，党员中工人仅占4.1%，农民占85%。仅山东省党组织中就有超过一万名地主、富农和商人。 就党龄而言，超过一半的中共党员是在日本战败投降后加入的青年共产主义者。在华北地区，54%的党员是在1946年后入党的。 大多数中共党员的总体文化水平极低。在华北地区，60.9%的党员完全是文盲，,topic,1946 年政治协商会议,周恩来,,中国共产党,北平; 满洲,25
329,1949,1949-12-24,"Report, Kovalev to Stalin",” 1949年9月，政治协商会议组建了中央人民政府，这实际上是一个由各民主党派和团体组成的联合政府。,topic,1946 年政治协商会议,,政协; 联合政府,国民党; 中国共产党; 政治协商会议; 美国国务院,,40
330,1949,1949-12-24,"Report, Kovalev to Stalin",中国民主同盟代表领导：交通部、司法部、最高人民法院、出版总署。,topic,1946 年政治协商会议,,民盟,中国民主同盟; 国民党; 中国共产党,,40
331,1949,1949-12-24,"Report, Kovalev to Stalin",您建议暂时不要裁减军队规模。您的这一建议已由中共中央执行。目前，人民解放军已大幅扩充，官兵总数约达600万人。 然而，应当指出，人民解放军中相当一部分官兵是前国民党军人，他们或是被俘，或是成建制地自愿站到了人民解放军一边。 例如，在陈毅和刘伯承将军所属的一些部队中，前国民党军人的比例高达70-80%。同时，这些前国民党军人并未被分散编入人民解放军久经考验的骨干部队，而是几乎以被俘时的原有建制保留在,topic,1946 年政治协商会议,,,国民党; 中国共产党,,25
332,1949,1949-12-24,"Report, Kovalev to Stalin",9. 关于对民族资产阶级的态度。 您曾建议中国共产党人“不要排斥民族资产阶级，而应将其作为能够协助与帝国主义斗争的力量，吸引其进行合作。建议鼓励民族资产阶级在中国国内外的贸易活动。” 中共中央在其活动中广泛贯彻了您的这一建议。然而，相当一部分民族资产阶级以谨慎的态度看待新政府的活动，并对其在政治协商会议上所宣布的权利是否会受到侵犯表示怀疑，在将资本投入工商业时表现出谨慎，担心国有化。这体现在部分减,topic,1946 年政治协商会议,,政协,中国共产党; 政治协商会议,北平; 上海,40
333,1949,1949-12-24,"Report, Kovalev to Stalin",**关于向中国民族企业提供的电能价格，对外资工商企业的价格则保持不变。** **11. 关于阶级斗争** 对于革命事业和中国共产党而言，一个严重的危险隐藏在某些党员中近来流行的观点之中，即认为随着前线的全面胜利，阶级斗争不会消亡，因为新政府将吸引全国各阶层人民（包括民族资产阶级）进行经济合作。 刘少奇尤其持有这种观点。实际上，许多事实都表明，所有领域的阶级斗争都突然激化了。 目前，阶级斗争在经济战,topic,1946 年政治协商会议,,政协,中国共产党; 政治协商会议,北平; 天津,40
334,1949,1949-12-24,"Report, Kovalev to Stalin",最后，就在最近，毛泽东前往莫斯科途中，在天津车站逮捕了数人，在其行李中发现了炸弹及其他爆炸物。 12. 关于外交政策，您曾建议新政府不应拒绝与资本主义国家（包括美国）建立外交关系，前提是这些国家正式放弃对蒋介石及整个国民党政权的军事、经济和政治支持。 尽管英国和美国积极支持并[继续]支持蒋介石，但中共中央领导层直至1949年11月仍抱有幻想，认为这些国家会迅速承认中华人民共和国。 作为这种情绪的反,topic,1946 年政治协商会议,周恩来; 蒋介石,,国民党; 中国共产党,上海; 天津,25
335,1949,1949/03/05 ~ 1949/03/05,蒋中正接见吴忠信等资政谈话检讨外交之经过与得失认为此次失败以外交失败为总因而我国之失败俄共之胜利即为美国根本失败但美国迄未觉悟另研究共匪企图召开所谓扩大新政治协商会议…,蒋中正接见吴忠信等资政谈话检讨外交之经过与得失认为此次失败以外交失败为总因而我国之失败俄共之胜利即为美国根本失败但美国迄未觉悟另研究共匪企图召开所谓扩大新政治协商会议…,topic,1946 年政治协商会议,,政协,政治协商会议,,20
336,1950,1950-01-29,OFFICIALS OF THE EAST CHINA MILITARY AND POLITICAL COUNCIL,**机密** **中央情报局报告** 信息来源：外国文件或无线电广播 国家：共产党中国 信息日期：1949年 主题：政治 - 传记 出版方式：日报 分发日期：1950年8月 出版地点：香港 页数：约4页 出版日期：1949年12月6日 语言：中文 报告编号： 本报告为未经评估的信息 来源：《文汇报》 **华东军政委员会官员名单** **主席** 饶漱石 **副主席** 曾山 粟裕 马寅初 颜惠庆 ,topic,1946 年政治协商会议,,政协; 民盟,中国民主同盟; 国民党; 中国共产党; 政治协商会议,南京; 上海; 香港,55
337,1950,1950-03-22,北平接触与民盟人士沟通,**中国人民政治协商会议全国委员会** 该机构在全国政协闭会期间作为其常设委员会，负责监督政协决议的执行，向中央人民政府提出建议，协助政府动员人民参与国家建设，并指导统一战线工作。 同时，它负责筹备并召集下一届政协全体会议。,topic,1946 年政治协商会议,罗隆基; 张澜; 沈钧儒; 黄炎培; 章伯钧; 史良; 张东荪; 周恩来,政协; 北平接触; 民盟,中国民主同盟; 国民党; 中国共产党; 政治协商会议,北平; 南京; 上海; 香港; 天津,65
338,1950,1950-05-22,北平接触与民盟人士沟通,7 日期：1950年5月 主题：中国人民政治协商会议代表抵达广州 国家：中国/未说明 页数：1 附件数量：（见下文） 补充报告编号： 本报告未经评估 尽管以下人员并非全部是1949年9月北平中国人民政治协商会议（CPPCC）的正式指定代表，但他们很可能均出席了会议。 他们于1950年1月20日从北平抵达广州。,topic,1946 年政治协商会议,,政协; 北平接触; 民盟,中国民主同盟; 国民党; 中国共产党; 政治协商会议,北平,75
339,1950,1950-07-12,LEADING MEMBERS OF THE CHINA DEMOCRATIC LEAGUE,**中央情报局报告** **国家：** 中国 **主题：** 中国民主同盟主要成员 **情报日期：** V **分发日期：** 7月30日 **页数：** 5 **附件数：** （见下文） **报告编号补充：** 53 **本报告为未经评估的情报** **来源：** X 在1950年1月21日和28日举行的民盟中央常务委员会会议期间，任命了以下新的委员会成员： **a. 天津支部：** 主席：孟秋,topic,1946 年政治协商会议,章伯钧,政协; 民盟,中国民主同盟; 中国共产党; 政治协商会议,南京; 上海; 香港; 天津,75
340,1950,1950-07-12,CIA Reading Room cia-rdp82-00457r005200480001-5: LEADING MEMBERS OF THE CHINA DEMOCRATIC LEAGUE,**机密** 中央情报局报告编号：无 情报报告 机密 编号：536 国家：中国 分发日期：1950年7月12日 主题：中国民主同盟主要领导人 页数：5 获取地点：（见下文） 附件数量：（见下文） 情报日期： 报告编号补充： 本文件所含情报涉及美国国家防御，依据美国法典第18编第793、794节的规定，未经授权泄露将受到刑事处罚。 在1950年1月21日和28日的民盟中央常务委员会会议上，任命了以下,topic,1946 年政治协商会议,章伯钧,政协; 民盟,中国民主同盟; 中国共产党; 政治协商会议,南京; 上海; 香港; 天津,55
341,1950,1950-11-09,北平接触与民盟人士沟通,"**中央情报局 · 情报报告** **国家：** 中国 **主题：** 非中共政党在北平的角色 **分发日期：** 1950 年 11 月 9 日 **页数：** 2 （本文件包含涉及美国国防安全的信息，受《间谍法》美国法典第 31 及 32 条及其修正案约束。 北平绝大多数知名自由派人士分属众多小党派之一，其中多数隶属于**中国民主同盟（China Democratic League, CDL，",topic,1946 年政治协商会议,黄炎培; 周恩来,政协; 北平接触; 民盟,中国民主同盟; 国民党; 中国共产党; 政治协商会议,北平,75
366,1946,31 January 1946,围绕政协决议和政府改组的调处,马歇尔使团档案，第54-D270卷：电报〔文件41〕 马歇尔将军致杜鲁门总统 重庆，1946年1月31日。 周将军说，共产党中央执行委员会确认了他在政协中的谈判；他们认为政府扩大本来还可以走得更远，但总体上对各项协议感到满意，因为这些协议打开了中国民主化的大门。,topic,1946 年政治协商会议,周恩来; 马歇尔; 蒋介石,政协; 马歇尔调处; 民盟,中国民主同盟; 国民政府; 国民党; 中国共产党; 青年党; 政治协商会议; 行政院; 国民大会,重庆; 延安,70
367,1946,31 January 1946,围绕政协决议和政府改组的调处,周将军离开后，政府方面的军事代表要求我就军队国家化问题举行最后一次会议。委员长最后的迟疑已经消除，并同意采取以下程序：我已告诉周将军，政府方面已向我说明其提案的大体条件，而我也有自己的看法。如果政治协商会议的事务允许，他计划明天同我讨论此事。随后，我将把他的同意点、反对意见和建议向政府代表概述，并视情况决定我的方案应作何种修改。然后将安排一次正式会议，由两名中国委员交换意见。第一次会议后，我将按需,topic,1946 年政治协商会议,周恩来; 马歇尔; 蒋介石,政协; 马歇尔调处,中国共产党; 政治协商会议; 美国国务院,重庆,60
368,1946,5 June 1946,General Marshall to President Truman,此外，还与宋子文博士、中国民主同盟代表、青年党代表、国民大会五百名代表组成的委员会以及其他各方举行了长时间会议。,topic,1946 年政治协商会议,周恩来; 马歇尔; 蒋介石,马歇尔调处; 民盟,中国民主同盟; 中国共产党; 青年党; 国民大会,延安; 满洲,40
369,1946,8 November 1946,围绕政协决议和政府改组的调处,马歇尔使团档案，第54-D270卷〔文件251〕 马歇尔将军和司徒雷登大使为蒋介石委员长起草的第二份声明稿 〔南京，〕1946年11月8日。 然而，共产党和民主同盟拒绝提交其代表名单。,topic,1946 年政治协商会议,马歇尔; 司徒雷登; 蒋介石,政协; 马歇尔调处; 民盟,中国民主同盟; 国民政府; 中国共产党; 政治协商会议; 国民大会,南京; 满洲,70
370,1946,8 November 1946,围绕政协决议和政府改组的调处,马歇尔使团文件，编号 Lot 54–D270 [文件第252号] 马歇尔将军关于与蒋介石委员长数次会谈的备忘录 [南京，]1946年11月8日。 委员长询问我的看法，我详细描述了前一天上午我与三位中国民主同盟主要领导人的会面情况，[75] 他们正就次日三方（政府、共产党和第三方面）举行非正式会议进行一般性讨论一事向我征求意见。,topic,1946 年政治协商会议,周恩来; 马歇尔; 司徒雷登; 蒋介石,政协; 马歇尔调处; 第三方面; 民盟,中国民主同盟; 国民党; 中国共产党; 政治协商会议; 国民大会,南京,70
371,1946,8 October 1946,围绕政协决议和政府改组的调处,马歇尔使团档案，Lot 54-D270〔文件166〕马歇尔将军和司徒雷登大使公开声明。 10月1日上午，马歇尔将军经共产党代表王炳南先生之手，收到周恩来将军9月30日自上海发来的一份备忘录。,topic,1946 年政治协商会议,周恩来; 马歇尔; 司徒雷登; 蒋介石,政协; 马歇尔调处; 民盟,中国民主同盟; 国民政府; 国民党; 中国共产党; 政治协商会议; 国民大会,南京; 上海; 延安,70
372,1946,"April 10, 1946",围绕政协决议和政府改组的调处,民盟代表已提出调停，政治协商会议中国民党和共产党全体代表将于今晚同民盟代表会面（不包括青年党和无党派团体），试图解决分歧。 中国共产党人似乎确信委员长怀有这种意图；民盟对此也只是稍微不那么确信。,topic,1946 年政治协商会议,马歇尔; 蒋介石,政协; 马歇尔调处; 民盟,中国民主同盟; 国民党; 中国共产党; 青年党; 政治协商会议; 美国国务院; 美国驻华使馆,重庆; 延安; 满洲,70
373,1947,"April 14, 1947",第三方面在国共之间寻求政治空间,昨晚关于中国局势的一次谈话中，民主同盟秘书长罗隆基先生表达了以下意见： 他开场说，民主同盟主张自由主义的中间路线政策，因此既反对国民党，也反对共产党；不过，当前政治需要迫使它采取一种主要支持共产党立场的行动路线。 民盟认为，政协协议是中国自由的《大宪章》；国民党故意违反了这些协议（如果它确实曾有遵守意图的话）；因此，共产党要求废除1946年12月国民大会单方面颁布的宪法，在法律上是正确的。,topic,1946 年政治协商会议,罗隆基,政协; 第三方面; 联合政府; 民盟,中国民主同盟; 国民党; 中国共产党; 政治协商会议; 美国国务院; 美国驻华使馆; 国民大会,南京; 满洲,80
374,1946,"April 18, 1946",围绕政协决议和政府改组的调处,马歇尔使团档案，第54-D270卷〔文件55〕 驻华大使馆二等秘书（卢登）致马歇尔将军备忘录 〔重庆，〕1946年4月18日。 自3月16日以来，共产党，并在稍弱程度上民主同盟，持续质疑国民党批准政治协商会议协议的有效性和诚意。,topic,1946 年政治协商会议,马歇尔; 蒋介石,政协; 马歇尔调处; 民盟,中国民主同盟; 国民政府; 国民党; 中国共产党; 政治协商会议; 美国驻华使馆; 国民大会,南京; 重庆; 延安; 满洲,70
375,1946,"April 20, 1946",The Counselor of Embassy in China (Smyth) to the Secretary of State,其他报道事项包括：王若飞、邓发、叶挺及其他著名共产党领导人在飞机失事中遇难后收到的唁电；据称由国民党反动派在沈阳组织、反对东北调停的学生示威；关于民主同盟领导人评论的长篇报道，称东北是国内问题而非外交问题，应通过执行政协决议以政治方式解决；据报辽宁又成立若干民主政府；以及中共东北政治局发布一项指示，意在东北发动大规模生产运动。,topic,1946 年政治协商会议,,政协; 民盟,中国民主同盟; 国民党; 中国共产党; 政治协商会议; 美国国务院; 美国驻华使馆,重庆; 延安; 沈阳; 满洲; 天津,50
376,1946,"April 21, 1946",围绕政协决议和政府改组的调处,马歇尔使团档案，第54-D270卷〔文件58〕 中国新闻部就中国共产党1946年4月21日声明所拟备忘录 1946年4月21日。 关于共产党指称政府违反《停止敌对行动协定》以及《军事整编和共产党部队编入国军方案》一事，马歇尔将军完全熟悉执行这些协议的一切事实，因此无需多言。,topic,1946 年政治协商会议,马歇尔,政协; 马歇尔调处; 民盟,中国民主同盟; 国民政府; 国民党; 中国共产党; 青年党; 政治协商会议; 行政院; 国民大会,,70
377,1945,"April 3, 1945",Memorandum Concerning United States Post-War Military Policies With Respect to China,740.00119 P. W./5–2945 [文件48] 关于美国对华战后军事政策的备忘录 1945年4月3日（国务院文件，日期为1945年4月3日） 问题 1. 确立美国对战后中国的政策，以决定美国对华战后军事政策的性质，例如协助中国建立一支有效的空军。 讨论 2. 美国对华的长期目标与政策。美国政府对华的长期政策基于一个需求：使中国成为远东地区的主要稳定因素，作为该地区和平与安全的基本条件。,topic,1946 年政治协商会议,蒋介石,,国民政府; 国民党; 美国国务院; 国民大会,,0
378,1945,"April 30, 1945",The Ambassador in China (Hurley) to the Secretary of State,较著名的非国民党成员包括毛泽东、周恩来、邓颖超（周恩来夫人）、林祖涵、董必武（共产党）；李璜、左舜生（青年党）；张君劢、张澜（国家社会党）；以及于斌主教、胡适、晏阳初（无党派）。,topic,1946 年政治协商会议,张澜; 张君劢; 周恩来,,国民党; 中国共产党; 青年党; 美国国务院; 国民大会,重庆,10
379,1946,"April 9, 1946",The Counselor of Embassy in China (Smyth) to the Secretary of State,民盟代表现在的提议是：如果立法院不赞同行政院的某项决定，可以三分之二多数要求总统解散行政院或改组行政院；如总统拒绝照办，立法院可再以四分之三多数提出同样要求，此时总统必须按立法院的意思行事。 但此一名称上的变动并未改变基本问题：共产党和民盟主张，只要不违背国家宪法，省自治法不应由中央核准；国民党则坚持中央应有核准之权、立法院亦可对之进行修改，仅愿意让步至中央政府的行政命令不得变更省自治法。,topic,1946 年政治协商会议,,政协; 民盟,中国民主同盟; 国民政府; 国民党; 中国共产党; 青年党; 政治协商会议; 美国国务院; 美国驻华使馆; 行政院; 国民大会,南京; 重庆; 满洲,70
380,1946,"April 9, 1946",The Counselor of Embassy in China (Smyth) to the Secretary of State,There is no reason to be overly optimistic that decisions of PCC steering committee will be supported without additional reservations by the two major parties. Smyth 29 District unit of government.,topic,1946 年政治协商会议,,政协,政治协商会议; 美国驻华使馆,,60
381,1946,"August 10, 1946",围绕政协决议和政府改组的调处,马歇尔使团文件，编号 Lot 54–D270 [文件第748号] 马歇尔将军、周恩来将军与司徒雷登博士会谈纪要 地点：南京宁海路5号 时间：1946年8月10日上午10时40分 周恩来将军：关于谈判事宜，昨日司徒雷登博士向我通报了当前局势。 如果委员长提出的要求——即共产党从陇海铁路以南的苏北地区、山东、山西、热河各省以及东北，加上北平-天津-山海关铁路沿线邻近区域撤出——不被共产党接受，那么战火,topic,1946 年政治协商会议,周恩来; 马歇尔; 司徒雷登; 蒋介石,政协; 马歇尔调处; 北平接触; 民盟,中国民主同盟; 国民政府; 国民党; 中国共产党; 政治协商会议; 国民大会,北平; 南京; 上海; 满洲; 天津; 牯岭,70
382,1946,"August 22, 1946",围绕政协决议和政府改组的调处,马歇尔使团档案，Lot 54-D270〔文件34〕马歇尔将军与宋子文博士会谈纪要，南京宁海路5号，1946年8月22日上午10时。 马歇尔将军说，司徒雷登博士曾同周将军会谈，讨论司徒雷登博士关于国务委员会代表名额的原始提案。,topic,1946 年政治协商会议,周恩来; 马歇尔; 司徒雷登; 蒋介石,政协; 马歇尔调处,国民政府; 中国共产党; 政治协商会议; 行政院,南京,55
383,1946,"August 27, 1946",围绕政协决议和政府改组的调处,马歇尔使团档案，Lot 54-D270〔文件46〕 马歇尔将军与蒋介石在牯岭会谈纪要 牯岭，1946年8月27日中午。 随后他提到周恩来将军和民主同盟代表最近发表的公开声明，其大意是要求下令停火并重新召开政治协商会议。,topic,1946 年政治协商会议,周恩来; 马歇尔; 司徒雷登; 蒋介石,政协; 马歇尔调处; 民盟,中国民主同盟; 中国共产党; 政治协商会议,牯岭,70
384,1946,"August 27, 1946",围绕政协决议和政府改组的调处,我告诉委员长，我没有见到、因而也没有研究周将军和民主同盟代表最近发表的公开声明；但在我看来，他们的愿望很可能与其说是重新召开政协，不如说是要求明确承认对政协决议的承诺。 我说，前一个小组为讨论江苏地方政府问题而成立时，周将军坚持，无论达成什么协议，在形式上都应由政协指导委员会确认。,topic,1946 年政治协商会议,周恩来; 马歇尔; 司徒雷登; 蒋介石,政协; 马歇尔调处; 民盟,中国民主同盟; 国民政府; 中国共产党; 青年党; 政治协商会议,南京; 满洲; 天津; 牯岭,75
385,1946,"August 28, 1946",围绕政协决议和政府改组的调处,"马歇尔使团档案, Lot 54–D270 [文件47] 马歇尔将军和俞大维将军在南京宁海路5号的会谈纪要摘录 1946年8月28日 上午9:45 南京 1946年8月28日9:45 余将军：将军指示我与你们讨论最近与将军讨论的一切事宜,以及他最近对宋子文博士的指示. 马歇尔将军（按：原文此处为蒋介石委员长）:将军昨天作了初步发言,似乎解决了一切问题;事实上,这完全符合周将军几个月来作为他的建议所提",topic,1946 年政治协商会议,周恩来; 马歇尔; 司徒雷登; 蒋介石,政协; 马歇尔调处; 民盟,中国民主同盟; 国民政府; 国民党; 中国共产党; 政治协商会议; 美国国务院,南京; 满洲; 牯岭,70
386,1947,"August 29, 1947",围绕政协决议和政府改组的调处,而当前危机则因中国共产党这一具有国际性质的机关而加剧，民主同盟也予以呼应，并听命于莫斯科。 他认为，不幸的是，一场反美运动由共产党成功煽动，民主同盟加以配合，也许还由苏联操纵。,topic,1946 年政治协商会议,马歇尔,政协; 马歇尔调处; 民盟,中国民主同盟; 国民政府; 中国共产党; 政治协商会议; 美国国务院; 美国驻上海总领事馆; 国民大会,南京; 上海; 满洲,70
387,1949,"August 31, 1949",北平接触与民盟人士沟通,00B/8-3149：电报［文件586］驻北平总领事柯乐博致国务卿。 北平，1949年8月31日下午5时。,topic,1946 年政治协商会议,罗隆基; 张东荪; 周恩来,政协; 北平接触,国民党; 中国共产党; 政治协商会议; 美国国务院; 美国驻北平总领事馆,北平; 南京; 上海; 香港; 满洲,25
388,1946,"August 8, 1946",昆明暗杀事件引发的政治压力与外交关注,马歇尔使团档案，第54-D270卷〔文件742〕 蒋介石委员长与马歇尔将军会谈记录 中国牯岭，1946年8月8日下午。 马歇尔将军说，他推迟到今天才返回南京，是为了等待司徒雷登博士从南京星期二晚间同周恩来将军会谈后返回并提交详细报告；司徒雷登在那次会谈中转达了委员长关于停止敌对行动的各项规定。,topic,1946 年政治协商会议,周恩来; 马歇尔; 司徒雷登; 蒋介石,昆明暗杀; 政协; 马歇尔调处; 民盟,中国民主同盟; 国民政府; 国民党; 中国共产党; 政治协商会议; 美国国务院; 美国驻昆明领事馆,昆明; 南京; 满洲; 牯岭,70
389,1946,"December 1, 1946",围绕政协决议和政府改组的调处,马歇尔使团档案，Lot 54-D270［文件303］马歇尔将军与巴特沃思先生会谈纪要，南京马歇尔将军官邸，1946年12月1日上午11时。 马歇尔将军开场说，他将会见委员长，并认为委员长要求此次会见的理由将涉及新宪法，或以新宪法为基础。,topic,1946 年政治协商会议,周恩来; 马歇尔; 司徒雷登; 蒋介石,政协; 马歇尔调处; 民盟,中国民主同盟; 中国共产党; 政治协商会议; 行政院,南京; 延安,50
390,1946,"December 1, 1946",围绕政协决议和政府改组的调处,"马歇尔使团档案, Lot 54–D270 [304号文件] 关于马歇尔将军与蒋介石会晤的说明,南京,1946年12月1日,4–7时85分,南京,1946年12月1日,7时. 我指出,目前我唯一能够实现的是在建立民主形式的政府方面得到共产党合作的希望,是本届大会通过一项符合人民委员会协议的宪法,随后将设立国务院,赋予共产党和民主同盟席位,并真正改组行政袁。",topic,1946 年政治协商会议,马歇尔; 司徒雷登; 蒋介石,政协; 马歇尔调处; 民盟,中国民主同盟; 国民政府; 国民党; 中国共产党; 政治协商会议; 美国国务院; 行政院; 国民大会,南京; 延安; 满洲; 天津,70
391,1946,"December 12, 1946","Notes on Meeting Between General Marshall and General C. P. Lee at No. 5 Ning Hai Road, Nanking, December 12, 1946, 11 a.m.",马歇尔使团档案，第54-D270卷〔文件327〕 马歇尔将军与李宗仁将军会谈记录 南京宁海路5号，1946年12月12日上午11时。 李将军告诉马歇尔将军，有报纸报道说，司徒雷登博士或马歇尔将军将陪同两名政府代表前往延安。,topic,1946 年政治协商会议,罗隆基; 周恩来; 马歇尔; 司徒雷登; 蒋介石,马歇尔调处; 联合政府; 民盟,中国民主同盟; 国民党; 中国共产党; 行政院; 国民大会,南京; 延安,65
392,1946,"December 16, 1946","Notes on Meeting Between General Marshall and Mr. Hon Yeh-chun at No. 5 Ning Hai Road, Nanking, December 16, 1946, 10:45 a.m.",马歇尔使团档案，Lot 54-D270〔文件332〕马歇尔将军与韩叶君先生会谈记录，南京宁海路5号，1946年12月16日上午10时45分。 马歇尔将军阅读了侯先生提交的中国民主党备忘录。,topic,1946 年政治协商会议,张君劢; 马歇尔; 蒋介石,马歇尔调处; 民盟,中国民主同盟; 国民政府; 国民党; 中国共产党; 青年党; 美国国务院; 国民大会,南京,55
393,1946,"December 18, 1946",围绕政协决议和政府改组的调处,马歇尔使团档案，Lot 54-D270 [文件334] 马歇尔将军与罗隆基博士会谈纪要 地点：南京宁海路5号 时间：1946年12月18日上午10时 罗隆基博士说，他明天将前往上海，民主同盟将在那里召开会议，以规划今后的党务活动。 他问马歇尔将军能否给民主同盟一些建议。,topic,1946 年政治协商会议,罗隆基; 周恩来; 马歇尔; 司徒雷登,政协; 马歇尔调处; 联合政府; 民盟,中国民主同盟; 国民政府; 国民党; 中国共产党; 政治协商会议; 行政院; 国民大会,南京; 上海; 延安; 满洲,80
394,1946,"December 18, 1946","Minutes of Meeting Between General Marshall and Dr. Stuart at Dr. Stuart’s Residence, Nanking, December 18, 1946, 11 a.m.",马歇尔使团档案，Lot 54-D270〔文件335〕 马歇尔将军与司徒雷登博士会谈纪要 南京，司徒雷登博士寓所，1946年12月18日上午11时。 司徒雷登博士开场报告说，王炳南先生继续此前关于同一主题的谈话，告诉司徒雷登博士，他认为南京共产党代表团再向延安发电，要求直接回答马歇尔将军最初关于共产党是否希望美国调停的问题，并无益处。,topic,1946 年政治协商会议,罗隆基; 马歇尔; 司徒雷登; 蒋介石,马歇尔调处,国民政府; 中国共产党; 国民大会,南京; 延安,10
395,1946,"December 18, 1946",围绕政协决议和政府改组的调处,马歇尔将军说，这一切使他必须决定，在当前情况下采取何种行动最好。 他认为，眼下几乎唯一能够立即做的事，是尽一切努力确保国民大会通过一部真正民主、符合政协精神的宪法，并使政府改组。,topic,1946 年政治协商会议,马歇尔; 司徒雷登; 蒋介石,政协; 马歇尔调处,中国共产党; 政治协商会议; 国民大会,南京,20
396,1946,"December 18, 1946",北平接触与民盟人士沟通,马歇尔将军问司徒雷登博士，胡霖先生对国民大会有何看法。 司徒雷登博士告诉马歇尔将军，委员长不希望司徒雷登博士在圣诞假期前往北平以前离开，除非司徒雷登已就拟派往延安的政府特别代表团应采取何种行动向委员长提出建议。,topic,1946 年政治协商会议,马歇尔; 司徒雷登; 蒋介石,马歇尔调处; 北平接触,中国共产党; 美国国务院; 行政院; 国民大会,北平; 南京; 延安,20
397,1946,"December 21, 1946",围绕政协决议和政府改组的调处,马歇尔使团档案，Lot 54-D270 [文件343] 马歇尔将军与周谦冲教授会谈纪要 地点：南京 时间：1946年12月21日上午11时 周教授说，他前一天曾同董必武先生会谈。 周教授询问后，董先生表示，中共仍认为马歇尔将军是公正的，仍希望由他调停。,topic,1946 年政治协商会议,罗隆基; 张君劢; 周恩来; 马歇尔; 司徒雷登; 蒋介石,政协; 马歇尔调处; 北平接触; 联合政府; 民盟,中国民主同盟; 国民政府; 国民党; 中国共产党; 青年党; 民主社会党; 政治协商会议; 国民大会,北平; 南京; 上海; 延安,80
398,1946,"December 23, 1946",The Ambassador in China (Stuart) to the Secretary of State,以下为民主同盟发言人罗隆基就杜鲁门总统广播讲话发表的声明： 杜鲁门总统的广播讲话，是重申他去年12月15日宣布的美国对华政策，也是根据三国外长在莫斯科发表的联合宣言所作出的重申。 民主同盟仍然赞成执行政协决议。,topic,1946 年政治协商会议,罗隆基; 司徒雷登,政协; 民盟,中国民主同盟; 政治协商会议; 美国国务院; 国民大会,南京,80
399,1945,"December 26, 1945",Memorandum by the Second Secretary of Embassy in China (Sprouse) to General Marshall,马歇尔使团档案，Lot 54-D270〔文件573〕 驻华大使馆二等秘书（斯普鲁斯）致马歇尔将军备忘录 〔重庆〕1945年12月26日。 马歇尔将军：随附信件及其附件，是中国民主同盟主席致马歇尔将军的。,topic,1946 年政治协商会议,马歇尔,马歇尔调处; 联合政府; 民盟,中国民主同盟; 国民党; 中国共产党; 美国驻华使馆; 国民大会,重庆,55
400,1945,"December 26, 1945",围绕政协决议和政府改组的调处,马歇尔使团档案，第54-D270卷〔文件574〕 马歇尔将军第一次会见民主同盟记录 1945年12月26日下午4时。 马歇尔：谁是你们的发言人？ 发言人：我为同盟作翻译。,topic,1946 年政治协商会议,张澜; 马歇尔,政协; 马歇尔调处; 联合政府; 民盟,中国民主同盟; 国民党; 中国共产党; 政治协商会议; 国民大会,,80
401,1945,"December 26, 1945",围绕政协决议和政府改组的调处,我们的想法是，首先由政治协商会议拟定联合政府方案，联合政府再从实际方面推动召开国民大会，并通过国民大会制定宪法。 我们关于联合政府的想法是实际的。,topic,1946 年政治协商会议,张东荪; 马歇尔,政协; 马歇尔调处; 联合政府; 民盟,中国民主同盟; 国民党; 政治协商会议; 国民大会,,75
402,1946,"December 26, 1946","Minutes of Meeting Between General Marshall and General C. P. Lee at No. 5 Ning Hai Road, Nanking, December 26, 1946, 6 p.m.",马歇尔使团档案，Lot 54-D270〔文件352〕马歇尔将军与 C. 马歇尔将军说，国民大会于12月25日休会是预先安排的；正好十年前的这一天，委员长离开西安。,topic,1946 年政治协商会议,马歇尔; 蒋介石,马歇尔调处; 民盟,中国民主同盟; 国民党; 中国共产党; 青年党; 民主社会党; 国民大会,南京,55
403,1946,"December 28, 1946",围绕政协决议和政府改组的调处,马歇尔使团档案，Lot 54–D270：电报〔第353号文件〕马歇尔将军致杜鲁门总统（注44）。 然而，在政府尚未通过依照政协决议精神制定的健全宪法、从而至少部分确立其诚意之前，政府的这一意图便已立即被有意无意地泄露出去。,topic,1946 年政治协商会议,马歇尔; 司徒雷登; 蒋介石,政协; 马歇尔调处; 北平接触; 民盟,中国民主同盟; 国民政府; 国民党; 中国共产党; 政治协商会议; 美国国务院; 行政院; 国民大会,北平; 南京; 重庆; 上海; 延安; 天津,70
404,1948,"December 29, 1948",北平接触与民盟人士沟通,00/12-2948：电报〔文件584〕 驻北平总领事（柯乐博）致国务卿 北平，1948年12月29日下午6时。 不过，傅作义的计划是利用他仍掌握塘沽、天津和北平所具有的议价能力，同共产党达成某种性质的解决。,topic,1946 年政治协商会议,,北平接触; 联合政府; 民盟,中国民主同盟; 国民党; 中国共产党; 美国国务院; 美国驻北平总领事馆; 国民大会,北平; 南京; 上海; 满洲; 天津,70
405,1946,"December 31, 1946",The Ambassador in China (Stuart) to the Secretary of State,至于共产党和中国民主同盟，“一旦他们表现出愿意参与的迹象”，类似的邀请也将发出。 当被问及有新闻报道称民盟官员已被邀请前往延安，目的是请共产党恢复谈判时，彭学沛回答：“我没有听说过此事。,topic,1946 年政治协商会议,司徒雷登,民盟,中国民主同盟; 国民政府; 国民党; 中国共产党; 青年党; 美国国务院; 国民大会,南京; 延安,35
406,1948,"December 6, 1948",第三方面在国共之间寻求政治空间,若干消息来源，包括中国民主同盟的周鲸文、国民党革命委员会的李某，以及《新生晚报》的李孟，称中共已决定扩大人民政治协商会议，使其包括来自整个中共控制区的“选出”代表。 这样，政协将不再是一个人数较少的机构；此前估计人数从70人到200人不等，现在则将包括约一千多名代表。,topic,1946 年政治协商会议,罗隆基; 沈钧儒; 章伯钧; 周恩来; 蒋介石,政协; 第三方面; 联合政府; 民盟,中国民主同盟; 国民党; 中国共产党; 政治协商会议; 美国国务院; 行政院,南京; 香港; 满洲,80
407,1946,"December 7, 1946",围绕政协决议和政府改组的调处,马歇尔使团档案，Lot 54-D270［文件316］马歇尔将军与 C. 李将军告诉马歇尔将军，他昨天上午拜访了董必武先生。,topic,1946 年政治协商会议,罗隆基; 张君劢; 周恩来; 马歇尔; 司徒雷登; 蒋介石,政协; 马歇尔调处; 联合政府; 民盟,中国民主同盟; 国民政府; 国民党; 中国共产党; 政治协商会议; 国民大会,南京; 延安,60
408,1946,"February 15, 1946",The Counselor of Embassy in China (Smyth) to the Secretary of State,2月10日由民主同盟和地方民间组织主办、估计有七千至一万人参加的群众大会，原为庆祝政治协商会议成功，却遭约三百名有组织流氓破坏。 现有证据的分量表明，至少存在事先策划和组织，其示威目的在于否定政协决议，并败坏主张全面执行这些决议者的声誉。,topic,1946 年政治协商会议,蒋介石,政协; 马歇尔调处; 民盟,中国民主同盟; 国民党; 中国共产党; 政治协商会议; 美国国务院; 美国驻华使馆,南京; 重庆,70
409,1946,"February 23, 1946",The Counselor of Embassy in China (Smyth) to the Secretary of State,游行学生通过后，约一百名暴徒组成的一群人捣毁了共产党《新华日报》和民主同盟《民主日报》的办公处。 最可靠的消息显示，学生并不应对暴力负责；示威被不满的国民党分子，如CC系，加以利用，以攻击政协协议支持者，并通过插入国家安全问题来转移人们对破坏政协方案执行行为的注意。,topic,1946 年政治协商会议,周恩来,政协; 民盟,中国民主同盟; 国民党; 中国共产党; 政治协商会议; 美国国务院; 美国驻华使馆,重庆; 延安; 满洲,70
410,1947,"February 25, 1947",围绕政协决议和政府改组的调处,以下为卢登根据大使和他本人2月21、22日在上海同第三方面领导人，主要是张澜、罗隆基、张君劢谈话后传送的信息要点： 民主同盟代表说，中国局势正在极快恶化，并指出这对美国不利，因为马歇尔将军声明所针对的那些人，作为局势最终结果，将不可避免地被驱入共产党阵营。 张澜希望向美国政府提出三点：（一）希望以美、苏、英三国调停取代美国单独调停努力；（二）如不考虑政协基本协议而改组政府，注定失败；（三）共产党目,topic,1946 年政治协商会议,罗隆基; 张澜; 张君劢; 马歇尔; 司徒雷登,政协; 马歇尔调处; 第三方面; 民盟,中国民主同盟; 中国共产党; 政治协商会议; 美国国务院; 国民大会,南京; 上海,80
411,1947,"February 25, 1947",第三方面在国共之间寻求政治空间,罗隆基的看法如下：应召开某种各党派会议，首先承诺国家统一。 罗隆基的基本观点是，除非同共产党达成协议，否则局势不可能解决。,topic,1946 年政治协商会议,罗隆基; 张君劢; 司徒雷登; 蒋介石,第三方面,国民党; 中国共产党; 青年党; 美国驻华使馆; 行政院; 国民大会,南京,55
412,1946,"January 1, 1946",围绕政协决议和政府改组的调处,此后，政府代表同各政党代表之间的会谈，已初步选定38名政协代表，各党派分配如下：国民党8名，共产党7名，民主同盟9名，青年党5名，无党派9名。 据报，政协权限范围及其决议约束力尚未确定，但预计会议将讨论和平建国问题、国民大会有关事项，以及提交国民大会的宪法草案。,topic,1946 年政治协商会议,马歇尔,政协; 马歇尔调处; 民盟,中国民主同盟; 国民政府; 国民党; 中国共产党; 青年党; 政治协商会议; 美国国务院; 美国驻华使馆; 国民大会,重庆,50
413,1947,"January 23, 1947",第三方面在国共之间寻求政治空间,第三方面团体的一些显著表现如下。 民主同盟发言人罗隆基1月21日在上海记者会上表示，民主同盟坚决反对在没有中国共产党参加的情况下改组政府的提议。,topic,1946 年政治协商会议,罗隆基; 张澜; 张君劢; 张东荪; 司徒雷登; 蒋介石,政协; 第三方面; 联合政府; 民盟,中国民主同盟; 国民党; 中国共产党; 青年党; 民主社会党; 政治协商会议; 美国国务院,南京; 上海; 华盛顿,80
414,1946,"January 24, 1946",围绕政协决议和政府改组的调处,马歇尔使团档案，Lot 54-D270〔文件74〕马歇尔将军与张群将军会谈纪要，重庆28号住宅，1946年1月24日上午11时。 张将军还说，民主同盟提出了一项方案，包括：一，统一的国家化军队；二，大规模复员，并设立一个各党均有代表参加的计划委员会来负责整编。,topic,1946 年政治协商会议,周恩来; 马歇尔; 蒋介石,政协; 马歇尔调处; 民盟,中国民主同盟; 国民政府; 中国共产党; 青年党; 政治协商会议; 国民大会,重庆,70
415,1946,"January 25, 1946",北平接触与民盟人士沟通,在政协第一次会议上，八名无党派人士被任命为军事调查委员会成员；另有八名成员由国民参政会驻会委员会任命。 政协的一个突出事件，是蒋介石在1月14日即席讲话中宣布，政府将在十天内采取措施，给予如下公民自由：第一，各政党在法律面前一律平等；第二，允许一切合法政治活动；第三，促进地方自治；第四，释放所有政治犯，但被控叛国行为者除外。,topic,1946 年政治协商会议,蒋介石,政协; 马歇尔调处; 北平接触; 民盟,中国民主同盟; 国民政府; 国民党; 中国共产党; 青年党; 政治协商会议; 美国国务院; 美国驻华使馆; 国民大会,北平; 重庆; 华盛顿,70
416,1949,"January 3, 1949",北平接触与民盟人士沟通,以下是本总领馆一名官员最近同罗隆基密切的民主同盟人士叶笃义进行一般谈话时，叶氏较有意思谈话内容的摘要： 1. 中国共产党坚决反对任何把李宗仁留在联合政府中的妥协安排；除张治中和邵力子外，几乎所有南京高级官员也同样不被接受。,topic,1946 年政治协商会议,罗隆基; 张澜; 黄炎培; 周恩来; 蒋介石,政协; 第三方面; 北平接触; 联合政府; 民盟,中国民主同盟; 国民党; 中国共产党; 政治协商会议; 美国国务院; 美国驻上海总领事馆,北平; 南京; 上海; 香港; 满洲; 华盛顿,80
417,1946,"January 5, 1946",The Chargé in China (Robertson) to the Secretary of State,据民主同盟和无党派消息来源称，政府曾私下接触青年党，提出职位和金钱；虽然青年党名义上仍是民盟的一部分，但事实上已经分离到将以五名独立代表参加即将召开的政治协商会议的程度。 民主同盟已就该讲话及相关事项发表声明，1月2日《大公报》报道如下：民盟要求修改国民大会组织法和选举法，以确保国民大会成为有代表性的机构，并认为保留十年前选出的代表不符合民主精神。,topic,1946 年政治协商会议,蒋介石,政协; 马歇尔调处; 民盟,中国民主同盟; 国民政府; 国民党; 中国共产党; 青年党; 政治协商会议; 美国国务院; 国民大会,重庆,70
418,1946,"January 7, 1946",Lieutenant General Albert C. Wedemeyer to General Marshall,"马歇尔使团档案, Lot 54–D270 电报 [文件14] 阿尔伯特·魏德迈中将致马歇尔将军[上海]1946年1月7日. 尽管我在中国服役期间一直严格遵守军事职能,但我自然密切注意中央政府和共产党之间的谈判,以及这两个政党、民主同盟和较小的政治团体的愿望和策略。",topic,1946 年政治协商会议,马歇尔; 蒋介石,马歇尔调处; 民盟,中国民主同盟; 国民党; 中国共产党; 国民大会,重庆; 上海; 延安,35
419,1948,"January 9, 1948",The Ambassador in China (Stuart) to the Secretary of State,893.00/1-948：电报〔文件14〕 驻华大使（司徒雷登）致国务卿 南京，1948年1月9日下午5时。〔1月10日上午4时30分收到。〕 63号。我们认为，张君劢向国务卿所作陈述大概基本正确，但即使有意义，也很有限。参见国务院1月6日晚8时第18号电。 目前无法对国民大会选举结果作任何认真分析，因为完整结果尚未公布。国民选举机构本身也尚未收到完整准确的报告，且一些地区仍在进行选举。除连政府方,topic,1946 年政治协商会议,张君劢; 司徒雷登,,国民党; 美国国务院; 行政院; 国民大会,南京,40
420,1948,"January 9, 1948",The Ambassador in China (Stuart) to the Secretary of State,在当前中国环境下，特别是在民主同盟被宣布非法以后，具有自由主义或进步性质的非国民党意见，已变得越来越无力。,topic,1946 年政治协商会议,张君劢; 司徒雷登,民盟,中国民主同盟; 国民党; 民主社会党; 美国国务院; 国民大会,,60
421,1945,"July 10, 1945",The Ambassador in China (Hurley) to the Secretary of State,新闻部长王世杰博士昨日告知大使馆，从延安带回的共产党新提案主要包括两点：第一，国民政府取消（立即取消？）或推迟定于11月12日召开的国民大会；第二，国民政府召集一次政治会议，按国民党、共产党和民主同盟代表名额平等的原则组成，每党三人，另由独立政党或组织中选出三人。 该政治会议的职能，是决定终止国民党治的时间、组织联合政府，并为新政府制定政纲。,topic,1946 年政治协商会议,马歇尔; 蒋介石,马歇尔调处; 联合政府; 民盟,中国民主同盟; 国民政府; 国民党; 中国共产党; 美国国务院; 国民大会,重庆; 延安,55
422,1946,"July 11, 1946",围绕政协决议和政府改组的调处,马歇尔使团档案，Lot 54-D270 [文件663] 马歇尔将军与俞大维将军会谈纪要，1946年7月11日上午9时，南京宁海路5号。 ” 马歇尔表示，局势似乎很危急，但眼前问题的答案在于政府和共产党代表特别会议能否取得结果。,topic,1946 年政治协商会议,罗隆基; 周恩来; 马歇尔; 蒋介石,政协; 马歇尔调处; 民盟,中国民主同盟; 国民政府; 国民党; 中国共产党; 政治协商会议,南京; 上海,80
423,1949,"July 12, 1949",北平接触与民盟人士沟通,随后，中华全国妇女联合会领导人，包括周恩来夫人和冯玉祥夫人、国民党革命委员会主席李济深以及民主同盟领导人，分别于6月6日给她发出三封电报，祝贺她迎来上海解放和共同“自由与民主”目标的接近实现，表示对她的高度敬重，并暗示希望在北平恢复同她的个人交往。 公开说法是为就医，但两个可靠消息来源称，其目的在于说服宋庆龄女士前往北平参加政协筹备会议。,topic,1946 年政治协商会议,周恩来; 蒋介石,政协; 北平接触; 民盟,中国民主同盟; 国民党; 中国共产党; 政治协商会议; 美国国务院; 美国驻上海总领事馆,北平; 南京; 上海; 香港,50
424,1946,"July 16, 1946",昆明暗杀事件引发的政治压力与外交关注,马歇尔使团档案，Lot 54-D270〔文件679〕周恩来将军致马歇尔将军备忘录。 亲爱的马歇尔将军： 我到上海后，认识到陈立夫特务人员的压迫，比我在南京时想象的严重得多。,topic,1946 年政治协商会议,周恩来; 马歇尔; 司徒雷登; 蒋介石,昆明暗杀; 政协; 马歇尔调处; 民盟,中国民主同盟; 国民党; 中国共产党; 政治协商会议,南京; 上海,70
425,1946,"July 17, 1946",昆明暗杀事件引发的政治压力与外交关注,马歇尔使团档案，Lot 54-D270 [文件682] 马歇尔将军与周恩来将军会谈纪要，1946年7月17日上午10时45分，南京宁海路5号。 马歇尔将军：我想先问你一个问题。,topic,1946 年政治协商会议,罗隆基; 沈钧儒; 史良; 周恩来; 马歇尔; 司徒雷登; 蒋介石,昆明暗杀; 政协; 马歇尔调处; 民盟,中国民主同盟; 国民党; 中国共产党; 政治协商会议; 美国驻华使馆; 行政院,昆明; 南京; 重庆; 上海; 成都,80
426,1946,"July 26, 1946",昆明暗杀事件引发的政治压力与外交关注,马歇尔使团文件，Lot 54–D270 [文件706] 马歇尔将军与周恩来将军在南京宁海路5号会谈记录，1946年7月26日上午10时15分 南京，1946年7月26日上午10时15分 周恩来将军：非常感谢您提供的交通便利。 马歇尔将军：我发出询问电文是因为我急于请您回来，以便我们能与司徒雷登博士讨论当前局势。,topic,1946 年政治协商会议,周恩来; 马歇尔; 司徒雷登; 蒋介石,昆明暗杀; 政协; 马歇尔调处; 民盟,中国民主同盟; 国民政府; 国民党; 中国共产党; 政治协商会议; 行政院,昆明; 南京; 上海; 满洲; 牯岭,70
427,1946,"July 8, 1946",围绕政协决议和政府改组的调处,马歇尔将军：我会转达周将军的信息，让他的人下来。 马歇尔将军：我想先就周将军的发言作一点评论。,topic,1946 年政治协商会议,周恩来; 马歇尔; 蒋介石,政协; 马歇尔调处,中国共产党; 政治协商会议,南京,60
428,1946,"July 8, 1946",围绕政协决议和政府改组的调处,马歇尔将军：在我看来，如果我们不触及地方政府问题，就会立即面临一种局面：共产党撤出后，政府会马上替换当地政府。 王博士承认，政协中确有这样的规定；因此，行政事务可以留待政府改组为联合政府之前或之后作整体解决。,topic,1946 年政治协商会议,周恩来; 马歇尔; 蒋介石,政协; 马歇尔调处; 联合政府,中国共产党; 政治协商会议,南京,60
429,1946,"July 9, 1946",围绕政协决议和政府改组的调处,马歇尔使团档案，第54-D270卷〔文件656〕 马歇尔将军与中国青年党代表曾琦先生会谈记录 南京宁海路5号，1946年7月9日上午10时。 曾先生说，目前谈判中的挫折是可以预料的，但这不应使任何人对马歇尔将军的调停努力感到气馁。,topic,1946 年政治协商会议,马歇尔,政协; 马歇尔调处; 联合政府; 民盟,中国民主同盟; 国民党; 中国共产党; 青年党; 政治协商会议; 美国国务院; 国民大会,南京; 延安,70
430,1946,"July 9, 1946",围绕政协决议和政府改组的调处,马歇尔使团档案，Lot 54–D270〔第658号文件〕马歇尔将军、王（世杰）部长、邵（力子）先生与陈（诚）将军在外交部会谈记录，1946年7月9日下午3时。 他指出，政府并未要求中共在共军即将撤出的所有地区一并放弃地方行政权和军事控制权；除上述四个具体地区外，凡中共撤出地区的地方行政问题，均交由政治协商会议或政协综合小组讨论解决。,topic,1946 年政治协商会议,罗隆基; 周恩来; 马歇尔; 蒋介石,政协; 马歇尔调处; 民盟,中国民主同盟; 中国共产党; 政治协商会议,南京; 上海; 延安; 满洲,80
431,1946,"June 14, 1946",围绕政协决议和政府改组的调处,马歇尔将军似乎不愿接受这一建议，但周将军认为仍可考虑。 由于马歇尔将军不想卷入政治事务，可以采取相当迂回的办法。,topic,1946 年政治协商会议,周恩来; 马歇尔; 蒋介石,政协; 马歇尔调处; 联合政府,政治协商会议,满洲,60
432,1949,"June 18, 1949",北平接触与民盟人士沟通,据报北平还将举行政治协商会议预备会议，我推测陈铭枢等人已北上参加。 （见北平6月9日第644号电，抄国务院第969号、广州第155号。,topic,1946 年政治协商会议,张东荪; 司徒雷登,政协; 北平接触; 联合政府; 民盟,中国民主同盟; 中国共产党; 政治协商会议; 美国国务院,北平; 南京; 上海; 沈阳; 华盛顿,70
433,1948,"June 2, 1948",The Ambassador in China (Stuart) to the Secretary of State,据称作出这一变动，是因为潘的极端政策疏远了民主同盟、李济深等其他潜在友好团体。 因此，现在恢复和平谈判已不可能，尽管不久后仍可能因三个理由而恢复：（一）共产党可以轻易在延安或东北的“解放区”召开政协，但他们没有这样做；（二）他们可以召集自己的国民大会，宣布东北或其他地区自治，但他们同样克制未为；（三）东北的俄国人为帮助中共占领锦州，在弹药等问题上向其提供援助，但共产党除接受35名军事顾问和若干火炮,topic,1946 年政治协商会议,司徒雷登; 蒋介石,政协; 民盟,中国民主同盟; 中国共产党; 政治协商会议; 美国国务院; 国民大会,南京; 香港; 延安; 满洲,50
434,1948,"June 2, 1948",The Ambassador in China (Stuart) to the Secretary of State,共产党把国际形势发展视为中国事态的指针，具体如下：（一）如果苏美关系改善，中国共产党和国民党之间的关系也会立即随之改善；（二）如果当前紧张局势导致美国和苏联之间发生战争，中国内战将随之加剧；（三）如果美国和苏联之间的紧张关系继续得不到缓解，这将在中国反映为类似的、没有结论的漂流状态。 据说苏联给中国的建议，是分别在东北、西北和华北建立三个卫星国家，但目前不要这样做，以免激起中国民族主义情绪，并促使,topic,1946 年政治协商会议,司徒雷登; 蒋介石,政协,国民党; 中国共产党; 政治协商会议,,40
435,1949,"June 22, 1949",北平接触与民盟人士沟通,当地报纸6月20日报道，张澜、史良、罗隆基、王葆真、郭真等人于6月19日抵达南京，正前往北平。 报称，张、罗、史除出席新政协筹备委员会外，还将出席民主同盟第四次全体会议。,topic,1946 年政治协商会议,罗隆基; 张澜; 史良; 司徒雷登,政协; 北平接触; 民盟,中国民主同盟; 政治协商会议; 美国国务院,北平; 南京; 上海,80
436,1946,"June 27, 1946",围绕政协决议和政府改组的调处,马歇尔使团档案，Lot 54–D270 [文件604] 马歇尔将军与周恩来将军会谈记录 南京宁海路5号，1946年6月27日下午1时30分 南京，1946年6月27日下午1时30分 马歇尔将军：感谢周将军今天下午在如此仓促安排的时间前来。 我与他讨论了共产党军队沿平汉铁路（北平—汉口铁路）的部署问题，以及该铁路向南延伸至陇海铁路交汇处一段，涉及共产党部队在沿线城市的驻扎问题。,topic,1946 年政治协商会议,周恩来; 马歇尔; 蒋介石,政协; 马歇尔调处; 北平接触,国民政府; 国民党; 中国共产党; 政治协商会议; 国民大会,北平; 南京; 重庆; 延安; 满洲,55
437,1946,"June 3, 1946",围绕政协决议和政府改组的调处,马歇尔将军把谈话拉回当前局势，说他对共产党进攻长春的行动深感苦恼和不安；同时，他也同样对中央政府在长春之外继续军事行动感到苦恼和不安。 马歇尔将军的目的，是尽其所能使当前局势得到解决。,topic,1946 年政治协商会议,周恩来; 马歇尔; 蒋介石,政协; 马歇尔调处; 北平接触; 联合政府,国民党; 中国共产党; 政治协商会议,北平; 南京; 延安; 沈阳; 满洲,60
438,1945,"June 30, 1945",The Ambassador in China (Hurley) to the Secretary of State,他诚挚希望国民党、共产党、民主同盟以及其他各方现在能作为爱国中国人走到一起，努力创造一个自由、统一、民主的中国。,topic,1946 年政治协商会议,周恩来; 蒋介石,民盟,中国民主同盟; 国民政府; 国民党; 中国共产党; 美国国务院; 国民大会,重庆; 延安,35
439,1945,"June 6, 1945","Memorandum of Conversation, by the Deputy Director of the Office of Far Eastern Affairs (Stanton)",中国国家社会党领袖张君劢博士在一次非正式谈话中告知我们，他此次访问美国的目的之一，是促成在美国和檀香山的中国宪政党同中国国内的民主同盟合并。 张博士说，他和民主同盟其他成员认为，国民大会将被大约九年前选出的国民党代表“塞满”；无论该大会，还是以后可能建立的宪政政府，在任何意义上都不可能真正代表中国人民。,topic,1946 年政治协商会议,张君劢; 蒋介石,民盟,中国民主同盟; 国民政府; 国民党; 中国共产党; 美国国务院; 国民大会,重庆,55
440,1946,"June 8, 1946",围绕政协决议和政府改组的调处,"马歇尔使团档案，第54-D270卷〔文件522〕 马歇尔将军与政协 20的八位代表在南京宁海路5号的会议记录,1946年6月8日,下午4:15 南京,1946年6月8日,下午4:15 非党员莫铁辉先生向马歇尔将军致敬,并对马歇尔将军给中国带来和平的使命表示感谢. 他把目前15天停战协定的安排归功于马歇尔将军的努力。",topic,1946 年政治协商会议,马歇尔; 蒋介石,政协; 马歇尔调处; 民盟,中国民主同盟; 国民党; 中国共产党; 政治协商会议,南京; 满洲,50
441,1949,"June 8, 1949",北平接触与民盟人士沟通,6月8日，民主同盟官员叶笃义在同总领事馆官员谈话时表示，他打算于6月10日前往上海，会合罗隆基和张澜，然后应毛泽东邀请前往北平。 叶笃义说，民主同盟希望成为中国共产党人与美国之间的“桥梁”，从而改变共产党目前的反美倾向。,topic,1946 年政治协商会议,罗隆基; 张澜,政协; 北平接触; 民盟,中国民主同盟; 中国共产党; 政治协商会议; 美国国务院,北平; 南京; 上海; 香港,80
442,1946,"June 9, 1946",围绕政协决议和政府改组的调处,马歇尔使团档案，第54-D270卷〔文件523〕 马歇尔将军与徐永昌将军会谈记录 南京宁海路5号，1946年6月9日下午4时。 马歇尔将军说，他正准备给徐永昌将军打电话时，收到了徐将军前来拜访的消息。,topic,1946 年政治协商会议,周恩来; 马歇尔; 蒋介石,政协; 马歇尔调处; 民盟,中国民主同盟; 国民党; 中国共产党; 青年党; 政治协商会议,南京; 延安; 满洲,70
443,1949,"June 9, 1949",北平接触与民盟人士沟通,00B/6-1040：电报〔文件446〕驻北平总领事（柯乐博）致国务卿。 北平，1949年6月9日下午3时〔6月10日上午9时23分收到〕。,topic,1946 年政治协商会议,罗隆基; 张澜; 沈钧儒; 黄炎培; 章伯钧; 张东荪; 周恩来,政协; 北平接触; 联合政府; 民盟,中国民主同盟; 中国共产党; 政治协商会议; 美国国务院; 美国驻北平总领事馆,北平; 南京; 天津,80
444,1945,"March 20, 1945",The Chargé in China (Atcheson) to the Secretary of State,3月18日重庆版《上海晚邮报与水星报》刊载了中国民主同盟一名发言人的声明。 声明称，民盟支持者大概不会参加由国民党主导的国民大会；蒋介石已宣布该大会将于11月12日召开，以通过宪法。,topic,1946 年政治协商会议,蒋介石,民盟,中国民主同盟; 国民党; 美国国务院; 国民大会,重庆; 上海,55
445,1946,"March 31, 1946",围绕政协决议和政府改组的调处,现在越来越明显的是，为迁就国民党右翼分子，委员会中的国民党成员正在主张修订政协宪法原则。 昨晚举行的政协指导委员会第三次会议，在解决国民大会成员资格和权力问题方面取得了一些进展；关于行政权与立法权关系的讨论，也显示各方比以往会议更愿意妥协。,topic,1946 年政治协商会议,马歇尔; 蒋介石,政协; 马歇尔调处; 联合政府; 民盟,中国民主同盟; 国民党; 中国共产党; 政治协商会议; 美国国务院; 美国驻华使馆; 国民大会,重庆; 延安; 满洲,70
446,1946,"March 9, 1946",围绕政协决议和政府改组的调处,在中国，这种好感甚至扩展到许多国民党成员，尤其在民主同盟内部更是如此。 目前，共产党人似乎正在因其对俄国在东北活动保持沉默而疏离这种好感，并且直接落入CC系或其他对政协和军事整编方案不满的中国势力手中。,topic,1946 年政治协商会议,周恩来; 马歇尔,政协; 马歇尔调处; 北平接触; 民盟,中国民主同盟; 国民党; 中国共产党; 政治协商会议; 美国驻华使馆,北平; 延安; 满洲,75
447,1947,"May 15, 1947",The Ambassador in China (Stuart) to the Secretary of State,5月14日新闻部举行每周新闻发布会，中国政府新闻局局长董显光博士对所提问题答复如下： 一、问：政府对民主同盟的官方态度是什么？ 答：民主同盟同中国共产党一起，公开否认宪法，并否认国民大会的有效性。 尽管民盟同现在公开反叛政府的中国共产党关系密切，民盟仍声称自己是和平政党。,topic,1946 年政治协商会议,司徒雷登,政协; 民盟,中国民主同盟; 中国共产党; 政治协商会议; 美国国务院; 国民大会,南京,70
448,1947,"May 15, 1947",The Ambassador in China (Stuart) to the Secretary of State,答：除一直活跃的政党外，政治团体数量难以估计。 四、问：据报，国民参政会成员可能在5月22日下次国民参政会会议上发起和平运动，政府对此态度如何？ 答：政府从未不愿考虑可通过和平方式实现统一的合理建议，但过去经验已使政府大为失望。政府不打算被没有实质内容的方案引离其统一和民主化路线。 董显光博士随后提到，国民参政会秘书处5月6日收到一封信，由三名国民参政员许德珩、周炳琳和钱端升寄来。他们请求政府为共,topic,1946 年政治协商会议,司徒雷登,政协,中国共产党; 政治协商会议,南京; 延安,60
449,1947,"May 16, 1947",The Ambassador in China (Stuart) to the Secretary of State,自1946年12月25日国民大会通过新宪法以来，特别是自最近宣布改组国府委员会和行政院以来，政府已有许多声明暗示，仍将为共产党、民主同盟或其他任何非国民党团体参加政府敞开大门。 从所谓缴获文件可以注意到，其中直接把民主同盟和其他非国民党团体，甚至包括目前参加政府的团体，称为共产党颠覆活动的渠道。,topic,1946 年政治协商会议,罗隆基; 司徒雷登,民盟,中国民主同盟; 国民党; 中国共产党; 行政院; 国民大会,南京,70
450,1946,"May 17, 1946",围绕政协决议和政府改组的调处,周将军说，这对他来说并非要紧问题；但他在想，如果今天能去，明晚便可同马歇尔将军谈话，因此他宁愿今天去。 马歇尔将军说，考伊上校认为，那个小组还没有乘吉普车从南通回来。,topic,1946 年政治协商会议,周恩来; 马歇尔,政协; 马歇尔调处; 北平接触; 民盟,中国民主同盟; 国民党; 中国共产党; 政治协商会议,北平; 南京; 重庆; 延安; 满洲,75
451,1946,"May 17, 1946",北平接触与民盟人士沟通,马歇尔将军表示，广播称淮安方面与执行小组失去联系。 马歇尔将军就此情况征求周将军的意见。,topic,1946 年政治协商会议,罗隆基; 张君劢; 周恩来; 马歇尔; 蒋介石,马歇尔调处; 北平接触; 民盟,中国民主同盟; 国民政府; 国民党; 中国共产党,北平; 南京; 重庆; 满洲; 天津,85
452,1947,"May 20, 1947",The Ambassador in China (Stuart) to the Secretary of State,在这种公众支持下，现在显然，原由 CC 系组织的骚乱，其领导权正转入民盟和共产党手中。,topic,1946 年政治协商会议,司徒雷登; 蒋介石,民盟,中国民主同盟; 国民政府; 国民党; 中国共产党; 美国国务院; 国民大会,南京; 上海; 成都,55
453,1946,"May 29, 1946",第三方面在国共之间寻求政治空间,马歇尔使团档案，Lot 54-D270〔文件489〕马歇尔将军与张君劢博士会谈纪要，马歇尔将军寓所，1946年5月29日下午5时。 马歇尔将军表示，双方对彼此都极度怀疑，而且这种怀疑在过去十天里有所增加。,topic,1946 年政治协商会议,张君劢; 周恩来; 马歇尔; 蒋介石,马歇尔调处; 第三方面; 联合政府; 民盟,中国民主同盟; 国民党; 中国共产党; 青年党; 国民大会,满洲,55
454,1946,"May 29, 1946",围绕政协决议和政府改组的调处,马歇尔将军随后询问，哈尔滨、齐齐哈尔和满洲里问题最好如何安排。 马歇尔将军强调，如果没有相当把握认为能够达成协议、谈判不会再次陷入僵局，他不能再一次投入谈判。,topic,1946 年政治协商会议,罗隆基; 张君劢; 马歇尔,政协; 马歇尔调处; 民盟,中国民主同盟; 中国共产党; 政治协商会议,满洲,85
455,1946,"November 1, 1946",第三方面在国共之间寻求政治空间,马歇尔使团档案，Lot 54–D270 [文件第236号] 马歇尔将军、莫德惠先生与李璜将军会谈记录 南京，宁海路5号，1946年11月1日上午10时45分 马歇尔将军请莫德惠先生最坦率地说明当前谈判中最关键的问题是什么。 另一方面，共产党和第三方面则不愿提交名单，除非他们先确信其期望能够实现。,topic,1946 年政治协商会议,马歇尔,马歇尔调处; 第三方面; 民盟,中国民主同盟; 国民政府; 国民党; 中国共产党; 行政院; 国民大会,南京,35
456,1946,"November 12, 1946",The Ambassador in China (Stuart) to the Secretary of State,马歇尔将军的三人委员会昨天上午非正式会晤两小时，唯一结果是周恩来同意向延安请示，并亲自认真考虑一个军事方面无法同政治方面分割的问题。 过去十天交涉背后，是政府方面试图争取民主同盟和青年党参加国民大会，作为可能争取共产党也参加的第一步；相反，周恩来领导的共产党则竭力使这些党派保持在自己的影响范围内。,topic,1946 年政治协商会议,周恩来; 马歇尔; 司徒雷登; 蒋介石,马歇尔调处; 民盟,中国民主同盟; 中国共产党; 青年党; 美国国务院; 国民大会,南京; 延安,35
457,1946,"November 12, 1946",The Ambassador in China (Stuart) to the Secretary of State,893.00/11–1246：电报 [文件274] 驻华大使（司徒雷登）致国务卿 南京，1946年11月12日晚11时 [11月12日晚11时46分收到] 第1860号 《中央日报》11月12日晨刊载以下消息：（参见大使馆11月12日下午4时第1859号电报） 依我之见，共产党参加国民大会的可能性不大，但我确实相信他们会避免公开决裂。政治协商会议综合委员会于11月12日下午举行非正式会议，各党派均,topic,1946 年政治协商会议,司徒雷登,政协,中国共产党; 政治协商会议; 美国国务院; 国民大会,南京,15
458,1946,"November 13, 1946",The Ambassador in China (Stuart) to the Secretary of State,先生：兹报告，自我上一封函件（1946年10月31日第232号）以来，所谓第三集团（由民主同盟、青年党及无党派领导人组成）一直积极试图在政府和共产党之间调停。 他们同马歇尔将军或我保持经常联系，我们也尽力鼓励他们。,topic,1946 年政治协商会议,周恩来; 马歇尔; 司徒雷登,马歇尔调处; 民盟,中国民主同盟; 中国共产党; 青年党; 美国国务院; 国民大会,南京,55
459,1946,"November 13, 1946",围绕政协决议和政府改组的调处,当晚，他又以同样方式拜访了马歇尔将军。 要么政府完全接受原政协决议作为程序基础，要么就什么也没有。,topic,1946 年政治协商会议,周恩来; 马歇尔; 司徒雷登,政协; 马歇尔调处,国民党; 中国共产党; 政治协商会议,南京; 延安,60
460,1946,"November 14, 1946",围绕政协决议和政府改组的调处,马歇尔使团档案，Lot 54-D270〔文件276〕马歇尔将军与周鲠生教授会谈纪要，南京宁海路5号，1946年11月14日上午10时。 具体说，如果共产党不参加，会发生什么？ 马歇尔将军：我很难估计中国方面的反应。,topic,1946 年政治协商会议,周恩来; 马歇尔; 司徒雷登; 蒋介石,政协; 马歇尔调处,国民政府; 国民党; 中国共产党; 青年党; 政治协商会议; 行政院; 国民大会,南京; 重庆; 上海,55
461,1946,"November 14, 1946",围绕政协决议和政府改组的调处,马歇尔将军：共产党对于内战的态度已经明显改变。 周教授：政府能够向共产党作出什么让步？ 马歇尔将军：我一直认为，政府让步的最佳基础，是严格依照政治协商会议协议塑造宪法。,topic,1946 年政治协商会议,马歇尔; 蒋介石,政协; 马歇尔调处; 联合政府; 民盟,中国民主同盟; 国民党; 中国共产党; 青年党; 政治协商会议; 国民大会,南京; 满洲,75
462,1946,"November 14, 1946",第三方面在国共之间寻求政治空间,马歇尔将军：我对此事一无所知。 如你所知，最近谈判一直由第三方面掌握。,topic,1946 年政治协商会议,马歇尔; 蒋介石,马歇尔调处; 第三方面,中国共产党; 国民大会,南京,45
463,1946,"November 29, 1946",The Ambassador in China (Stuart) to the Secretary of State,11月25日由委员长主持的全体会议上，委员长称，政协关于修改宪法草案的决定，可以对参加政协的各党派成员具有约束力，但不能约束民选代表。 ） 蒋、张书信公布时（参见使馆11月27日第1986号电），一名共产党发言人重申，如果召开新的政协、成立联合政府并召集新的国民大会，和平谈判可以恢复（参见使馆11月27日第1982号电）；陈立夫举行记者会，攻击共产党，并阐述中国对古代美德的忠诚（参见使馆11月27,topic,1946 年政治协商会议,罗隆基; 张君劢; 司徒雷登; 蒋介石,政协; 马歇尔调处; 联合政府; 民盟,中国民主同盟; 国民政府; 国民党; 中国共产党; 民主社会党; 政治协商会议; 美国国务院; 行政院; 国民大会,南京,80
464,1946,"November 29, 1946",The Ambassador in China (Stuart) to the Secretary of State,他说：“这表明，1938年参加原国民大会会议的四个集团中有三个集团今天正在参加；同样，去年1月政治协商会议所代表的五个集团（国民党、共产党、民主同盟、青年党和无党派人士）中，除共产党和民主同盟的一部分外，均已出席国民大会。 ” 被问及政府违反政协决议的批评时，彭说：“对这种批评最好的回答，是执行政协决议的宪法草案。,topic,1946 年政治协商会议,张君劢; 司徒雷登,政协; 民盟,中国民主同盟; 国民党; 中国共产党; 青年党; 政治协商会议; 美国国务院; 行政院; 国民大会,南京,50
465,1946,"November 3, 1946",第三方面在国共之间寻求政治空间,马歇尔使团档案，Lot 54-D270［文件240］马歇尔将军与张君劢先生、罗隆基博士、叶笃义先生会谈记录，南京宁海路5号，1946年11月3日下午3时30分。 张先生向马歇尔将军报告说，他昨天下午见过委员长。,topic,1946 年政治协商会议,罗隆基; 张君劢; 周恩来; 马歇尔; 蒋介石,马歇尔调处; 第三方面,国民党; 中国共产党; 行政院; 国民大会,南京; 上海; 满洲,10
466,1946,"November 6, 1946",围绕政协决议和政府改组的调处,马歇尔使团档案，Lot 54-D270〔文件246〕驻华使馆拟备备忘录。 二，为扩大政府基础，并更快结束训政时期，政府进一步建议立即按以下基础改组国民政府国务委员会：国民党成员20名；共产党成员10名；民主同盟成员4名；青年党成员4名；无党派成员2名。,topic,1946 年政治协商会议,马歇尔; 蒋介石,政协; 马歇尔调处; 民盟,中国民主同盟; 国民政府; 国民党; 中国共产党; 青年党; 政治协商会议; 美国驻华使馆; 行政院; 国民大会,南京,70
467,1946,"November 8, 1946","Minutes of Meeting Between General Marshall and Dr. Stuart at Dr. Stuart’s Residence, Nanking, November 8, 1946, 9:30 a.m.",马歇尔使团档案，Lot 54-D270〔文件250〕 马歇尔将军与司徒雷登博士会谈纪要 南京，司徒雷登博士寓所，1946年11月8日上午9时30分。 司徒雷登博士开场说，民主同盟成员曾拜访他并报告称，昨晚同周恩来将军会谈时，周将军表示对蒋介石本人完全轻蔑，并进一步表示，他认为共产党不应就蒋介石的八点提出答复。,topic,1946 年政治协商会议,周恩来; 马歇尔; 司徒雷登; 蒋介石,马歇尔调处; 民盟,中国民主同盟; 中国共产党; 国民大会,南京,55
468,1946,"November 8, 1946",围绕政协决议和政府改组的调处,马歇尔使团档案，Lot 54–D270：电报〔第254号文件〕马歇尔将军致杜鲁门总统（注81）。 次日上午，民盟代表来访，征询我对当日下午会议议程的意见。,topic,1946 年政治协商会议,周恩来; 马歇尔; 司徒雷登; 蒋介石,政协; 马歇尔调处; 第三方面; 民盟,中国民主同盟; 国民党; 中国共产党; 政治协商会议; 美国国务院; 国民大会,南京,70
469,1949,"October 1, 1949",北平接触与民盟人士沟通,01/10-149：电报［文件619］驻北平总领事柯乐博致国务卿。 北平，1949年10月1日。,topic,1946 年政治协商会议,张澜; 沈钧儒; 黄炎培; 章伯钧; 张东荪; 周恩来; 蒋介石,政协; 北平接触,国民党; 政治协商会议; 美国国务院; 美国驻北平总领事馆,北平; 南京; 上海; 天津,25
470,1946,"October 10, 1946",围绕政协决议和政府改组的调处,马歇尔使团文件，Lot 54–D270：电报 [文件175] 马歇尔将军致杜鲁门总统 39 [南京，]1946年10月10日。 此外，讨论不应受限制，并且尚未对委员长10月2日的来函作出答复，因为中共一直希望马歇尔将军和司徒雷登博士能提供一些澄清局势的消息，最后表示，最新提议暗示局势没有太大变化。,topic,1946 年政治协商会议,周恩来; 马歇尔; 司徒雷登; 蒋介石,政协; 马歇尔调处; 民盟,中国民主同盟; 国民政府; 国民党; 中国共产党; 青年党; 政治协商会议; 行政院; 国民大会,南京; 上海; 满洲,70
471,1946,"October 13, 1946","Minutes of Meeting Between General Marshall and Dr. Stuart at No. 5 Ning Hai Road, Nanking, October 13, 1946, 3 p.m.",马歇尔使团档案，Lot 54-D270〔文件181〕马歇尔将军与司徒雷登博士会谈纪要，南京宁海路5号，1946年10月13日下午3时。 司徒雷登博士在会谈开始时告知马歇尔将军，他刚同民盟成员梁漱溟先生谈过。,topic,1946 年政治协商会议,梁漱溟; 马歇尔; 司徒雷登; 蒋介石,马歇尔调处; 民盟,中国民主同盟; 国民政府; 中国共产党; 青年党; 国民大会,南京; 上海,55
472,1946,"October 14, 1946",The Ambassador in China (Stuart) to the Secretary of State,10月13日南京报载，民主同盟秘书长梁漱溟于10月12日前往上海，试图说服周恩来将军接受一项妥协方案。 ” 陪同梁漱溟前往的政协主席团成员蒋匀田也声明，梁的说法也代表他的意见，因为政府已经发布召开国民大会的明令，而共产党不会派出代表。,topic,1946 年政治协商会议,梁漱溟; 周恩来; 司徒雷登,政协; 民盟,中国民主同盟; 中国共产党; 政治协商会议; 美国国务院; 国民大会,南京; 上海,70
473,1946,"October 15, 1946",围绕政协决议和政府改组的调处,〕 先生：谨提及我10月9日第182号公函，并简要报告马歇尔将军已详细报告过的我们调停努力的最新发展。 马歇尔将军前往上海会见周恩来将军，就其直接目的而言并无成果；但此举确使公众看到，他愿意在劝说努力中不惜走到任何程度。,topic,1946 年政治协商会议,周恩来; 马歇尔; 司徒雷登,政协; 马歇尔调处; 民盟,中国民主同盟; 中国共产党; 政治协商会议; 美国国务院; 国民大会,南京; 上海,50
474,1946,"October 15, 1946","Notes of Conference Between General Marshall and General C. P. Lee at General Marshall’s Residence, Nanking, October 15, 1946, 11:15 a.m.",马歇尔使团档案，Lot 54-D270〔文件190〕马歇尔将军与 C. 李将军会谈记录，南京马歇尔将军寓所，1946年10月15日上午11时15分。,topic,1946 年政治协商会议,梁漱溟; 马歇尔; 司徒雷登; 蒋介石,马歇尔调处; 民盟,中国民主同盟; 中国共产党; 国民大会,南京; 上海,55
475,1946,"October 17, 1946",General Marshall to President Truman,马歇尔使团档案，第54-D270卷〔文件199〕 马歇尔将军致杜鲁门总统 〔南京，〕1946年10月17日。 总统先生： 自我10月10日第1627号电以来，司徒雷登博士频繁会见政府官员、民主同盟主要成员、中国青年党主要成员，以及著名无党派人士。,topic,1946 年政治协商会议,周恩来; 马歇尔; 司徒雷登; 蒋介石,马歇尔调处; 民盟,中国民主同盟; 国民政府; 国民党; 中国共产党; 青年党; 美国国务院; 国民大会,南京; 上海; 满洲,55
476,1946,"October 2, 1946",围绕政协决议和政府改组的调处,政府原同意分配给中国共产党八席、民主同盟四席，共十二席。 中国共产党方面则要求自己十席、民主同盟四席，共十四席。,topic,1946 年政治协商会议,马歇尔; 蒋介石,政协; 马歇尔调处; 民盟,中国民主同盟; 国民政府; 中国共产党; 政治协商会议; 国民大会,,75
477,1946,"October 2, 1946",围绕政协决议和政府改组的调处,马歇尔使团档案，第54-D270卷〔文件172〕 周恩来将军致马歇尔将军备忘录 上海，1946年10月9日。 亲爱的马歇尔将军： 你1946年10月2日的 OSE 479 号备忘录已经收到。,topic,1946 年政治协商会议,周恩来; 马歇尔; 司徒雷登; 蒋介石,政协; 马歇尔调处; 民盟,中国民主同盟; 中国共产党; 政治协商会议; 行政院; 国民大会,上海; 满洲,70
478,1946,"October 2, 1946",围绕政协决议和政府改组的调处,如果相反，政府当局只是空谈政治解决和执行政协决议，实际上却把一切导向军事解决和推翻政协决议，甚至不惜诉诸内战和独裁来强迫全国分裂，那么中国共产党将感到自己被迫进行坚决反对，直至最后。,topic,1946 年政治协商会议,周恩来; 马歇尔,政协; 马歇尔调处,中国共产党; 政治协商会议,,60
479,1946,"October 20, 1946",第三方面在国共之间寻求政治空间,马歇尔使团档案，Lot 54-D270［文件205］马歇尔将军与王世杰博士会谈纪要，南京宁海路5号，1946年10月20日晚7时。 王博士开场告诉马歇尔将军，周恩来将军和第三方面成员已决定星期一返回南京。,topic,1946 年政治协商会议,周恩来; 马歇尔; 蒋介石,马歇尔调处; 第三方面; 民盟,中国民主同盟; 中国共产党; 美国驻华使馆; 国民大会,南京; 上海; 延安; 满洲,35
480,1946,"October 22, 1946",围绕政协决议和政府改组的调处,马歇尔使团档案，第54-D270卷〔文件209〕 马歇尔将军、司徒雷登博士与第三方面成员会谈记录 大使官邸，南京，1946年10月22日上午10时45分。 出席方面：民主同盟、中国青年党、无党派人士。,topic,1946 年政治协商会议,罗隆基; 张君劢; 周恩来; 马歇尔; 司徒雷登; 蒋介石,政协; 马歇尔调处; 第三方面; 民盟,中国民主同盟; 国民党; 中国共产党; 青年党; 政治协商会议; 国民大会,南京; 上海; 延安,80
481,1946,"October 25, 1946",围绕政协决议和政府改组的调处,马歇尔使团档案，Lot 54-D270 [文件218] 马歇尔将军、司徒雷登博士、缪云台先生、曾琦先生、罗隆基博士和李先生在南京美国大使馆会谈纪要，1946年10月25日上午10时45分。 罗博士开会时说，第三方面集团现在已经取得政府方面（来自孙科博士和王世杰博士）对共产党就政府八项建议所提出七个政治要点或问题的反应。,topic,1946 年政治协商会议,罗隆基; 周恩来; 马歇尔; 司徒雷登; 蒋介石,政协; 马歇尔调处; 第三方面; 民盟,中国民主同盟; 国民党; 中国共产党; 政治协商会议; 美国驻华使馆; 行政院; 国民大会,南京; 满洲,80
482,1946,"October 26, 1946",第三方面在国共之间寻求政治空间,马歇尔使团档案，Lot 54-D270〔文件222〕 马歇尔将军致杜鲁门总统 〔南京〕1946年10月26日。 总统先生：自我10月17日第1663号电以来，由民主同盟、中国青年党和政治上活跃的无党派人士组成的所谓第三方面集团，已派出一个重要代表团到南京，充当谈判中介。,topic,1946 年政治协商会议,周恩来; 马歇尔; 司徒雷登; 蒋介石,马歇尔调处; 第三方面; 民盟,中国民主同盟; 中国共产党; 青年党; 国民大会,南京; 上海,55
483,1946,"October 27, 1946",围绕政协决议和政府改组的调处,罗隆基先生问马歇尔将军如何看待这三条。 三、政协五项决议按照政协规定程序执行。,topic,1946 年政治协商会议,罗隆基; 马歇尔; 蒋介石,政协; 马歇尔调处; 第三方面,中国共产党; 政治协商会议; 国民大会,南京; 满洲,30
484,1946,"October 28, 1946",第三方面在国共之间寻求政治空间,马歇尔使团档案，Lot 54-D270〔文件225〕马歇尔将军、张君劢先生、罗隆基博士会谈记录，南京宁海路5号，1946年10月28日上午10时30分。 张君劢先生谈到昨日下午罗隆基先生参加的会议时说，他认为第三方面取得共产党参加国民大会代表名单，并将其提交政府，是最重要的事情。,topic,1946 年政治协商会议,罗隆基; 张君劢; 马歇尔; 司徒雷登; 蒋介石,马歇尔调处; 第三方面,中国共产党; 行政院; 国民大会,南京; 满洲,50
485,1946,"October 28, 1946",围绕政协决议和政府改组的调处,罗隆基博士强调，共产党主要希望按照政协程序执行政协决议，并保护政协决议，不允许作出不能接受的修改。 马歇尔将军强调，这正是他昨天谈到的问题，即程序。,topic,1946 年政治协商会议,罗隆基; 张君劢; 马歇尔; 蒋介石,政协; 马歇尔调处; 第三方面; 联合政府; 民盟,中国民主同盟; 国民政府; 国民党; 中国共产党; 政治协商会议; 行政院; 国民大会,南京; 上海; 满洲,85
486,1946,"October 29, 1946",围绕政协决议和政府改组的调处,"马歇尔任务档案,第54–D270号[第226号文件] 关于马歇尔将军和司徒雷登博士在美国大使馆会面的说明,南京,1946年10月29日,上午10时45分,南京,1946年10月29日,上午10时45分,司徒雷登博士报告说,第三方面集团向将军递交了下列提案:""第三方面集团提案和平是中央政府的一贯目标,停止敌对行动一直是它的希望. 全国的地方行政工作,应当由改组后的国务院根据政协及和平重建决议安排.",topic,1946 年政治协商会议,罗隆基; 梁漱溟; 黄炎培; 章伯钧; 张君劢; 周恩来; 马歇尔; 司徒雷登,政协; 马歇尔调处; 第三方面,国民党; 中国共产党; 政治协商会议; 美国国务院; 美国驻华使馆; 行政院; 国民大会,南京; 上海; 满洲,25
487,1946,"October 3, 1946","Notes on Meeting Between General Marshall and Dr. Stuart at No. 5 Ning Hai Road, Nanking, October 3, 1946, 10 a.m.",马歇尔将军告知司徒雷登博士，自今晨收到司徒雷登博士的信息以来，他一直在考虑究竟应告诉王炳南先生什么。 马歇尔将军认为，政府已经利用美国调停为自己谋利，而且只要他允许政府这样蒙混过去，政府就会继续把美国调停作为其军事行动的遮盖。,topic,1946 年政治协商会议,周恩来; 马歇尔; 司徒雷登; 蒋介石,马歇尔调处; 民盟,中国民主同盟; 中国共产党; 国民大会,南京; 上海,60
488,1949,"October 3, 1949",北平接触与民盟人士沟通,00/10-349：电报〔文件621〕 驻北平总领事（柯乐博）致国务卿 北平，1949年10月3日。 9月30日，政治协商会议最后一次会议一致选举毛泽东为中华人民共和国中央人民政府主席，并选举张澜、朱德、高岗、李济深、刘少奇和孙中山夫人为六名副主席。,topic,1946 年政治协商会议,张澜; 沈钧儒; 周恩来,政协; 北平接触,政治协商会议; 美国国务院; 美国驻北平总领事馆,北平; 上海; 天津,25
489,1946,"October 30, 1946",第三方面在国共之间寻求政治空间,孙科在此亦指出，政府希望将'五五宪草'视为正式草案，因为政治协商会议宪草审议委员会没有足够时间制定出各方均能接受的政协宪草最终版本。 孙科称，根据政协决议，应先改组国务委员会，随后再调整行政院。,topic,1946 年政治协商会议,罗隆基; 司徒雷登,政协; 马歇尔调处; 第三方面; 民盟,中国民主同盟; 国民政府; 国民党; 中国共产党; 政治协商会议; 美国国务院; 行政院; 国民大会,南京; 满洲,40
490,1946,"October 5, 1946",The Ambassador in China (Stuart) to the Secretary of State,3月期间，官方新闻发布和中文报刊关于政协协议的社论讨论曾暗示，政府可能依据政协条款主张由其提名国务委员会全体成员；该条款称，“国务委员会将由国民政府主席从国民党员及非国民党人士中遴选。 这项协议也许更适合称为一种“谅解”，同政协协议中一节相一致；该节称，“国民政府主席任命国务委员，将根据有关各党提名办理。,topic,1946 年政治协商会议,周恩来; 司徒雷登; 蒋介石,政协; 马歇尔调处; 民盟,中国民主同盟; 国民政府; 国民党; 中国共产党; 青年党; 政治协商会议; 美国国务院,南京,70
491,1946,"October 5, 1946",围绕政协决议和政府改组的调处,马歇尔使团档案，Lot 54-D270［文件153］马歇尔将军与司徒雷登博士会谈记录，南京宁海路5号，1946年10月5日下午6时10分。 关于第一点，即国务委员会席位问题，周恩来将军认为，共产党和民主同盟两党原本有权合计取得14名委员，两党之间如何安排应由他们自己决定。,topic,1946 年政治协商会议,周恩来; 马歇尔; 司徒雷登; 蒋介石,政协; 马歇尔调处; 民盟,中国民主同盟; 中国共产党; 政治协商会议; 国民大会,南京; 延安,70
492,1947,"October 6, 1947",The Ambassador in China (Stuart) to the Secretary of State,在1947年10月1日举行的每周记者会上，中国政府新闻局局长董显光博士就中国民主同盟回答了下列问题： 问：中国民主同盟成员是否已在共产党地区担任重要职务？你们有细节吗？ 答：在东北共产党控制区担任负责职务的民主同盟成员包括：所谓辽北省政府主席阎宝航；所谓蒙疆省政府主席于毅夫；所谓蒙疆省政府副主席翟向臣；所谓蒙疆省政府教育委员关梦觉；所谓松江省政府教育部长韩幽桐；以及周鲸文、高崇民，二人均为所谓东北,topic,1946 年政治协商会议,司徒雷登,民盟,中国民主同盟; 国民政府; 中国共产党; 美国国务院; 国民大会,南京; 香港,55
493,1946,"October 7, 1946",The Ambassador in China (Stuart) to the Secretary of State,“关于10月2日政府声明所称两项‘最大让步’，共产党发言人陈家康认为，它们根本不是让步，而是又一项违反政协决议的不合理要求。 政协期间，国民党和共产党之间已有一项谅解，即国民政府委员会中略多于三分之一票数，也就是40席中的14席，应给予共产党和民主同盟，以确保政协和平建国纲领在国民政府委员会事务中不被侵犯。,topic,1946 年政治协商会议,司徒雷登,政协; 马歇尔调处; 民盟,中国民主同盟; 国民政府; 国民党; 中国共产党; 政治协商会议; 美国国务院,南京; 上海; 满洲,70
494,1946,"October 9, 1946",围绕政协决议和政府改组的调处,第一点规定，国府委员会若干席位分配给共产党和民主同盟，但这同在国府委员会中拥有略多于三分之一票数的要求并不相容。 同时，把一名无党派成员计入这些席位，也不符合政协决议。,topic,1946 年政治协商会议,周恩来; 马歇尔; 司徒雷登; 蒋介石,政协; 马歇尔调处; 民盟,中国民主同盟; 国民党; 中国共产党; 政治协商会议; 国民大会,上海,75
495,1946,"October 9, 1946",围绕政协决议和政府改组的调处,同日下午，彭先生发表声明，委员长随即向马歇尔将军送交备忘录，其中避开了回答进攻张家口的问题。 如果有十天喘息，委员长便可利用这段时间通过海路和空运把部队调往北平、天津地区；至少，他可以运去大量武器弹药。,topic,1946 年政治协商会议,周恩来; 马歇尔; 司徒雷登; 蒋介石,政协; 马歇尔调处; 北平接触; 民盟,中国民主同盟; 国民政府; 国民党; 中国共产党; 政治协商会议; 行政院; 国民大会,北平; 上海; 满洲; 天津,75
496,1946,"October 9, 1946",围绕政协决议和政府改组的调处,更简要地说，可以这样表述：为避免全国性分裂，应无限期停止对张家口的进攻，以便召开三人小组、非正式五人小组和政治协商会议指导委员会，讨论停战以及政协决议的实施。 马歇尔将军：我会把这份八点清单交给政府，但我建议你自己向政府作出正式答复。,topic,1946 年政治协商会议,周恩来; 马歇尔; 司徒雷登; 蒋介石,政协; 马歇尔调处; 北平接触,国民政府; 国民党; 中国共产党; 政治协商会议,北平; 南京; 上海,60
497,1946,"October 9, 1946",围绕政协决议和政府改组的调处,"兹将第二问及答复列于下： 问：是否如中央通讯社所称，国民党确实毫无保留地批准了政协决议？我们已了解政协决议在中央执行委员会（CEC，注23）内遭到强烈反对，但希望了解中共方面所谓""国民党的批准是有保留的""这一指控所依据的事实，并请尽力查明此种保留属何性质——是公开的还是隐秘的。 答：尽管国民党中央执行委员会在其二中全会（注24）休会后于3月16日发表的宣言中承诺国民党将""全力实现""政协协议，但非国",topic,1946 年政治协商会议,马歇尔; 司徒雷登; 蒋介石,政协; 马歇尔调处; 民盟,中国民主同盟; 国民党; 中国共产党; 政治协商会议; 美国国务院; 行政院; 国民大会,南京; 重庆; 满洲; 成都,70
498,1948,"October 9, 1948",The Consul General at Hong Kong (McKenna) to the Ambassador in China (Stuart),米利根撰写，题为《关于异议领袖从香港前往华北共产党地区参加新政协预备会议可能意义的评论》。 附件摘要：据信，蔡廷锴、沈钧儒、章伯钧和谭平山于1948年9月18日乘苏联船只“阿尔丹”号离开香港前往华北，并在中国共产党安排下前往参加中共主办的新政协预备会议。,topic,1946 年政治协商会议,沈钧儒; 章伯钧; 司徒雷登; 蒋介石,政协; 联合政府; 民盟,中国民主同盟; 国民党; 中国共产党; 政治协商会议; 美国国务院,香港,70
499,1946,"September 11, 1946",The Ambassador in China (Stuart) to the Secretary of State,"以下是上海第956号电文（9月7日），供国务院参考： ""中国民主同盟的罗隆基批评了由司徒雷登大使主持的新设小组委员会，理由如下：（一）民盟未获代表权；（二）此举降低了政治协商会议的重要性；（三）意味着美国干涉中国内政。 9月3日《联合日报》晚刊刊登了一篇相关新闻文章，引述民盟政协代表沈钧儒的话，对美国当局的诚意表示怀疑，并指责其蒙蔽公众，使公众相信和谈正在进行，而美国却奉行'野蛮政策，继续在中国煽",topic,1946 年政治协商会议,罗隆基; 沈钧儒; 周恩来; 司徒雷登,政协; 民盟,中国民主同盟; 中国共产党; 政治协商会议; 美国国务院,南京; 上海,80
500,1946,"September 11, 1946","Minutes of Meeting Between General Marshall and General Chou En-lai at No. 5 Ning Hai Road, Nanking, September 11, 1946, 10:35 a.m.",你还应明白，在导致这项声明的全部过程中，我一直在努力寻找结束敌对行动的办法，换言之，寻找达成协议的基础。我费了很大力气才说服蒋介石推进司徒雷登小组立即组成国务委员会的方案。做到这一点后，我最近又遭遇或被困扰于一种指责，即共产党并不愿意这样做。因此，我不得不反驳这种论点。 你已经向我解释了你为何对推进司徒雷登小组有所犹豫，我也了解你的理由。但事实仍然是，在我努力寻找结束敌对行动基础的过程中，你们的这,topic,1946 年政治协商会议,周恩来; 马歇尔; 司徒雷登; 蒋介石,马歇尔调处,中国共产党,南京,45
501,1946,"September 11, 1946",围绕政协决议和政府改组的调处,马歇尔将军：这几乎就是他所说的原话，我自己也不太理解。 马歇尔将军：据我理解，你又回到了6月30日的僵局，而我一直试图打破这个僵局。,topic,1946 年政治协商会议,周恩来; 马歇尔; 司徒雷登; 蒋介石,政协; 马歇尔调处; 北平接触; 民盟,中国民主同盟; 国民党; 中国共产党; 政治协商会议; 行政院; 国民大会,北平; 南京; 上海; 延安; 满洲,75
502,1946,"September 12, 1946",围绕政协决议和政府改组的调处,马歇尔使团档案，Lot 54-D270［文件86］马歇尔将军与司徒雷登博士会谈纪要，南京宁海路5号，1946年9月12日晚7时。 司徒雷登博士说，他此次来访的目的，是向马歇尔将军通报当天午后同周将军会谈的结果。,topic,1946 年政治协商会议,罗隆基; 周恩来; 马歇尔; 司徒雷登; 蒋介石,政协; 马歇尔调处,中国共产党; 政治协商会议; 行政院,南京,25
503,1949,"September 14, 1949",围绕政协决议和政府改组的调处,00/9-1449［文件1463］驻北平总领事柯乐博致国务卿。 北平，1949年9月14日。,topic,1946 年政治协商会议,马歇尔; 司徒雷登; 蒋介石,政协; 马歇尔调处; 北平接触; 联合政府; 民盟,中国民主同盟; 国民党; 中国共产党; 政治协商会议; 美国国务院; 美国驻北平总领事馆; 国民大会,北平,70
504,1946,"September 19, 1946",围绕政协决议和政府改组的调处,该译文的副本，只有细微差异，最近已送交南京的马歇尔将军和司徒雷登大使。 民主同盟、第三党和其他小党派代表以及无党派成员完成了宪法草案；随附文件即为该草案译文。,topic,1946 年政治协商会议,马歇尔; 司徒雷登,政协; 马歇尔调处; 第三方面; 民盟,中国民主同盟; 国民党; 中国共产党; 政治协商会议; 美国国务院; 美国驻上海总领事馆; 行政院; 国民大会,南京; 上海,50
505,1946,"September 23, 1946",General Marshall to President Truman,马歇尔使团档案，第54-D270卷：电报〔文件109〕 马歇尔将军致杜鲁门总统 〔南京，〕1946年9月23日。 民主同盟一直同共产党结盟；其拟派代表加上共产党人在国民政府委员会中可能构成否决力量。,topic,1946 年政治协商会议,周恩来; 马歇尔; 司徒雷登; 蒋介石,马歇尔调处; 民盟,中国民主同盟; 国民政府; 中国共产党; 美国国务院; 国民大会,南京; 上海; 牯岭,55
506,1949,"September 24, 1949",北平接触与民盟人士沟通,00/9–2449：电报 [文件608] 驻北平总领事（柯乐博）致国务卿 北平，1949年9月24日 [9月24日上午7时39分收到] 第1610号。 （该委员会于6月19日成立，下设5个小组委员会，在过去三个月内完成了起草提交政协会议文件及拟定代表名单的基础工作。,topic,1946 年政治协商会议,,政协; 北平接触,政治协商会议; 美国国务院; 美国驻北平总领事馆,北平,55
507,1949,"September 24, 1949",北平接触与民盟人士沟通,毛泽东（中国共产党中央委员会主席）、朱德（中国共产党军队总司令）、李济深（国民党革命委员会领导人）、李立三（中华全国总工会副主席）、沈钧儒（中国民主同盟领导人）、沈雁冰（笔名茅盾，小说家）、周恩来（中国共产党中央委员会委员及政治局委员，中国人民革命军事委员会副主席）、林祖涵（又名林伯渠，中国共产党中央委员会委员）、马寅初（作家及中央研究院院士）、马叙伦（前中华民国教育部次长）、乌兰夫（云泽，内蒙古,topic,1946 年政治协商会议,张澜; 沈钧儒; 黄炎培; 章伯钧; 周恩来,政协; 北平接触; 民盟,中国民主同盟; 国民党; 中国共产党; 政治协商会议; 美国国务院; 美国驻北平总领事馆,北平; 上海,85
508,1949,"September 24, 1949",北平接触与民盟人士沟通,00/9-2449：电报［文件609］驻北平总领事柯乐博致国务卿。 北平，1949年9月24日。,topic,1946 年政治协商会议,张澜; 黄炎培; 蒋介石,政协; 北平接触; 民盟,中国民主同盟; 国民党; 中国共产党; 政治协商会议; 美国国务院; 美国驻北平总领事馆,北平; 上海; 天津,40
509,1949,"September 24, 1949",北平接触与民盟人士沟通,"00/9–2449:电讯[文件610] 驻北平总领事(柯乐博)致国务卿北平,1949年9月24日. 除民主人士文化教育领域外,参加政协筹备委员会的所有其他单位,包括民主党和团体、人民组织和教授在内的23个单位都派代表参加了起草委员会。",topic,1946 年政治协商会议,黄炎培,政协; 北平接触,中国共产党; 政治协商会议; 美国国务院; 美国驻北平总领事馆,北平; 上海; 天津,15
510,1949,"September 27, 1949",北平接触与民盟人士沟通,陶还转达了罗隆基的一个建议：如果美国人避免公开宣布支持中国民主人士，将会有所帮助。 陶又说，原本曾拟设一个由周恩来主持、罗隆基和张东荪参加的外交关系委员会，但白皮书发表后，该计划已被放弃。,topic,1946 年政治协商会议,罗隆基; 张东荪; 周恩来,政协; 北平接触,国民党; 中国共产党; 政治协商会议; 美国驻北平总领事馆,北平; 香港,70
511,1949,"September 27, 1949",北平接触与民盟人士沟通,顺便指出，罗隆基在政治协商会议中确实已被绕开，而由七旬老人沈钧儒居于前台；但这似乎完全符合共产党的一贯政策，即推出完全服从共产党路线的第二党派人士出面讲话（另有报告称，罗曾向共产党人主张维持同苏联以外其他国家的良好关系）。 75 民盟领导人。,topic,1946 年政治协商会议,罗隆基; 沈钧儒; 司徒雷登,政协; 北平接触; 民盟,中国民主同盟; 中国共产党; 政治协商会议; 美国国务院; 美国驻北平总领事馆,北平; 南京; 华盛顿,85
512,1949,"September 29, 1949",北平接触与民盟人士沟通,陶为司徒雷登大使友人，现住在北平傅泾波家中，今日稍晚来访。 陶说，他数日前在北平同罗隆基（民主同盟）谈过。,topic,1946 年政治协商会议,罗隆基; 司徒雷登; 蒋介石,政协; 北平接触; 民盟,中国民主同盟; 国民政府; 中国共产党; 政治协商会议; 美国国务院,北平; 沈阳; 满洲; 天津,80
513,1946,"September 30, 1946",The Ambassador in China (Stuart) to the Secretary of State,中国民主同盟代表已告知合众社，民盟将采取类似立场。,topic,1946 年政治协商会议,司徒雷登,政协; 民盟,中国民主同盟; 国民政府; 中国共产党; 政治协商会议; 美国国务院; 国民大会,南京,50
514,1946,1 June 1946,围绕政协决议和政府改组的调处,鉴于第5段a款所载建议，兹请国务院作为紧急事项，将本文件第4段所载结论转交马歇尔将军征求意见，其中包括就请求总统批准这些结论是否可取提出意见。 马歇尔将军的意见一经收到，应提交SWNCC秘书处，以便分发至委员会，按建议第5段b款所设想采取行动。,topic,马歇尔调处与民盟,马歇尔; 蒋介石,政协; 马歇尔调处; 北平接触; 联合政府; 民盟,中国民主同盟; 国民政府; 国民党; 中国共产党; 政治协商会议; 美国国务院; 国民大会,北平; 南京; 重庆; 沈阳; 满洲; 天津; 华盛顿,70
515,1945,19 December 1945,围绕政协决议和政府改组的调处,马歇尔使团档案，Lot 54–D270〔第560号文件〕谢普利先生（注39）致马歇尔将军备忘录。 马歇尔将军： 依据目前所掌握的情报，拜罗德上校（注40）与本人已就中国的政治局势作出一个初步判断。,topic,马歇尔调处与民盟,张澜; 周恩来; 马歇尔; 蒋介石,政协; 马歇尔调处; 联合政府; 民盟,中国民主同盟; 国民党; 中国共产党; 政治协商会议; 美国驻华使馆; 行政院; 国民大会,南京; 重庆; 延安,80
516,1945,1945/12/29 ~ 1945/12/29,围绕政协决议和政府改组的调处,外交部长王世杰与商谈召开政治协商会议问题代表的美国驻华特使马歇尔留影,topic,马歇尔调处与民盟,马歇尔,政协; 马歇尔调处,政治协商会议,,20
517,1946,1946,第三方面在国共之间寻求政治空间,” 第三方面发言人批评他们所称“违反政协决议和程序”的做法，并列举如下：（1）委员长提出为少数党派保留国民大会席位；（2）尚未完成的宪法草案将提交国民大会，这违反了政协程序；该程序要求完成后的草案先提交讨论并获得通过；（3）宪法本身应规定其修正办法。 民主同盟发言人罗隆基说：“声明谈到六个月后修改宪法。,topic,马歇尔调处与民盟,罗隆基; 司徒雷登; 蒋介石,政协; 马歇尔调处; 第三方面; 民盟,中国民主同盟; 国民政府; 国民党; 中国共产党; 政治协商会议; 美国国务院; 国民大会,南京,80
518,1946,1946,围绕政协决议和政府改组的调处,马歇尔使团档案，第54-D270卷〔文件309〕 马歇尔将军与俞大维将军会谈记录 南京宁海路5号，1946年12月某日上午11时。 俞大维将军开始会谈时，把一份地图交给马歇尔将军，并说明该图标示了共产党攻击的地点和日期。,topic,马歇尔调处与民盟,周恩来; 马歇尔; 司徒雷登; 蒋介石,政协; 马歇尔调处; 民盟,中国民主同盟; 中国共产党; 政治协商会议; 行政院; 国民大会,南京; 延安,70
519,1946,1946,"Minutes of Meeting Between General Marshall and General Yu Ta-wei at No. 5 Ning Hai Road, Nanking, December 1946, 11 a.m.",在讨论政府自由化问题时，马歇尔将军说，共产党人认为，委员长任命俞大维将军为交通部长，不过是把受人尊敬的无党派人士安置到共产党人所希望获得的职位上。 马歇尔将军报告说，委员长认为，既然现在有了更好的道路和交通通信，他可以在8至10个月内结束对共产党的军事行动；而且只要农业人口能够支持他，他并不认为经济形势太坏。,topic,马歇尔调处与民盟,马歇尔; 蒋介石,马歇尔调处,国民政府; 国民党; 中国共产党; 美国国务院; 行政院,南京; 天津,45
520,1946,1946 (undated),北平接触与民盟人士沟通,马歇尔使团档案，Lot 54-D270〔文件37〕 中华民国临时政府组织章程 未注明日期 第一条。 委员中九名由总统根据国民党提名任命，六名根据共产党提名任命，一名根据民主同盟提名任命，一名根据青年党提名任命，三名由总统从共和国无党籍杰出公民中自行任命。,topic,马歇尔调处与民盟,马歇尔; 蒋介石,马歇尔调处; 北平接触; 民盟,中国民主同盟; 国民政府; 国民党; 中国共产党; 青年党; 国民大会,北平; 天津,70
521,1946,1946-02-01,北平接触与民盟人士沟通,其余700个名额将通过提名产生，分配如下：国民党220席，共产党190席，中国民主同盟120席，青年党100席，无党派人士70席。 中国民主同盟发言人引述中共二号人物周恩来的声明称，共产党主席毛泽东可能加入拟议中的各党派联合组成的国务委员会，并在该委员会于南京成立后前往南京。,topic,马歇尔调处与民盟,周恩来,政协; 马歇尔调处; 北平接触; 民盟,中国民主同盟; 国民党; 中国共产党; 青年党; 政治协商会议; 行政院; 国民大会,北平; 南京; 重庆; 延安; 天津,55
522,1946,1946-07-05,围绕政协决议和政府改组的调处,马歇尔使团档案，编号 Lot 54–D270 [文件 645] 新华社发布之中共中央委员会纪念“七七”九周年宣言草案 新华社延安，7月5日电——以下是中国共产党中央委员会为纪念“七七”九周年所发布宣言的全文： 致：全体同胞及所有爱国志士： 今天，是我国人民胜利结束抗日战争与爱国战争后，首次纪念“七七”。 在全国人民压力下，并应去年十二月莫斯科三国外长会议的要求及美国特使马歇尔将军的参与，国民党被迫,topic,马歇尔调处与民盟,马歇尔; 蒋介石,政协; 马歇尔调处; 北平接触; 联合政府; 民盟,中国民主同盟; 国民政府; 国民党; 中国共产党; 政治协商会议; 美国国务院; 国民大会,北平; 南京; 重庆; 上海; 延安; 华盛顿,70
523,1946,1946-08-20,北平接触与民盟人士沟通,保定 (临时驻地：北平) | 上校 刘×× | 中校 王×× 14. 保定 (临时驻地：北平) | 中校 刘×× | 上校 王×× 50.,topic,马歇尔调处与民盟,,北平接触,国民政府; 中国共产党,北平; 沈阳; 天津,40
524,1946,1946-09-21,围绕政协决议和政府改组的调处,马歇尔使团档案，第54-D270卷〔文件107〕 周恩来将军致马歇尔将军备忘录 上海，1946年9月21日。 亲爱的马歇尔将军： 你9月19日OSE 446号备忘录已经收到。,topic,马歇尔调处与民盟,周恩来; 马歇尔; 司徒雷登,政协; 马歇尔调处; 北平接触; 民盟,中国民主同盟; 国民政府; 国民党; 中国共产党; 政治协商会议,北平; 上海,70
525,1946,1946-10 (undated),Chinese National Government’s Reply to Communist Party’s Counterproposals,马歇尔使团文件，批号54–D270 [文件第217号] 国民政府就中共反建议之答复 16 无日期（仅涉及政治问题部分） 16 关于中共10月22日反建议，参见第412页 [第412页包含文件第211号、第212号及第213号的部分内容]。,topic,马歇尔调处与民盟,马歇尔,马歇尔调处,国民政府; 中国共产党,,0
526,1946,1946-10-01,CHINESE VIEWS ON AMERICAN ASSISTANCE TO CHINA,1946年9月22日，马来亚著名华人陈嘉庚（Tan Kah Kee）致电杜鲁门总统、马歇尔将军及司徒雷登大使，要求所有美国武装力量立即撤出中国，并停止向蒋介石委员长政府提供一切援助。 在马来亚，中国民主同盟雪兰莪支部致函美国总统，支持陈嘉庚所发电报；而另有84个组织通过新加坡中央通讯社联名致电陈嘉庚电报的收件人，否认陈嘉庚的立场，并对美国援华表示衷心感谢。,topic,马歇尔调处与民盟,马歇尔; 司徒雷登; 蒋介石,马歇尔调处; 民盟,中国民主同盟; 国民党,,40
527,1946,1946-10-22,第三方面在国共之间寻求政治空间,国民党与中共条件差距过大 第三方面调解人认为，目前国民政府与中共的条件差距过大，担心在此基础上的谈判将毫无希望且旷日持久。 第三方面成员在赴南京前拟定了四项原则，要求：（1）下达停火令；（2）各战线就地停止敌对行动；（3）由政治协商会议成员组成停战小组，监督并安排停火；（4）政府改组问题原则上解决后，所有党派共同参与。,topic,马歇尔调处与民盟,,政协; 马歇尔调处; 第三方面,国民政府; 国民党; 中国共产党; 政治协商会议,南京; 香港,40
528,1946,1946-10-30,北平接触与民盟人士沟通,北平执行部国民党方面参谋长戴文池将军否认了上海所刊报道，该报道称杜聿明将军所部已发起对大连的攻势。 他们指出，若国民党方面已发动针对大连的攻势，则位于鞍山的执行部战地小组——该小组是距离大连最近的此类机构——理应已向北平总部报告。,topic,马歇尔调处与民盟,马歇尔; 蒋介石,马歇尔调处; 第三方面; 北平接触,国民政府; 国民党; 中国共产党; 国民大会,北平; 南京; 上海; 香港; 延安; 满洲,40
529,1946,1946-11-12,围绕政协决议和政府改组的调处,马歇尔使团档案，Lot 54-D270〔文件271〕 哈特·考吉上校致马歇尔将军 〔南京〕1946年11月12日。 由张君劢博士领导的民主同盟一组，以及由黄炎培先生领导的一组，大概也会参加；其想法是，他们将以个人身份签名，而不是代表民主同盟。,topic,马歇尔调处与民盟,黄炎培; 张君劢; 周恩来; 马歇尔; 司徒雷登; 蒋介石,政协; 马歇尔调处; 民盟,中国民主同盟; 中国共产党; 青年党; 政治协商会议; 国民大会,南京; 延安,70
530,1946,1946-12-11,SELANGOR CHINESE IN SUPPORT OF TAN KAH KEE,雪兰莪侨团及侨领支持陈嘉庚先生公众大会主席团成员，于1946年10月10日通过美联社向杜鲁门总统、马歇尔将军、司徒雷登博士、美国各报章、通讯社、社会领袖及公共组织发出电报，表示支持陈嘉庚先生于9月10日发出的电报，该电报要求所有美国武装力量立即撤离中国，并停止对国民党政府的一切形式援助。 上述电报的署名者如下： 中国民主同盟雪兰莪支部主席 马来亚人民抗日军退伍同志会主席 雪兰莪新民主主义青年团主席,topic,马歇尔调处与民盟,马歇尔; 司徒雷登,马歇尔调处; 民盟,中国民主同盟; 国民政府; 国民党,,40
531,1946,1946/01/11 ~ 1946/01/11,蒋中正见张群代表谈军市三人小组会议应催促中共早日商定整编军队与共军接受政府统辖办法及对郑介民指示军事调处执行部注意要旨又是日政治协商会议举行第二次大会张群报…,蒋中正见张群代表谈军市三人小组会议应催促中共早日商定整编军队与共军接受政府统辖办法及对郑介民指示军事调处执行部注意要旨又是日政治协商会议举行第二次大会张群报…,topic,马歇尔调处与民盟,,政协,中国共产党; 政治协商会议,,20
532,1946,1946/01/15 ~ 1946/01/15,蒋中正考虑近日急务促开军事三人小组会议与政治协商会议如不能成立协议惟宣布政府实施民主之步骤及接白崇禧电已转饬各部遵照停战并对整军有所建议陆军迅速整编充实粮弹…,蒋中正考虑近日急务促开军事三人小组会议与政治协商会议如不能成立协议惟宣布政府实施民主之步骤及接白崇禧电已转饬各部遵照停战并对整军有所建议陆军迅速整编充实粮弹…,topic,马歇尔调处与民盟,,政协; 马歇尔调处,政治协商会议,,20
533,1946,1946/01/17 ~ 1946/01/17,胡宗南电蒋中正据报匪新四军李先念皮定宗王树声等部攻陷息县光山正围潢川激战中虽值政治协商会议停战中仍请派大军进剿等情,胡宗南电蒋中正据报匪新四军李先念皮定宗王树声等部攻陷息县光山正围潢川激战中虽值政治协商会议停战中仍请派大军进剿等情,topic,马歇尔调处与民盟,,政协; 马歇尔调处,政治协商会议,,20
534,1946,1946/01/20 ~ 1946/01/20,胡宗南电蒋中正据邵鸿基电称顷闻政治协商会议中央命令无条件停战然中共依然破路进攻华北几全被占据如准要求停战无异断送华北万劫不复恳速收复华北等情,胡宗南电蒋中正据邵鸿基电称顷闻政治协商会议中央命令无条件停战然中共依然破路进攻华北几全被占据如准要求停战无异断送华北万劫不复恳速收复华北等情,topic,马歇尔调处与民盟,,政协; 马歇尔调处,中国共产党; 政治协商会议,,20
535,1946,1946/01/21 ~ 1946/01/21,围绕政协决议和政府改组的调处,陈布雷呈蒋中正有关陶希圣所呈对政治协商会议及其后政局转变本党之政策、当前之急务、马歇尔特使使命之结束等意见书,topic,马歇尔调处与民盟,马歇尔,政协; 马歇尔调处,政治协商会议,,20
536,1946,1946/01/22 ~ 1946/01/22,察哈尔省商会电国民政府主席蒋中正为政治协商会议察绥热问题不在军事调处执行部任务之内由当局另行解决,察哈尔省商会电国民政府主席蒋中正为政治协商会议察绥热问题不在军事调处执行部任务之内由当局另行解决,topic,马歇尔调处与民盟,,政协,国民政府; 政治协商会议,,20
537,1946,1946/01/22 ~ 1946/01/22,王陵基电蒋中正判断皖鄂边区奸匪似有藉停战机会积极整补确占大别山要地与大小悟山情势若政治协商会议无圆满结果则以主力进出商城罗田窜扰鄂皖边区之企图,王陵基电蒋中正判断皖鄂边区奸匪似有藉停战机会积极整补确占大别山要地与大小悟山情势若政治协商会议无圆满结果则以主力进出商城罗田窜扰鄂皖边区之企图,topic,马歇尔调处与民盟,,政协; 马歇尔调处,政治协商会议,,20
538,1946,1946/01/28 ~ 1946/01/28,国民政府文官长吴鼎昌函政治协商会议秘书处为山西省工会等电为停战命令限期已过共军仍破坏铁路夺取城镇一案函达查照,国民政府文官长吴鼎昌函政治协商会议秘书处为山西省工会等电为停战命令限期已过共军仍破坏铁路夺取城镇一案函达查照,topic,马歇尔调处与民盟,,政协; 马歇尔调处,国民政府; 政治协商会议,,20
539,1946,1946/03/16 ~ 1946/03/16,黄昭明电蒋中正奉郑介民令派军事调处执行部第八小组工作并以机密方法探知中共对国内政治协商会议系为联络各党派推翻政府及在苏军未撤前扩大东北占领区等,黄昭明电蒋中正奉郑介民令派军事调处执行部第八小组工作并以机密方法探知中共对国内政治协商会议系为联络各党派推翻政府及在苏军未撤前扩大东北占领区等,topic,马歇尔调处与民盟,,政协,中国共产党; 政治协商会议,,20
540,1946,1946/05/01 ~ 1946/05/01,围绕政协决议和政府改组的调处,郑介民电蒋中正徐永昌谍报延安派来姚某与叶剑英谈话内容在军事面中共于华北取守势对东北采攻势及政治取攻势以民主同盟为先锋政治协商为战场使马歇尔观战,topic,马歇尔调处与民盟,马歇尔,政协; 马歇尔调处; 民盟,中国民主同盟; 中国共产党; 政治协商会议,延安,35
541,1946,1946/05/22 ~ 1946/05/22,张君劢黄炎培等电蒋中正周恩来毛泽东东北停战协议签字已逾五十余日但战事未已现吁请立刻停战共军撤出且不再进兵长春东北政务委员会进驻当地主持政务等,张君劢黄炎培等电蒋中正周恩来毛泽东东北停战协议签字已逾五十余日但战事未已现吁请立刻停战共军撤出且不再进兵长春东北政务委员会进驻当地主持政务等,topic,马歇尔调处与民盟,黄炎培; 张君劢; 周恩来,马歇尔调处,,,5
542,1946,1946/06/27 ~ 1946/06/27,陶镕电蒋中正滇省匪党民盟分子与过去地方武力勾结企图暴动又停战令延期将使世人皆知中共无诚意必有继续之战争滇省人心浮动社会不安等,陶镕电蒋中正滇省匪党民盟分子与过去地方武力勾结企图暴动又停战令延期将使世人皆知中共无诚意必有继续之战争滇省人心浮动社会不安等,topic,马歇尔调处与民盟,,马歇尔调处; 民盟,中国民主同盟; 中国共产党,,20
543,1946,1946/07/05 ~ 1946/07/05,高明远电赵联群中共与民盟在山西我区组民生运用书店售左倾书籍已遵令查禁惟共军利用停战集中兵力对我防御薄弱城市进攻近拟围攻大同我正积极防御,高明远电赵联群中共与民盟在山西我区组民生运用书店售左倾书籍已遵令查禁惟共军利用停战集中兵力对我防御薄弱城市进攻近拟围攻大同我正积极防御,topic,马歇尔调处与民盟,,马歇尔调处; 民盟,中国民主同盟; 中国共产党,,20
544,1946,1946/08/27 ~ 1946/08/27,陈布雷电彭学沛连日民盟中共皆要求重开政协会议请于记者招待会表示自停战令后中共到处攻击扩大侵占地故关键全在共党诚意另政协会议未有再开必要等,陈布雷电彭学沛连日民盟中共皆要求重开政协会议请于记者招待会表示自停战令后中共到处攻击扩大侵占地故关键全在共党诚意另政协会议未有再开必要等,topic,马歇尔调处与民盟,,政协; 马歇尔调处; 民盟,中国民主同盟; 中国共产党; 政治协商会议,,35
545,1946,1946/09/17 ~ 1946/09/17,北平接触与民盟人士沟通,郑介民电蒋中正张家口第五小组被共方扣留我方已提出严重抗议并建议撤回北平，马歇尔谒蒋中正谓周恩来致备忘录三件要求共党与民主同盟须于国民政府委员名单占有十四席方…,topic,马歇尔调处与民盟,周恩来; 马歇尔,马歇尔调处; 北平接触; 民盟,中国民主同盟; 国民政府,北平,35
546,1946,1946/10/25 ~ 1946/10/25,第三方面在国共之间寻求政治空间,皮宗敢电周宏涛转蒋中正闻马歇尔司徒雷登接见罗隆基等提出第三方面应注意政府改组及国大诸问题与整军方案暨中共愿接受钧座所提八原则等谈话内容,topic,马歇尔调处与民盟,罗隆基; 马歇尔; 司徒雷登,马歇尔调处; 第三方面,中国共产党,,15
547,1946,1946/10/27 ~ 1946/10/27,皮宗敢电蒋中正明日鲁斯抵南京傅泾波告以马歇尔劝周恩来接受政府条件否则政府用兵共党无法幸胜另民盟谴责马帅失去调人立场并主张折衷方案继续调停等,皮宗敢电蒋中正明日鲁斯抵南京傅泾波告以马歇尔劝周恩来接受政府条件否则政府用兵共党无法幸胜另民盟谴责马帅失去调人立场并主张折衷方案继续调停等,topic,马歇尔调处与民盟,周恩来; 马歇尔,马歇尔调处; 民盟,中国民主同盟,南京,20
548,1946,1946/10/27 ~ 1946/10/27,皮宗敢电周宏涛转蒋中正明鲁斯抵京停三四日及闻马歇尔劝周恩来接受政府条件否则我将用兵而民盟甚焦急一部分主张仍提折衷方案继续调停等情,皮宗敢电周宏涛转蒋中正明鲁斯抵京停三四日及闻马歇尔劝周恩来接受政府条件否则我将用兵而民盟甚焦急一部分主张仍提折衷方案继续调停等情,topic,马歇尔调处与民盟,周恩来; 马歇尔,马歇尔调处; 民盟,中国民主同盟,,20
549,1947,1947-04-07,CIA Reading Room cia-rdp79-01082a000200020005-2: Preliminary survey of the Scope of Hoover Library Materials in the Slavic Languages and on Communism of Prospective Research Value to CIG,```markdown **中央情报局研究组** **25X1A5a0020005** **关于胡佛图书馆斯拉夫语及共产主义相关材料对中央情报局潜在研究价值的初步调查** **目录** I. 已编目及临时列目的条目 A. 按俄国历史年代分期 B. 按“俄国”主题词分类 II. 俄语连续出版物 A. 杂志与期刊（综合类） B. 杂志与期刊（技术类） C. 书目类 D. 其他（随机选取的连续出版物） ,topic,马歇尔调处与民盟,马歇尔,马歇尔调处; 民盟,中国民主同盟; 中国共产党,南京; 上海; 延安; 满洲,40
550,1947,1947-07-26,第三方面在国共之间寻求政治空间,去年三月底至四月初，中国民主同盟介入调处，提议在满洲建立民主联合政府。 中央政府反对此议，坚称必须先由国军占领满洲，方可建立联合政府。,topic,马歇尔调处与民盟,张君劢; 周恩来; 蒋介石,政协; 马歇尔调处; 第三方面; 联合政府; 民盟,中国民主同盟; 国民政府; 国民党; 中国共产党; 青年党; 民主社会党; 政治协商会议; 美国驻上海总领事馆; 行政院; 国民大会,南京; 重庆; 上海; 满洲,75
551,1947,1947-07-31,China Mail 1947-07-31 · 内战全面化,中共机关报《工人日报》声称，“人为制造的股市恐慌”旨在实现“联合政府”这一最终目标。 在谈及中国和平前景时，欧文斯表示：“只要中共坚持保留自己的军队，我认为中国中央政府就不可能组建一个包括中共在内的各党派联合政府。,topic,马歇尔调处与民盟,马歇尔,马歇尔调处; 联合政府; 民盟,中国民主同盟; 国民政府; 中国共产党,上海,40
552,1947,1947-10-06,北平接触与民盟人士沟通,"蒋的秘书称，总统计划在北平停留数日，尚未决定是否在返京前继续北上。 他抵达之际，针对北平""中共地下组织""的搜捕行动进一步扩大，甚至在其华北行辕内部亦有人被捕。",topic,马歇尔调处与民盟,马歇尔; 蒋介石,马歇尔调处; 北平接触; 民盟,中国民主同盟; 国民党; 中国共产党,北平; 香港; 满洲,55
553,1947,1947-11-01,围绕政协决议和政府改组的调处,1947年11月1日 中国上海霞飞路646号 美国华盛顿特区 国务院 国务卿 马歇尔先生阁下 亲爱的马歇尔先生： 我至今仍清晰记得去年和平谈判期间我们之间的密切合作。 我首先想向您强调的一点是：只要国民党不愿真正承认联合政府，那么仅仅组建一个联合政府是不够的。,topic,马歇尔调处与民盟,张君劢; 马歇尔,政协; 马歇尔调处; 第三方面; 联合政府; 民盟,中国民主同盟; 国民政府; 国民党; 青年党; 民主社会党; 政治协商会议; 美国国务院,上海; 华盛顿,75
554,1947,1947-11-17,CIA Reading Room cia-rdp82-00457r001100080005-0: POLITICAL INFORMATION: REPORTED RESURGENCE OF LI LI-SAN S POLICIES,毛泽东派系与东北局内的中国民主同盟派系结盟，共同反对李立三。 在马歇尔将军调处期间，若非李立三的阻挠，本有可能与毛泽东达成协议。,topic,马歇尔调处与民盟,马歇尔,马歇尔调处; 民盟,中国民主同盟; 国民党; 中国共产党,南京; 延安,40
555,1947,1947/01/17 ~ 1947/01/17,保密局呈蒋中正中共与民主同盟对马歇尔离华及任国务卿之反应,保密局呈蒋中正中共与民主同盟对马歇尔离华及任国务卿之反应,topic,马歇尔调处与民盟,马歇尔,马歇尔调处; 民盟,中国民主同盟; 中国共产党; 美国国务院,,20
556,1947,1947/02/16 ~ 1947/02/16,保密局呈蒋中正民主同盟对美军撤离中国及军事调处执行总部结束事之观察,保密局呈蒋中正民主同盟对美军撤离中国及军事调处执行总部结束事之观察,topic,马歇尔调处与民盟,,民盟,中国民主同盟,,20
557,1947,1947/05/19 ~ 1947/05/19,保密局呈蒋中正民盟企图于本届参政会发动和平运动提出就地停战实行民选情报提要,保密局呈蒋中正民盟企图于本届参政会发动和平运动提出就地停战实行民选情报提要,topic,马歇尔调处与民盟,,马歇尔调处; 民盟,中国民主同盟,,20
558,1948,1948-01-13,北平接触与民盟人士沟通,** 关于香港“国民党民主派”成立的更多信息表明，该团体宣布的纲领包括：a) 实现与苏联的友好关系；b) 统一民主政党，包括中国共产党和中国民主同盟；c) 土地改革。 **香港也是民主同盟三中全会开幕的地点。,topic,马歇尔调处与民盟,司徒雷登; 蒋介石,马歇尔调处; 北平接触; 民盟,中国民主同盟; 国民政府; 国民党; 中国共产党; 行政院,北平; 南京; 上海; 香港; 沈阳; 满洲; 华盛顿,55
559,1948,1948-09-04,China Mail 1948-09-04 · 解放战争进入战略反攻,马歇尔提议的核心思想是，援助的给予方式应最能帮助受援国自助和互助。,topic,马歇尔调处与民盟,马歇尔,马歇尔调处,中国共产党; 美国国务院,,45
560,1948,1948-09-28,CIA Reading Room cia-rdp78-01617a003300010001-3: COMMUNIST STRENGTH IN JAPAN ORE 46-48 PUBLISHED 28 SEPTEMBER 1948,**中央情报局** **ORE 46-48** **日本共产党势力评估** **摘要** 日本共产党（JCP）表面上只是一个次要政党，但其影响力远超其在国会中的席位比例。这种影响力源于其对日本最大工会联合会的控制，以及其利用因经济混乱而心怀不满的群体、或对战后意识形态混乱感到困惑的群体的抱怨的能力。日共党员人数合理估计为6万人，此外还有约2.5万人的共青团以及大量易于利用的同情者。该党在国会两院各,topic,马歇尔调处与民盟,,民盟,中国民主同盟; 国民党; 中国共产党; 美国国务院,上海,40
561,1948,1948-10-29,CIA Reading Room cia-rdp78-01617a002100030001-4: WEEKLY SUMMARY NUMBER 24,**-13-** **机密** **解密并批准发布 2013/04/10 : CIA-RDP78-01617A002100030001-4** **机密** **中国** 中共继续计划为全中国建立一个联合政府。 中共提出的“召开新的政治协商会议以制定联合政府计划”的倡议，已吸引了在香港的反国民党中国国民党革命委员会（民革）的一个代表团，并且可能在中共控制下组建一支民革军队，以促进国民党军队的更多倒,topic,马歇尔调处与民盟,蒋介石,政协; 马歇尔调处; 联合政府; 民盟,中国民主同盟; 国民政府; 国民党; 中国共产党; 政治协商会议; 美国国务院,香港; 沈阳; 满洲; 天津,55
562,1948,1948-11-19,昆明暗杀事件引发的政治压力与外交关注,在所有有组织的国民党抵抗停止后，内战结束的标志很可能是组建一个包括现国民政府重要成员在内的新联合政府。 这样的联合政府有可能在“反帝国主义”这一核心议题上寻求团结，但也有可能避免与美国对抗。,topic,马歇尔调处与民盟,蒋介石,昆明暗杀; 马歇尔调处; 联合政府; 民盟,中国民主同盟; 国民政府; 国民党; 中国共产党; 美国国务院,香港; 满洲,55
563,1948,1948-12-02,第三方面在国共之间寻求政治空间,拉铁摩尔先生预测中国将成立联合政府。 将美国在华行动与日本以往在华军事记录相提并论，中国民主同盟昨日警告美国人民注意其政府行为可能带来的后果。,topic,马歇尔调处与民盟,马歇尔; 蒋介石,马歇尔调处; 第三方面; 联合政府; 民盟,中国民主同盟; 国民政府; 国民党; 中国共产党; 美国驻上海总领事馆,南京; 上海,40
564,1948,1948-12-10,北平接触与民盟人士沟通,这个政府可能会被宣称为“联合政府”，并将吸纳许多非中共人士，包括现任国民政府中的成员。 作为“联合政府”，其优势在于未必会丧失国际承认。,topic,马歇尔调处与民盟,,马歇尔调处; 北平接触; 联合政府; 民盟,中国民主同盟; 国民政府; 国民党; 中国共产党; 美国国务院,北平; 南京; 沈阳; 满洲; 天津,55
565,1949,1949-01-12,China Mail 1949-01-12 · 联合政府讨论,天津，1月11日。 今日，随着四人和平代表团在与城外中共方面进行初步会晤后满意而归，民众免受内战进一步蹂躏的希望骤然高涨。 代表团成员——均为市参议员——进入中共控制区后，于今晨携条件返回，并带回中共方面关于停止炮击的承诺。 和平特使称，中共方面对参议员们为天津民众利益所作的努力表示赞赏。 中共方面批准了天津人民关于和平的要求，并表示无意摧毁天津。声明续称，中共方面表达了进行和谈的意愿，并请参议员,topic,马歇尔调处与民盟,蒋介石,马歇尔调处; 联合政府,国民政府; 中国共产党; 行政院,香港; 天津; 华盛顿,25
566,1949,1949-01-17,北平接触与民盟人士沟通,**华北和平促进会** 与此同时，在加强城墙内外防御的同时，据报道，各公共团体已自行组织成“华北人民和平促进会”，并邀请知名社会领袖及自由派人士，包括被取缔的中国民主同盟成员及各大院校校长，组成一个委员会，向共产党当局请求在华北立即停火。 ——路透社 **共产党于周六获得面粉和小麦供应** 这可能意味着在共产党威胁下的北平，粮食配给制的崩溃，除非能迅速组织起陆路供应系统，美国经济合作署中国项目主任,topic,马歇尔调处与民盟,张君劢; 蒋介石,马歇尔调处; 北平接触; 联合政府; 民盟,中国民主同盟; 国民党; 中国共产党; 青年党; 民主社会党,北平; 香港; 天津; 华盛顿,55
567,1949,1949-02-03,Memorandum of Conversation between Anastas Mikoyan and Mao Zedong,**档案来源：** **国际史解密档案** **日期：** 1949年2月3日 **阿纳斯塔斯·米高扬与毛泽东会谈纪要** **引文：** 『阿纳斯塔斯·米高扬与毛泽东会谈纪要』，1949年2月3日，历史与公共政策项目数字档案，俄罗斯联邦总统档案馆（APRF）：全宗39，目录1，案卷39，第47-53页。重印于安德烈·列多夫斯基、赖莎·米罗维茨卡娅和弗拉基米尔·米亚斯尼科夫编，《苏中关系》，第5卷,topic,马歇尔调处与民盟,,,国民党; 中国共产党,,25
568,1949,1949-02-03,Memorandum of Conversation between Anastas Mikoyan and Mao Zedong,**关于国民党与中共谈判中的外国调停问题** 1949年2月3日晚，与毛泽东举行了又一次会谈。参加会谈的有中共中央政治局成员周恩来、刘少奇、任弼时和朱德，以及翻译师哲。我方出席的有伊·瓦·科瓦廖夫和[苏联中国问题专家]叶·弗·科瓦廖夫。 相互问候之后，会谈开始，我首先指出，我们获悉英国、美国和法国主张由它们承担起调停国民党与中共的职能。后来，这些大国不知通过何种途径了解到苏联和中共反对外国调停，它,topic,马歇尔调处与民盟,周恩来,,国民党; 中国共产党,香港,25
569,1949,1949-04-13,北平接触与民盟人士沟通,毛泽东同志说，我们视此提议为一种企图，并非为了援助中国人民，而是为了挽救美国资本主义于危机（依据马歇尔计划），并试图将中国人民置于枷锁之下，如同他们在蒋介石政权下所做的那样。 一些将领，例如白崇禧，他掌握着32个师的兵力，已经与我们建立了联系，以便像北平（北京）的傅作义将军那样，通过和平方式解决问题。,topic,马歇尔调处与民盟,马歇尔; 蒋介石,马歇尔调处; 北平接触,国民党; 中国共产党,北平; 南京; 上海,40
570,1949,1949-06-30,北平接触与民盟人士沟通,# 1949 讲话/文件 **标题：论人民民主专政** **作者：毛泽东** **日期：** 1949年6月30日 **来源：** 7月1日北平电台广播。,topic,马歇尔调处与民盟,,马歇尔调处; 北平接触,国民党; 中国共产党,北平,40
571,1949,1949-07-07,北平接触与民盟人士沟通,该同盟在重庆、南京、上海、北平以及海外设有支部，约有200名成员。 1945年，在我党提出建立联合政府的口号以及国民党第六次全国代表大会召开后，该联合会正式公开。,topic,马歇尔调处与民盟,罗隆基; 张澜; 黄炎培; 章伯钧; 张东荪; 蒋介石,政协; 马歇尔调处; 北平接触; 联合政府; 民盟,中国民主同盟; 国民党; 中国共产党; 政治协商会议,北平; 南京; 重庆; 上海; 香港,85
572,1949,1949-07-18,Liu Shaoqi about his meeting with Stalin,马歇尔计划已经破产。,topic,马歇尔调处与民盟,马歇尔,马歇尔调处,,,25
573,1950,1950-01-05,北平接触与民盟人士沟通,除中国民主建国会外，中共政府中的主要非中共政党为中国民主同盟、中国国民党革命委员会、全国各界救国联合会及中国致公党。 中国民主同盟在张澜领导下，现已成为中国共产党渗透的首要目标。,topic,马歇尔调处与民盟,张澜,马歇尔调处; 北平接触; 联合政府; 民盟,中国民主同盟; 国民党; 中国共产党,北平,65
574,1950,1950-09-12,第三方面在国共之间寻求政治空间,马利克先生说，这…… （注：原文包含大量与主题无关的碎片化信息，如关于南非史末资将军的冗长生平、萧伯纳手术、德国问题、希腊联合政府等，以及明显的OCR噪声和排版混乱。 根据任务要求，已忽略报纸版头、广告、栏目标识及无实质新闻意义的残缺字符块，仅提取并翻译了与“中国政情”及“中国民主同盟”可能相关的核心新闻片段。,topic,马歇尔调处与民盟,周恩来,马歇尔调处; 第三方面; 联合政府; 民盟,中国民主同盟; 中国共产党; 美国国务院,北平; 香港; 满洲,20
586,1946,22 July 1946,昆明暗杀事件引发的政治压力与外交关注,893/7-2246：电报〔文件698〕马歇尔将军致杜鲁门总统。 我也不同意他认为全部责任都在共产党一方的看法，并且我着重谈到昆明和平的民盟教授遭暗杀一事对世界舆论的影响；尤其是有关一个恐怖恐吓自由派人士的组织的传闻，直接指向一位最显著的国民党领导人。,topic,马歇尔调处与民盟,周恩来; 马歇尔; 司徒雷登; 蒋介石,昆明暗杀; 马歇尔调处; 民盟,中国民主同盟; 国民党; 中国共产党; 行政院,昆明; 南京; 牯岭,70
587,1947,29 July 1947,Memorandum by Mr. Philip D. Sprouse to General Wedemeyer,以下为今天上午民盟代表（罗隆基、张东荪、黄炎培、章伯钧）结束与阁下会谈后向我表达意见的摘要： 中国唯一的解决办法是实现和平并组成联合政府。 在这种条件下，中国共产党会同意参加联合政府，可能按国民党、共产党、其他少数党派及无党派团体三方各占三分之一的方式组成。,topic,马歇尔调处与民盟,罗隆基; 黄炎培; 章伯钧; 张东荪; 蒋介石,马歇尔调处; 联合政府; 民盟,中国民主同盟; 国民党; 中国共产党,上海; 满洲,45
588,1946,31 January 1946,围绕政协决议和政府改组的调处,马歇尔使团档案，第54-D270卷：电报〔文件41〕 马歇尔将军致杜鲁门总统 重庆，1946年1月31日。 周将军说，共产党中央执行委员会确认了他在政协中的谈判；他们认为政府扩大本来还可以走得更远，但总体上对各项协议感到满意，因为这些协议打开了中国民主化的大门。,topic,马歇尔调处与民盟,周恩来; 马歇尔; 蒋介石,政协; 马歇尔调处; 民盟,中国民主同盟; 国民政府; 国民党; 中国共产党; 青年党; 政治协商会议; 行政院; 国民大会,重庆; 延安,70
589,1946,31 January 1946,围绕政协决议和政府改组的调处,周将军离开后，政府方面的军事代表要求我就军队国家化问题举行最后一次会议。委员长最后的迟疑已经消除，并同意采取以下程序：我已告诉周将军，政府方面已向我说明其提案的大体条件，而我也有自己的看法。如果政治协商会议的事务允许，他计划明天同我讨论此事。随后，我将把他的同意点、反对意见和建议向政府代表概述，并视情况决定我的方案应作何种修改。然后将安排一次正式会议，由两名中国委员交换意见。第一次会议后，我将按需,topic,马歇尔调处与民盟,周恩来; 马歇尔; 蒋介石,政协; 马歇尔调处,中国共产党; 政治协商会议; 美国国务院,重庆,60
590,1946,4 May 1946,Memorandum by General Chou En-lai to General Marshall,马歇尔使团文件，编号 Lot 54–D270 [文件第432号] 周恩来将军致马歇尔将军备忘录 南京，1946年5月4日 亲爱的马歇尔将军： 政府拒绝了中国民主同盟和中国共产党关于在东北立即停战的各项提议，并声明在政府军占领长春之前，政府将不就其他任何问题进行协商，这暴露了政府意图进一步扩大东北武装冲突的用心。,topic,马歇尔调处与民盟,周恩来; 马歇尔,马歇尔调处; 民盟,中国民主同盟; 中国共产党,南京; 延安; 满洲,35
591,1946,5 June 1946,北平接触与民盟人士沟通,马歇尔使团文件，Lot 54–D270：电报 [文件507] 马歇尔将军致杜鲁门总统 95 南京，1946年6月5日。 [此处引文内容见马歇尔将军5月29日致宋子文博士备忘录，刊于第912页 [第912页包含文件487、文件488和文件489的部分内容]。,topic,马歇尔调处与民盟,马歇尔; 蒋介石,马歇尔调处; 北平接触,中国共产党,北平; 南京; 沈阳; 满洲,35
592,1946,5 June 1946,General Marshall to President Truman,此外，还与宋子文博士、中国民主同盟代表、青年党代表、国民大会五百名代表组成的委员会以及其他各方举行了长时间会议。,topic,马歇尔调处与民盟,周恩来; 马歇尔; 蒋介石,马歇尔调处; 民盟,中国民主同盟; 中国共产党; 青年党; 国民大会,延安; 满洲,40
593,1946,5 June 1946,General Marshall to President Truman,今天下午早些时候，我将就延长至十五天一事面见委员长。上述情况主要涉及以下因素：委员长长期缺席，使中共领导人对我态度的公正性产生严重怀疑，加之美国支持政府军等活跃宣传，更助长了这种疑虑。委员长同时坚持，在国共代表意见分歧时，美方军官应拥有最终裁决权，这进一步加深了中共的猜疑，也使我处境微妙。我认为自己能够克服这些困难。供你参考，但希望不要作为新闻稿发布：我方海军舰艇或其他悬挂美国国旗的船只已不再参与,topic,马歇尔调处与民盟,周恩来; 马歇尔; 蒋介石,马歇尔调处,中国共产党; 美国国务院,延安,25
594,1946,8 November 1946,围绕政协决议和政府改组的调处,马歇尔使团档案，第54-D270卷〔文件251〕 马歇尔将军和司徒雷登大使为蒋介石委员长起草的第二份声明稿 〔南京，〕1946年11月8日。 然而，共产党和民主同盟拒绝提交其代表名单。,topic,马歇尔调处与民盟,马歇尔; 司徒雷登; 蒋介石,政协; 马歇尔调处; 民盟,中国民主同盟; 国民政府; 中国共产党; 政治协商会议; 国民大会,南京; 满洲,70
595,1946,8 November 1946,围绕政协决议和政府改组的调处,马歇尔使团文件，编号 Lot 54–D270 [文件第252号] 马歇尔将军关于与蒋介石委员长数次会谈的备忘录 [南京，]1946年11月8日。 委员长询问我的看法，我详细描述了前一天上午我与三位中国民主同盟主要领导人的会面情况，[75] 他们正就次日三方（政府、共产党和第三方面）举行非正式会议进行一般性讨论一事向我征求意见。,topic,马歇尔调处与民盟,周恩来; 马歇尔; 司徒雷登; 蒋介石,政协; 马歇尔调处; 第三方面; 民盟,中国民主同盟; 国民党; 中国共产党; 政治协商会议; 国民大会,南京,70
596,1946,8 October 1946,围绕政协决议和政府改组的调处,马歇尔使团档案，Lot 54-D270〔文件166〕马歇尔将军和司徒雷登大使公开声明。 10月1日上午，马歇尔将军经共产党代表王炳南先生之手，收到周恩来将军9月30日自上海发来的一份备忘录。,topic,马歇尔调处与民盟,周恩来; 马歇尔; 司徒雷登; 蒋介石,政协; 马歇尔调处; 民盟,中国民主同盟; 国民政府; 国民党; 中国共产党; 政治协商会议; 国民大会,南京; 上海; 延安,70
597,1946,"April 10, 1946",围绕政协决议和政府改组的调处,民盟代表已提出调停，政治协商会议中国民党和共产党全体代表将于今晚同民盟代表会面（不包括青年党和无党派团体），试图解决分歧。 中国共产党人似乎确信委员长怀有这种意图；民盟对此也只是稍微不那么确信。,topic,马歇尔调处与民盟,马歇尔; 蒋介石,政协; 马歇尔调处; 民盟,中国民主同盟; 国民党; 中国共产党; 青年党; 政治协商会议; 美国国务院; 美国驻华使馆,重庆; 延安; 满洲,70
598,1946,"April 18, 1946",围绕政协决议和政府改组的调处,马歇尔使团档案，第54-D270卷〔文件55〕 驻华大使馆二等秘书（卢登）致马歇尔将军备忘录 〔重庆，〕1946年4月18日。 自3月16日以来，共产党，并在稍弱程度上民主同盟，持续质疑国民党批准政治协商会议协议的有效性和诚意。,topic,马歇尔调处与民盟,马歇尔; 蒋介石,政协; 马歇尔调处; 民盟,中国民主同盟; 国民政府; 国民党; 中国共产党; 政治协商会议; 美国驻华使馆; 国民大会,南京; 重庆; 延安; 满洲,70
599,1947,"April 19, 1947",The Ambassador in China (Stuart) to the Secretary of State,国务委员会中为民盟和共产党保留了11个席位，以便它们愿意参加临时政府时使用。 4月17日晚，罗隆基向本馆表示，民盟此时参加政府“是不可能的”。,topic,马歇尔调处与民盟,罗隆基; 张君劢; 马歇尔; 司徒雷登; 蒋介石,马歇尔调处; 民盟,中国民主同盟; 国民政府; 国民党; 中国共产党; 青年党; 美国国务院; 行政院,南京; 满洲; 华盛顿,65
600,1946,"April 20, 1946",The Counselor of Embassy in China (Smyth) to the Secretary of State,其他报道事项包括：王若飞、邓发、叶挺及其他著名共产党领导人在飞机失事中遇难后收到的唁电；据称由国民党反动派在沈阳组织、反对东北调停的学生示威；关于民主同盟领导人评论的长篇报道，称东北是国内问题而非外交问题，应通过执行政协决议以政治方式解决；据报辽宁又成立若干民主政府；以及中共东北政治局发布一项指示，意在东北发动大规模生产运动。,topic,马歇尔调处与民盟,,政协; 民盟,中国民主同盟; 国民党; 中国共产党; 政治协商会议; 美国国务院; 美国驻华使馆,重庆; 延安; 沈阳; 满洲; 天津,50
601,1946,"April 21, 1946",围绕政协决议和政府改组的调处,马歇尔使团档案，第54-D270卷〔文件58〕 中国新闻部就中国共产党1946年4月21日声明所拟备忘录 1946年4月21日。 关于共产党指称政府违反《停止敌对行动协定》以及《军事整编和共产党部队编入国军方案》一事，马歇尔将军完全熟悉执行这些协议的一切事实，因此无需多言。,topic,马歇尔调处与民盟,马歇尔,政协; 马歇尔调处; 民盟,中国民主同盟; 国民政府; 国民党; 中国共产党; 青年党; 政治协商会议; 行政院; 国民大会,,70
602,1946,"April 27, 1946","Notes of Conference Between General Marshall and General Chou En-lai at House 28, Chungking, April 27, 1946, 10:30 a.m.",马歇尔使团档案，Lot 54-D270〔文件421〕马歇尔将军与周恩来将军会谈记录，重庆28号住宅，1946年4月27日上午10时30分。 周将军表示，民盟代表提出的方案似乎比较表面；主要问题在于铁路控制。,topic,马歇尔调处与民盟,周恩来; 马歇尔; 蒋介石,马歇尔调处; 民盟,中国民主同盟; 国民政府; 中国共产党,南京; 重庆; 延安; 满洲,55
603,1946,"April 27, 1946","Notes of Conference Between General Marshall and General Chou En-lai at House 28, Chungking, April 27, 1946, 10:30 a.m.",马歇尔将军问周将军，他是否认为应向蒋介石提到这一点；也就是说，政治委员会改组对任何停火协议是否重要。 周将军说，随着马歇尔将军同蒋介石讨论的发展，此事由马歇尔将军酌定。,topic,马歇尔调处与民盟,周恩来; 马歇尔; 蒋介石,马歇尔调处,国民政府; 中国共产党; 美国国务院,重庆; 上海; 满洲,45
604,1946,"April 28, 1946",Draft Prepared by General Marshall for the Immediate Cessation of Hostilities in Manchuria,马歇尔使团文件，编号 Lot 54–D270 [文件423] 马歇尔将军起草的关于立即停止东北敌对行动之草案 32 [重庆，1946年4月28日] 我们，三人委员会，经委员长蒋介石和毛泽东主席批准，就东北局势达成以下协议： a. 32 马歇尔将军的边注：“已提交委员长但未被接受。,topic,马歇尔调处与民盟,周恩来; 马歇尔; 蒋介石,马歇尔调处; 民盟,中国民主同盟; 国民政府; 中国共产党,重庆; 满洲,35
605,1946,"April 29, 1946","Minutes of Meeting Between General Marshall and General Chou En-lai, at House 28, Chungking, April 29, 1946, 10:30 a.m.",马歇尔使团档案，Lot 54–D270 [文件第424号] 马歇尔将军与周恩来将军会谈纪要，重庆28号宅邸，1946年4月29日上午10时30分 重庆，1946年4月29日上午10时30分。 马歇尔将军首先告知周恩来将军，他将在未来数日内协助50名中共重要人员迁往南京，并提议在中共建立无线电通讯期间，可暂用美军信号通讯（使用中文密码）。,topic,马歇尔调处与民盟,周恩来; 马歇尔; 蒋介石,马歇尔调处; 民盟,中国民主同盟; 国民政府; 中国共产党; 美国国务院,南京; 重庆; 延安; 满洲,55
606,1946,"August 10, 1946",围绕政协决议和政府改组的调处,马歇尔使团文件，编号 Lot 54–D270 [文件第748号] 马歇尔将军、周恩来将军与司徒雷登博士会谈纪要 地点：南京宁海路5号 时间：1946年8月10日上午10时40分 周恩来将军：关于谈判事宜，昨日司徒雷登博士向我通报了当前局势。 如果委员长提出的要求——即共产党从陇海铁路以南的苏北地区、山东、山西、热河各省以及东北，加上北平-天津-山海关铁路沿线邻近区域撤出——不被共产党接受，那么战火,topic,马歇尔调处与民盟,周恩来; 马歇尔; 司徒雷登; 蒋介石,政协; 马歇尔调处; 北平接触; 民盟,中国民主同盟; 国民政府; 国民党; 中国共产党; 政治协商会议; 国民大会,北平; 南京; 上海; 满洲; 天津; 牯岭,70
607,1946,"August 10, 1946","Minutes of Meeting Between General Marshall, General Chou En-lai, and Dr. Stuart at No. 5 Ning Hai Road, Nanking, August 10, 1946, 10:40 a.m.",马歇尔将军：看来这就是我们今天上午所能做的全部。,topic,马歇尔调处与民盟,周恩来; 马歇尔; 司徒雷登,马歇尔调处,国民党; 中国共产党,南京; 延安,45
608,1946,"August 13, 1946",北平接触与民盟人士沟通,南京报界对马歇尔-司徒雷登声明的初步社论评论，普遍表示希望美国不要放弃寻求和平解决中国问题的努力。 政府方面的《中央日报》把马歇尔-司徒雷登调处未能成功归因于共产党的分裂政策。,topic,马歇尔调处与民盟,罗隆基; 马歇尔; 司徒雷登; 蒋介石,马歇尔调处; 北平接触; 民盟,中国民主同盟; 国民党; 中国共产党; 美国国务院,北平; 南京; 牯岭,80
609,1946,"August 16, 1946","Notes of Meeting of General Marshall With Generalissimo Chiang Kai-shek at Kuling, August 16, 1946",马歇尔使团档案，Lot 54-D270［文件22］马歇尔将军与蒋介石委员长在牯岭会谈记录，1946年8月16日。 他说，他觉得共产党现在正同苏联政府密切配合，不会认真执行任何可能达成的组织联合政府安排；即使发布正式停止敌对行动命令，政府也无法确信他们会停止战斗。,topic,马歇尔调处与民盟,周恩来; 马歇尔; 司徒雷登; 蒋介石,马歇尔调处; 联合政府; 民盟,中国民主同盟; 中国共产党,南京; 重庆; 满洲; 牯岭,35
610,1946,"August 16, 1946","Notes of Meeting of General Marshall With Generalissimo Chiang Kai-shek at Kuling, August 16, 1946",次日上午，宋子文博士来访，回顾前一天下午的谈话，并说明为什么他认为委员长的立场是正确做法，同时详细讨论了经济局势。他对共产党是否愿意在正常基础上推进政府改组毫无信心。 注60：显然约写于8月18日。注61：中国行政院院长。注62：8月17日。注63：8月18日。,topic,马歇尔调处与民盟,马歇尔; 蒋介石,马歇尔调处,中国共产党; 行政院,牯岭,25
611,1946,"August 2, 1946",昆明暗杀事件引发的政治压力与外交关注,"1946年7月26日第517号,第31号,其中要求提交大使馆二等秘书菲利普·斯普鲁斯前往昆明的航空邮件报告,谨附上1946年8月1日题为“在总领事馆的保护下离开中国人在昆明的领事房地;昆明的中国当局的保护保证”的备忘录(一)和(二)1946年8月1日题为“在昆明暗杀李公朴和闻一多的责任问题”的备忘录副本。 在斯普鲁斯先生访问期间，中国当局对昆明的友好态度，是因为马歇尔将军和司徒雷登大使在这方面对委",topic,马歇尔调处与民盟,马歇尔; 司徒雷登; 蒋介石,昆明暗杀; 马歇尔调处; 民盟,中国民主同盟; 国民党; 中国共产党; 美国国务院; 美国驻华使馆,昆明; 南京; 牯岭,50
612,1946,"August 22, 1946",围绕政协决议和政府改组的调处,马歇尔使团档案，Lot 54-D270〔文件34〕马歇尔将军与宋子文博士会谈纪要，南京宁海路5号，1946年8月22日上午10时。 马歇尔将军说，司徒雷登博士曾同周将军会谈，讨论司徒雷登博士关于国务委员会代表名额的原始提案。,topic,马歇尔调处与民盟,周恩来; 马歇尔; 司徒雷登; 蒋介石,政协; 马歇尔调处,国民政府; 中国共产党; 政治协商会议; 行政院,南京,55
613,1946,"August 22, 1946","Minutes of Conference Between General Marshall and Dr. T. V. Soong at No. 5 Ning Hai Road, Nanking, August 22, 1946, 10 a.m.",委员长评论说，共产党此前曾拒绝提名其参加国务委员会的人选；但马歇尔将军告诉委员长，共产党已经改变看法。 委员长询问马歇尔将军从何处得到这一消息。,topic,马歇尔调处与民盟,周恩来; 马歇尔; 司徒雷登; 蒋介石,马歇尔调处; 民盟,中国民主同盟; 中国共产党,南京; 满洲; 牯岭,60
614,1946,"August 23, 1946","Minutes of Conference Between General Marshall and Mr. Percy Chen at No. 5 Ning Hai Road, Nanking, August 23, 1946, 10:30 a.m.",马歇尔使团文件，Lot 54–D270 [文件第40号] 马歇尔将军与陈其瑗先生88会谈记录 1946年8月23日上午10时30分，南京宁海路5号 南京，1946年8月23日上午10时30分。 陈先生对当前局势表示乐观，并称马歇尔将军最终将解决目前的问题。,topic,马歇尔调处与民盟,马歇尔,马歇尔调处,,南京,20
615,1946,"August 23, 1946","Minutes of Conference Between General Marshall and Mr. Percy Chen at No. 5 Ning Hai Road, Nanking, August 23, 1946, 10:30 a.m.",马歇尔将军说，目前的问题在两个月前本来容易得多；拖延越久，问题就越复杂。 马歇尔将军说，委员长2月曾告诉他，共产党内没有自由派。,topic,马歇尔调处与民盟,马歇尔; 蒋介石,马歇尔调处; 民盟,中国民主同盟; 国民政府; 国民党; 中国共产党; 青年党,南京,40
616,1946,"August 23, 1946","Minutes of Conference Between General Marshall and Mr. Percy Chen at No. 5 Ning Hai Road, Nanking, August 23, 1946, 10:30 a.m.",从各方面来看，孙博士对中国时局有广泛了解，足以理解马歇尔将军屡次提及的双方各自存在的顾虑。,topic,马歇尔调处与民盟,马歇尔,马歇尔调处,国民党; 中国共产党,南京,25
617,1948,"August 24, 1948",The Ambassador in China (Stuart) to the Secretary of State,在报告之前，我愿对国务院1948年8月12日第1164号电报中关于美国对可能进行的和谈、包括共产党加入联合政府问题以及我方调停的现行政策所给予的明确指示表示赞赏。 中共显然正在争取与所有此类异见团体合作，以营造一个全新的全国性联合政府的表象。,topic,马歇尔调处与民盟,司徒雷登; 蒋介石,联合政府; 民盟,中国民主同盟; 国民政府; 国民党; 中国共产党; 美国国务院,南京; 香港,35
618,1948,"August 24, 1948",第三方面在国共之间寻求政治空间,若无美国援助，很难想象任何一方愿意主动接近对方，而目前也尚未出现一个能为双方共同尊重的第三方面。,topic,马歇尔调处与民盟,司徒雷登,第三方面,中国共产党,,25
619,1946,"August 27, 1946",围绕政协决议和政府改组的调处,马歇尔使团档案，Lot 54-D270〔文件46〕 马歇尔将军与蒋介石在牯岭会谈纪要 牯岭，1946年8月27日中午。 随后他提到周恩来将军和民主同盟代表最近发表的公开声明，其大意是要求下令停火并重新召开政治协商会议。,topic,马歇尔调处与民盟,周恩来; 马歇尔; 司徒雷登; 蒋介石,政协; 马歇尔调处; 民盟,中国民主同盟; 中国共产党; 政治协商会议,牯岭,70
620,1946,"August 27, 1946",围绕政协决议和政府改组的调处,我告诉委员长，我没有见到、因而也没有研究周将军和民主同盟代表最近发表的公开声明；但在我看来，他们的愿望很可能与其说是重新召开政协，不如说是要求明确承认对政协决议的承诺。 我说，前一个小组为讨论江苏地方政府问题而成立时，周将军坚持，无论达成什么协议，在形式上都应由政协指导委员会确认。,topic,马歇尔调处与民盟,周恩来; 马歇尔; 司徒雷登; 蒋介石,政协; 马歇尔调处; 民盟,中国民主同盟; 国民政府; 中国共产党; 青年党; 政治协商会议,南京; 满洲; 天津; 牯岭,75
621,1946,"August 28, 1946",围绕政协决议和政府改组的调处,"马歇尔使团档案, Lot 54–D270 [文件47] 马歇尔将军和俞大维将军在南京宁海路5号的会谈纪要摘录 1946年8月28日 上午9:45 南京 1946年8月28日9:45 余将军：将军指示我与你们讨论最近与将军讨论的一切事宜,以及他最近对宋子文博士的指示. 马歇尔将军（按：原文此处为蒋介石委员长）:将军昨天作了初步发言,似乎解决了一切问题;事实上,这完全符合周将军几个月来作为他的建议所提",topic,马歇尔调处与民盟,周恩来; 马歇尔; 司徒雷登; 蒋介石,政协; 马歇尔调处; 民盟,中国民主同盟; 国民政府; 国民党; 中国共产党; 政治协商会议; 美国国务院,南京; 满洲; 牯岭,70
622,1947,"August 29, 1947",围绕政协决议和政府改组的调处,而当前危机则因中国共产党这一具有国际性质的机关而加剧，民主同盟也予以呼应，并听命于莫斯科。 他认为，不幸的是，一场反美运动由共产党成功煽动，民主同盟加以配合，也许还由苏联操纵。,topic,马歇尔调处与民盟,马歇尔,政协; 马歇尔调处; 民盟,中国民主同盟; 国民政府; 中国共产党; 政治协商会议; 美国国务院; 美国驻上海总领事馆; 国民大会,南京; 上海; 满洲,70
623,1947,"August 4, 1947",北平接触与民盟人士沟通,893/8–447 [文件第573号] 驻北平领事（弗里曼）致驻华大使（司徒雷登）第83号函件 北平，1947年8月4日。 大使先生： 谨随函附上魏德迈将军1947年8月1日至4日停留北平期间的日程安排副本一份，该日程系根据大使馆7月31日未编号电报指示，在其抵达前为其准备。,topic,马歇尔调处与民盟,马歇尔; 司徒雷登; 蒋介石,马歇尔调处; 第三方面; 北平接触; 民盟,中国民主同盟; 国民政府; 国民党; 中国共产党; 美国驻北平总领事馆,北平; 满洲,70
624,1946,"August 8, 1946",昆明暗杀事件引发的政治压力与外交关注,马歇尔使团档案，第54-D270卷〔文件742〕 蒋介石委员长与马歇尔将军会谈记录 中国牯岭，1946年8月8日下午。 马歇尔将军说，他推迟到今天才返回南京，是为了等待司徒雷登博士从南京星期二晚间同周恩来将军会谈后返回并提交详细报告；司徒雷登在那次会谈中转达了委员长关于停止敌对行动的各项规定。,topic,马歇尔调处与民盟,周恩来; 马歇尔; 司徒雷登; 蒋介石,昆明暗杀; 政协; 马歇尔调处; 民盟,中国民主同盟; 国民政府; 国民党; 中国共产党; 政治协商会议; 美国国务院; 美国驻昆明领事馆,昆明; 南京; 满洲; 牯岭,70
625,1947,"August 9, 1947",Memorandum by the First Secretary of Embassy in China (Ludden) to General Wedemeyer,"民主同盟和共产主义者由于无法在中国本土出版,在香港建立了印刷厂,从他们的出版物进入中国。 在马歇尔调停任务期间,共产主义东河纵队的较大部分从华南撤至山东.",topic,马歇尔调处与民盟,马歇尔; 蒋介石,马歇尔调处; 民盟,中国民主同盟; 国民政府; 国民党; 中国共产党; 美国驻华使馆,南京; 上海; 香港; 满洲,35
626,1946,"December 1, 1946",围绕政协决议和政府改组的调处,马歇尔使团档案，Lot 54-D270［文件303］马歇尔将军与巴特沃思先生会谈纪要，南京马歇尔将军官邸，1946年12月1日上午11时。 马歇尔将军开场说，他将会见委员长，并认为委员长要求此次会见的理由将涉及新宪法，或以新宪法为基础。,topic,马歇尔调处与民盟,周恩来; 马歇尔; 司徒雷登; 蒋介石,政协; 马歇尔调处; 民盟,中国民主同盟; 中国共产党; 政治协商会议; 行政院,南京; 延安,50
627,1946,"December 1, 1946","Minutes of Meeting Between General Marshall and Mr. Butterworth at General Marshall’s Residence, Nanking, December 1, 1946, 11 a.m.",巴特沃思先生说，马歇尔将军在中国存在，对政府是一种有益的约束。 巴特沃思又说，他觉得马歇尔将军离开将是灾难性的；鉴于司徒雷登博士的倾向，就美国政策而言，这会使美国漂向完全支持国民政府。,topic,马歇尔调处与民盟,马歇尔; 司徒雷登,马歇尔调处,国民政府; 国民党,南京,25
628,1946,"December 1, 1946",围绕政协决议和政府改组的调处,"马歇尔使团档案, Lot 54–D270 [304号文件] 关于马歇尔将军与蒋介石会晤的说明,南京,1946年12月1日,4–7时85分,南京,1946年12月1日,7时. 我指出,目前我唯一能够实现的是在建立民主形式的政府方面得到共产党合作的希望,是本届大会通过一项符合人民委员会协议的宪法,随后将设立国务院,赋予共产党和民主同盟席位,并真正改组行政袁。",topic,马歇尔调处与民盟,马歇尔; 司徒雷登; 蒋介石,政协; 马歇尔调处; 民盟,中国民主同盟; 国民政府; 国民党; 中国共产党; 政治协商会议; 美国国务院; 行政院; 国民大会,南京; 延安; 满洲; 天津,70
629,1946,"December 12, 1946","Notes on Meeting Between General Marshall and General C. P. Lee at No. 5 Ning Hai Road, Nanking, December 12, 1946, 11 a.m.",马歇尔使团档案，第54-D270卷〔文件327〕 马歇尔将军与李宗仁将军会谈记录 南京宁海路5号，1946年12月12日上午11时。 李将军告诉马歇尔将军，有报纸报道说，司徒雷登博士或马歇尔将军将陪同两名政府代表前往延安。,topic,马歇尔调处与民盟,罗隆基; 周恩来; 马歇尔; 司徒雷登; 蒋介石,马歇尔调处; 联合政府; 民盟,中国民主同盟; 国民党; 中国共产党; 行政院; 国民大会,南京; 延安,65
630,1946,"December 16, 1946","Notes on Meeting Between General Marshall and Mr. Hon Yeh-chun at No. 5 Ning Hai Road, Nanking, December 16, 1946, 10:45 a.m.",马歇尔使团档案，Lot 54-D270〔文件332〕马歇尔将军与韩叶君先生会谈记录，南京宁海路5号，1946年12月16日上午10时45分。 马歇尔将军阅读了侯先生提交的中国民主党备忘录。,topic,马歇尔调处与民盟,张君劢; 马歇尔; 蒋介石,马歇尔调处; 民盟,中国民主同盟; 国民政府; 国民党; 中国共产党; 青年党; 美国国务院; 国民大会,南京,55
631,1946,"December 18, 1946",围绕政协决议和政府改组的调处,马歇尔使团档案，Lot 54-D270 [文件334] 马歇尔将军与罗隆基博士会谈纪要 地点：南京宁海路5号 时间：1946年12月18日上午10时 罗隆基博士说，他明天将前往上海，民主同盟将在那里召开会议，以规划今后的党务活动。 他问马歇尔将军能否给民主同盟一些建议。,topic,马歇尔调处与民盟,罗隆基; 周恩来; 马歇尔; 司徒雷登,政协; 马歇尔调处; 联合政府; 民盟,中国民主同盟; 国民政府; 国民党; 中国共产党; 政治协商会议; 行政院; 国民大会,南京; 上海; 延安; 满洲,80
632,1946,"December 18, 1946","Minutes of Meeting Between General Marshall and Dr. Stuart at Dr. Stuart’s Residence, Nanking, December 18, 1946, 11 a.m.",马歇尔使团档案，Lot 54-D270〔文件335〕 马歇尔将军与司徒雷登博士会谈纪要 南京，司徒雷登博士寓所，1946年12月18日上午11时。 司徒雷登博士开场报告说，王炳南先生继续此前关于同一主题的谈话，告诉司徒雷登博士，他认为南京共产党代表团再向延安发电，要求直接回答马歇尔将军最初关于共产党是否希望美国调停的问题，并无益处。,topic,马歇尔调处与民盟,罗隆基; 马歇尔; 司徒雷登; 蒋介石,马歇尔调处,国民政府; 中国共产党; 国民大会,南京; 延安,10
633,1946,"December 18, 1946",围绕政协决议和政府改组的调处,马歇尔将军说，这一切使他必须决定，在当前情况下采取何种行动最好。 他认为，眼下几乎唯一能够立即做的事，是尽一切努力确保国民大会通过一部真正民主、符合政协精神的宪法，并使政府改组。,topic,马歇尔调处与民盟,马歇尔; 司徒雷登; 蒋介石,政协; 马歇尔调处,中国共产党; 政治协商会议; 国民大会,南京,20
634,1946,"December 18, 1946",北平接触与民盟人士沟通,马歇尔将军问司徒雷登博士，胡霖先生对国民大会有何看法。 司徒雷登博士告诉马歇尔将军，委员长不希望司徒雷登博士在圣诞假期前往北平以前离开，除非司徒雷登已就拟派往延安的政府特别代表团应采取何种行动向委员长提出建议。,topic,马歇尔调处与民盟,马歇尔; 司徒雷登; 蒋介石,马歇尔调处; 北平接触,中国共产党; 美国国务院; 行政院; 国民大会,北平; 南京; 延安,20
635,1946,"December 21, 1946",围绕政协决议和政府改组的调处,马歇尔使团档案，Lot 54-D270 [文件343] 马歇尔将军与周谦冲教授会谈纪要 地点：南京 时间：1946年12月21日上午11时 周教授说，他前一天曾同董必武先生会谈。 周教授询问后，董先生表示，中共仍认为马歇尔将军是公正的，仍希望由他调停。,topic,马歇尔调处与民盟,罗隆基; 张君劢; 周恩来; 马歇尔; 司徒雷登; 蒋介石,政协; 马歇尔调处; 北平接触; 联合政府; 民盟,中国民主同盟; 国民政府; 国民党; 中国共产党; 青年党; 民主社会党; 政治协商会议; 国民大会,北平; 南京; 上海; 延安,80
636,1945,"December 24, 1945","Notes on Conference Between General Marshall and Premier T. V. Soong in General Marshall’s Residence, Chungking, 0900, 24 December 1945",马歇尔使团档案，Lot 54-D270〔文件569〕马歇尔将军与宋子文院长会谈记录，重庆马歇尔将军寓所，1945年12月24日上午9时。 这是我想请你帮我说明的一点：民盟成员。,topic,马歇尔调处与民盟,马歇尔; 蒋介石,马歇尔调处; 民盟,中国民主同盟; 国民党; 中国共产党; 青年党,重庆; 华盛顿,55
637,1945,"December 24, 1945","Notes on Conference Between General Marshall and Premier T. V. Soong in General Marshall’s Residence, Chungking, 0900, 24 December 1945",谢普利：在张澜领导下；他在重庆。 马歇尔：你同斯大林有过会谈。,topic,马歇尔调处与民盟,张澜; 马歇尔,马歇尔调处,中国共产党,重庆; 满洲,55
638,1945,"December 24, 1945","Notes on Conference Between General Marshall and Premier T. V. Soong in General Marshall’s Residence, Chungking, 0900, 24 December 1945",S：我乘哈里曼的飞机去，他们安排了一名俄国飞行员。我们从莫斯科飞到柏林，他们在柏林停下，让飞行员下机。 M：我们想做的是让我们的飞机从柏林飞到莫斯科，所以你的飞行很不寻常。 S：我似乎享有特权。 M：几乎没有人能做到。我想弄清的问题，不同于俄国在罗马尼亚和保加利亚的政策。那是完全不同的事情。德国这件事，是他们同英国和美国政府的关系。 S：这有差别。在我们同斯大林的协议中，十分清楚的是，我们将拥有东,topic,马歇尔调处与民盟,马歇尔; 蒋介石,马歇尔调处,中国共产党,重庆; 延安; 沈阳; 满洲,45
639,1945,"December 24, 1945","Notes on Conference Between General Marshall and Premier T. V. Soong in General Marshall’s Residence, Chungking, 0900, 24 December 1945",M：他们会有权管辖麦克阿瑟将军吗？ S：对此最后会有某种公告。 M：电报还没到这里。 S：委员长不在，我作了决定，我们同意。 M：你们在那个委员会中有多少人？ S：我们有三人。武官、朱少将，另外我还从中国派一个人去；此人了解日本经济状况以及我们对日本的需求。三个人。 M：我问你另一个完全不同的问题。台湾情况如何？ S：台湾局势正在推进。我们的人正在逐步清除日本人。 M：有多少日本人？ S：仍有大约,topic,马歇尔调处与民盟,马歇尔; 蒋介石,马歇尔调处,,南京; 重庆; 上海,45
640,1945,"December 24, 1945","Notes on Conference Between General Marshall and Premier T. V. Soong in General Marshall’s Residence, Chungking, 0900, 24 December 1945",马歇尔：现在还能运转吗？ 宋子文：约1000吨。 马歇尔：现在的问题是什么？ 宋子文：问题主要在运输。,topic,马歇尔调处与民盟,马歇尔,马歇尔调处,中国共产党,重庆; 上海,45
641,1945,"December 24, 1945","Notes on Conference Between General Marshall and Premier T. V. Soong in General Marshall’s Residence, Chungking, 0900, 24 December 1945",马歇尔：问题并不是人们是否愿意交出来，困难在于找人接收。 马歇尔：我要说的是，我不能作声明。,topic,马歇尔调处与民盟,马歇尔,马歇尔调处,,重庆; 满洲,45
642,1945,"December 24, 1945","Notes on Conference Between General Marshall and Premier T. V. Soong in General Marshall’s Residence, Chungking, 0900, 24 December 1945",马歇尔：这倒不错。 马歇尔：我认为西班牙不会同意接收他们。,topic,马歇尔调处与民盟,马歇尔,马歇尔调处,,重庆,45
643,1945,"December 26, 1945",Memorandum by the Second Secretary of Embassy in China (Sprouse) to General Marshall,马歇尔使团档案，Lot 54-D270〔文件573〕 驻华大使馆二等秘书（斯普鲁斯）致马歇尔将军备忘录 〔重庆〕1945年12月26日。 马歇尔将军：随附信件及其附件，是中国民主同盟主席致马歇尔将军的。,topic,马歇尔调处与民盟,马歇尔,马歇尔调处; 联合政府; 民盟,中国民主同盟; 国民党; 中国共产党; 美国驻华使馆; 国民大会,重庆,55
644,1945,"December 26, 1945",围绕政协决议和政府改组的调处,马歇尔使团档案，第54-D270卷〔文件574〕 马歇尔将军第一次会见民主同盟记录 1945年12月26日下午4时。 马歇尔：谁是你们的发言人？ 发言人：我为同盟作翻译。,topic,马歇尔调处与民盟,张澜; 马歇尔,政协; 马歇尔调处; 联合政府; 民盟,中国民主同盟; 国民党; 中国共产党; 政治协商会议; 国民大会,,80
645,1945,"December 26, 1945",围绕政协决议和政府改组的调处,我们的想法是，首先由政治协商会议拟定联合政府方案，联合政府再从实际方面推动召开国民大会，并通过国民大会制定宪法。 我们关于联合政府的想法是实际的。,topic,马歇尔调处与民盟,张东荪; 马歇尔,政协; 马歇尔调处; 联合政府; 民盟,中国民主同盟; 国民党; 政治协商会议; 国民大会,,75
646,1946,"December 26, 1946","Minutes of Meeting Between General Marshall and General C. P. Lee at No. 5 Ning Hai Road, Nanking, December 26, 1946, 6 p.m.",马歇尔使团档案，Lot 54-D270〔文件352〕马歇尔将军与 C. 马歇尔将军说，国民大会于12月25日休会是预先安排的；正好十年前的这一天，委员长离开西安。,topic,马歇尔调处与民盟,马歇尔; 蒋介石,马歇尔调处; 民盟,中国民主同盟; 国民党; 中国共产党; 青年党; 民主社会党; 国民大会,南京,55
647,1946,"December 28, 1946",围绕政协决议和政府改组的调处,马歇尔使团档案，Lot 54–D270：电报〔第353号文件〕马歇尔将军致杜鲁门总统（注44）。 然而，在政府尚未通过依照政协决议精神制定的健全宪法、从而至少部分确立其诚意之前，政府的这一意图便已立即被有意无意地泄露出去。,topic,马歇尔调处与民盟,马歇尔; 司徒雷登; 蒋介石,政协; 马歇尔调处; 北平接触; 民盟,中国民主同盟; 国民政府; 国民党; 中国共产党; 政治协商会议; 美国国务院; 行政院; 国民大会,北平; 南京; 重庆; 上海; 延安; 天津,70
648,1946,"December 30, 1946",北平接触与民盟人士沟通,22/12–3046：电报 [文件3] 驻北平总领事（迈尔斯）致国务卿 北平，1946年12月30日下午6时 [12月30日下午1时20分收到] 第332号。 其他消息来源称，参与者多为中国民主同盟成员或同情者。,topic,马歇尔调处与民盟,,北平接触; 民盟,中国民主同盟; 国民政府; 中国共产党; 美国国务院; 美国驻北平总领事馆,北平; 南京,50
649,1946,"December 31, 1946","Minutes of Meeting Between General Marshall and General C. P. Lee at No. 5 Ning Hai Road, Nanking, December 31, 11 a.m.",马歇尔使团档案，Lot 54-D270［文件356］马歇尔将军与 C. 他说，莫德惠先生也会去，并将在返回南京后希望同马歇尔将军谈话。,topic,马歇尔调处与民盟,马歇尔; 蒋介石,马歇尔调处; 民盟,中国民主同盟; 国民政府; 国民党; 中国共产党; 行政院,南京; 上海,35
650,1946,"December 31, 1946","Minutes of Meeting Between General Marshall and General C. P. Lee at No. 5 Ning Hai Road, Nanking, December 31, 11 a.m.",马歇尔将军指出，自由派无法凭自身力量迫使CC系退出政府。 马歇尔将军予以否定，并再次强调他始终认为，唯一的解决办法在于将少数党派联合成一个统一的自由党，以支持任何进步的民主措施。,topic,马歇尔调处与民盟,马歇尔,马歇尔调处,,南京,25
651,1946,"December 31, 1946",第三方面在国共之间寻求政治空间,"马歇尔使团档案, Lot 54–D270 [Document 357] 马歇尔将军,吴之椿教授和孙坦林先生在南京宁哈尔路5号的会谈记录,1946年12月31日5时30分南京,1946年12月31日5时30分教授 吴,为孙先生解说,孙先生曾任内务府大臣,吴佩孚先生的亲信,45岁孙先生严格为非党,对中国人民最敬重. 他希望马歇尔将军能对中国的未来发表意见.",topic,马歇尔调处与民盟,周恩来; 马歇尔; 蒋介石,马歇尔调处; 第三方面; 民盟,中国民主同盟; 国民党; 中国共产党,北平; 南京; 上海,35
652,1946,"December 7, 1946",围绕政协决议和政府改组的调处,马歇尔使团档案，Lot 54-D270［文件316］马歇尔将军与 C. 李将军告诉马歇尔将军，他昨天上午拜访了董必武先生。,topic,马歇尔调处与民盟,罗隆基; 张君劢; 周恩来; 马歇尔; 司徒雷登; 蒋介石,政协; 马歇尔调处; 联合政府; 民盟,中国民主同盟; 国民政府; 国民党; 中国共产党; 政治协商会议; 国民大会,南京; 延安,60
653,1946,"February 15, 1946",The Counselor of Embassy in China (Smyth) to the Secretary of State,2月10日由民主同盟和地方民间组织主办、估计有七千至一万人参加的群众大会，原为庆祝政治协商会议成功，却遭约三百名有组织流氓破坏。 现有证据的分量表明，至少存在事先策划和组织，其示威目的在于否定政协决议，并败坏主张全面执行这些决议者的声誉。,topic,马歇尔调处与民盟,蒋介石,政协; 马歇尔调处; 民盟,中国民主同盟; 国民党; 中国共产党; 政治协商会议; 美国国务院; 美国驻华使馆,南京; 重庆,70
654,1947,"February 25, 1947",围绕政协决议和政府改组的调处,以下为卢登根据大使和他本人2月21、22日在上海同第三方面领导人，主要是张澜、罗隆基、张君劢谈话后传送的信息要点： 民主同盟代表说，中国局势正在极快恶化，并指出这对美国不利，因为马歇尔将军声明所针对的那些人，作为局势最终结果，将不可避免地被驱入共产党阵营。 张澜希望向美国政府提出三点：（一）希望以美、苏、英三国调停取代美国单独调停努力；（二）如不考虑政协基本协议而改组政府，注定失败；（三）共产党目,topic,马歇尔调处与民盟,罗隆基; 张澜; 张君劢; 马歇尔; 司徒雷登,政协; 马歇尔调处; 第三方面; 民盟,中国民主同盟; 中国共产党; 政治协商会议; 美国国务院; 国民大会,南京; 上海,80
655,1946,"January 1, 1946",围绕政协决议和政府改组的调处,此后，政府代表同各政党代表之间的会谈，已初步选定38名政协代表，各党派分配如下：国民党8名，共产党7名，民主同盟9名，青年党5名，无党派9名。 据报，政协权限范围及其决议约束力尚未确定，但预计会议将讨论和平建国问题、国民大会有关事项，以及提交国民大会的宪法草案。,topic,马歇尔调处与民盟,马歇尔,政协; 马歇尔调处; 民盟,中国民主同盟; 国民政府; 国民党; 中国共产党; 青年党; 政治协商会议; 美国国务院; 美国驻华使馆; 国民大会,重庆,50
656,1947,"January 10, 1947",The Ambassador in China (Stuart) to the Secretary of State,"以下是中国民主同盟就马歇尔将军被任命为国务卿一事所发表声明的全文。 该声明摘自1月9日《新民报》： ""我们祝贺美国做出了正确的选择，也祝贺马歇尔将军获得新的任命。",topic,马歇尔调处与民盟,马歇尔; 司徒雷登,马歇尔调处; 民盟,中国民主同盟; 美国国务院,南京,35
657,1949,"January 11, 1949",北平接触与民盟人士沟通,00/1-1149：电报〔文件33〕驻北平总领事（柯乐博）致国务卿。 北平，1949年1月11日下午2时〔1月12日下午12时47分收到〕。,topic,马歇尔调处与民盟,张东荪,马歇尔调处; 北平接触; 联合政府; 民盟,中国民主同盟; 国民党; 中国共产党; 美国国务院; 美国驻北平总领事馆,北平; 南京; 上海; 天津,70
658,1946,"January 12, 1946",The Chargé in China (Robertson) to the Secretary of State,该备忘录由使馆准备，拟提交马歇尔将军。 备忘录所附文件包括拟拜访马歇尔将军的该会代表名单，以及该组织的组织原则。,topic,马歇尔调处与民盟,黄炎培; 马歇尔,马歇尔调处; 民盟,中国民主同盟; 国民党; 美国国务院; 美国驻华使馆,重庆,55
659,1946,"January 24, 1946",围绕政协决议和政府改组的调处,马歇尔使团档案，Lot 54-D270〔文件74〕马歇尔将军与张群将军会谈纪要，重庆28号住宅，1946年1月24日上午11时。 张将军还说，民主同盟提出了一项方案，包括：一，统一的国家化军队；二，大规模复员，并设立一个各党均有代表参加的计划委员会来负责整编。,topic,马歇尔调处与民盟,周恩来; 马歇尔; 蒋介石,政协; 马歇尔调处; 民盟,中国民主同盟; 国民政府; 中国共产党; 青年党; 政治协商会议; 国民大会,重庆,70
660,1946,"January 25, 1946",北平接触与民盟人士沟通,在政协第一次会议上，八名无党派人士被任命为军事调查委员会成员；另有八名成员由国民参政会驻会委员会任命。 政协的一个突出事件，是蒋介石在1月14日即席讲话中宣布，政府将在十天内采取措施，给予如下公民自由：第一，各政党在法律面前一律平等；第二，允许一切合法政治活动；第三，促进地方自治；第四，释放所有政治犯，但被控叛国行为者除外。,topic,马歇尔调处与民盟,蒋介石,政协; 马歇尔调处; 北平接触; 民盟,中国民主同盟; 国民政府; 国民党; 中国共产党; 青年党; 政治协商会议; 美国国务院; 美国驻华使馆; 国民大会,北平; 重庆; 华盛顿,70
661,1949,"January 28, 1949",The Ambassador in China (Stuart) to the Secretary of State,除劳工领袖外，我们迄今已在签名者中辨认出以下党派的领袖：国民党革命委员会、民主同盟、致公党、中国民主建国会、中国农工民主党和中国人民救国会。 该声明如此彻底地屈从，以致我们只能得出结论：任何主要由这55名签名者参加组成的“民主联合政府”，都将完全受中国共产党支配，以至于“民主”和“联合”这两个形容词均不适用。,topic,马歇尔调处与民盟,司徒雷登,马歇尔调处; 联合政府; 民盟,中国民主同盟; 国民党; 中国共产党; 美国国务院,南京; 上海,55
662,1946,"January 5, 1946",The Chargé in China (Robertson) to the Secretary of State,据民主同盟和无党派消息来源称，政府曾私下接触青年党，提出职位和金钱；虽然青年党名义上仍是民盟的一部分，但事实上已经分离到将以五名独立代表参加即将召开的政治协商会议的程度。 民主同盟已就该讲话及相关事项发表声明，1月2日《大公报》报道如下：民盟要求修改国民大会组织法和选举法，以确保国民大会成为有代表性的机构，并认为保留十年前选出的代表不符合民主精神。,topic,马歇尔调处与民盟,蒋介石,政协; 马歇尔调处; 民盟,中国民主同盟; 国民政府; 国民党; 中国共产党; 青年党; 政治协商会议; 美国国务院; 国民大会,重庆,70
663,1946,"January 7, 1946",Lieutenant General Albert C. Wedemeyer to General Marshall,"马歇尔使团档案, Lot 54–D270 电报 [文件14] 阿尔伯特·魏德迈中将致马歇尔将军[上海]1946年1月7日. 尽管我在中国服役期间一直严格遵守军事职能,但我自然密切注意中央政府和共产党之间的谈判,以及这两个政党、民主同盟和较小的政治团体的愿望和策略。",topic,马歇尔调处与民盟,马歇尔; 蒋介石,马歇尔调处; 民盟,中国民主同盟; 国民党; 中国共产党; 国民大会,重庆; 上海; 延安,35
664,1946,"January 7, 1946","General Marshall’s Notes on a Conference With Dr. Wang Shihchieh, at Nanking, January 7, 1946, 1:30 p.m.",马歇尔使团档案，Lot 54-D270［文件372］马歇尔将军关于同王世杰博士会谈的记录，南京，1946年1月7日下午1时30分。 王博士来同司徒雷登博士共进午餐，午餐后立即向我作如下说明：委员长希望他解释，委员长正交给我一封致总统的信，但该信并未包括下列几点；委员长希望我将这些内容转达总统： 政府打算立即改组，吸收无党派人士、中国青年党、民主社会党代表入政府；如果民主同盟和共产党愿意参加，也将吸,topic,马歇尔调处与民盟,马歇尔; 司徒雷登; 蒋介石,马歇尔调处; 民盟,中国民主同盟; 中国共产党; 青年党; 民主社会党,南京,35
665,1947,"January 7, 1947",第三方面在国共之间寻求政治空间,马歇尔使团档案，Lot 54-D270 [文件370] 马歇尔将军与 C. 李将军告诉马歇尔，他刚从上海返回，曾拜访许多民主同盟成员和无党派人士。,topic,马歇尔调处与民盟,罗隆基; 张澜; 周恩来; 马歇尔; 蒋介石,马歇尔调处; 第三方面; 民盟,中国民主同盟; 国民党; 中国共产党,南京; 上海; 延安; 满洲,65
666,1945,"July 10, 1945",The Ambassador in China (Hurley) to the Secretary of State,新闻部长王世杰博士昨日告知大使馆，从延安带回的共产党新提案主要包括两点：第一，国民政府取消（立即取消？）或推迟定于11月12日召开的国民大会；第二，国民政府召集一次政治会议，按国民党、共产党和民主同盟代表名额平等的原则组成，每党三人，另由独立政党或组织中选出三人。 该政治会议的职能，是决定终止国民党治的时间、组织联合政府，并为新政府制定政纲。,topic,马歇尔调处与民盟,马歇尔; 蒋介石,马歇尔调处; 联合政府; 民盟,中国民主同盟; 国民政府; 国民党; 中国共产党; 美国国务院; 国民大会,重庆; 延安,55
667,1946,"July 11, 1946",围绕政协决议和政府改组的调处,马歇尔使团档案，Lot 54-D270 [文件663] 马歇尔将军与俞大维将军会谈纪要，1946年7月11日上午9时，南京宁海路5号。 ” 马歇尔表示，局势似乎很危急，但眼前问题的答案在于政府和共产党代表特别会议能否取得结果。,topic,马歇尔调处与民盟,罗隆基; 周恩来; 马歇尔; 蒋介石,政协; 马歇尔调处; 民盟,中国民主同盟; 国民政府; 国民党; 中国共产党; 政治协商会议,南京; 上海,80
668,1947,"July 11, 1947",The Ambassador in China (Stuart) to the Secretary of State,"6月18日,博格采访数日后,孙博士接见了民主同盟的罗隆基博士,并与博士谈话.",topic,马歇尔调处与民盟,罗隆基; 司徒雷登; 蒋介石,马歇尔调处; 民盟,中国民主同盟; 国民政府; 国民党; 中国共产党; 青年党; 美国国务院,南京; 上海,25
669,1946,"July 16, 1946",昆明暗杀事件引发的政治压力与外交关注,马歇尔使团档案，Lot 54-D270〔文件679〕周恩来将军致马歇尔将军备忘录。 亲爱的马歇尔将军： 我到上海后，认识到陈立夫特务人员的压迫，比我在南京时想象的严重得多。,topic,马歇尔调处与民盟,周恩来; 马歇尔; 司徒雷登; 蒋介石,昆明暗杀; 政协; 马歇尔调处; 民盟,中国民主同盟; 国民党; 中国共产党; 政治协商会议,南京; 上海,70
670,1946,"July 17, 1946",昆明暗杀事件引发的政治压力与外交关注,马歇尔使团档案，Lot 54-D270 [文件682] 马歇尔将军与周恩来将军会谈纪要，1946年7月17日上午10时45分，南京宁海路5号。 马歇尔将军：我想先问你一个问题。,topic,马歇尔调处与民盟,罗隆基; 沈钧儒; 史良; 周恩来; 马歇尔; 司徒雷登; 蒋介石,昆明暗杀; 政协; 马歇尔调处; 民盟,中国民主同盟; 国民党; 中国共产党; 政治协商会议; 美国驻华使馆; 行政院,昆明; 南京; 重庆; 上海; 成都,80
671,1946,"July 17, 1946","Minutes of Meeting Between General Marshall and General Chou En-lai at No. 5 Ning Hai Road, Nanking, July 17, 1946, 10:45 a.m.",马歇尔将军：你昨天提到汤恩伯将军的命令，其中规定部队应于7月14日就位，以便15日发起进攻。 马歇尔将军：请你给我一份该命令副本，以便我酌情使用。,topic,马歇尔调处与民盟,周恩来; 马歇尔,马歇尔调处,国民党; 中国共产党,南京,45
672,1946,"July 17, 1946",昆明暗杀事件引发的政治压力与外交关注,在当前恐怖气氛下，现留在领事馆的民盟成员不愿离开，除非“负责任的”政府方面保证其安全，或达成全国性政治解决。 他们认为，他们提出的下列条件，是解决暗杀事件造成的即时紧张局势的必要步骤：第一，立即停止昆明的恐怖活动；第二，保障民主同盟所有成员以及所有为民主与和平事业工作者的人身安全；第三，组织并派出一个调查昆明暗杀事件的委员会，由政府、民盟和马歇尔将军方面的代表组成。,topic,马歇尔调处与民盟,马歇尔; 司徒雷登,昆明暗杀; 马歇尔调处; 民盟,中国民主同盟; 美国驻昆明领事馆,昆明; 香港,75
673,1946,"July 18, 1946",昆明暗杀事件引发的政治压力与外交关注,马歇尔使团档案，Lot 54-D270〔文件687〕 马歇尔将军与俞大维将军会谈纪要 南京，宁海路5号，1946年7月18日上午11时30分。 马歇尔将军向俞大维出示了一幅由共产党代表团制作的江苏省态势图。,topic,马歇尔调处与民盟,周恩来; 马歇尔,昆明暗杀; 马歇尔调处; 民盟,中国民主同盟; 国民政府; 中国共产党,昆明; 南京,70
674,1946,"July 18, 1946","Minutes of Meeting Between General Marshall and General Yu Ta-wei at No. 5 Ning Hai Road, Nanking, July 18, 1946, 11:30 a.m.","General Marshall told General Yu Ta Wei that negotiations could not be conducted in an atmosphere of this nature. 44 “Battle Order No. 1 of the 1st Pacification Headquarters”, not printed.",topic,马歇尔调处与民盟,马歇尔,马歇尔调处,,南京,45
675,1949,"July 19, 1949",北平接触与民盟人士沟通,00/7-2049：电报 [文件505] 驻北平总领事（柯乐博）致国务卿 北平，1949年7月19日上午9时。 7月17日，应邀会见罗隆基、张东荪、周鲸文和约瑟夫·张。,topic,马歇尔调处与民盟,罗隆基; 张东荪; 周恩来; 马歇尔; 司徒雷登; 蒋介石,马歇尔调处; 北平接触; 民盟,中国民主同盟; 国民政府; 国民党; 中国共产党; 美国国务院; 美国驻北平总领事馆,北平; 南京; 上海; 天津,80
676,1947,"July 23, 1947",Memorandum by the First Secretary of Embassy in China (Ludden) to General Wedemeyer,马歇尔将军离开中国时发表声明，含蓄提出一个总体要求：中央政府大幅改组和改革，是美国提供大量援助的先决条件。,topic,马歇尔调处与民盟,马歇尔,马歇尔调处,国民政府; 国民党; 中国共产党; 美国驻华使馆,南京; 华盛顿,40
677,1946,"July 26, 1946",昆明暗杀事件引发的政治压力与外交关注,马歇尔使团文件，Lot 54–D270 [文件706] 马歇尔将军与周恩来将军在南京宁海路5号会谈记录，1946年7月26日上午10时15分 南京，1946年7月26日上午10时15分 周恩来将军：非常感谢您提供的交通便利。 马歇尔将军：我发出询问电文是因为我急于请您回来，以便我们能与司徒雷登博士讨论当前局势。,topic,马歇尔调处与民盟,周恩来; 马歇尔; 司徒雷登; 蒋介石,昆明暗杀; 政协; 马歇尔调处; 民盟,中国民主同盟; 国民政府; 国民党; 中国共产党; 政治协商会议; 行政院,昆明; 南京; 上海; 满洲; 牯岭,70
678,1946,"July 26, 1946",昆明暗杀事件引发的政治压力与外交关注,马歇尔使团档案，Lot 54-D270 [文件708] 马歇尔将军与罗隆基博士会谈纪要，1946年7月26日下午1时15分，南京宁海路5号。 罗博士开会时说，马歇尔将军启程赴牯岭以前，他必须见马歇尔一面，因为有一件特别重要的事情，需要在马歇尔即将访问牯岭期间采取行动。,topic,马歇尔调处与民盟,罗隆基; 马歇尔; 蒋介石,昆明暗杀; 马歇尔调处; 民盟,中国民主同盟; 国民党,昆明; 南京; 牯岭,80
679,1946,"July 26, 1946",昆明暗杀事件引发的政治压力与外交关注,罗博士认为，民主同盟不可能派一名有影响力的成员去昆明调查，因为此人很可能得不到任何保护，并且除非作为联合委员会成员，否则肯定没有任何权威。 罗博士此时紧急把此事提请马歇尔将军注意，主要目的在于说服马歇尔在牯岭期间同委员长提出此事。,topic,马歇尔调处与民盟,罗隆基; 马歇尔; 蒋介石,昆明暗杀; 马歇尔调处; 民盟,中国民主同盟; 美国国务院,昆明; 南京; 牯岭,85
680,1946,"July 30, 1946",昆明暗杀事件引发的政治压力与外交关注,马歇尔使团档案，第54-D270卷：电报〔文件716〕 马歇尔将军致杜鲁门总统 〔南京，〕1946年7月30日。 与此同时，民主同盟两名大学教授在昆明被暗杀，以及上海同类人士遭秘密警察严密监视，引起极大震动，并使自由派人士产生一种感觉：政府正在采用恐怖手段镇压任何口头或文字形式的反对意见。,topic,马歇尔调处与民盟,周恩来; 马歇尔; 司徒雷登; 蒋介石,昆明暗杀; 马歇尔调处; 第三方面; 北平接触; 联合政府; 民盟,中国民主同盟; 国民政府; 国民党; 中国共产党; 美国国务院,昆明; 北平; 南京; 上海; 满洲; 天津; 牯岭,70
681,1946,"July 31, 1946",昆明暗杀事件引发的政治压力与外交关注,马歇尔使团档案，Lot 54–D270 [文件718] 马歇尔将军与俞大维将军会谈记录 南京宁海路5号，1946年7月31日下午6时45分 南京，1946年7月31日下午6时45分。 俞大维将军首先询问马歇尔将军上次牯岭之行与委员长会谈的结果。,topic,马歇尔调处与民盟,罗隆基; 张君劢; 马歇尔; 司徒雷登; 蒋介石,昆明暗杀; 马歇尔调处; 第三方面; 北平接触,国民党; 中国共产党,北平; 南京; 满洲; 牯岭,25
682,1946,"July 7, 1946",The Counselor of Embassy in China (Smyth) to the Secretary of State,其中一项引述由国民党军官和延安方面共同组成的东北“新民主同盟军”誓言，称将为和平和结束一党统治而战。 译注：本页所谓“新民主同盟军”按语境处理，并非中国民主同盟组织本身。,topic,马歇尔调处与民盟,,马歇尔调处; 民盟,中国民主同盟; 国民党; 中国共产党; 美国国务院; 美国驻华使馆,南京; 上海; 延安; 满洲,35
683,1946,"July 8, 1946",北平接触与民盟人士沟通,马歇尔使团档案，Lot 54-D270〔文件648〕 马歇尔将军与周恩来将军会谈纪要 南京，宁海路5号，1946年7月8日下午4时。 马歇尔将军：我从电话中得知，为解决地方民政问题而举行的会议几乎没有取得什么成果。,topic,马歇尔调处与民盟,周恩来; 马歇尔,马歇尔调处; 北平接触,国民政府; 国民党; 中国共产党,北平; 南京,55
684,1946,"July 8, 1946",围绕政协决议和政府改组的调处,马歇尔将军：我会转达周将军的信息，让他的人下来。 马歇尔将军：我想先就周将军的发言作一点评论。,topic,马歇尔调处与民盟,周恩来; 马歇尔; 蒋介石,政协; 马歇尔调处,中国共产党; 政治协商会议,南京,60
685,1946,"July 8, 1946","Minutes of Meeting Between General Marshall and General Chou En-lai at No. 5 Ning Hai Road, Nanking, July 8, 1946, 4 p.m.",我的建议是：第一，削减共产党军队兵力；第二，关于难民问题，在各县组织委员会处理此事；第三，地方行政问题将在正式停战之后，或在政府改组为联合政府之后加以理顺。 马歇尔将军：我的理解是否正确，即这些谈判已经结束？ 周将军：这是我的理解。,topic,马歇尔调处与民盟,周恩来; 马歇尔; 蒋介石,马歇尔调处; 联合政府; 民盟,中国民主同盟; 中国共产党,南京; 上海; 延安,60
686,1946,"July 8, 1946",围绕政协决议和政府改组的调处,马歇尔将军：在我看来，如果我们不触及地方政府问题，就会立即面临一种局面：共产党撤出后，政府会马上替换当地政府。 王博士承认，政协中确有这样的规定；因此，行政事务可以留待政府改组为联合政府之前或之后作整体解决。,topic,马歇尔调处与民盟,周恩来; 马歇尔; 蒋介石,政协; 马歇尔调处; 联合政府,中国共产党; 政治协商会议,南京,60
687,1946,"July 9, 1946",围绕政协决议和政府改组的调处,马歇尔使团档案，第54-D270卷〔文件656〕 马歇尔将军与中国青年党代表曾琦先生会谈记录 南京宁海路5号，1946年7月9日上午10时。 曾先生说，目前谈判中的挫折是可以预料的，但这不应使任何人对马歇尔将军的调停努力感到气馁。,topic,马歇尔调处与民盟,马歇尔,政协; 马歇尔调处; 联合政府; 民盟,中国民主同盟; 国民党; 中国共产党; 青年党; 政治协商会议; 美国国务院; 国民大会,南京; 延安,70
688,1946,"July 9, 1946",围绕政协决议和政府改组的调处,马歇尔使团档案，Lot 54–D270〔第658号文件〕马歇尔将军、王（世杰）部长、邵（力子）先生与陈（诚）将军在外交部会谈记录，1946年7月9日下午3时。 他指出，政府并未要求中共在共军即将撤出的所有地区一并放弃地方行政权和军事控制权；除上述四个具体地区外，凡中共撤出地区的地方行政问题，均交由政治协商会议或政协综合小组讨论解决。,topic,马歇尔调处与民盟,罗隆基; 周恩来; 马歇尔; 蒋介石,政协; 马歇尔调处; 民盟,中国民主同盟; 中国共产党; 政治协商会议,南京; 上海; 延安; 满洲,80
689,1946,"June 1, 1946",北平接触与民盟人士沟通,马歇尔使团档案，第54-D270卷〔文件494〕 马歇尔将军与罗隆基博士会谈记录 马歇尔将军寓所，1946年6月1日上午10时。 马歇尔将军告诉罗博士，由于委员长不在，要达成解决办法很困难；通过无线电通信进行谈判也非常困难。,topic,马歇尔调处与民盟,罗隆基; 周恩来; 马歇尔; 蒋介石,马歇尔调处; 北平接触; 民盟,中国民主同盟; 国民政府; 国民党; 中国共产党; 青年党,北平; 重庆; 延安; 满洲,80
690,1946,"June 14, 1946",北平接触与民盟人士沟通,马歇尔使团档案，Lot 54-D270〔文件549〕 马歇尔将军与周恩来将军会谈纪要 1946年6月14日上午11时10分。 马歇尔将军开场告诉周恩来将军，他已同俞大维将军谈过交通通信问题，也谈到准备若干文件的问题。,topic,马歇尔调处与民盟,周恩来; 马歇尔,马歇尔调处; 北平接触,国民政府; 国民党; 中国共产党,北平; 满洲,55
691,1946,"June 14, 1946",北平接触与民盟人士沟通,马歇尔将军同意，当前局势很严重。 谈到同北平，特别是同东北建立联系，周将军说，他不久前曾告诉拜罗德将军，希望拜罗德抵达长春后二三天内前往哈尔滨，同那里的共产党负责人建立联系。,topic,马歇尔调处与民盟,周恩来; 马歇尔; 蒋介石,马歇尔调处; 北平接触,中国共产党,北平; 南京; 延安; 沈阳; 满洲; 天津,60
692,1946,"June 14, 1946","Minutes of Meeting Between General Marshall and General Chou En-lai, June 14, 1946, 11:10 a.m.",马歇尔将军问周将军是否可以接受这一点。 周将军请马歇尔将军评价，在目前意见分歧情况下达成协议的可能性。,topic,马歇尔调处与民盟,周恩来; 马歇尔; 蒋介石,马歇尔调处,国民党; 中国共产党,满洲,45
693,1946,"June 14, 1946","Minutes of Meeting Between General Marshall and General Chou En-lai, June 14, 1946, 11:10 a.m.",现在他同马歇尔将军之间有两个数字：他提到五个，马歇尔将军说三个。 马歇尔将军曾同意这些建议，尽管委员长未予接受。,topic,马歇尔调处与民盟,周恩来; 马歇尔; 蒋介石,马歇尔调处; 民盟,中国民主同盟; 国民党; 中国共产党; 青年党,满洲,60
694,1946,"June 14, 1946",围绕政协决议和政府改组的调处,马歇尔将军似乎不愿接受这一建议，但周将军认为仍可考虑。 由于马歇尔将军不想卷入政治事务，可以采取相当迂回的办法。,topic,马歇尔调处与民盟,周恩来; 马歇尔; 蒋介石,政协; 马歇尔调处; 联合政府,政治协商会议,满洲,60
695,1950,"June 16, 1950",Policy Statement Prepared in the Department of State,中国民主同盟仰光支部一直在不引人注目但坚持不懈地培养社会党左翼分子。,topic,马歇尔调处与民盟,,马歇尔调处; 民盟,中国民主同盟; 中国共产党; 美国国务院,华盛顿,55
696,1946,"June 17, 1946",北平接触与民盟人士沟通,马歇尔使团档案，Lot 54-D270 [文件562] 马歇尔将军同罗隆基博士、张君劢博士会谈纪要，1946年6月17日下午5时30分，马歇尔将军寓所。 马歇尔说，现场小组不能把事项直接提交三人小组，因为那样耗时太久。,topic,马歇尔调处与民盟,罗隆基; 张君劢; 周恩来; 马歇尔; 蒋介石,马歇尔调处; 第三方面; 北平接触; 民盟,中国民主同盟; 中国共产党,北平; 南京,80
697,1946,"June 18, 1946",北平接触与民盟人士沟通,马歇尔使团档案，Lot 54–D270 [文件第566号] 马歇尔将军与周恩来将军会谈记录 南京宁海路5号，1946年6月18日上午11时15分 马歇尔将军表示，他有两件事要谈。 马歇尔将军将中文副本交给周将军，并要求在两三天内归还。,topic,马歇尔调处与民盟,周恩来; 马歇尔; 蒋介石,马歇尔调处; 北平接触; 民盟,中国民主同盟; 国民党; 中国共产党,北平; 南京; 延安; 沈阳; 满洲; 天津,70
698,1946,"June 18, 1946","Minutes of Meeting Between General Marshall, General Hsu Yung-chang and General Yu Ta-wei at 5 Ning Hai Road, Nanking, June 18, 1946, 4:40 p.m.",马歇尔使团档案，Lot 54-D270［文件568］马歇尔将军、徐永昌将军、俞大维将军会谈纪要，南京宁海路5号，1946年6月18日下午4时40分。 马歇尔将军说，他想讨论《东北附件》，即委员长表示接受的方案。,topic,马歇尔调处与民盟,马歇尔; 蒋介石,马歇尔调处,中国共产党,南京; 满洲,20
699,1946,"June 18, 1946","Minutes of Meeting Between General Marshall, General Hsu Yung-chang and General Yu Ta-wei at 5 Ning Hai Road, Nanking, June 18, 1946, 4:40 p.m.",马歇尔将军说，政府通过这一妥协获得的利益，超过拟议安排可能带来的不利。 马歇尔将军在地图上指出该省北纬46度线。,topic,马歇尔调处与民盟,周恩来; 马歇尔; 蒋介石,马歇尔调处,中国共产党,南京; 延安; 满洲,25
700,1946,"June 18, 1946","Minutes of Meeting Between General Marshall, General Hsu Yung-chang and General Yu Ta-wei at 5 Ning Hai Road, Nanking, June 18, 1946, 4:40 p.m.",马歇尔将军说，他不知道；他本来希望周恩来今天两点钟动身。 他说，周将军并未提出回延安，但他（马歇尔）认为周将军今天两点就应启程。,topic,马歇尔调处与民盟,周恩来; 马歇尔; 蒋介石,马歇尔调处,中国共产党,南京; 延安; 天津,25
701,1946,"June 18, 1946","Minutes of Meeting Between General Marshall, General Hsu Yung-chang and General Yu Ta-wei at 5 Ning Hai Road, Nanking, June 18, 1946, 4:40 p.m.",马歇尔将军要求，凡是他们要进入这些地区的地方，必须在十二个月期满前在那里安顿下来。 他说，必须在四个月内把部队送进去，从四个月到六个月；又说，按照马歇尔将军的建议，是六个月。,topic,马歇尔调处与民盟,马歇尔; 蒋介石,马歇尔调处,中国共产党,南京,25
702,1946,"June 18, 1946","Minutes of Meeting Between General Marshall, General Hsu Yung-chang and General Yu Ta-wei at 5 Ning Hai Road, Nanking, June 18, 1946, 4:40 p.m.","马歇尔将军说,他认为这样做的唯一办法就是在文件草案中有一个华北附件. 他说他以为他们提出了最重要的东西 他接着说,将军指示他问马歇尔将军的想法,但这是一个整体计划,不是讨价还价的计划。",topic,马歇尔调处与民盟,周恩来; 马歇尔; 蒋介石,马歇尔调处; 民盟,中国民主同盟; 中国共产党,南京; 延安; 满洲,40
703,1946,"June 18, 1946","Minutes of Meeting Between General Marshall, General Hsu Yung-chang and General Yu Ta-wei at 5 Ning Hai Road, Nanking, June 18, 1946, 4:40 p.m.",马歇尔将军说，他认为共产党不会同意。 马歇尔进一步解释说，这些并不是“他的”提议；它们“必须”是政府的提议，而不是“他的”提议。,topic,马歇尔调处与民盟,周恩来; 马歇尔; 蒋介石,马歇尔调处,中国共产党,南京,25
704,1946,"June 21, 1946",第三方面在国共之间寻求政治空间,马歇尔使团档案，Lot 54–D270［文件第 579 号］ 马歇尔将军与罗隆基博士、张君劢博士会谈纪要 地点：马歇尔将军官邸 时间：1946 年 6 月 21 日上午 8 时 20 分 罗隆基表示，他与张君劢曾向周恩来将军建议，考虑授予军调小组美方代表实地调查的最终决定权。 罗隆基进一步指出，第三方面代表昨日会见政府方面代表，要求将十五日休战令予以延长。,topic,马歇尔调处与民盟,罗隆基; 张君劢; 周恩来; 马歇尔,马歇尔调处; 第三方面,国民政府; 中国共产党,延安,10
705,1946,"June 27, 1946",围绕政协决议和政府改组的调处,马歇尔使团档案，Lot 54–D270 [文件604] 马歇尔将军与周恩来将军会谈记录 南京宁海路5号，1946年6月27日下午1时30分 南京，1946年6月27日下午1时30分 马歇尔将军：感谢周将军今天下午在如此仓促安排的时间前来。 我与他讨论了共产党军队沿平汉铁路（北平—汉口铁路）的部署问题，以及该铁路向南延伸至陇海铁路交汇处一段，涉及共产党部队在沿线城市的驻扎问题。,topic,马歇尔调处与民盟,周恩来; 马歇尔; 蒋介石,政协; 马歇尔调处; 北平接触,国民政府; 国民党; 中国共产党; 政治协商会议; 国民大会,北平; 南京; 重庆; 延安; 满洲,55
706,1946,"June 27, 1946","Minutes of Meeting Between General Marshall and General Chou En-lai at 5 Ning Hai Road, Nanking, June 27, 1946, 1:30 p.m.","当时马歇尔将军不在,由吉勒姆将军领导. 马歇尔将军:你挪用了哪些租金?",topic,马歇尔调处与民盟,周恩来; 马歇尔; 蒋介石,马歇尔调处; 民盟,中国民主同盟; 国民党; 中国共产党; 美国国务院; 行政院,南京; 上海; 延安; 满洲,60
707,1946,"June 3, 1946","Minutes of Meeting Between General Marshall and General Chou En-lai at 5 Ning Hai Road, Nanking, June 3, 1946, 10:15 a.m.",马歇尔使团档案，Lot 54-D270〔文件500〕 马歇尔将军与周恩来将军会谈纪要，南京宁海路5号，1946年6月3日上午10时15分。 周恩来将军在会谈开始时询问马歇尔将军，是否听说委员长什么时候回来。,topic,马歇尔调处与民盟,周恩来; 马歇尔; 蒋介石,马歇尔调处,,南京,40
708,1946,"June 3, 1946",昆明暗杀事件引发的政治压力与外交关注,周恩来将军说，他愿先向马歇尔将军通报几件事。 马歇尔将军问“原定计划”指什么。,topic,马歇尔调处与民盟,周恩来; 马歇尔; 蒋介石,昆明暗杀; 马歇尔调处; 北平接触; 民盟,中国民主同盟; 国民党; 中国共产党,昆明; 北平; 南京; 重庆; 上海; 沈阳; 满洲; 天津,75
709,1946,"June 3, 1946",北平接触与民盟人士沟通,马歇尔将军向周恩来将军详述这些细节，旨在让周将军明白，美国这项援华复兴计划，本质上是一个“要么做，要么不做”的选择。 马歇尔将军为促成中国获得沿海及内河航运能力付出了巨大努力，其投入程度几乎超过其他任何事项，因为若无此条件，中国便无法重新开放。,topic,马歇尔调处与民盟,罗隆基; 周恩来; 马歇尔,马歇尔调处; 北平接触,国民党; 中国共产党; 美国国务院,北平; 南京; 重庆; 上海; 满洲,70
710,1946,"June 3, 1946","Minutes of Meeting Between General Marshall and General Chou En-lai at 5 Ning Hai Road, Nanking, June 3, 1946, 10:15 a.m.",马歇尔将军说，谈到陈纳德将军这类个人的言论时，他只是回答说，陈纳德将军是一名退休军官，正试图通过同联合国善后救济总署签订合同来组织一支空运机队。 相反，总统在其对华政策中非常清楚地声明了愿望，并提出了实际上相当于建议的内容；据马歇尔将军理解，这将实现共产党所为之奋斗的目标。,topic,马歇尔调处与民盟,周恩来; 马歇尔,马歇尔调处,中国共产党,南京,45
711,1946,"June 3, 1946",围绕政协决议和政府改组的调处,马歇尔将军把谈话拉回当前局势，说他对共产党进攻长春的行动深感苦恼和不安；同时，他也同样对中央政府在长春之外继续军事行动感到苦恼和不安。 马歇尔将军的目的，是尽其所能使当前局势得到解决。,topic,马歇尔调处与民盟,周恩来; 马歇尔; 蒋介石,政协; 马歇尔调处; 北平接触; 联合政府,国民党; 中国共产党; 政治协商会议,北平; 南京; 延安; 沈阳; 满洲,60
712,1946,"June 3, 1946",北平接触与民盟人士沟通,马歇尔将军感谢周恩来的陈述。 他推想马歇尔会同意，在最初四个月中，共产党方面已经竭尽所能作出让步，以求解决东北问题。,topic,马歇尔调处与民盟,罗隆基; 周恩来; 马歇尔; 蒋介石,马歇尔调处; 北平接触; 民盟,中国民主同盟; 国民党; 中国共产党,北平; 南京; 延安; 满洲,85
713,1946,"June 3, 1946",北平接触与民盟人士沟通,”马歇尔将军说，他交给周恩来的草案，只是把委员长作为规定提出、而马歇尔部分持有异议的各种事项写成文字。 马歇尔说，他把副本给罗隆基博士，可能是一个错误，因为他对罗博士的做事方式了解不多。,topic,马歇尔调处与民盟,罗隆基; 周恩来; 马歇尔; 蒋介石,马歇尔调处; 北平接触; 民盟,中国民主同盟; 国民政府; 国民党; 中国共产党; 青年党; 美国国务院,北平; 南京; 延安; 沈阳; 满洲,85
714,1947,"June 4, 1947",The Ambassador in China (Stuart) to the Secretary of State,蒋主席及其周围人士把学生及其他抗议解释为共产党煽动，或解释为民主同盟甘愿充当共产党的工具。,topic,马歇尔调处与民盟,司徒雷登,民盟,中国民主同盟; 国民政府; 国民党; 中国共产党; 美国国务院,南京,55
715,1946,"June 6, 1946",北平接触与民盟人士沟通,马歇尔使团档案，Lot 54-D270 [文件515] 马歇尔将军与周恩来将军会谈纪要，1946年6月6日晚8时，南京宁海路5号。 马歇尔将军讨论了周恩来赴延安旅行的安排。,topic,马歇尔调处与民盟,罗隆基; 周恩来; 马歇尔; 蒋介石,马歇尔调处; 北平接触; 民盟,中国民主同盟; 国民党; 中国共产党,北平; 南京; 延安; 满洲,80
716,1949,"June 6, 1949",北平接触与民盟人士沟通,一名总领事熟知的民主同盟成员参加了6月6日上海文化界领袖会议，并报告了陈毅市长数小时讲话的以下要点： 一、中国过去出口到东南亚、用以“撑面子”制造繁荣表象的产品，将留在中国，以满足中国人民需要。 消息来源强调，这里的“援助”指贷款、技术援助或马歇尔计划性质的帮助，不同于普通贸易；共产党当然也希望有普通贸易。,topic,马歇尔调处与民盟,马歇尔,马歇尔调处; 北平接触; 民盟,中国民主同盟; 中国共产党; 美国国务院; 美国驻上海总领事馆,北平; 上海; 香港; 天津,50
717,1946,"June 8, 1946",围绕政协决议和政府改组的调处,"马歇尔使团档案，第54-D270卷〔文件522〕 马歇尔将军与政协 20的八位代表在南京宁海路5号的会议记录,1946年6月8日,下午4:15 南京,1946年6月8日,下午4:15 非党员莫铁辉先生向马歇尔将军致敬,并对马歇尔将军给中国带来和平的使命表示感谢. 他把目前15天停战协定的安排归功于马歇尔将军的努力。",topic,马歇尔调处与民盟,马歇尔; 蒋介石,政协; 马歇尔调处; 民盟,中国民主同盟; 国民党; 中国共产党; 政治协商会议,南京; 满洲,50
718,1946,"June 9, 1946",围绕政协决议和政府改组的调处,马歇尔使团档案，第54-D270卷〔文件523〕 马歇尔将军与徐永昌将军会谈记录 南京宁海路5号，1946年6月9日下午4时。 马歇尔将军说，他正准备给徐永昌将军打电话时，收到了徐将军前来拜访的消息。,topic,马歇尔调处与民盟,周恩来; 马歇尔; 蒋介石,政协; 马歇尔调处; 民盟,中国民主同盟; 国民党; 中国共产党; 青年党; 政治协商会议,南京; 延安; 满洲,70
719,1946,"June 9, 1946",北平接触与民盟人士沟通,马歇尔将军告诉他们，他与政治部分毫无关系，他们的委员会也不是以政治委员会的方式运作。 马歇尔将军只是想把这个想法转达给徐将军。,topic,马歇尔调处与民盟,周恩来; 马歇尔; 蒋介石,马歇尔调处; 北平接触,国民党; 中国共产党,北平; 南京; 延安; 满洲,60
720,1946,"June 9, 1946","Minutes of Meeting Between General Marshall and General Hsu Yung-chang at 5 Ning Hai Road, Nanking, June 9, 1946, 4 p.m.",许将军感谢马歇尔将军关于州政府问题的解释。 马歇尔将军说，他认为政治上的复杂局面不可避免。,topic,马歇尔调处与民盟,周恩来; 马歇尔; 蒋介石,马歇尔调处,国民政府; 国民党; 中国共产党; 美国国务院; 行政院,南京; 满洲,45
721,1947,"March 14, 1947",The Ambassador in China (Stuart) to the Secretary of State,截至目前，共产党、民主同盟或左翼舆论机关如上海《文汇报》等尚无反应。 几天前，民主同盟发言人罗隆基向使馆一位可靠消息来源透露了民主同盟所代表圈子可能作何反应。,topic,马歇尔调处与民盟,罗隆基; 周恩来; 马歇尔; 司徒雷登,马歇尔调处; 民盟,中国民主同盟; 国民党; 中国共产党; 美国国务院,南京; 上海; 延安,65
722,1947,"March 15, 1947",The Ambassador in China (Stuart) to the Secretary of State,该电由上海56名著名中国人士于3月12日发给在莫斯科举行的外长会议；署名者包括民主同盟主席张澜，社会知名人士马叙伦，民主同盟发言人罗隆基，经济学教授马寅初，民主同盟人士黄炎培、沈钧儒、章伯钧，以及作家郭沫若： “我们希望正在莫斯科举行的外长会议各参加国能够： 1. 在中国真正民主统一的联合政府成立以前，停止对交战任何一方给予任何帮助； 2.,topic,马歇尔调处与民盟,罗隆基; 张澜; 沈钧儒; 黄炎培; 章伯钧; 司徒雷登,马歇尔调处; 联合政府; 民盟,中国民主同盟; 美国国务院,南京; 上海,65
723,1947,"March 19, 1947",北平接触与民盟人士沟通,该计划的关键在于须为第三方面成员及无党派领袖安排职位。 他带领一批成员脱离中国民主同盟，以自由进步为宗旨组建了中国社会民主党。,topic,马歇尔调处与民盟,张君劢; 司徒雷登,马歇尔调处; 第三方面; 北平接触; 民盟,中国民主同盟; 国民党; 中国共产党; 青年党; 美国国务院; 行政院,北平; 南京; 延安; 天津,70
724,1947,"March 20, 1947",北平接触与民盟人士沟通,以下为《中国报》关于中国民主同盟3月17日在上海举行记者会的报道，主题为莫斯科会议上苏联关于中国问题的提议： “中国民主同盟昨日午后在记者会上主张，1945年莫斯科外长会议参加国应对中国事务进行联合调停，而不是联合干涉。 民盟声称，这种友好调停不会遭到中国人民反对，因为调停中国内争与干涉中国内政是‘两回事’。,topic,马歇尔调处与民盟,司徒雷登,北平接触; 联合政府; 民盟,中国民主同盟; 美国国务院,北平; 南京; 上海,70
725,1949,"March 23, 1949",The Consul General at Shanghai (Cabot) to the Ambassador in China (Stuart),为解释民主同盟成员为何同共产党人合作，彭先生说，民盟首要愿望是内战迅速结束，以及中国人民不能忍受的痛苦终止。 既然国民党人连续失败表明他们无法赢得战争，民主同盟若支持他们，只会帮助推迟其不可避免的失败。,topic,马歇尔调处与民盟,司徒雷登,马歇尔调处; 民盟,中国民主同盟; 国民党; 中国共产党; 美国国务院; 美国驻上海总领事馆,上海,40
726,1946,"March 31, 1946",围绕政协决议和政府改组的调处,现在越来越明显的是，为迁就国民党右翼分子，委员会中的国民党成员正在主张修订政协宪法原则。 昨晚举行的政协指导委员会第三次会议，在解决国民大会成员资格和权力问题方面取得了一些进展；关于行政权与立法权关系的讨论，也显示各方比以往会议更愿意妥协。,topic,马歇尔调处与民盟,马歇尔; 蒋介石,政协; 马歇尔调处; 联合政府; 民盟,中国民主同盟; 国民党; 中国共产党; 政治协商会议; 美国国务院; 美国驻华使馆; 国民大会,重庆; 延安; 满洲,70
727,1946,"March 9, 1946",Memorandum by the Second Secretary of Embassy in China (Ludden) to General Marshall,马歇尔使团档案，Lot 54-D270〔文件228〕 驻华大使馆二等秘书（卢登）致马歇尔将军备忘录 〔重庆〕1946年3月9日。,topic,马歇尔调处与民盟,马歇尔,马歇尔调处,中国共产党; 美国驻华使馆,重庆; 满洲,40
728,1946,"March 9, 1946",围绕政协决议和政府改组的调处,在中国，这种好感甚至扩展到许多国民党成员，尤其在民主同盟内部更是如此。 目前，共产党人似乎正在因其对俄国在东北活动保持沉默而疏离这种好感，并且直接落入CC系或其他对政协和军事整编方案不满的中国势力手中。,topic,马歇尔调处与民盟,周恩来; 马歇尔,政协; 马歇尔调处; 北平接触; 民盟,中国民主同盟; 国民党; 中国共产党; 政治协商会议; 美国驻华使馆,北平; 延安; 满洲,75
729,1946,"May 10, 1946",Memorandum by General Marshall to Generalissimo Chiang Kai-shek,马歇尔使团档案，Lot 54–D270 [文件第441号] 马歇尔将军致蒋介石委员长的备忘录 OSE 27 [南京，]1946年5月10日。,topic,马歇尔调处与民盟,周恩来; 马歇尔; 蒋介石,马歇尔调处,中国共产党,南京; 重庆; 满洲,20
730,1946,"May 10, 1946",Memorandum by General Marshall to Generalissimo Chiang Kai-shek,"从民主同盟代表与我本人以及周恩来将军与我本人已经进行的对话来看,在东北改组政治委员会和经济委员会似乎会促进所有其他谈判。 马歇尔",topic,马歇尔调处与民盟,周恩来; 马歇尔; 蒋介石,马歇尔调处; 民盟,中国民主同盟; 国民政府; 中国共产党,沈阳; 满洲,40
731,1946,"May 10, 1946","Minutes of Conference Between General Marshall and Professor Chow, at General Marshall’s House, Nanking, May 10, 1946, 2:30 p.m.",马歇尔使团档案，Lot 54–D270 [文件第443号] 马歇尔将军与周教授会谈记录 地点：南京马歇尔将军官邸 时间：1946年5月10日下午2时30分 1946年5月10日下午2时30分，南京。 马歇尔将军询问周教授的来意。,topic,马歇尔调处与民盟,马歇尔,马歇尔调处; 民盟,中国民主同盟; 国民党; 中国共产党; 青年党,南京; 重庆; 成都,35
732,1946,"May 17, 1946",北平接触与民盟人士沟通,马歇尔使团档案，Lot 54-D270〔文件458〕 周恩来将军与马歇尔将军会谈纪要 南京，马歇尔将军官邸，1946年5月17日上午10时。 周将军前天从考吉上校处得知，政府方面现在似乎并不热心前往；如果马歇尔将军坚持，他们才会去。,topic,马歇尔调处与民盟,周恩来; 马歇尔,马歇尔调处; 北平接触,国民政府; 国民党; 中国共产党,北平; 南京; 满洲,55
733,1946,"May 17, 1946",围绕政协决议和政府改组的调处,周将军说，这对他来说并非要紧问题；但他在想，如果今天能去，明晚便可同马歇尔将军谈话，因此他宁愿今天去。 马歇尔将军说，考伊上校认为，那个小组还没有乘吉普车从南通回来。,topic,马歇尔调处与民盟,周恩来; 马歇尔,政协; 马歇尔调处; 北平接触; 民盟,中国民主同盟; 国民党; 中国共产党; 政治协商会议,北平; 南京; 重庆; 延安; 满洲,75
734,1946,"May 17, 1946",北平接触与民盟人士沟通,马歇尔将军表示，广播称淮安方面与执行小组失去联系。 马歇尔将军就此情况征求周将军的意见。,topic,马歇尔调处与民盟,罗隆基; 张君劢; 周恩来; 马歇尔; 蒋介石,马歇尔调处; 北平接触; 民盟,中国民主同盟; 国民政府; 国民党; 中国共产党,北平; 南京; 重庆; 满洲; 天津,85
735,1946,"May 17, 1946","Minutes of Conference Between General Marshall and Mr. Chang Nat Teh and Prof, Chen Ping Hsieh at General Marshall’s House, May 17, 1946, 2:30 p.m.",马歇尔使团档案，Lot 54-D270〔文件459〕 马歇尔将军同张君德先生、陈炳燮教授会谈纪要 马歇尔将军寓所，1946年5月17日下午2时30分。 张先生感谢马歇尔将军为中国争取和平所作努力，并询问是否有成功希望。,topic,马歇尔调处与民盟,马歇尔,马歇尔调处; 民盟,中国民主同盟; 国民党; 中国共产党; 青年党,,35
736,1946,"May 23, 1946","Minutes of Meeting Between General Marshall and General Chou En-lai at 5 Ning Hai Road, Nanking, May 23, 1946, 6 p.m.",马歇尔使团档案，第54-D270卷〔文件471〕 马歇尔将军与周恩来将军会谈记录 南京宁海路5号，1946年5月23日下午6时。 马歇尔将军说，很抱歉迟到，因为他先同外交部长王世杰博士会谈，随后又会见了比利时大使。,topic,马歇尔调处与民盟,周恩来; 马歇尔; 蒋介石,马歇尔调处; 民盟,中国民主同盟,南京; 延安; 沈阳; 满洲,55
737,1946,"May 23, 1946","Minutes of Meeting Between General Marshall and General Chou En-lai at 5 Ning Hai Road, Nanking, May 23, 1946, 6 p.m.",委员长并未就长春以及马歇尔将军所提出的军事方面作出明确表态。 不过，马歇尔的印象是，委员长并不持敌对态度。,topic,马歇尔调处与民盟,周恩来; 马歇尔; 蒋介石,马歇尔调处,,南京; 延安; 沈阳,45
738,1946,"May 23, 1946","Minutes of Meeting Between General Marshall and General Chou En-lai at 5 Ning Hai Road, Nanking, May 23, 1946, 6 p.m.",马歇尔将军随后询问周将军，是否准备告诉他共产党是否会按马歇尔将军所提出的长春安排概要执行；也就是共产党部队撤出、军事调处执行部进入，以及中央政府军停止前进。 他说，他还必须知道，对于委员长提出并向马歇尔将军特别明确说明的三个条件，周将军能够作何答复。,topic,马歇尔调处与民盟,周恩来; 马歇尔; 蒋介石,马歇尔调处,中国共产党,南京,45
739,1946,"May 29, 1946",第三方面在国共之间寻求政治空间,马歇尔使团档案，Lot 54-D270〔文件489〕马歇尔将军与张君劢博士会谈纪要，马歇尔将军寓所，1946年5月29日下午5时。 马歇尔将军表示，双方对彼此都极度怀疑，而且这种怀疑在过去十天里有所增加。,topic,马歇尔调处与民盟,张君劢; 周恩来; 马歇尔; 蒋介石,马歇尔调处; 第三方面; 联合政府; 民盟,中国民主同盟; 国民党; 中国共产党; 青年党; 国民大会,满洲,55
740,1946,"May 29, 1946",围绕政协决议和政府改组的调处,马歇尔将军随后询问，哈尔滨、齐齐哈尔和满洲里问题最好如何安排。 马歇尔将军强调，如果没有相当把握认为能够达成协议、谈判不会再次陷入僵局，他不能再一次投入谈判。,topic,马歇尔调处与民盟,罗隆基; 张君劢; 马歇尔,政协; 马歇尔调处; 民盟,中国民主同盟; 中国共产党; 政治协商会议,满洲,85
741,1946,"May 30, 1946",北平接触与民盟人士沟通,马歇尔使团档案，Lot 54-D270〔文件491〕马歇尔将军与周恩来将军会谈纪要，南京宁海路5号，1946年5月30日下午6时。 马歇尔将军说，他中午收到委员长一封信，答复他前几天的来信。,topic,马歇尔调处与民盟,周恩来; 马歇尔; 蒋介石,马歇尔调处; 北平接触,中国共产党,北平; 南京; 沈阳,55
742,1946,"May 30, 1946",北平接触与民盟人士沟通,马歇尔将军表示，他想重申，他并不期望周恩来将军在这次会议上对他的草案作出答复。 委员长只是就美国军官问题做了一个笼统的陈述，其范围之广，马歇尔将军无法接受，并且他已向委员长指出，这给相关的美国人带来了一个非常棘手的问题。,topic,马歇尔调处与民盟,周恩来; 马歇尔; 蒋介石,马歇尔调处; 北平接触; 民盟,中国民主同盟; 国民政府; 国民党; 中国共产党; 青年党,北平; 南京; 重庆; 上海; 延安; 沈阳; 满洲,75
743,1946,"May 30, 1946","Minutes of Meeting Between General Marshall and General Chou En-lai at 5 Ning Hai Road, Nanking, May 30, 1946, 6 p.m.",关于周将军同马歇尔将军的关系，二人接触频繁，因此周将军了解马歇尔将军。 过去，马歇尔将军提出的要点，在周将军听取马歇尔将军说明其真实意图且该意图出于善意之后，大多可以接受。,topic,马歇尔调处与民盟,周恩来; 马歇尔; 蒋介石,马歇尔调处,国民党; 中国共产党,南京; 满洲,45
744,1946,"May 4, 1946",Memorandum by General Chou En-lai to General Marshall,马歇尔使团文件，编号 Lot 54–D270 [文件第430号] 周恩来将军致马歇尔将军备忘录 南京，1946年5月4日 亲爱的马歇尔将军： 我获悉，委员长西安行营发言人在1946年5月1日17时，就委员长抵达该市一事向中央社发表了一项声明。 1946年4月29日，即您启程前夕，您向我传达了委员长的意见，即：（1）中国民主同盟的提议[39]他无法接受；（2）停火取决于中共军队撤出长春并由政府军占领,topic,马歇尔调处与民盟,周恩来; 马歇尔; 蒋介石,马歇尔调处; 民盟,中国民主同盟; 中国共产党; 美国国务院,南京,35
745,1946,"November 1, 1946",第三方面在国共之间寻求政治空间,马歇尔使团档案，Lot 54–D270 [文件第236号] 马歇尔将军、莫德惠先生与李璜将军会谈记录 南京，宁海路5号，1946年11月1日上午10时45分 马歇尔将军请莫德惠先生最坦率地说明当前谈判中最关键的问题是什么。 另一方面，共产党和第三方面则不愿提交名单，除非他们先确信其期望能够实现。,topic,马歇尔调处与民盟,马歇尔,马歇尔调处; 第三方面; 民盟,中国民主同盟; 国民政府; 国民党; 中国共产党; 行政院; 国民大会,南京,35
746,1946,"November 1, 1946",第三方面在国共之间寻求政治空间,莫先生随即询问马歇尔将军，当前局势能否通过解决行政院改组问题来化解。 马歇尔将军回答他认为可以。,topic,马歇尔调处与民盟,马歇尔,马歇尔调处; 第三方面,国民党; 中国共产党; 行政院,南京; 上海,25
747,1947,"November 1, 1947","Mr. Carsun Chang, Chairman of the Chinese Democratic Socialist Party, to the Secretary of State",00/11–447［文件第 706 号］ 中国民主社会党主席张君劢致国务卿函 上海，1947 年 11 月 1 日 马歇尔先生大鉴： 去年和平谈判期间，您我之间的紧密共事，至今记忆犹新。 本人首先要向先生郑重指出的一点是：只要国民党不愿对联合政府给予实质性的承认，则徒有联合政府之名实属不足。,topic,马歇尔调处与民盟,张君劢; 马歇尔,马歇尔调处; 联合政府; 民盟,中国民主同盟; 国民政府; 国民党; 青年党; 民主社会党; 美国国务院,上海,35
748,1946,"November 12, 1946",The Ambassador in China (Stuart) to the Secretary of State,马歇尔将军的三人委员会昨天上午非正式会晤两小时，唯一结果是周恩来同意向延安请示，并亲自认真考虑一个军事方面无法同政治方面分割的问题。 过去十天交涉背后，是政府方面试图争取民主同盟和青年党参加国民大会，作为可能争取共产党也参加的第一步；相反，周恩来领导的共产党则竭力使这些党派保持在自己的影响范围内。,topic,马歇尔调处与民盟,周恩来; 马歇尔; 司徒雷登; 蒋介石,马歇尔调处; 民盟,中国民主同盟; 中国共产党; 青年党; 美国国务院; 国民大会,南京; 延安,35
749,1946,"November 13, 1946",The Ambassador in China (Stuart) to the Secretary of State,先生：兹报告，自我上一封函件（1946年10月31日第232号）以来，所谓第三集团（由民主同盟、青年党及无党派领导人组成）一直积极试图在政府和共产党之间调停。 他们同马歇尔将军或我保持经常联系，我们也尽力鼓励他们。,topic,马歇尔调处与民盟,周恩来; 马歇尔; 司徒雷登,马歇尔调处; 民盟,中国民主同盟; 中国共产党; 青年党; 美国国务院; 国民大会,南京,55
750,1946,"November 13, 1946",围绕政协决议和政府改组的调处,当晚，他又以同样方式拜访了马歇尔将军。 要么政府完全接受原政协决议作为程序基础，要么就什么也没有。,topic,马歇尔调处与民盟,周恩来; 马歇尔; 司徒雷登,政协; 马歇尔调处,国民党; 中国共产党; 政治协商会议,南京; 延安,60
751,1946,"November 14, 1946",围绕政协决议和政府改组的调处,马歇尔使团档案，Lot 54-D270〔文件276〕马歇尔将军与周鲠生教授会谈纪要，南京宁海路5号，1946年11月14日上午10时。 具体说，如果共产党不参加，会发生什么？ 马歇尔将军：我很难估计中国方面的反应。,topic,马歇尔调处与民盟,周恩来; 马歇尔; 司徒雷登; 蒋介石,政协; 马歇尔调处,国民政府; 国民党; 中国共产党; 青年党; 政治协商会议; 行政院; 国民大会,南京; 重庆; 上海,55
752,1946,"November 14, 1946",围绕政协决议和政府改组的调处,马歇尔将军：共产党对于内战的态度已经明显改变。 周教授：政府能够向共产党作出什么让步？ 马歇尔将军：我一直认为，政府让步的最佳基础，是严格依照政治协商会议协议塑造宪法。,topic,马歇尔调处与民盟,马歇尔; 蒋介石,政协; 马歇尔调处; 联合政府; 民盟,中国民主同盟; 国民党; 中国共产党; 青年党; 政治协商会议; 国民大会,南京; 满洲,75
753,1946,"November 14, 1946",第三方面在国共之间寻求政治空间,马歇尔将军：我对此事一无所知。 如你所知，最近谈判一直由第三方面掌握。,topic,马歇尔调处与民盟,马歇尔; 蒋介石,马歇尔调处; 第三方面,中国共产党; 国民大会,南京,45
754,1946,"November 19, 1946",第三方面在国共之间寻求政治空间,马歇尔使团档案，Lot 54-D270［文件285］马歇尔将军与罗忠恕、吴其玉、易教授会谈记录，南京马歇尔将军官邸，1946年11月19日上午11时。 马歇尔将军评论说，必须迅速建立某种组织，作为国民党和共产党之间的平衡力量。,topic,马歇尔调处与民盟,周恩来; 马歇尔; 蒋介石,马歇尔调处; 第三方面; 民盟,中国民主同盟; 国民党; 中国共产党; 青年党,南京,35
755,1946,"November 29, 1946",The Ambassador in China (Stuart) to the Secretary of State,11月25日由委员长主持的全体会议上，委员长称，政协关于修改宪法草案的决定，可以对参加政协的各党派成员具有约束力，但不能约束民选代表。 ） 蒋、张书信公布时（参见使馆11月27日第1986号电），一名共产党发言人重申，如果召开新的政协、成立联合政府并召集新的国民大会，和平谈判可以恢复（参见使馆11月27日第1982号电）；陈立夫举行记者会，攻击共产党，并阐述中国对古代美德的忠诚（参见使馆11月27,topic,马歇尔调处与民盟,罗隆基; 张君劢; 司徒雷登; 蒋介石,政协; 马歇尔调处; 联合政府; 民盟,中国民主同盟; 国民政府; 国民党; 中国共产党; 民主社会党; 政治协商会议; 美国国务院; 行政院; 国民大会,南京,80
756,1946,"November 3, 1946",第三方面在国共之间寻求政治空间,马歇尔使团档案，Lot 54-D270［文件240］马歇尔将军与张君劢先生、罗隆基博士、叶笃义先生会谈记录，南京宁海路5号，1946年11月3日下午3时30分。 张先生向马歇尔将军报告说，他昨天下午见过委员长。,topic,马歇尔调处与民盟,罗隆基; 张君劢; 周恩来; 马歇尔; 蒋介石,马歇尔调处; 第三方面,国民党; 中国共产党; 行政院; 国民大会,南京; 上海; 满洲,10
757,1946,"November 6, 1946",围绕政协决议和政府改组的调处,马歇尔使团档案，Lot 54-D270〔文件246〕驻华使馆拟备备忘录。 二，为扩大政府基础，并更快结束训政时期，政府进一步建议立即按以下基础改组国民政府国务委员会：国民党成员20名；共产党成员10名；民主同盟成员4名；青年党成员4名；无党派成员2名。,topic,马歇尔调处与民盟,马歇尔; 蒋介石,政协; 马歇尔调处; 民盟,中国民主同盟; 国民政府; 国民党; 中国共产党; 青年党; 政治协商会议; 美国驻华使馆; 行政院; 国民大会,南京,70
758,1946,"November 8, 1946","Minutes of Meeting Between General Marshall and Dr. Stuart at Dr. Stuart’s Residence, Nanking, November 8, 1946, 9:30 a.m.",马歇尔使团档案，Lot 54-D270〔文件250〕 马歇尔将军与司徒雷登博士会谈纪要 南京，司徒雷登博士寓所，1946年11月8日上午9时30分。 司徒雷登博士开场说，民主同盟成员曾拜访他并报告称，昨晚同周恩来将军会谈时，周将军表示对蒋介石本人完全轻蔑，并进一步表示，他认为共产党不应就蒋介石的八点提出答复。,topic,马歇尔调处与民盟,周恩来; 马歇尔; 司徒雷登; 蒋介石,马歇尔调处; 民盟,中国民主同盟; 中国共产党; 国民大会,南京,55
759,1946,"November 8, 1946","Minutes of Meeting Between General Marshall and Dr. Stuart at Dr. Stuart’s Residence, Nanking, November 8, 1946, 9:30 a.m.",此时，马歇尔将军和司徒雷登博士仔细修改了此前为蒋介石起草的一份声明草案，并就一个改写本达成一致。 注66：周恩来，中国共产党同马歇尔将军谈判代表团负责人。,topic,马歇尔调处与民盟,周恩来; 马歇尔; 司徒雷登; 蒋介石,马歇尔调处,国民党; 中国共产党; 美国国务院,南京; 华盛顿,45
760,1946,"November 8, 1946",围绕政协决议和政府改组的调处,马歇尔使团档案，Lot 54–D270：电报〔第254号文件〕马歇尔将军致杜鲁门总统（注81）。 次日上午，民盟代表来访，征询我对当日下午会议议程的意见。,topic,马歇尔调处与民盟,周恩来; 马歇尔; 司徒雷登; 蒋介石,政协; 马歇尔调处; 第三方面; 民盟,中国民主同盟; 国民党; 中国共产党; 政治协商会议; 美国国务院; 国民大会,南京,70
761,1946,"October 10, 1946","Notes on Meeting Between General Marshall and General Yu Ta-wei at No. 5 Ning Hai Road, Nanking, October 10, 1946, 10:45 a.m.",马歇尔使团档案，Lot 54-D270〔文件174〕 马歇尔将军与俞大维将军会谈记录 南京，宁海路5号，1946年10月10日上午10时45分。 俞大维将军提到，他听说马歇尔将军到上海会见周恩来将军，但结果并不理想。,topic,马歇尔调处与民盟,周恩来; 马歇尔; 司徒雷登,马歇尔调处; 民盟,中国民主同盟; 青年党,南京; 上海,55
762,1946,"October 10, 1946",围绕政协决议和政府改组的调处,马歇尔使团文件，Lot 54–D270：电报 [文件175] 马歇尔将军致杜鲁门总统 39 [南京，]1946年10月10日。 此外，讨论不应受限制，并且尚未对委员长10月2日的来函作出答复，因为中共一直希望马歇尔将军和司徒雷登博士能提供一些澄清局势的消息，最后表示，最新提议暗示局势没有太大变化。,topic,马歇尔调处与民盟,周恩来; 马歇尔; 司徒雷登; 蒋介石,政协; 马歇尔调处; 民盟,中国民主同盟; 国民政府; 国民党; 中国共产党; 青年党; 政治协商会议; 行政院; 国民大会,南京; 上海; 满洲,70
763,1946,"October 10, 1946",General Marshall to President Truman,马歇尔 注39：副本由陆军部于10月11日转送代理国务卿。,topic,马歇尔调处与民盟,马歇尔,马歇尔调处,中国共产党; 美国国务院,,45
764,1946,"October 13, 1946","Minutes of Meeting Between General Marshall and Dr. Stuart at No. 5 Ning Hai Road, Nanking, October 13, 1946, 3 p.m.",马歇尔使团档案，Lot 54-D270〔文件181〕马歇尔将军与司徒雷登博士会谈纪要，南京宁海路5号，1946年10月13日下午3时。 司徒雷登博士在会谈开始时告知马歇尔将军，他刚同民盟成员梁漱溟先生谈过。,topic,马歇尔调处与民盟,梁漱溟; 马歇尔; 司徒雷登; 蒋介石,马歇尔调处; 民盟,中国民主同盟; 国民政府; 中国共产党; 青年党; 国民大会,南京; 上海,55
765,1946,"October 15, 1946",围绕政协决议和政府改组的调处,〕 先生：谨提及我10月9日第182号公函，并简要报告马歇尔将军已详细报告过的我们调停努力的最新发展。 马歇尔将军前往上海会见周恩来将军，就其直接目的而言并无成果；但此举确使公众看到，他愿意在劝说努力中不惜走到任何程度。,topic,马歇尔调处与民盟,周恩来; 马歇尔; 司徒雷登,政协; 马歇尔调处; 民盟,中国民主同盟; 中国共产党; 政治协商会议; 美国国务院; 国民大会,南京; 上海,50
766,1946,"October 15, 1946","Notes of Conference Between General Marshall and General C. P. Lee at General Marshall’s Residence, Nanking, October 15, 1946, 11:15 a.m.",马歇尔使团档案，Lot 54-D270〔文件190〕马歇尔将军与 C. 李将军会谈记录，南京马歇尔将军寓所，1946年10月15日上午11时15分。,topic,马歇尔调处与民盟,梁漱溟; 马歇尔; 司徒雷登; 蒋介石,马歇尔调处; 民盟,中国民主同盟; 中国共产党; 国民大会,南京; 上海,55
767,1946,"October 17, 1946",General Marshall to President Truman,马歇尔使团档案，第54-D270卷〔文件199〕 马歇尔将军致杜鲁门总统 〔南京，〕1946年10月17日。 总统先生： 自我10月10日第1627号电以来，司徒雷登博士频繁会见政府官员、民主同盟主要成员、中国青年党主要成员，以及著名无党派人士。,topic,马歇尔调处与民盟,周恩来; 马歇尔; 司徒雷登; 蒋介石,马歇尔调处; 民盟,中国民主同盟; 国民政府; 国民党; 中国共产党; 青年党; 美国国务院; 国民大会,南京; 上海; 满洲,55
768,1946,"October 17, 1946",北平接触与民盟人士沟通,马歇尔使团档案，第54-D270卷〔文件200〕 马歇尔将军与梁漱溟先生、叶笃义先生会谈记录 马歇尔将军寓所，南京，1946年10月17日下午4时20分。 张先生告诉他，第三方面集团成员，即无党派集团、中国青年党和民主同盟成员，今天上午开会讨论委员长的声明。,topic,马歇尔调处与民盟,梁漱溟; 张君劢; 周恩来; 马歇尔; 司徒雷登; 蒋介石,马歇尔调处; 第三方面; 北平接触; 民盟,中国民主同盟; 国民党; 中国共产党; 青年党; 民主社会党,北平; 南京; 上海,70
769,1946,"October 2, 1946",Memorandum by Generalissimo Chiang Kai-shek to General Marshall,马歇尔使团档案，Lot 54-D270［文件140］蒋介石委员长致马歇尔将军备忘录［译文］。,topic,马歇尔调处与民盟,周恩来; 马歇尔; 蒋介石,马歇尔调处,中国共产党,南京,40
770,1946,"October 2, 1946",围绕政协决议和政府改组的调处,政府原同意分配给中国共产党八席、民主同盟四席，共十二席。 中国共产党方面则要求自己十席、民主同盟四席，共十四席。,topic,马歇尔调处与民盟,马歇尔; 蒋介石,政协; 马歇尔调处; 民盟,中国民主同盟; 国民政府; 中国共产党; 政治协商会议; 国民大会,,75
771,1946,"October 2, 1946",围绕政协决议和政府改组的调处,马歇尔使团档案，第54-D270卷〔文件172〕 周恩来将军致马歇尔将军备忘录 上海，1946年10月9日。 亲爱的马歇尔将军： 你1946年10月2日的 OSE 479 号备忘录已经收到。,topic,马歇尔调处与民盟,周恩来; 马歇尔; 司徒雷登; 蒋介石,政协; 马歇尔调处; 民盟,中国民主同盟; 中国共产党; 政治协商会议; 行政院; 国民大会,上海; 满洲,70
772,1946,"October 2, 1946",围绕政协决议和政府改组的调处,如果相反，政府当局只是空谈政治解决和执行政协决议，实际上却把一切导向军事解决和推翻政协决议，甚至不惜诉诸内战和独裁来强迫全国分裂，那么中国共产党将感到自己被迫进行坚决反对，直至最后。,topic,马歇尔调处与民盟,周恩来; 马歇尔,政协; 马歇尔调处,中国共产党; 政治协商会议,,60
773,1946,"October 20, 1946",第三方面在国共之间寻求政治空间,马歇尔使团档案，Lot 54-D270［文件205］马歇尔将军与王世杰博士会谈纪要，南京宁海路5号，1946年10月20日晚7时。 王博士开场告诉马歇尔将军，周恩来将军和第三方面成员已决定星期一返回南京。,topic,马歇尔调处与民盟,周恩来; 马歇尔; 蒋介石,马歇尔调处; 第三方面; 民盟,中国民主同盟; 中国共产党; 美国驻华使馆; 国民大会,南京; 上海; 延安; 满洲,35
774,1946,"October 22, 1946",围绕政协决议和政府改组的调处,马歇尔使团档案，第54-D270卷〔文件209〕 马歇尔将军、司徒雷登博士与第三方面成员会谈记录 大使官邸，南京，1946年10月22日上午10时45分。 出席方面：民主同盟、中国青年党、无党派人士。,topic,马歇尔调处与民盟,罗隆基; 张君劢; 周恩来; 马歇尔; 司徒雷登; 蒋介石,政协; 马歇尔调处; 第三方面; 民盟,中国民主同盟; 国民党; 中国共产党; 青年党; 政治协商会议; 国民大会,南京; 上海; 延安,80
775,1946,"October 22, 1946",第三方面在国共之间寻求政治空间,目前，中国第三方面实际上是在双方之间充当中介，把一方意见传给另一方，再设法找出局势中可能为另一方接受的方面。 这正是中国第三方面需要美国调解人帮助之处。,topic,马歇尔调处与民盟,马歇尔; 司徒雷登,马歇尔调处; 第三方面,中国共产党,南京,45
776,1946,"October 22, 1946",Counterproposals by the Chinese Communist Party,"Marshall Mission Files, Lot 54–D270 [Document 212] Counterproposals by the Chinese Communist Party [ Nanking ,] October 22, 1946. I. Political II. Military",topic,马歇尔调处与民盟,马歇尔,马歇尔调处,中国共产党,南京,0
777,1946,"October 25, 1946",围绕政协决议和政府改组的调处,马歇尔使团档案，Lot 54-D270 [文件218] 马歇尔将军、司徒雷登博士、缪云台先生、曾琦先生、罗隆基博士和李先生在南京美国大使馆会谈纪要，1946年10月25日上午10时45分。 罗博士开会时说，第三方面集团现在已经取得政府方面（来自孙科博士和王世杰博士）对共产党就政府八项建议所提出七个政治要点或问题的反应。,topic,马歇尔调处与民盟,罗隆基; 周恩来; 马歇尔; 司徒雷登; 蒋介石,政协; 马歇尔调处; 第三方面; 民盟,中国民主同盟; 国民党; 中国共产党; 政治协商会议; 美国驻华使馆; 行政院; 国民大会,南京; 满洲,80
778,1946,"October 25, 1946",第三方面在国共之间寻求政治空间,罗隆基博士随后询问马歇尔将军，委员长何时返回南京。 马歇尔将军说，他前一天已同陈诚将军谈过此事，并且相当确信委员长会按原定计划在星期六或星期日返回。,topic,马歇尔调处与民盟,罗隆基; 周恩来; 马歇尔; 司徒雷登; 蒋介石,马歇尔调处; 第三方面,中国共产党; 青年党; 美国驻华使馆,南京,55
779,1946,"October 26, 1946",第三方面在国共之间寻求政治空间,马歇尔使团档案，Lot 54-D270〔文件222〕 马歇尔将军致杜鲁门总统 〔南京〕1946年10月26日。 总统先生：自我10月17日第1663号电以来，由民主同盟、中国青年党和政治上活跃的无党派人士组成的所谓第三方面集团，已派出一个重要代表团到南京，充当谈判中介。,topic,马歇尔调处与民盟,周恩来; 马歇尔; 司徒雷登; 蒋介石,马歇尔调处; 第三方面; 民盟,中国民主同盟; 中国共产党; 青年党; 国民大会,南京; 上海,55
780,1946,"October 26, 1946",第三方面在国共之间寻求政治空间,司徒雷登博士和我本周实际上避开谈判，努力把第三方面和孙科博士推到公众前台。 与此同时，第三方面成员一直向我们报告并同我们磋商。,topic,马歇尔调处与民盟,周恩来; 马歇尔; 司徒雷登; 蒋介石,马歇尔调处; 第三方面,中国共产党,南京; 延安; 满洲,45
781,1946,"October 26, 1946",General Marshall to President Truman,马歇尔。 22 根据马歇尔将军发给陆军部电报所作插入。,topic,马歇尔调处与民盟,马歇尔; 司徒雷登; 蒋介石,马歇尔调处,美国国务院,上海,45
782,1946,"October 27, 1946",第三方面在国共之间寻求政治空间,马歇尔使团档案，Lot 54-D270［文件224］马歇尔将军与三名第三方面代表罗隆基、缪云台、李璜会谈纪要，南京宁海路5号，1946年10月27日下午5时20分。 罗隆基先生告诉马歇尔将军，由于国民党军队最近攻占安东，第三方面的谈判目前正面临危机。,topic,马歇尔调处与民盟,罗隆基; 周恩来; 马歇尔; 蒋介石,马歇尔调处; 第三方面,国民党; 中国共产党,南京; 上海; 延安,10
783,1946,"October 27, 1946",围绕政协决议和政府改组的调处,罗隆基先生问马歇尔将军如何看待这三条。 三、政协五项决议按照政协规定程序执行。,topic,马歇尔调处与民盟,罗隆基; 马歇尔; 蒋介石,政协; 马歇尔调处; 第三方面,中国共产党; 政治协商会议; 国民大会,南京; 满洲,30
784,1947,"October 27, 1947",The Ambassador in China (Stuart) to the Secretary of State,最近政府报刊对民主同盟的攻击加剧，已使民盟领导人确信，彻底镇压民盟已迫在眉睫（使馆10月22日第1064号函）。 民主同盟把这解释为针对自己的措施，并预期11月1日起将出现一波逮捕。,topic,马歇尔调处与民盟,罗隆基; 司徒雷登; 蒋介石,民盟,中国民主同盟; 国民党; 中国共产党; 美国国务院; 行政院,南京; 满洲,65
785,1946,"October 28, 1946",第三方面在国共之间寻求政治空间,马歇尔使团档案，Lot 54-D270〔文件225〕马歇尔将军、张君劢先生、罗隆基博士会谈记录，南京宁海路5号，1946年10月28日上午10时30分。 张君劢先生谈到昨日下午罗隆基先生参加的会议时说，他认为第三方面取得共产党参加国民大会代表名单，并将其提交政府，是最重要的事情。,topic,马歇尔调处与民盟,罗隆基; 张君劢; 马歇尔; 司徒雷登; 蒋介石,马歇尔调处; 第三方面,中国共产党; 行政院; 国民大会,南京; 满洲,50
786,1946,"October 28, 1946",围绕政协决议和政府改组的调处,罗隆基博士强调，共产党主要希望按照政协程序执行政协决议，并保护政协决议，不允许作出不能接受的修改。 马歇尔将军强调，这正是他昨天谈到的问题，即程序。,topic,马歇尔调处与民盟,罗隆基; 张君劢; 马歇尔; 蒋介石,政协; 马歇尔调处; 第三方面; 联合政府; 民盟,中国民主同盟; 国民政府; 国民党; 中国共产党; 政治协商会议; 行政院; 国民大会,南京; 上海; 满洲,85
787,1946,"October 29, 1946",围绕政协决议和政府改组的调处,"马歇尔任务档案,第54–D270号[第226号文件] 关于马歇尔将军和司徒雷登博士在美国大使馆会面的说明,南京,1946年10月29日,上午10时45分,南京,1946年10月29日,上午10时45分,司徒雷登博士报告说,第三方面集团向将军递交了下列提案:""第三方面集团提案和平是中央政府的一贯目标,停止敌对行动一直是它的希望. 全国的地方行政工作,应当由改组后的国务院根据政协及和平重建决议安排.",topic,马歇尔调处与民盟,罗隆基; 梁漱溟; 黄炎培; 章伯钧; 张君劢; 周恩来; 马歇尔; 司徒雷登,政协; 马歇尔调处; 第三方面,国民党; 中国共产党; 政治协商会议; 美国国务院; 美国驻华使馆; 行政院; 国民大会,南京; 上海; 满洲,25
788,1946,"October 3, 1946","Notes on Meeting Between General Marshall and Dr. Stuart at No. 5 Ning Hai Road, Nanking, October 3, 1946, 10 a.m.",马歇尔使团档案，Lot 54-D270〔文件142〕 马歇尔将军与司徒雷登博士会谈记录 南京，宁海路5号，1946年10月3日上午10时。 他还想知道，马歇尔将军是否已就当前局势作出任何可以转告王先生的决定。,topic,马歇尔调处与民盟,马歇尔; 司徒雷登,马歇尔调处,,南京,40
789,1946,"October 3, 1946","Notes on Meeting Between General Marshall and Dr. Stuart at No. 5 Ning Hai Road, Nanking, October 3, 1946, 10 a.m.",马歇尔将军告知司徒雷登博士，自今晨收到司徒雷登博士的信息以来，他一直在考虑究竟应告诉王炳南先生什么。 马歇尔将军认为，政府已经利用美国调停为自己谋利，而且只要他允许政府这样蒙混过去，政府就会继续把美国调停作为其军事行动的遮盖。,topic,马歇尔调处与民盟,周恩来; 马歇尔; 司徒雷登; 蒋介石,马歇尔调处; 民盟,中国民主同盟; 中国共产党; 国民大会,南京; 上海,60
790,1946,"October 30, 1946",第三方面在国共之间寻求政治空间,孙科在此亦指出，政府希望将'五五宪草'视为正式草案，因为政治协商会议宪草审议委员会没有足够时间制定出各方均能接受的政协宪草最终版本。 孙科称，根据政协决议，应先改组国务委员会，随后再调整行政院。,topic,马歇尔调处与民盟,罗隆基; 司徒雷登,政协; 马歇尔调处; 第三方面; 民盟,中国民主同盟; 国民政府; 国民党; 中国共产党; 政治协商会议; 美国国务院; 行政院; 国民大会,南京; 满洲,40
791,1946,"October 5, 1946",The Ambassador in China (Stuart) to the Secretary of State,3月期间，官方新闻发布和中文报刊关于政协协议的社论讨论曾暗示，政府可能依据政协条款主张由其提名国务委员会全体成员；该条款称，“国务委员会将由国民政府主席从国民党员及非国民党人士中遴选。 这项协议也许更适合称为一种“谅解”，同政协协议中一节相一致；该节称，“国民政府主席任命国务委员，将根据有关各党提名办理。,topic,马歇尔调处与民盟,周恩来; 司徒雷登; 蒋介石,政协; 马歇尔调处; 民盟,中国民主同盟; 国民政府; 国民党; 中国共产党; 青年党; 政治协商会议; 美国国务院,南京,70
792,1946,"October 5, 1946",围绕政协决议和政府改组的调处,马歇尔使团档案，Lot 54-D270［文件153］马歇尔将军与司徒雷登博士会谈记录，南京宁海路5号，1946年10月5日下午6时10分。 关于第一点，即国务委员会席位问题，周恩来将军认为，共产党和民主同盟两党原本有权合计取得14名委员，两党之间如何安排应由他们自己决定。,topic,马歇尔调处与民盟,周恩来; 马歇尔; 司徒雷登; 蒋介石,政协; 马歇尔调处; 民盟,中国民主同盟; 中国共产党; 政治协商会议; 国民大会,南京; 延安,70
793,1946,"October 7, 1946",The Ambassador in China (Stuart) to the Secretary of State,“关于10月2日政府声明所称两项‘最大让步’，共产党发言人陈家康认为，它们根本不是让步，而是又一项违反政协决议的不合理要求。 政协期间，国民党和共产党之间已有一项谅解，即国民政府委员会中略多于三分之一票数，也就是40席中的14席，应给予共产党和民主同盟，以确保政协和平建国纲领在国民政府委员会事务中不被侵犯。,topic,马歇尔调处与民盟,司徒雷登,政协; 马歇尔调处; 民盟,中国民主同盟; 国民政府; 国民党; 中国共产党; 政治协商会议; 美国国务院,南京; 上海; 满洲,70
794,1946,"October 9, 1946","Minutes of Meeting Between General Marshall and General Chou En-lai at General Gillem’s Residence, Shanghai, October 9, 1946, 11:30 a.m.",马歇尔使团档案，Lot 54-D270［文件170］马歇尔将军与周恩来将军会谈纪要，上海吉勒姆将军寓所，1946年10月9日上午11时30分。 马歇尔将军：我安排以这种方式同你会面，是为了避免任何公开宣传。,topic,马歇尔调处与民盟,周恩来; 马歇尔; 司徒雷登; 蒋介石,马歇尔调处,中国共产党,上海,40
795,1946,"October 9, 1946",围绕政协决议和政府改组的调处,第一点规定，国府委员会若干席位分配给共产党和民主同盟，但这同在国府委员会中拥有略多于三分之一票数的要求并不相容。 同时，把一名无党派成员计入这些席位，也不符合政协决议。,topic,马歇尔调处与民盟,周恩来; 马歇尔; 司徒雷登; 蒋介石,政协; 马歇尔调处; 民盟,中国民主同盟; 国民党; 中国共产党; 政治协商会议; 国民大会,上海,75
796,1946,"October 9, 1946",北平接触与民盟人士沟通,委员长提出关于国务委员会若干席位的建议，看起来非常荒唐，无法获得民盟同意。 这一点已由新闻界和北平政府军事领导人承认。,topic,马歇尔调处与民盟,周恩来; 马歇尔; 司徒雷登; 蒋介石,马歇尔调处; 北平接触; 民盟,中国民主同盟; 国民党; 中国共产党,北平; 南京; 上海; 延安; 满洲,75
797,1946,"October 9, 1946",围绕政协决议和政府改组的调处,同日下午，彭先生发表声明，委员长随即向马歇尔将军送交备忘录，其中避开了回答进攻张家口的问题。 如果有十天喘息，委员长便可利用这段时间通过海路和空运把部队调往北平、天津地区；至少，他可以运去大量武器弹药。,topic,马歇尔调处与民盟,周恩来; 马歇尔; 司徒雷登; 蒋介石,政协; 马歇尔调处; 北平接触; 民盟,中国民主同盟; 国民政府; 国民党; 中国共产党; 政治协商会议; 行政院; 国民大会,北平; 上海; 满洲; 天津,75
798,1946,"October 9, 1946",围绕政协决议和政府改组的调处,更简要地说，可以这样表述：为避免全国性分裂，应无限期停止对张家口的进攻，以便召开三人小组、非正式五人小组和政治协商会议指导委员会，讨论停战以及政协决议的实施。 马歇尔将军：我会把这份八点清单交给政府，但我建议你自己向政府作出正式答复。,topic,马歇尔调处与民盟,周恩来; 马歇尔; 司徒雷登; 蒋介石,政协; 马歇尔调处; 北平接触,国民政府; 国民党; 中国共产党; 政治协商会议,北平; 南京; 上海,60
799,1946,"October 9, 1946",围绕政协决议和政府改组的调处,"兹将第二问及答复列于下： 问：是否如中央通讯社所称，国民党确实毫无保留地批准了政协决议？我们已了解政协决议在中央执行委员会（CEC，注23）内遭到强烈反对，但希望了解中共方面所谓""国民党的批准是有保留的""这一指控所依据的事实，并请尽力查明此种保留属何性质——是公开的还是隐秘的。 答：尽管国民党中央执行委员会在其二中全会（注24）休会后于3月16日发表的宣言中承诺国民党将""全力实现""政协协议，但非国",topic,马歇尔调处与民盟,马歇尔; 司徒雷登; 蒋介石,政协; 马歇尔调处; 民盟,中国民主同盟; 国民党; 中国共产党; 政治协商会议; 美国国务院; 行政院; 国民大会,南京; 重庆; 满洲; 成都,70
800,1946,"September 11, 1946","Minutes of Meeting Between General Marshall and General Chou En-lai at No. 5 Ning Hai Road, Nanking, September 11, 1946, 10:35 a.m.",马歇尔使团档案，Lot 54-D270〔文件83〕马歇尔将军与周恩来将军会谈纪要，南京宁海路5号，1946年9月11日上午10时35分。 你还有什么要补充的吗？ 马歇尔将军：目前我想不到有什么。,topic,马歇尔调处与民盟,周恩来; 马歇尔; 蒋介石,马歇尔调处,中国共产党,南京; 满洲,40
801,1946,"September 11, 1946","Minutes of Meeting Between General Marshall and General Chou En-lai at No. 5 Ning Hai Road, Nanking, September 11, 1946, 10:35 a.m.",你还应明白，在导致这项声明的全部过程中，我一直在努力寻找结束敌对行动的办法，换言之，寻找达成协议的基础。我费了很大力气才说服蒋介石推进司徒雷登小组立即组成国务委员会的方案。做到这一点后，我最近又遭遇或被困扰于一种指责，即共产党并不愿意这样做。因此，我不得不反驳这种论点。 你已经向我解释了你为何对推进司徒雷登小组有所犹豫，我也了解你的理由。但事实仍然是，在我努力寻找结束敌对行动基础的过程中，你们的这,topic,马歇尔调处与民盟,周恩来; 马歇尔; 司徒雷登; 蒋介石,马歇尔调处,中国共产党,南京,45
802,1946,"September 11, 1946",围绕政协决议和政府改组的调处,马歇尔将军：这几乎就是他所说的原话，我自己也不太理解。 马歇尔将军：据我理解，你又回到了6月30日的僵局，而我一直试图打破这个僵局。,topic,马歇尔调处与民盟,周恩来; 马歇尔; 司徒雷登; 蒋介石,政协; 马歇尔调处; 北平接触; 民盟,中国民主同盟; 国民党; 中国共产党; 政治协商会议; 行政院; 国民大会,北平; 南京; 上海; 延安; 满洲,75
803,1946,"September 12, 1946",围绕政协决议和政府改组的调处,马歇尔使团档案，Lot 54-D270［文件86］马歇尔将军与司徒雷登博士会谈纪要，南京宁海路5号，1946年9月12日晚7时。 司徒雷登博士说，他此次来访的目的，是向马歇尔将军通报当天午后同周将军会谈的结果。,topic,马歇尔调处与民盟,罗隆基; 周恩来; 马歇尔; 司徒雷登; 蒋介石,政协; 马歇尔调处,中国共产党; 政治协商会议; 行政院,南京,25
804,1949,"September 14, 1949",围绕政协决议和政府改组的调处,00/9-1449［文件1463］驻北平总领事柯乐博致国务卿。 北平，1949年9月14日。,topic,马歇尔调处与民盟,马歇尔; 司徒雷登; 蒋介石,政协; 马歇尔调处; 北平接触; 联合政府; 民盟,中国民主同盟; 国民党; 中国共产党; 政治协商会议; 美国国务院; 美国驻北平总领事馆; 国民大会,北平,70
805,1946,"September 18, 1946","Minutes of Meeting Between General Marshall and General C. P. Lee at No. 5 Ning Hai Road, Nanking, September 18, 1946, Noon",马歇尔使团档案，Lot 54-D270［文件97］马歇尔将军与 C. 马歇尔将军说，他不十分理解共产党为什么拖延司徒雷登博士小组的工作。,topic,马歇尔调处与民盟,周恩来; 马歇尔; 司徒雷登; 蒋介石,马歇尔调处; 联合政府; 民盟,中国民主同盟; 中国共产党; 青年党,南京; 满洲,55
806,1946,"September 18, 1946","Minutes of Meeting Between General Marshall and General C. P. Lee at No. 5 Ning Hai Road, Nanking, September 18, 1946, Noon",随后，李振翩将军向马歇尔将军提交一份备忘录，建议设立一个委员会，讨论和平谈判成功或失败所需的准备工作。 马歇尔将军评论说，如果能组织一批无党派人士来讨论备忘录中的各项要点，会更好。,topic,马歇尔调处与民盟,马歇尔; 司徒雷登,马歇尔调处; 民盟,中国民主同盟; 中国共产党,南京; 满洲,60
807,1946,"September 19, 1946",围绕政协决议和政府改组的调处,该译文的副本，只有细微差异，最近已送交南京的马歇尔将军和司徒雷登大使。 民主同盟、第三党和其他小党派代表以及无党派成员完成了宪法草案；随附文件即为该草案译文。,topic,马歇尔调处与民盟,马歇尔; 司徒雷登,政协; 马歇尔调处; 第三方面; 民盟,中国民主同盟; 国民党; 中国共产党; 政治协商会议; 美国国务院; 美国驻上海总领事馆; 行政院; 国民大会,南京; 上海,50
808,1946,"September 20, 1946","Notes on Meeting Between General Marshall and Dr. Stuart at No. 5 Ning Hai Road, Nanking, September 20, 1946, 10:45 a.m.",马歇尔使团档案，Lot 54–D270 [文件105] 马歇尔将军与司徒雷登博士会谈纪要 地点：南京宁海路5号 时间：1946年9月20日上午10时45分 马歇尔将军向司徒雷登博士展示了一份备忘录副本（OSE 446 80），该备忘录是他应王炳南先生请求，就周恩来将军关于早日召开三人小组会议的备忘录所撰写的书面答复。 马歇尔将军表示，他只能猜测王先生的具体意图，尽管他怀疑对方可能意在用于新闻发布，,topic,马歇尔调处与民盟,周恩来; 马歇尔; 司徒雷登,马歇尔调处,中国共产党,南京,20
809,1946,"September 20, 1946","Notes on Meeting Between General Marshall and Dr. Stuart at No. 5 Ning Hai Road, Nanking, September 20, 1946, 10:45 a.m.",司徒雷登博士告诉马歇尔将军，周恩来将军在上海发表新闻稿，称如果三人委员会不召开，他将公布过去各次会议纪要。 马歇尔将军说，他认为，如果这一行动发生，那将是周将军试图把谈判失败责任归咎于政府。,topic,马歇尔调处与民盟,张君劢; 周恩来; 马歇尔; 司徒雷登,马歇尔调处; 民盟,中国民主同盟; 国民党; 中国共产党,南京; 上海,40
810,1946,"September 22, 1946","Notes on Meeting Between General Marshall and Mr. “Wang Ping-nan at General Marshall’s Residence, Nanking, September 22, 1946, 9:45 a.m.",马歇尔使团档案，Lot 54-D270〔文件108〕 马歇尔将军与王炳南先生会谈记录 南京，马歇尔将军官邸，1946年9月22日上午9时45分。 王炳南先生带来周恩来将军致马歇尔将军的一份备忘录；该备忘录今天上午刚收到，并附有立即送交的指示。,topic,马歇尔调处与民盟,周恩来; 马歇尔,马歇尔调处,,南京,20
811,1946,"September 22, 1946","Notes on Meeting Between General Marshall and Mr. “Wang Ping-nan at General Marshall’s Residence, Nanking, September 22, 1946, 9:45 a.m.","马歇尔将军答复说,三者委员会会议的筹备通常涉及与政府和共产党代表进行个别讨论,以确保达成协议的合理可能性。 目前,马歇尔将军看不出达成这种协议的可能性。",topic,马歇尔调处与民盟,周恩来; 马歇尔; 司徒雷登; 蒋介石,马歇尔调处; 民盟,中国民主同盟; 中国共产党; 美国国务院,南京,40
812,1946,"September 23, 1946",General Marshall to President Truman,马歇尔使团档案，第54-D270卷：电报〔文件109〕 马歇尔将军致杜鲁门总统 〔南京，〕1946年9月23日。 民主同盟一直同共产党结盟；其拟派代表加上共产党人在国民政府委员会中可能构成否决力量。,topic,马歇尔调处与民盟,周恩来; 马歇尔; 司徒雷登; 蒋介石,马歇尔调处; 民盟,中国民主同盟; 国民政府; 中国共产党; 美国国务院; 国民大会,南京; 上海; 牯岭,55
813,1946,"September 23, 1946",General Marshall to President Truman,马歇尔 注86：副本由陆军部于9月24日转送副国务卿。,topic,马歇尔调处与民盟,马歇尔; 司徒雷登,马歇尔调处,美国国务院,,45
814,1946,"September 23, 1946","Minutes of Meeting Between General Marshall and General Yu Ta-wei at No. 5 Ning Hai Road, Nanking, September 23, 1946, 10 a.m.",马歇尔使团档案，Lot 54-D270［文件110］马歇尔将军与俞大维将军会谈纪要，南京宁海路5号，1946年9月23日上午10时。 俞大维将军开场问马歇尔将军，他认为共产党阻止五人委员会开会的目的是什么。,topic,马歇尔调处与民盟,周恩来; 马歇尔; 蒋介石,马歇尔调处; 民盟,中国民主同盟; 国民政府; 中国共产党,南京; 延安,35
815,1946,"September 29, 1946",The Ambassador in China (Stuart) to the Secretary of State,这封信是邀请周恩来返回南京，实际上也由马歇尔将军签署。 王补充说，如进行政府改组，共产党和民主同盟应在国务委员会中至少取得十四席，以确保否决权。,topic,马歇尔调处与民盟,周恩来; 马歇尔; 司徒雷登,马歇尔调处; 民盟,中国民主同盟; 中国共产党; 美国国务院,南京; 上海,35
816,1946,1946,第三方面在国共之间寻求政治空间,” 第三方面发言人批评他们所称“违反政协决议和程序”的做法，并列举如下：（1）委员长提出为少数党派保留国民大会席位；（2）尚未完成的宪法草案将提交国民大会，这违反了政协程序；该程序要求完成后的草案先提交讨论并获得通过；（3）宪法本身应规定其修正办法。 民主同盟发言人罗隆基说：“声明谈到六个月后修改宪法。,topic,第三方面与中间路线,罗隆基; 司徒雷登; 蒋介石,政协; 马歇尔调处; 第三方面; 民盟,中国民主同盟; 国民政府; 国民党; 中国共产党; 政治协商会议; 美国国务院; 国民大会,南京,80
817,1946,1946 (undated),北平接触与民盟人士沟通,马歇尔使团档案，Lot 54-D270〔文件37〕 中华民国临时政府组织章程 未注明日期 第一条。 委员中九名由总统根据国民党提名任命，六名根据共产党提名任命，一名根据民主同盟提名任命，一名根据青年党提名任命，三名由总统从共和国无党籍杰出公民中自行任命。,topic,第三方面与中间路线,马歇尔; 蒋介石,马歇尔调处; 北平接触; 民盟,中国民主同盟; 国民政府; 国民党; 中国共产党; 青年党; 国民大会,北平; 天津,70
818,1946,1946-01-11,第三方面在国共之间寻求政治空间,** **希腊组建联合政府** 会议——即政治协商会议——的主要任务将是试图调和两大主要政党——中国国民党与中国共产党——之间的分歧，并解决其他重大的国家问题。 会议共有38名代表，其中包括：国民党代表八名，共产党代表七名，青年党代表五名，中国民主同盟代表九名，以及无党派社会贤达九名。,topic,第三方面与中间路线,罗隆基; 张澜; 梁漱溟; 沈钧儒; 黄炎培; 章伯钧; 张君劢; 张东荪,政协; 第三方面; 联合政府; 民盟,中国民主同盟; 国民党; 中国共产党; 青年党; 政治协商会议,重庆; 延安,65
819,1946,1946-10-22,第三方面在国共之间寻求政治空间,国民党与中共条件差距过大 第三方面调解人认为，目前国民政府与中共的条件差距过大，担心在此基础上的谈判将毫无希望且旷日持久。 第三方面成员在赴南京前拟定了四项原则，要求：（1）下达停火令；（2）各战线就地停止敌对行动；（3）由政治协商会议成员组成停战小组，监督并安排停火；（4）政府改组问题原则上解决后，所有党派共同参与。,topic,第三方面与中间路线,,政协; 马歇尔调处; 第三方面,国民政府; 国民党; 中国共产党; 政治协商会议,南京; 香港,40
820,1946,1946-10-30,北平接触与民盟人士沟通,北平执行部国民党方面参谋长戴文池将军否认了上海所刊报道，该报道称杜聿明将军所部已发起对大连的攻势。 他们指出，若国民党方面已发动针对大连的攻势，则位于鞍山的执行部战地小组——该小组是距离大连最近的此类机构——理应已向北平总部报告。,topic,第三方面与中间路线,马歇尔; 蒋介石,马歇尔调处; 第三方面; 北平接触,国民政府; 国民党; 中国共产党; 国民大会,北平; 南京; 上海; 香港; 延安; 满洲,40
821,1946,1946-11-12,围绕政协决议和政府改组的调处,马歇尔使团档案，Lot 54-D270〔文件271〕 哈特·考吉上校致马歇尔将军 〔南京〕1946年11月12日。 由张君劢博士领导的民主同盟一组，以及由黄炎培先生领导的一组，大概也会参加；其想法是，他们将以个人身份签名，而不是代表民主同盟。,topic,第三方面与中间路线,黄炎培; 张君劢; 周恩来; 马歇尔; 司徒雷登; 蒋介石,政协; 马歇尔调处; 民盟,中国民主同盟; 中国共产党; 青年党; 政治协商会议; 国民大会,南京; 延安,70
822,1946,1946-11-26,北平接触与民盟人士沟通,据可靠消息来源称，中华全国总工会主席朱学范……在国际劳工组织会议上的报告……严重受伤……朱先生于周日遭遇交通事故，身受重伤……该代表团目前正在上海，迄今已访问了九个重要城市，包括天津…… **（合众社）** 北平，11月25日电。 ……从满洲撤回的执行总部战地小组乘坐12架飞机抵达北平。,topic,第三方面与中间路线,罗隆基; 张君劢,第三方面; 北平接触; 民盟,中国民主同盟; 国民党; 中国共产党; 民主社会党; 国民大会,北平; 南京; 上海; 延安; 满洲; 天津; 华盛顿,65
823,1946,1946/10/24 ~ 1946/10/24,第三方面在国共之间寻求政治空间,皮宗敢电周宏涛转蒋中正闻中共与第三方面商谈政治方面中共民盟必争取府委十四席等七点及军事方面军队驻地与地方政权问题之解决等三点,topic,第三方面与中间路线,,第三方面; 民盟,中国民主同盟; 中国共产党,,20
824,1946,1946/10/24 ~ 1946/10/24,第三方面在国共之间寻求政治空间,皮宗敢电周宏涛转蒋中正据傅泾波告生第三方面向彼称中共与第三方面商谈内容为中共民盟争取府委十四席与国大增额等七项及军队驻地与地方政权问题解决等三项,topic,第三方面与中间路线,,第三方面; 民盟,中国民主同盟; 中国共产党,,20
825,1946,1946/10/25 ~ 1946/10/25,第三方面在国共之间寻求政治空间,皮宗敢电周宏涛转蒋中正闻马歇尔司徒雷登接见罗隆基等提出第三方面应注意政府改组及国大诸问题与整军方案暨中共愿接受钧座所提八原则等谈话内容,topic,第三方面与中间路线,罗隆基; 马歇尔; 司徒雷登,马歇尔调处; 第三方面,中国共产党,,15
826,1946,1946/10/25 ~ 1946/10/25,第三方面在国共之间寻求政治空间,皮宗敢电周宏涛转蒋中正晤司徒雷登谓今日马与司徒接见第三方面罗隆基李璜等谓现阶段应集中讨论实行整军方案办法及罗等称中共有接受八项原则之可能等,topic,第三方面与中间路线,罗隆基; 司徒雷登,第三方面,中国共产党,,15
827,1946,1946/10/31 ~ 1946/10/31,第三方面在国共之间寻求政治空间,蒋中正接孙科吴铁城等呈第三方面主张由政府中共等武方面各推二人举行非正式事综合商谈之建议及接陈布雷报告与第三方面人士会谈情形黄炎培梁漱溟等之表示似尚欲政府再作让步行政院即随同国…,topic,第三方面与中间路线,梁漱溟; 黄炎培,第三方面,中国共产党; 行政院,,5
828,1947,1947-01-28,第三方面在国共之间寻求政治空间,**情报报告** 编号：6371 国家：中国 日期：1947年1月28日 主题：政治情报：华南民主同盟反美活动，香港 页数：1 附件：无 副本：J. Pappary）副本 以香港为活动基地的华南民主同盟总部，已加入要求美国军队撤出中国的呼声行列。,topic,第三方面与中间路线,,第三方面; 民盟,中国民主同盟; 中国共产党,上海; 香港,60
829,1947,1947-04-14,第三方面在国共之间寻求政治空间,抱歉，您提供的文本片段内容较为杂乱，包含大量OCR识别错误、无关广告、残缺字符以及与中国近代史（尤其是中国民主同盟）无关的新闻（如英国工党、巴拉圭局势、美国政治人物华莱士的言论等）。 根据您设定的任务要求，我需专注于翻译1946-1947年香港英文报纸中关于中国政情及中国民主同盟的报道。,topic,第三方面与中间路线,,第三方面; 民盟,中国民主同盟,香港,40
830,1947,1947-06-05,第三方面在国共之间寻求政治空间,**政府行动挫败中共“精心策划的危险阴谋”** 南京，6月3日（中央社电）——国民政府新闻局局长董显光博士今日宣称，当局于6月2日采取果断行动，挫败了中共一个“精心策划的危险阴谋”。 董显光指出：“第三，地方当局迅速采取行动，清除了中共特务及其知情或不知情的合作者。” 英国自由党议会领袖克莱门特·戴维斯先生表示，时间所剩无几，应尽快采取相应措施。 其他中国方面的报道承认，中共以五个师的兵力进攻上述,topic,第三方面与中间路线,蒋介石,第三方面,国民政府; 中国共产党,南京; 沈阳,25
831,1947,1947-06-19,北平接触与民盟人士沟通,**（本报特派记者）北平，6月18日电** 冀东地区已持续一周的共军攻势，在国民党军有效反制措施面前正显颓势。 蒋介石委员长北平行辕参谋长王鸿韶将军今日表示，此次共军行动——与共军在满洲的攻势同步——旨在扩大其控制区域，以便与从鲁北撤退的共军部队会合。,topic,第三方面与中间路线,蒋介石,第三方面; 北平接触,国民党; 中国共产党,北平; 南京; 满洲; 天津,40
832,1947,1947-07-19,第三方面在国共之间寻求政治空间,"Page Two _ Thivteen, Bion. Dollar - Appro- "" pialion’, : Pave Three Communist Deputies State Council frate, age Four. Shipnitiye D Disauter, Page Pive' Can't Afford Decision, Page Sie > Lending, ‘Arti",topic,第三方面与中间路线,,第三方面; 联合政府,,香港,5
833,1947,1947-07-26,第三方面在国共之间寻求政治空间,去年三月底至四月初，中国民主同盟介入调处，提议在满洲建立民主联合政府。 中央政府反对此议，坚称必须先由国军占领满洲，方可建立联合政府。,topic,第三方面与中间路线,张君劢; 周恩来; 蒋介石,政协; 马歇尔调处; 第三方面; 联合政府; 民盟,中国民主同盟; 国民政府; 国民党; 中国共产党; 青年党; 民主社会党; 政治协商会议; 美国驻上海总领事馆; 行政院; 国民大会,南京; 重庆; 上海; 满洲,75
834,1947,1947-08-29,第三方面在国共之间寻求政治空间,**“第三方面”运动** **阵营中的不安** **“第三方面”的出现** 目前，美国国内的高就业率、高昂的农产品价格以及民众“遏制共产主义”的普遍愿望，已阻碍了任何潜在的“第三方面”运动。 而在早先“第三方面”运动曾获得力量的三个领域，情况则相反。,topic,第三方面与中间路线,,第三方面,,上海; 香港,25
835,1947,1947-11-01,围绕政协决议和政府改组的调处,1947年11月1日 中国上海霞飞路646号 美国华盛顿特区 国务院 国务卿 马歇尔先生阁下 亲爱的马歇尔先生： 我至今仍清晰记得去年和平谈判期间我们之间的密切合作。 我首先想向您强调的一点是：只要国民党不愿真正承认联合政府，那么仅仅组建一个联合政府是不够的。,topic,第三方面与中间路线,张君劢; 马歇尔,政协; 马歇尔调处; 第三方面; 联合政府; 民盟,中国民主同盟; 国民政府; 国民党; 青年党; 民主社会党; 政治协商会议; 美国国务院,上海; 华盛顿,75
836,1947,1947-12-23,第三方面在国共之间寻求政治空间,**（其他无关内容略）** ……中央政府取缔中国民主同盟等行为，以及那些严重表明缺乏明确、公正法治的行为，正是当今对保障人权与臣民自由之存在的确认。,topic,第三方面与中间路线,,第三方面; 民盟,中国民主同盟; 国民政府; 国民党; 中国共产党; 青年党,南京; 沈阳; 满洲,40
837,1947,1947-12-31,北平接触与民盟人士沟通,北平方面，共产党军队在中条山地区包围了……与此同时，共产党方面始于一周多前的第七次攻势仍在满洲地区激烈进行，他们似乎已占领了沈阳。 - 地名“Manchuria”译为“满洲”；“Peiping”译为“北平”；“Mukden”译为“沈阳”。,topic,第三方面与中间路线,,第三方面; 北平接触; 民盟,中国民主同盟; 中国共产党,北平; 香港; 沈阳; 满洲,55
838,1948,1948-01-06,北平接触与民盟人士沟通,盘踞此段铁路的共军，在遭到一支自北平南下的国民党纵队与另一支自（某地）北上的部队夹击时，向西逃窜。 据抵达上海的通常可靠的中国消息来源称，共军正在数个区域进行相当规模的调动，尤其是在长春周围以及满洲西南部北平至沈阳铁路的两侧。,topic,第三方面与中间路线,蒋介石,政协; 第三方面; 北平接触; 民盟,中国民主同盟; 国民政府; 国民党; 中国共产党; 政治协商会议; 国民大会,北平; 南京; 上海; 香港; 沈阳; 满洲,55
839,1948,1948-03-05,第三方面在国共之间寻求政治空间,"Henry Wallace's Third Party, | -The ‘board ‘announced its political objective of forming a “genuine” third party ‘aft presidential . election next ‘November. It sald Mr. Wallace represents a pelea ny ",topic,第三方面与中间路线,,第三方面,中国共产党,,5
840,1948,1948-04-23,第三方面在国共之间寻求政治空间,根据抵达此间的独立电讯报道，由彭德怀将军率领的共产党军队今日正开进延安。此前，国民政府已从这座位于陕北的前“红色首都”实施“战略性”撤退。 此间尚未获得关于此事的进一步细节。 一位发言人表示：“我们将在共产党控制区及内战地区继续开展工作。” 亲政府的电讯报道称，延安驻军的大部分正向南推进，前往六十英里外的洛川。该城在过去十一天里一直处于共产党的围困之下。 与此同时，据报在山西北部，政府军即将失去另,topic,第三方面与中间路线,,第三方面,国民政府; 中国共产党,延安,25
841,1948,1948-05-19,第三方面在国共之间寻求政治空间,**民主同盟成员提出抗议** 中国民主同盟（民盟）昨日在香港披露，该盟两位主要领导成员……（原文残缺） 上图所示为新人与他们的随从站立于国民党高级官员王龄渠先生面前，由王先生主持婚礼。 ……第三方面总统候选人致苏联总理的信函…… 一场针对所有反共、反俄分子的“残酷”清洗已通过惯常手段实施。,topic,第三方面与中间路线,,第三方面; 民盟,中国民主同盟; 国民党; 中国共产党,香港,60
842,1948,1948-07-22,第三方面在国共之间寻求政治空间,抱歉，您提供的文本内容主要是关于南斯拉夫、美国共产党、日本、法国等国际新闻的报道，并未涉及中国民主同盟或1946-1949年中国政情的相关内容。 根据您的要求，我仅负责翻译与中国民主同盟及中国近代史相关的香港英文报纸片段。,topic,第三方面与中间路线,,第三方面; 民盟,中国民主同盟; 中国共产党,香港,20
843,1948,1948-08-30,第三方面在国共之间寻求政治空间,** 希望这次，如果预言——如果罗隆基失败——作者可能会被贴上“共产党特务”的标签。 该报告声称，毛泽东、中共军队总司令朱德将军、以及洛阳前线指挥官陈赓将军，于本月初举行了一次会议，研究了将洛阳设为“民主联合政府”所在地的可行性。,topic,第三方面与中间路线,罗隆基,第三方面; 联合政府; 民盟,中国民主同盟; 国民党; 中国共产党,香港; 满洲,50
844,1948,1948-12-02,第三方面在国共之间寻求政治空间,拉铁摩尔先生预测中国将成立联合政府。 将美国在华行动与日本以往在华军事记录相提并论，中国民主同盟昨日警告美国人民注意其政府行为可能带来的后果。,topic,第三方面与中间路线,马歇尔; 蒋介石,马歇尔调处; 第三方面; 联合政府; 民盟,中国民主同盟; 国民政府; 国民党; 中国共产党; 美国驻上海总领事馆,南京; 上海,40
845,1949,1949-01-17,北平接触与民盟人士沟通,**华北和平促进会** 与此同时，在加强城墙内外防御的同时，据报道，各公共团体已自行组织成“华北人民和平促进会”，并邀请知名社会领袖及自由派人士，包括被取缔的中国民主同盟成员及各大院校校长，组成一个委员会，向共产党当局请求在华北立即停火。 ——路透社 **共产党于周六获得面粉和小麦供应** 这可能意味着在共产党威胁下的北平，粮食配给制的崩溃，除非能迅速组织起陆路供应系统，美国经济合作署中国项目主任,topic,第三方面与中间路线,张君劢; 蒋介石,马歇尔调处; 北平接触; 联合政府; 民盟,中国民主同盟; 国民党; 中国共产党; 青年党; 民主社会党,北平; 香港; 天津; 华盛顿,55
846,1949,1949-02-04,北平接触与民盟人士沟通,国民党也无力独立组织联合政府。 我们知道，前驻苏联大使颜惠庆打算来北平就上海问题的和平解决进行谈判。,topic,第三方面与中间路线,蒋介石,政协; 第三方面; 北平接触; 联合政府; 民盟,中国民主同盟; 国民党; 中国共产党; 政治协商会议,北平; 上海,75
847,1949,1949-06-03,第三方面在国共之间寻求政治空间,在广东，一位发言人今日表示，政府正严肃关注有关其他国家正在讨论承认中共的报道。 政府可能希望没有任何国家会承认中共政权，也没有任何国家集团能够就中国问题达成共同行动方针。 立法院周一拒绝批准国民党核心圈内年迈的成员居正，其资格审查委员会以决定性投票将其否决。 （中共）接受了中共提出的24项和平条件 （报道）以南京西南145英里处为例，说明如果战争继续，中共将会采取何种行动。 负责军事重组谈判的代表,topic,第三方面与中间路线,周恩来,第三方面,国民党; 中国共产党,南京; 香港,25
848,1950,1950-01-20,昆明暗杀事件引发的政治压力与外交关注,**中共决定承认越南民主共和国** 昨晚在此间收听到的北平电台广播宣布，中共政府已决定承认胡志明博士在越南的越南民主共和国（Vietminh Republic）。,topic,第三方面与中间路线,蒋介石,昆明暗杀; 第三方面; 北平接触,国民党; 中国共产党; 美国国务院,昆明; 北平; 香港; 延安; 满洲; 华盛顿,20
849,1950,1950-03-21,第三方面在国共之间寻求政治空间,抱歉，您提供的文本片段中，大部分内容（如香港强制第三者保险、比利时政局、美国海军在越南的动向、华盛顿关于美国船只被扣的声明、意大利特尔尼冲突等）与**中国近代史（1946-1949）** 或**中国民主同盟**无关，属于其他地区或时期的新闻。,topic,第三方面与中间路线,,第三方面; 联合政府; 民盟,中国民主同盟; 国民政府; 国民党; 中国共产党; 美国国务院,上海; 香港; 华盛顿,20
850,1950,1950-03-22,北平接触与民盟人士沟通,**旧金山，3月21日**——据新华社今晚广播，挪威代表芬·科伦先生已抵达北平，就两国建立外交关系事宜与中华人民共和国中央人民政府进行谈判。 科伦先生于今晨乘火车抵达中共首都，受到……（下文残缺） **旧金山，3月21日**——据北平电台今晚报道，满洲地区的中共军队目前正在思考如何在乡村或城市中“将紧张的军事训练与生产工作最佳地结合起来”。,topic,第三方面与中间路线,,第三方面; 北平接触; 民盟,中国民主同盟; 中国共产党; 美国国务院,北平; 香港; 满洲,35
851,1950,1950-03-23,第三方面在国共之间寻求政治空间,纽约，3月22日 前被蒋介石罢免中华民国代总统职务的李宗仁将军昨日对报界表示，他打算在六个月内返回中国大陆，在其家乡广西省及邻近省份统率超过五十万武装抵抗战士。 李将军称，他将无视台湾，集中精力将大陆上前国民党军队及自发抵抗团体组织成一支协同作战力量，以推翻中国共产党及蒋介石的“国民党独裁统治”。这位前代总统…… 麦卡锡参议员要求艾奇逊查明英国是否向俄国人出售了“任何会增强共产党经济实力或战争潜力,topic,第三方面与中间路线,蒋介石,第三方面,国民党; 中国共产党,上海; 香港,5
852,1950,1950-05-15,第三方面在国共之间寻求政治空间,"**（译文）** **共产党威胁，危险重重。** **舒曼计划或催生第三势力以终结冷战** 中立主义者视其为本质上终结冷战的一种手段，一种创造独立于美苏两国的国际""第三势力""的方法。 希腊政府消息人士报告称，来自保加利亚的共产党游击队袭击了边境村庄。——路透社 伦敦，5月14日。——据新华社今日引用的军方公报，中共军队在攻占海南岛的过程中，击毙或击伤国民党军5,416人，俘虏23,805人。——路",topic,第三方面与中间路线,,第三方面,国民党; 中国共产党; 美国国务院,香港,5
853,1950,1950-06-23,第三方面在国共之间寻求政治空间,**汕头港仍被列为远洋贸易禁港，直至航道确认已清理完毕。** 此举意义重大，因为香港与中共控制区之间贸易关系出现明确改善的前景令人鼓舞，而开辟殖民地与上海之间的开放航线，将是一笔可观的资产。两艘英国商船在北方的经历…… ……中共官员的处置，无疑是来自北京的指令所致。中国许多地区的经济困境、大城市日益严重的失业问题（这阻碍了宣传工作的进展与成效），以及原材料的严重短缺，近期已促使北京领导人暂停脚步，,topic,第三方面与中间路线,,第三方面,中国共产党; 美国国务院,北平; 上海; 香港,5
854,1950,1950-07-04,第三方面在国共之间寻求政治空间,根据您提供的OCR文本片段，其中包含大量与1946-1947年中国民主同盟无关的、且明显属于1950年代朝鲜战争时期的内容（如“Communist North Korea”、“President Truman”等）。 这些内容与您指定的翻译任务（1946-1949香港英文报纸对中国政情及民盟的报道）在时间、主题和背景上严重不符。,topic,第三方面与中间路线,,第三方面; 民盟,中国民主同盟; 中国共产党,北平; 香港; 沈阳,20
855,1950,1950-08-31,第三方面在国共之间寻求政治空间,抱歉，您提供的文本片段主要涉及朝鲜战争（1950年）的相关报道，而非1946-1949年香港英文报纸关于中国民主同盟的史料。 请提供符合1946-1949年时段且涉及中国政情或中国民主同盟的OCR文本片段，我将严格遵循您的术语表和格式规范进行学术级中文翻译。,topic,第三方面与中间路线,,第三方面; 民盟,中国民主同盟; 中国共产党,香港,20
856,1950,1950-09-12,第三方面在国共之间寻求政治空间,马利克先生说，这…… （注：原文包含大量与主题无关的碎片化信息，如关于南非史末资将军的冗长生平、萧伯纳手术、德国问题、希腊联合政府等，以及明显的OCR噪声和排版混乱。 根据任务要求，已忽略报纸版头、广告、栏目标识及无实质新闻意义的残缺字符块，仅提取并翻译了与“中国政情”及“中国民主同盟”可能相关的核心新闻片段。,topic,第三方面与中间路线,周恩来,马歇尔调处; 第三方面; 联合政府; 民盟,中国民主同盟; 中国共产党; 美国国务院,北平; 香港; 满洲,20
863,1946,31 January 1946,围绕政协决议和政府改组的调处,马歇尔使团档案，第54-D270卷：电报〔文件41〕 马歇尔将军致杜鲁门总统 重庆，1946年1月31日。 周将军说，共产党中央执行委员会确认了他在政协中的谈判；他们认为政府扩大本来还可以走得更远，但总体上对各项协议感到满意，因为这些协议打开了中国民主化的大门。,topic,第三方面与中间路线,周恩来; 马歇尔; 蒋介石,政协; 马歇尔调处; 民盟,中国民主同盟; 国民政府; 国民党; 中国共产党; 青年党; 政治协商会议; 行政院; 国民大会,重庆; 延安,70
864,1946,8 November 1946,围绕政协决议和政府改组的调处,马歇尔使团文件，编号 Lot 54–D270 [文件第252号] 马歇尔将军关于与蒋介石委员长数次会谈的备忘录 [南京，]1946年11月8日。 委员长询问我的看法，我详细描述了前一天上午我与三位中国民主同盟主要领导人的会面情况，[75] 他们正就次日三方（政府、共产党和第三方面）举行非正式会议进行一般性讨论一事向我征求意见。,topic,第三方面与中间路线,周恩来; 马歇尔; 司徒雷登; 蒋介石,政协; 马歇尔调处; 第三方面; 民盟,中国民主同盟; 国民党; 中国共产党; 政治协商会议; 国民大会,南京,70
865,1946,"April 10, 1946",围绕政协决议和政府改组的调处,民盟代表已提出调停，政治协商会议中国民党和共产党全体代表将于今晚同民盟代表会面（不包括青年党和无党派团体），试图解决分歧。 中国共产党人似乎确信委员长怀有这种意图；民盟对此也只是稍微不那么确信。,topic,第三方面与中间路线,马歇尔; 蒋介石,政协; 马歇尔调处; 民盟,中国民主同盟; 国民党; 中国共产党; 青年党; 政治协商会议; 美国国务院; 美国驻华使馆,重庆; 延安; 满洲,70
866,1947,"April 14, 1947",第三方面在国共之间寻求政治空间,昨晚关于中国局势的一次谈话中，民主同盟秘书长罗隆基先生表达了以下意见： 他开场说，民主同盟主张自由主义的中间路线政策，因此既反对国民党，也反对共产党；不过，当前政治需要迫使它采取一种主要支持共产党立场的行动路线。 民盟认为，政协协议是中国自由的《大宪章》；国民党故意违反了这些协议（如果它确实曾有遵守意图的话）；因此，共产党要求废除1946年12月国民大会单方面颁布的宪法，在法律上是正确的。,topic,第三方面与中间路线,罗隆基,政协; 第三方面; 联合政府; 民盟,中国民主同盟; 国民党; 中国共产党; 政治协商会议; 美国国务院; 美国驻华使馆; 国民大会,南京; 满洲,80
867,1947,"April 19, 1947",The Ambassador in China (Stuart) to the Secretary of State,国务委员会中为民盟和共产党保留了11个席位，以便它们愿意参加临时政府时使用。 4月17日晚，罗隆基向本馆表示，民盟此时参加政府“是不可能的”。,topic,第三方面与中间路线,罗隆基; 张君劢; 马歇尔; 司徒雷登; 蒋介石,马歇尔调处; 民盟,中国民主同盟; 国民政府; 国民党; 中国共产党; 青年党; 美国国务院; 行政院,南京; 满洲; 华盛顿,65
868,1946,"April 21, 1946",围绕政协决议和政府改组的调处,马歇尔使团档案，第54-D270卷〔文件58〕 中国新闻部就中国共产党1946年4月21日声明所拟备忘录 1946年4月21日。 关于共产党指称政府违反《停止敌对行动协定》以及《军事整编和共产党部队编入国军方案》一事，马歇尔将军完全熟悉执行这些协议的一切事实，因此无需多言。,topic,第三方面与中间路线,马歇尔,政协; 马歇尔调处; 民盟,中国民主同盟; 国民政府; 国民党; 中国共产党; 青年党; 政治协商会议; 行政院; 国民大会,,70
869,1945,"April 30, 1945",The Ambassador in China (Hurley) to the Secretary of State,较著名的非国民党成员包括毛泽东、周恩来、邓颖超（周恩来夫人）、林祖涵、董必武（共产党）；李璜、左舜生（青年党）；张君劢、张澜（国家社会党）；以及于斌主教、胡适、晏阳初（无党派）。,topic,第三方面与中间路线,张澜; 张君劢; 周恩来,,国民党; 中国共产党; 青年党; 美国国务院; 国民大会,重庆,10
870,1946,"April 9, 1946",The Counselor of Embassy in China (Smyth) to the Secretary of State,民盟代表现在的提议是：如果立法院不赞同行政院的某项决定，可以三分之二多数要求总统解散行政院或改组行政院；如总统拒绝照办，立法院可再以四分之三多数提出同样要求，此时总统必须按立法院的意思行事。 但此一名称上的变动并未改变基本问题：共产党和民盟主张，只要不违背国家宪法，省自治法不应由中央核准；国民党则坚持中央应有核准之权、立法院亦可对之进行修改，仅愿意让步至中央政府的行政命令不得变更省自治法。,topic,第三方面与中间路线,,政协; 民盟,中国民主同盟; 国民政府; 国民党; 中国共产党; 青年党; 政治协商会议; 美国国务院; 美国驻华使馆; 行政院; 国民大会,南京; 重庆; 满洲,70
871,1948,"August 24, 1948",第三方面在国共之间寻求政治空间,若无美国援助，很难想象任何一方愿意主动接近对方，而目前也尚未出现一个能为双方共同尊重的第三方面。,topic,第三方面与中间路线,司徒雷登,第三方面,中国共产党,,25
872,1946,"August 27, 1946",围绕政协决议和政府改组的调处,我告诉委员长，我没有见到、因而也没有研究周将军和民主同盟代表最近发表的公开声明；但在我看来，他们的愿望很可能与其说是重新召开政协，不如说是要求明确承认对政协决议的承诺。 我说，前一个小组为讨论江苏地方政府问题而成立时，周将军坚持，无论达成什么协议，在形式上都应由政协指导委员会确认。,topic,第三方面与中间路线,周恩来; 马歇尔; 司徒雷登; 蒋介石,政协; 马歇尔调处; 民盟,中国民主同盟; 国民政府; 中国共产党; 青年党; 政治协商会议,南京; 满洲; 天津; 牯岭,75
873,1947,"August 4, 1947",北平接触与民盟人士沟通,893/8–447 [文件第573号] 驻北平领事（弗里曼）致驻华大使（司徒雷登）第83号函件 北平，1947年8月4日。 大使先生： 谨随函附上魏德迈将军1947年8月1日至4日停留北平期间的日程安排副本一份，该日程系根据大使馆7月31日未编号电报指示，在其抵达前为其准备。,topic,第三方面与中间路线,马歇尔; 司徒雷登; 蒋介石,马歇尔调处; 第三方面; 北平接触; 民盟,中国民主同盟; 国民政府; 国民党; 中国共产党; 美国驻北平总领事馆,北平; 满洲,70
874,1946,"December 16, 1946","Notes on Meeting Between General Marshall and Mr. Hon Yeh-chun at No. 5 Ning Hai Road, Nanking, December 16, 1946, 10:45 a.m.",马歇尔使团档案，Lot 54-D270〔文件332〕马歇尔将军与韩叶君先生会谈记录，南京宁海路5号，1946年12月16日上午10时45分。 马歇尔将军阅读了侯先生提交的中国民主党备忘录。,topic,第三方面与中间路线,张君劢; 马歇尔; 蒋介石,马歇尔调处; 民盟,中国民主同盟; 国民政府; 国民党; 中国共产党; 青年党; 美国国务院; 国民大会,南京,55
875,1945,"December 24, 1945","Notes on Conference Between General Marshall and Premier T. V. Soong in General Marshall’s Residence, Chungking, 0900, 24 December 1945",马歇尔使团档案，Lot 54-D270〔文件569〕马歇尔将军与宋子文院长会谈记录，重庆马歇尔将军寓所，1945年12月24日上午9时。 这是我想请你帮我说明的一点：民盟成员。,topic,第三方面与中间路线,马歇尔; 蒋介石,马歇尔调处; 民盟,中国民主同盟; 国民党; 中国共产党; 青年党,重庆; 华盛顿,55
876,1946,"December 26, 1946","Minutes of Meeting Between General Marshall and General C. P. Lee at No. 5 Ning Hai Road, Nanking, December 26, 1946, 6 p.m.",马歇尔使团档案，Lot 54-D270〔文件352〕马歇尔将军与 C. 马歇尔将军说，国民大会于12月25日休会是预先安排的；正好十年前的这一天，委员长离开西安。,topic,第三方面与中间路线,马歇尔; 蒋介石,马歇尔调处; 民盟,中国民主同盟; 国民党; 中国共产党; 青年党; 民主社会党; 国民大会,南京,55
877,1946,"December 31, 1946",第三方面在国共之间寻求政治空间,"马歇尔使团档案, Lot 54–D270 [Document 357] 马歇尔将军,吴之椿教授和孙坦林先生在南京宁哈尔路5号的会谈记录,1946年12月31日5时30分南京,1946年12月31日5时30分教授 吴,为孙先生解说,孙先生曾任内务府大臣,吴佩孚先生的亲信,45岁孙先生严格为非党,对中国人民最敬重. 他希望马歇尔将军能对中国的未来发表意见.",topic,第三方面与中间路线,周恩来; 马歇尔; 蒋介石,马歇尔调处; 第三方面; 民盟,中国民主同盟; 国民党; 中国共产党,北平; 南京; 上海,35
878,1948,"December 6, 1948",第三方面在国共之间寻求政治空间,若干消息来源，包括中国民主同盟的周鲸文、国民党革命委员会的李某，以及《新生晚报》的李孟，称中共已决定扩大人民政治协商会议，使其包括来自整个中共控制区的“选出”代表。 这样，政协将不再是一个人数较少的机构；此前估计人数从70人到200人不等，现在则将包括约一千多名代表。,topic,第三方面与中间路线,罗隆基; 沈钧儒; 章伯钧; 周恩来; 蒋介石,政协; 第三方面; 联合政府; 民盟,中国民主同盟; 国民党; 中国共产党; 政治协商会议; 美国国务院; 行政院,南京; 香港; 满洲,80
879,1947,"February 25, 1947",围绕政协决议和政府改组的调处,以下为卢登根据大使和他本人2月21、22日在上海同第三方面领导人，主要是张澜、罗隆基、张君劢谈话后传送的信息要点： 民主同盟代表说，中国局势正在极快恶化，并指出这对美国不利，因为马歇尔将军声明所针对的那些人，作为局势最终结果，将不可避免地被驱入共产党阵营。 张澜希望向美国政府提出三点：（一）希望以美、苏、英三国调停取代美国单独调停努力；（二）如不考虑政协基本协议而改组政府，注定失败；（三）共产党目,topic,第三方面与中间路线,罗隆基; 张澜; 张君劢; 马歇尔; 司徒雷登,政协; 马歇尔调处; 第三方面; 民盟,中国民主同盟; 中国共产党; 政治协商会议; 美国国务院; 国民大会,南京; 上海,80
880,1947,"February 25, 1947",第三方面在国共之间寻求政治空间,罗隆基的看法如下：应召开某种各党派会议，首先承诺国家统一。 罗隆基的基本观点是，除非同共产党达成协议，否则局势不可能解决。,topic,第三方面与中间路线,罗隆基; 张君劢; 司徒雷登; 蒋介石,第三方面,国民党; 中国共产党; 青年党; 美国驻华使馆; 行政院; 国民大会,南京,55
881,1947,"February 4, 1947",第三方面在国共之间寻求政治空间,"显然没有机会让共产党参与联合政府;3. 如果得不到足够的援助,那不是民主同盟或社会民主党,而是掌握权力的有组织共产党人;5.",topic,第三方面与中间路线,司徒雷登; 蒋介石,第三方面; 联合政府; 民盟,中国民主同盟; 国民党; 中国共产党; 美国国务院; 行政院,南京; 华盛顿,35
882,1947,"February 6, 1947",昆明暗杀事件引发的政治压力与外交关注,"他认为民主同盟是机会主义的,在等待中断;他们的立场的效果是对共产党的帮助,他觉得一些联盟成员与共产党没有什么区别. 关于昆明的文立暗杀事件,他说55,他为追查枪击事件的责任而特别痛心,最终被钉在军人身上,有些人至少受到名义上的处罚.",topic,第三方面与中间路线,蒋介石,昆明暗杀; 第三方面; 民盟,中国民主同盟; 国民政府; 国民党; 中国共产党; 青年党; 民主社会党; 美国驻华使馆; 行政院,昆明; 南京; 满洲; 成都; 天津,50
883,1946,"January 1, 1946",围绕政协决议和政府改组的调处,此后，政府代表同各政党代表之间的会谈，已初步选定38名政协代表，各党派分配如下：国民党8名，共产党7名，民主同盟9名，青年党5名，无党派9名。 据报，政协权限范围及其决议约束力尚未确定，但预计会议将讨论和平建国问题、国民大会有关事项，以及提交国民大会的宪法草案。,topic,第三方面与中间路线,马歇尔,政协; 马歇尔调处; 民盟,中国民主同盟; 国民政府; 国民党; 中国共产党; 青年党; 政治协商会议; 美国国务院; 美国驻华使馆; 国民大会,重庆,50
884,1947,"January 23, 1947",第三方面在国共之间寻求政治空间,第三方面团体的一些显著表现如下。 民主同盟发言人罗隆基1月21日在上海记者会上表示，民主同盟坚决反对在没有中国共产党参加的情况下改组政府的提议。,topic,第三方面与中间路线,罗隆基; 张澜; 张君劢; 张东荪; 司徒雷登; 蒋介石,政协; 第三方面; 联合政府; 民盟,中国民主同盟; 国民党; 中国共产党; 青年党; 民主社会党; 政治协商会议; 美国国务院,南京; 上海; 华盛顿,80
885,1946,"January 24, 1946",围绕政协决议和政府改组的调处,马歇尔使团档案，Lot 54-D270〔文件74〕马歇尔将军与张群将军会谈纪要，重庆28号住宅，1946年1月24日上午11时。 张将军还说，民主同盟提出了一项方案，包括：一，统一的国家化军队；二，大规模复员，并设立一个各党均有代表参加的计划委员会来负责整编。,topic,第三方面与中间路线,周恩来; 马歇尔; 蒋介石,政协; 马歇尔调处; 民盟,中国民主同盟; 国民政府; 中国共产党; 青年党; 政治协商会议; 国民大会,重庆,70
886,1949,"January 24, 1949",第三方面在国共之间寻求政治空间,甘介侯还计划拜会民主同盟领袖张澜、黄炎培和罗隆基，以及民主社会党主席张君劢。,topic,第三方面与中间路线,罗隆基; 张澜; 黄炎培; 张君劢; 蒋介石,第三方面; 民盟,中国民主同盟; 国民党; 中国共产党; 民主社会党; 美国国务院; 美国驻上海总领事馆,南京; 上海,45
887,1946,"January 25, 1946",北平接触与民盟人士沟通,在政协第一次会议上，八名无党派人士被任命为军事调查委员会成员；另有八名成员由国民参政会驻会委员会任命。 政协的一个突出事件，是蒋介石在1月14日即席讲话中宣布，政府将在十天内采取措施，给予如下公民自由：第一，各政党在法律面前一律平等；第二，允许一切合法政治活动；第三，促进地方自治；第四，释放所有政治犯，但被控叛国行为者除外。,topic,第三方面与中间路线,蒋介石,政协; 马歇尔调处; 北平接触; 民盟,中国民主同盟; 国民政府; 国民党; 中国共产党; 青年党; 政治协商会议; 美国国务院; 美国驻华使馆; 国民大会,北平; 重庆; 华盛顿,70
888,1949,"January 3, 1949",北平接触与民盟人士沟通,以下是本总领馆一名官员最近同罗隆基密切的民主同盟人士叶笃义进行一般谈话时，叶氏较有意思谈话内容的摘要： 1. 中国共产党坚决反对任何把李宗仁留在联合政府中的妥协安排；除张治中和邵力子外，几乎所有南京高级官员也同样不被接受。,topic,第三方面与中间路线,罗隆基; 张澜; 黄炎培; 周恩来; 蒋介石,政协; 第三方面; 北平接触; 联合政府; 民盟,中国民主同盟; 国民党; 中国共产党; 政治协商会议; 美国国务院; 美国驻上海总领事馆,北平; 南京; 上海; 香港; 满洲; 华盛顿,80
889,1946,"January 5, 1946",The Chargé in China (Robertson) to the Secretary of State,据民主同盟和无党派消息来源称，政府曾私下接触青年党，提出职位和金钱；虽然青年党名义上仍是民盟的一部分，但事实上已经分离到将以五名独立代表参加即将召开的政治协商会议的程度。 民主同盟已就该讲话及相关事项发表声明，1月2日《大公报》报道如下：民盟要求修改国民大会组织法和选举法，以确保国民大会成为有代表性的机构，并认为保留十年前选出的代表不符合民主精神。,topic,第三方面与中间路线,蒋介石,政协; 马歇尔调处; 民盟,中国民主同盟; 国民政府; 国民党; 中国共产党; 青年党; 政治协商会议; 美国国务院; 国民大会,重庆,70
890,1946,"January 7, 1946","General Marshall’s Notes on a Conference With Dr. Wang Shihchieh, at Nanking, January 7, 1946, 1:30 p.m.",马歇尔使团档案，Lot 54-D270［文件372］马歇尔将军关于同王世杰博士会谈的记录，南京，1946年1月7日下午1时30分。 王博士来同司徒雷登博士共进午餐，午餐后立即向我作如下说明：委员长希望他解释，委员长正交给我一封致总统的信，但该信并未包括下列几点；委员长希望我将这些内容转达总统： 政府打算立即改组，吸收无党派人士、中国青年党、民主社会党代表入政府；如果民主同盟和共产党愿意参加，也将吸,topic,第三方面与中间路线,马歇尔; 司徒雷登; 蒋介石,马歇尔调处; 民盟,中国民主同盟; 中国共产党; 青年党; 民主社会党,南京,35
891,1947,"January 7, 1947",第三方面在国共之间寻求政治空间,马歇尔使团档案，Lot 54-D270 [文件370] 马歇尔将军与 C. 李将军告诉马歇尔，他刚从上海返回，曾拜访许多民主同盟成员和无党派人士。,topic,第三方面与中间路线,罗隆基; 张澜; 周恩来; 马歇尔; 蒋介石,马歇尔调处; 第三方面; 民盟,中国民主同盟; 国民党; 中国共产党,南京; 上海; 延安; 满洲,65
892,1948,"January 9, 1948",The Ambassador in China (Stuart) to the Secretary of State,在当前中国环境下，特别是在民主同盟被宣布非法以后，具有自由主义或进步性质的非国民党意见，已变得越来越无力。,topic,第三方面与中间路线,张君劢; 司徒雷登,民盟,中国民主同盟; 国民党; 民主社会党; 美国国务院; 国民大会,,60
893,1947,"July 11, 1947",The Ambassador in China (Stuart) to the Secretary of State,"6月18日,博格采访数日后,孙博士接见了民主同盟的罗隆基博士,并与博士谈话.",topic,第三方面与中间路线,罗隆基; 司徒雷登; 蒋介石,马歇尔调处; 民盟,中国民主同盟; 国民政府; 国民党; 中国共产党; 青年党; 美国国务院,南京; 上海,25
894,1947,"July 23, 1947",Memorandum by the First Secretary of Embassy in China (Ludden) to General Wedemeyer,改组时，国务委员会为民主同盟和共产党预留了11个席位，以备他们日后愿意加入临时政府。,topic,第三方面与中间路线,蒋介石,民盟,中国民主同盟; 国民政府; 国民党; 中国共产党; 青年党; 美国国务院; 美国驻华使馆; 行政院,满洲; 华盛顿,60
895,1946,"July 30, 1946",昆明暗杀事件引发的政治压力与外交关注,马歇尔使团档案，第54-D270卷：电报〔文件716〕 马歇尔将军致杜鲁门总统 〔南京，〕1946年7月30日。 与此同时，民主同盟两名大学教授在昆明被暗杀，以及上海同类人士遭秘密警察严密监视，引起极大震动，并使自由派人士产生一种感觉：政府正在采用恐怖手段镇压任何口头或文字形式的反对意见。,topic,第三方面与中间路线,周恩来; 马歇尔; 司徒雷登; 蒋介石,昆明暗杀; 马歇尔调处; 第三方面; 北平接触; 联合政府; 民盟,中国民主同盟; 国民政府; 国民党; 中国共产党; 美国国务院,昆明; 北平; 南京; 上海; 满洲; 天津; 牯岭,70
896,1946,"July 31, 1946",昆明暗杀事件引发的政治压力与外交关注,马歇尔使团档案，Lot 54–D270 [文件718] 马歇尔将军与俞大维将军会谈记录 南京宁海路5号，1946年7月31日下午6时45分 南京，1946年7月31日下午6时45分。 俞大维将军首先询问马歇尔将军上次牯岭之行与委员长会谈的结果。,topic,第三方面与中间路线,罗隆基; 张君劢; 马歇尔; 司徒雷登; 蒋介石,昆明暗杀; 马歇尔调处; 第三方面; 北平接触,国民党; 中国共产党,北平; 南京; 满洲; 牯岭,25
897,1947,"July 5, 1947",北平接触与民盟人士沟通,先生：我谨随函附上北平7月1日第25号报告的蓝晒副本，供国务院参考。 此外，对于北平领事在该报告第一段提到的第二个消息来源所寄予的信任，本馆并不认同。,topic,第三方面与中间路线,司徒雷登; 蒋介石,第三方面; 北平接触,美国国务院,北平; 南京,55
898,1947,"July 5, 1947",北平接触与民盟人士沟通,"[附录] 驻北平领事(弗里曼)驻华大使(司徒雷登)第25号 1947年7月1日 北平. 先生:我荣幸地提及最近的报告,这些报道无疑已引起大使馆的注意,报告在中国成立第三党的运动,并报告在北平这一运动的发展情况。",topic,第三方面与中间路线,司徒雷登; 蒋介石,第三方面; 北平接触; 联合政府; 民盟,中国民主同盟; 国民党; 中国共产党,昆明; 北平; 南京; 上海; 香港,75
899,1945,"July 6, 1945",第三方面在国共之间寻求政治空间,（这些据称曾为冯将军旧部者包括：驻冀南、豫北的第二方面军总司令孙良诚将军；驻山东的第三方面军总司令吴化文将军；驻苏北的第四方面军总司令郝鹏举将军；驻豫北的第五方面军总司令庞炳勋将军；以及驻河南郑县以东陇海铁路两侧的第二集团军总司令张兰峰（非张澜）将军。,topic,第三方面与中间路线,张澜; 蒋介石,第三方面,国民党; 美国国务院; 美国驻华使馆,北平; 重庆; 满洲; 天津,10
900,1948,"June 14, 1948",北平接触与民盟人士沟通,00/6-1448〔文件235〕 驻北平总领事（柯乐博）致国务卿 北平，1948年6月14日，第115号。 〕 先生：谨提及本总领事馆1948年6月14〔15〕日第105号公函，其中报告一个据称希望促成中国和平的“第三党”集团在北平出现。,topic,第三方面与中间路线,张澜; 蒋介石,第三方面; 北平接触; 民盟,中国民主同盟; 国民政府; 中国共产党; 美国国务院; 美国驻北平总领事馆,北平; 南京; 香港; 沈阳; 满洲,80
901,1946,"June 17, 1946",北平接触与民盟人士沟通,马歇尔使团档案，Lot 54-D270 [文件562] 马歇尔将军同罗隆基博士、张君劢博士会谈纪要，1946年6月17日下午5时30分，马歇尔将军寓所。 马歇尔说，现场小组不能把事项直接提交三人小组，因为那样耗时太久。,topic,第三方面与中间路线,罗隆基; 张君劢; 周恩来; 马歇尔; 蒋介石,马歇尔调处; 第三方面; 北平接触; 民盟,中国民主同盟; 中国共产党,北平; 南京,80
902,1946,"June 21, 1946",第三方面在国共之间寻求政治空间,马歇尔使团档案，Lot 54–D270［文件第 579 号］ 马歇尔将军与罗隆基博士、张君劢博士会谈纪要 地点：马歇尔将军官邸 时间：1946 年 6 月 21 日上午 8 时 20 分 罗隆基表示，他与张君劢曾向周恩来将军建议，考虑授予军调小组美方代表实地调查的最终决定权。 罗隆基进一步指出，第三方面代表昨日会见政府方面代表，要求将十五日休战令予以延长。,topic,第三方面与中间路线,罗隆基; 张君劢; 周恩来; 马歇尔,马歇尔调处; 第三方面,国民政府; 中国共产党,延安,10
903,1947,"March 19, 1947",北平接触与民盟人士沟通,该计划的关键在于须为第三方面成员及无党派领袖安排职位。 他带领一批成员脱离中国民主同盟，以自由进步为宗旨组建了中国社会民主党。,topic,第三方面与中间路线,张君劢; 司徒雷登,马歇尔调处; 第三方面; 北平接触; 民盟,中国民主同盟; 国民党; 中国共产党; 青年党; 美国国务院; 行政院,北平; 南京; 延安; 天津,70
904,1947,"March 6, 1947",The Ambassador in China (Stuart) to the Secretary of State,青年党将参加，但他说，民主同盟在同共产党合作的态度上已进一步左倾。,topic,第三方面与中间路线,张君劢; 司徒雷登,民盟,中国民主同盟; 中国共产党; 青年党; 美国国务院; 行政院,南京; 上海,35
905,1946,"May 29, 1946",第三方面在国共之间寻求政治空间,马歇尔使团档案，Lot 54-D270〔文件489〕马歇尔将军与张君劢博士会谈纪要，马歇尔将军寓所，1946年5月29日下午5时。 马歇尔将军表示，双方对彼此都极度怀疑，而且这种怀疑在过去十天里有所增加。,topic,第三方面与中间路线,张君劢; 周恩来; 马歇尔; 蒋介石,马歇尔调处; 第三方面; 联合政府; 民盟,中国民主同盟; 国民党; 中国共产党; 青年党; 国民大会,满洲,55
906,1944,"May 30, 1944",The Second Secretary of Embassy in China (Penfield) to the Secretary of State,最近拜访张表方（张澜）时，这位年长的非国民党政治领袖也谈了非常相似的思路。,topic,第三方面与中间路线,张澜,,国民政府; 国民党; 青年党; 美国国务院; 美国驻华使馆,重庆; 成都; 桂林,10
907,1946,"May 30, 1946",北平接触与民盟人士沟通,马歇尔将军表示，他想重申，他并不期望周恩来将军在这次会议上对他的草案作出答复。 委员长只是就美国军官问题做了一个笼统的陈述，其范围之广，马歇尔将军无法接受，并且他已向委员长指出，这给相关的美国人带来了一个非常棘手的问题。,topic,第三方面与中间路线,周恩来; 马歇尔; 蒋介石,马歇尔调处; 北平接触; 民盟,中国民主同盟; 国民政府; 国民党; 中国共产党; 青年党,北平; 南京; 重庆; 上海; 延安; 沈阳; 满洲,75
908,1947,"May 7, 1947",The Ambassador in China (Stuart) to the Secretary of State,李璜原由中国青年党提名出任联合政府经济部部长，现已公开并正式宣布拒绝接受该职。 与此同时，国民党高级领导人正连续攻击中国民主同盟，称其不过是共产党风筝的尾巴。,topic,第三方面与中间路线,罗隆基; 张君劢; 司徒雷登,联合政府; 民盟,中国民主同盟; 国民党; 中国共产党; 青年党; 美国国务院,南京,65
909,1946,"November 1, 1946",第三方面在国共之间寻求政治空间,马歇尔使团档案，Lot 54–D270 [文件第236号] 马歇尔将军、莫德惠先生与李璜将军会谈记录 南京，宁海路5号，1946年11月1日上午10时45分 马歇尔将军请莫德惠先生最坦率地说明当前谈判中最关键的问题是什么。 另一方面，共产党和第三方面则不愿提交名单，除非他们先确信其期望能够实现。,topic,第三方面与中间路线,马歇尔,马歇尔调处; 第三方面; 民盟,中国民主同盟; 国民政府; 国民党; 中国共产党; 行政院; 国民大会,南京,35
910,1946,"November 1, 1946",第三方面在国共之间寻求政治空间,莫先生随即询问马歇尔将军，当前局势能否通过解决行政院改组问题来化解。 马歇尔将军回答他认为可以。,topic,第三方面与中间路线,马歇尔,马歇尔调处; 第三方面,国民党; 中国共产党; 行政院,南京; 上海,25
911,1947,"November 1, 1947","Mr. Carsun Chang, Chairman of the Chinese Democratic Socialist Party, to the Secretary of State",00/11–447［文件第 706 号］ 中国民主社会党主席张君劢致国务卿函 上海，1947 年 11 月 1 日 马歇尔先生大鉴： 去年和平谈判期间，您我之间的紧密共事，至今记忆犹新。 本人首先要向先生郑重指出的一点是：只要国民党不愿对联合政府给予实质性的承认，则徒有联合政府之名实属不足。,topic,第三方面与中间路线,张君劢; 马歇尔,马歇尔调处; 联合政府; 民盟,中国民主同盟; 国民政府; 国民党; 青年党; 民主社会党; 美国国务院,上海,35
912,1946,"November 12, 1946",The Ambassador in China (Stuart) to the Secretary of State,马歇尔将军的三人委员会昨天上午非正式会晤两小时，唯一结果是周恩来同意向延安请示，并亲自认真考虑一个军事方面无法同政治方面分割的问题。 过去十天交涉背后，是政府方面试图争取民主同盟和青年党参加国民大会，作为可能争取共产党也参加的第一步；相反，周恩来领导的共产党则竭力使这些党派保持在自己的影响范围内。,topic,第三方面与中间路线,周恩来; 马歇尔; 司徒雷登; 蒋介石,马歇尔调处; 民盟,中国民主同盟; 中国共产党; 青年党; 美国国务院; 国民大会,南京; 延安,35
913,1946,"November 13, 1946",The Ambassador in China (Stuart) to the Secretary of State,先生：兹报告，自我上一封函件（1946年10月31日第232号）以来，所谓第三集团（由民主同盟、青年党及无党派领导人组成）一直积极试图在政府和共产党之间调停。 他们同马歇尔将军或我保持经常联系，我们也尽力鼓励他们。,topic,第三方面与中间路线,周恩来; 马歇尔; 司徒雷登,马歇尔调处; 民盟,中国民主同盟; 中国共产党; 青年党; 美国国务院; 国民大会,南京,55
914,1946,"November 14, 1946",第三方面在国共之间寻求政治空间,马歇尔将军：我对此事一无所知。 如你所知，最近谈判一直由第三方面掌握。,topic,第三方面与中间路线,马歇尔; 蒋介石,马歇尔调处; 第三方面,中国共产党; 国民大会,南京,45
915,1946,"November 19, 1946",第三方面在国共之间寻求政治空间,马歇尔使团档案，Lot 54-D270［文件285］马歇尔将军与罗忠恕、吴其玉、易教授会谈记录，南京马歇尔将军官邸，1946年11月19日上午11时。 马歇尔将军评论说，必须迅速建立某种组织，作为国民党和共产党之间的平衡力量。,topic,第三方面与中间路线,周恩来; 马歇尔; 蒋介石,马歇尔调处; 第三方面; 民盟,中国民主同盟; 国民党; 中国共产党; 青年党,南京,35
916,1946,"November 29, 1946",The Ambassador in China (Stuart) to the Secretary of State,他说：“这表明，1938年参加原国民大会会议的四个集团中有三个集团今天正在参加；同样，去年1月政治协商会议所代表的五个集团（国民党、共产党、民主同盟、青年党和无党派人士）中，除共产党和民主同盟的一部分外，均已出席国民大会。 ” 被问及政府违反政协决议的批评时，彭说：“对这种批评最好的回答，是执行政协决议的宪法草案。,topic,第三方面与中间路线,张君劢; 司徒雷登,政协; 民盟,中国民主同盟; 国民党; 中国共产党; 青年党; 政治协商会议; 美国国务院; 行政院; 国民大会,南京,50
917,1946,"November 3, 1946",第三方面在国共之间寻求政治空间,马歇尔使团档案，Lot 54-D270［文件240］马歇尔将军与张君劢先生、罗隆基博士、叶笃义先生会谈记录，南京宁海路5号，1946年11月3日下午3时30分。 张先生向马歇尔将军报告说，他昨天下午见过委员长。,topic,第三方面与中间路线,罗隆基; 张君劢; 周恩来; 马歇尔; 蒋介石,马歇尔调处; 第三方面,国民党; 中国共产党; 行政院; 国民大会,南京; 上海; 满洲,10
918,1946,"November 6, 1946",围绕政协决议和政府改组的调处,马歇尔使团档案，Lot 54-D270〔文件246〕驻华使馆拟备备忘录。 二，为扩大政府基础，并更快结束训政时期，政府进一步建议立即按以下基础改组国民政府国务委员会：国民党成员20名；共产党成员10名；民主同盟成员4名；青年党成员4名；无党派成员2名。,topic,第三方面与中间路线,马歇尔; 蒋介石,政协; 马歇尔调处; 民盟,中国民主同盟; 国民政府; 国民党; 中国共产党; 青年党; 政治协商会议; 美国驻华使馆; 行政院; 国民大会,南京,70
919,1946,"November 8, 1946",围绕政协决议和政府改组的调处,马歇尔使团档案，Lot 54–D270：电报〔第254号文件〕马歇尔将军致杜鲁门总统（注81）。 次日上午，民盟代表来访，征询我对当日下午会议议程的意见。,topic,第三方面与中间路线,周恩来; 马歇尔; 司徒雷登; 蒋介石,政协; 马歇尔调处; 第三方面; 民盟,中国民主同盟; 国民党; 中国共产党; 政治协商会议; 美国国务院; 国民大会,南京,70
920,1946,"October 17, 1946",北平接触与民盟人士沟通,马歇尔使团档案，第54-D270卷〔文件200〕 马歇尔将军与梁漱溟先生、叶笃义先生会谈记录 马歇尔将军寓所，南京，1946年10月17日下午4时20分。 张先生告诉他，第三方面集团成员，即无党派集团、中国青年党和民主同盟成员，今天上午开会讨论委员长的声明。,topic,第三方面与中间路线,梁漱溟; 张君劢; 周恩来; 马歇尔; 司徒雷登; 蒋介石,马歇尔调处; 第三方面; 北平接触; 民盟,中国民主同盟; 国民党; 中国共产党; 青年党; 民主社会党,北平; 南京; 上海,70
921,1945,"October 19, 1945",昆明暗杀事件引发的政治压力与外交关注,该小组中三人是国民党员，其中一人与民主同盟关系密切。 他们无法理解美国给予重庆政府的“全力支持”；他们认为，这只会加强蒋介石不在中国建立真正联合政府、不交出国民党目前掌握的任何实权的决心。,topic,第三方面与中间路线,蒋介石,昆明暗杀; 第三方面; 联合政府; 民盟,中国民主同盟; 国民党; 中国共产党; 美国国务院,昆明; 南京; 重庆; 上海,70
922,1946,"October 20, 1946",第三方面在国共之间寻求政治空间,马歇尔使团档案，Lot 54-D270［文件205］马歇尔将军与王世杰博士会谈纪要，南京宁海路5号，1946年10月20日晚7时。 王博士开场告诉马歇尔将军，周恩来将军和第三方面成员已决定星期一返回南京。,topic,第三方面与中间路线,周恩来; 马歇尔; 蒋介石,马歇尔调处; 第三方面; 民盟,中国民主同盟; 中国共产党; 美国驻华使馆; 国民大会,南京; 上海; 延安; 满洲,35
923,1946,"October 22, 1946",围绕政协决议和政府改组的调处,马歇尔使团档案，第54-D270卷〔文件209〕 马歇尔将军、司徒雷登博士与第三方面成员会谈记录 大使官邸，南京，1946年10月22日上午10时45分。 出席方面：民主同盟、中国青年党、无党派人士。,topic,第三方面与中间路线,罗隆基; 张君劢; 周恩来; 马歇尔; 司徒雷登; 蒋介石,政协; 马歇尔调处; 第三方面; 民盟,中国民主同盟; 国民党; 中国共产党; 青年党; 政治协商会议; 国民大会,南京; 上海; 延安,80
924,1946,"October 22, 1946",第三方面在国共之间寻求政治空间,目前，中国第三方面实际上是在双方之间充当中介，把一方意见传给另一方，再设法找出局势中可能为另一方接受的方面。 这正是中国第三方面需要美国调解人帮助之处。,topic,第三方面与中间路线,马歇尔; 司徒雷登,马歇尔调处; 第三方面,中国共产党,南京,45
925,1946,"October 25, 1946",围绕政协决议和政府改组的调处,马歇尔使团档案，Lot 54-D270 [文件218] 马歇尔将军、司徒雷登博士、缪云台先生、曾琦先生、罗隆基博士和李先生在南京美国大使馆会谈纪要，1946年10月25日上午10时45分。 罗博士开会时说，第三方面集团现在已经取得政府方面（来自孙科博士和王世杰博士）对共产党就政府八项建议所提出七个政治要点或问题的反应。,topic,第三方面与中间路线,罗隆基; 周恩来; 马歇尔; 司徒雷登; 蒋介石,政协; 马歇尔调处; 第三方面; 民盟,中国民主同盟; 国民党; 中国共产党; 政治协商会议; 美国驻华使馆; 行政院; 国民大会,南京; 满洲,80
926,1946,"October 25, 1946",第三方面在国共之间寻求政治空间,罗隆基博士随后询问马歇尔将军，委员长何时返回南京。 马歇尔将军说，他前一天已同陈诚将军谈过此事，并且相当确信委员长会按原定计划在星期六或星期日返回。,topic,第三方面与中间路线,罗隆基; 周恩来; 马歇尔; 司徒雷登; 蒋介石,马歇尔调处; 第三方面,中国共产党; 青年党; 美国驻华使馆,南京,55
927,1946,"October 26, 1946",第三方面在国共之间寻求政治空间,马歇尔使团档案，Lot 54-D270〔文件222〕 马歇尔将军致杜鲁门总统 〔南京〕1946年10月26日。 总统先生：自我10月17日第1663号电以来，由民主同盟、中国青年党和政治上活跃的无党派人士组成的所谓第三方面集团，已派出一个重要代表团到南京，充当谈判中介。,topic,第三方面与中间路线,周恩来; 马歇尔; 司徒雷登; 蒋介石,马歇尔调处; 第三方面; 民盟,中国民主同盟; 中国共产党; 青年党; 国民大会,南京; 上海,55
928,1946,"October 26, 1946",第三方面在国共之间寻求政治空间,司徒雷登博士和我本周实际上避开谈判，努力把第三方面和孙科博士推到公众前台。 与此同时，第三方面成员一直向我们报告并同我们磋商。,topic,第三方面与中间路线,周恩来; 马歇尔; 司徒雷登; 蒋介石,马歇尔调处; 第三方面,中国共产党,南京; 延安; 满洲,45
929,1946,"October 27, 1946",第三方面在国共之间寻求政治空间,马歇尔使团档案，Lot 54-D270［文件224］马歇尔将军与三名第三方面代表罗隆基、缪云台、李璜会谈纪要，南京宁海路5号，1946年10月27日下午5时20分。 罗隆基先生告诉马歇尔将军，由于国民党军队最近攻占安东，第三方面的谈判目前正面临危机。,topic,第三方面与中间路线,罗隆基; 周恩来; 马歇尔; 蒋介石,马歇尔调处; 第三方面,国民党; 中国共产党,南京; 上海; 延安,10
930,1946,"October 27, 1946",围绕政协决议和政府改组的调处,罗隆基先生问马歇尔将军如何看待这三条。 三、政协五项决议按照政协规定程序执行。,topic,第三方面与中间路线,罗隆基; 马歇尔; 蒋介石,政协; 马歇尔调处; 第三方面,中国共产党; 政治协商会议; 国民大会,南京; 满洲,30
931,1946,"October 28, 1946",第三方面在国共之间寻求政治空间,马歇尔使团档案，Lot 54-D270〔文件225〕马歇尔将军、张君劢先生、罗隆基博士会谈记录，南京宁海路5号，1946年10月28日上午10时30分。 张君劢先生谈到昨日下午罗隆基先生参加的会议时说，他认为第三方面取得共产党参加国民大会代表名单，并将其提交政府，是最重要的事情。,topic,第三方面与中间路线,罗隆基; 张君劢; 马歇尔; 司徒雷登; 蒋介石,马歇尔调处; 第三方面,中国共产党; 行政院; 国民大会,南京; 满洲,50
932,1946,"October 28, 1946",围绕政协决议和政府改组的调处,罗隆基博士强调，共产党主要希望按照政协程序执行政协决议，并保护政协决议，不允许作出不能接受的修改。 马歇尔将军强调，这正是他昨天谈到的问题，即程序。,topic,第三方面与中间路线,罗隆基; 张君劢; 马歇尔; 蒋介石,政协; 马歇尔调处; 第三方面; 联合政府; 民盟,中国民主同盟; 国民政府; 国民党; 中国共产党; 政治协商会议; 行政院; 国民大会,南京; 上海; 满洲,85
933,1946,"October 29, 1946",围绕政协决议和政府改组的调处,"马歇尔任务档案,第54–D270号[第226号文件] 关于马歇尔将军和司徒雷登博士在美国大使馆会面的说明,南京,1946年10月29日,上午10时45分,南京,1946年10月29日,上午10时45分,司徒雷登博士报告说,第三方面集团向将军递交了下列提案:""第三方面集团提案和平是中央政府的一贯目标,停止敌对行动一直是它的希望. 全国的地方行政工作,应当由改组后的国务院根据政协及和平重建决议安排.",topic,第三方面与中间路线,罗隆基; 梁漱溟; 黄炎培; 章伯钧; 张君劢; 周恩来; 马歇尔; 司徒雷登,政协; 马歇尔调处; 第三方面,国民党; 中国共产党; 政治协商会议; 美国国务院; 美国驻华使馆; 行政院; 国民大会,南京; 上海; 满洲,25
934,1946,"October 30, 1946",第三方面在国共之间寻求政治空间,孙科在此亦指出，政府希望将'五五宪草'视为正式草案，因为政治协商会议宪草审议委员会没有足够时间制定出各方均能接受的政协宪草最终版本。 孙科称，根据政协决议，应先改组国务委员会，随后再调整行政院。,topic,第三方面与中间路线,罗隆基; 司徒雷登,政协; 马歇尔调处; 第三方面; 民盟,中国民主同盟; 国民政府; 国民党; 中国共产党; 政治协商会议; 美国国务院; 行政院; 国民大会,南京; 满洲,40
935,1947,"October 31, 1947",昆明暗杀事件引发的政治压力与外交关注,大使谨随函附上一份会谈备忘录，记录1947年10月28日两名使馆官员同民盟罗隆基博士的谈话。 该备忘录表达了罗博士对国民政府宣布民盟为非法组织之命令的关切，并重申其关于联合政府的总体方案，认为这是解决中国当前问题的唯一可行办法。,topic,第三方面与中间路线,罗隆基; 司徒雷登; 蒋介石,昆明暗杀; 第三方面; 联合政府; 民盟,中国民主同盟; 国民政府; 国民党; 中国共产党; 美国国务院; 美国驻华使馆,昆明; 南京,80
936,1946,"October 5, 1946",The Ambassador in China (Stuart) to the Secretary of State,3月期间，官方新闻发布和中文报刊关于政协协议的社论讨论曾暗示，政府可能依据政协条款主张由其提名国务委员会全体成员；该条款称，“国务委员会将由国民政府主席从国民党员及非国民党人士中遴选。 这项协议也许更适合称为一种“谅解”，同政协协议中一节相一致；该节称，“国民政府主席任命国务委员，将根据有关各党提名办理。,topic,第三方面与中间路线,周恩来; 司徒雷登; 蒋介石,政协; 马歇尔调处; 民盟,中国民主同盟; 国民政府; 国民党; 中国共产党; 青年党; 政治协商会议; 美国国务院,南京,70
937,1946,"September 19, 1946",围绕政协决议和政府改组的调处,该译文的副本，只有细微差异，最近已送交南京的马歇尔将军和司徒雷登大使。 民主同盟、第三党和其他小党派代表以及无党派成员完成了宪法草案；随附文件即为该草案译文。,topic,第三方面与中间路线,马歇尔; 司徒雷登,政协; 马歇尔调处; 第三方面; 民盟,中国民主同盟; 国民党; 中国共产党; 政治协商会议; 美国国务院; 美国驻上海总领事馆; 行政院; 国民大会,南京; 上海,50
938,1949,"September 6, 1949",北平接触与民盟人士沟通,随着共产党向征服大陆和占领台湾对岸海岸推进，共产党以及第三方面人士对我方政策的疑虑，也越来越集中于这样一种怀疑：即我们现在和将来在台湾的行动，意在积极促进对中共的武装反对；即使不是通过支持蒋介石，也会通过其他方式，如政变、日本雇佣兵、美国海军基地、陈纳德飞行员等。 总领事馆从几个消息灵通来源获悉，罗隆基抵达北平后曾同毛泽东长谈。,topic,第三方面与中间路线,罗隆基; 蒋介石,第三方面; 北平接触; 民盟,中国民主同盟; 国民党; 中国共产党; 美国国务院,北平; 南京; 上海,80
939,1946,1 June 1946,围绕政协决议和政府改组的调处,鉴于第5段a款所载建议，兹请国务院作为紧急事项，将本文件第4段所载结论转交马歇尔将军征求意见，其中包括就请求总统批准这些结论是否可取提出意见。 马歇尔将军的意见一经收到，应提交SWNCC秘书处，以便分发至委员会，按建议第5段b款所设想采取行动。,topic,1949 年北平接触,马歇尔; 蒋介石,政协; 马歇尔调处; 北平接触; 联合政府; 民盟,中国民主同盟; 国民政府; 国民党; 中国共产党; 政治协商会议; 美国国务院; 国民大会,北平; 南京; 重庆; 沈阳; 满洲; 天津; 华盛顿,70
940,1945,19 December 1945,围绕政协决议和政府改组的调处,马歇尔使团档案，Lot 54–D270〔第560号文件〕谢普利先生（注39）致马歇尔将军备忘录。 马歇尔将军： 依据目前所掌握的情报，拜罗德上校（注40）与本人已就中国的政治局势作出一个初步判断。,topic,1949 年北平接触,张澜; 周恩来; 马歇尔; 蒋介石,政协; 马歇尔调处; 联合政府; 民盟,中国民主同盟; 国民党; 中国共产党; 政治协商会议; 美国驻华使馆; 行政院; 国民大会,南京; 重庆; 延安,80
941,1945,1945-10-05,昆明暗杀事件引发的政治压力与外交关注,他们询问苏联对美国军队在天津和北平地区登陆的立场。,topic,1949 年北平接触,周恩来; 蒋介石,昆明暗杀; 北平接触,国民党; 中国共产党,昆明; 北平; 重庆; 延安; 满洲; 天津,60
942,1945,1945-10-10,北平接触与民盟人士沟通,第十一战区的部队集中在两个区域——其中一股多达11个师的兵力集中在北平至海口的铁路沿线，另一股则集中在随州地区，任务是在北方展开部署。 对于罗申同志提出的问题，即蒋介石是否可能在美国先遣部队（已在天津和北平登陆）的掩护下调动其部队，以及津浦铁路和平汉铁路是否将成为国民党军队运动的主要方向，毛泽东回答说，这将是美国对中国内政的公开干涉，而这正是中共唯一担心的事情。,topic,1949 年北平接触,蒋介石,北平接触,国民党; 中国共产党,北平; 满洲; 天津,40
943,1946,1946 (undated),北平接触与民盟人士沟通,马歇尔使团档案，Lot 54-D270〔文件37〕 中华民国临时政府组织章程 未注明日期 第一条。 委员中九名由总统根据国民党提名任命，六名根据共产党提名任命，一名根据民主同盟提名任命，一名根据青年党提名任命，三名由总统从共和国无党籍杰出公民中自行任命。,topic,1949 年北平接触,马歇尔; 蒋介石,马歇尔调处; 北平接触; 民盟,中国民主同盟; 国民政府; 国民党; 中国共产党; 青年党; 国民大会,北平; 天津,70
944,1946,1946-01-11,第三方面在国共之间寻求政治空间,** **希腊组建联合政府** 会议——即政治协商会议——的主要任务将是试图调和两大主要政党——中国国民党与中国共产党——之间的分歧，并解决其他重大的国家问题。 会议共有38名代表，其中包括：国民党代表八名，共产党代表七名，青年党代表五名，中国民主同盟代表九名，以及无党派社会贤达九名。,topic,1949 年北平接触,罗隆基; 张澜; 梁漱溟; 沈钧儒; 黄炎培; 章伯钧; 张君劢; 张东荪,政协; 第三方面; 联合政府; 民盟,中国民主同盟; 国民党; 中国共产党; 青年党; 政治协商会议,重庆; 延安,65
945,1946,1946-01-28,北平接触与民盟人士沟通,中国民主同盟发言人罗隆基表示，一旦获得满意的保证，民盟将立即停止罢工。 一名记者在绥远省集宁（位于北平西北约200英里，长城以北50英里）发出的电讯中称，他与中共将领孙志远进行了四小时的会谈。,topic,1949 年北平接触,罗隆基; 史良,政协; 北平接触; 联合政府; 民盟,中国民主同盟; 国民党; 中国共产党; 政治协商会议,北平; 重庆; 延安,65
946,1946,1946-02-01,北平接触与民盟人士沟通,其余700个名额将通过提名产生，分配如下：国民党220席，共产党190席，中国民主同盟120席，青年党100席，无党派人士70席。 中国民主同盟发言人引述中共二号人物周恩来的声明称，共产党主席毛泽东可能加入拟议中的各党派联合组成的国务委员会，并在该委员会于南京成立后前往南京。,topic,1949 年北平接触,周恩来,政协; 马歇尔调处; 北平接触; 民盟,中国民主同盟; 国民党; 中国共产党; 青年党; 政治协商会议; 行政院; 国民大会,北平; 南京; 重庆; 延安; 天津,55
947,1946,1946-02-26,北平接触与民盟人士沟通,**北平约两千人举行群众大会，谴责“俄国帝国主义”，并指控共产党为“苏联工具”** （美联社讯）据莫斯科电台今日援引雅典报道称，希腊共产党已宣布将不参加即将举行的…… **“总统”办公室致“共党”报纸函件全文——2月22日新闻** 该函件显然显示反共情绪，并企图破坏盟国间的团结与政治协商会议的威望。 那么，我们又怎能谈论政治民主与盟国合作呢？ “这些暴行……损害了政府的尊严……” **民盟就2月2,topic,1949 年北平接触,张澜; 蒋介石,政协; 北平接触; 民盟,中国民主同盟; 中国共产党; 政治协商会议,北平; 重庆; 满洲,85
948,1946,1946-07-05,围绕政协决议和政府改组的调处,马歇尔使团档案，编号 Lot 54–D270 [文件 645] 新华社发布之中共中央委员会纪念“七七”九周年宣言草案 新华社延安，7月5日电——以下是中国共产党中央委员会为纪念“七七”九周年所发布宣言的全文： 致：全体同胞及所有爱国志士： 今天，是我国人民胜利结束抗日战争与爱国战争后，首次纪念“七七”。 在全国人民压力下，并应去年十二月莫斯科三国外长会议的要求及美国特使马歇尔将军的参与，国民党被迫,topic,1949 年北平接触,马歇尔; 蒋介石,政协; 马歇尔调处; 北平接触; 联合政府; 民盟,中国民主同盟; 国民政府; 国民党; 中国共产党; 政治协商会议; 美国国务院; 国民大会,北平; 南京; 重庆; 上海; 延安; 华盛顿,70
949,1946,1946-08-20,北平接触与民盟人士沟通,保定 (临时驻地：北平) | 上校 刘×× | 中校 王×× 14. 保定 (临时驻地：北平) | 中校 刘×× | 上校 王×× 50.,topic,1949 年北平接触,,北平接触,国民政府; 中国共产党,北平; 沈阳; 天津,40
950,1946,1946-08-23,China Mail 1946-08-23 · 张澜（民盟主席）相关报道,《大公报》今日报道，76岁的中国民主同盟领袖张澜在四川省成都遭到袭击和殴打。 报道称，张澜是在参加两位著名民盟成员的追悼会后遭到袭击的。,topic,1949 年北平接触,张澜; 司徒雷登; 蒋介石,民盟,中国民主同盟; 国民党; 中国共产党,南京; 上海; 香港; 延安; 满洲; 成都; 华盛顿,50
951,1946,1946-09-21,围绕政协决议和政府改组的调处,马歇尔使团档案，第54-D270卷〔文件107〕 周恩来将军致马歇尔将军备忘录 上海，1946年9月21日。 亲爱的马歇尔将军： 你9月19日OSE 446号备忘录已经收到。,topic,1949 年北平接触,周恩来; 马歇尔; 司徒雷登,政协; 马歇尔调处; 北平接触; 民盟,中国民主同盟; 国民政府; 国民党; 中国共产党; 政治协商会议,北平; 上海,70
952,1946,1946-10-30,北平接触与民盟人士沟通,北平执行部国民党方面参谋长戴文池将军否认了上海所刊报道，该报道称杜聿明将军所部已发起对大连的攻势。 他们指出，若国民党方面已发动针对大连的攻势，则位于鞍山的执行部战地小组——该小组是距离大连最近的此类机构——理应已向北平总部报告。,topic,1949 年北平接触,马歇尔; 蒋介石,马歇尔调处; 第三方面; 北平接触,国民政府; 国民党; 中国共产党; 国民大会,北平; 南京; 上海; 香港; 延安; 满洲,40
953,1946,1946-11-26,北平接触与民盟人士沟通,据可靠消息来源称，中华全国总工会主席朱学范……在国际劳工组织会议上的报告……严重受伤……朱先生于周日遭遇交通事故，身受重伤……该代表团目前正在上海，迄今已访问了九个重要城市，包括天津…… **（合众社）** 北平，11月25日电。 ……从满洲撤回的执行总部战地小组乘坐12架飞机抵达北平。,topic,1949 年北平接触,罗隆基; 张君劢,第三方面; 北平接触; 民盟,中国民主同盟; 国民党; 中国共产党; 民主社会党; 国民大会,北平; 南京; 上海; 延安; 满洲; 天津; 华盛顿,65
954,1946,1946/01/17 ~ 1946/01/17,北平接触与民盟人士沟通,蒋中正接陈诚报告第十一战区北平天津保定石家庄日军缴械情形与日侨遣送状况航空部队全部解除武装又是日政治协商会议举行第七次大会讨论国民大会问题孙科等提出关于国民…,topic,1949 年北平接触,,政协; 北平接触,政治协商会议; 国民大会,北平; 天津,20
955,1946,1946/09/17 ~ 1946/09/17,北平接触与民盟人士沟通,郑介民电蒋中正张家口第五小组被共方扣留我方已提出严重抗议并建议撤回北平，马歇尔谒蒋中正谓周恩来致备忘录三件要求共党与民主同盟须于国民政府委员名单占有十四席方…,topic,1949 年北平接触,周恩来; 马歇尔,马歇尔调处; 北平接触; 民盟,中国民主同盟; 国民政府,北平,35
956,1947,1947-06-19,北平接触与民盟人士沟通,**（本报特派记者）北平，6月18日电** 冀东地区已持续一周的共军攻势，在国民党军有效反制措施面前正显颓势。 蒋介石委员长北平行辕参谋长王鸿韶将军今日表示，此次共军行动——与共军在满洲的攻势同步——旨在扩大其控制区域，以便与从鲁北撤退的共军部队会合。,topic,1949 年北平接触,蒋介石,第三方面; 北平接触,国民党; 中国共产党,北平; 南京; 满洲; 天津,40
957,1947,1947-06-27,北平接触与民盟人士沟通,与此同时，中共方面威胁了位于北平至沈阳铁路线上的锦州，并呼吁在中国建立一个联合政府。 他补充说，他并非中国民主同盟成员。,topic,1949 年北平接触,蒋介石,北平接触; 联合政府; 民盟,中国民主同盟; 国民政府; 国民党; 中国共产党,北平; 香港; 沈阳; 满洲,55
958,1947,1947-07-25,北平接触与民盟人士沟通,张闻天的重要下属是李立三，其妻目前在燕京大学任教，在北平拥有众多有影响力的朋友，并以对共产主义的独特见解而闻名。 张闻天在整个中国民主同盟以及中国民主建国会、三民主义同志联合会和中国民主促进会中拥有相当大的影响力。,topic,1949 年北平接触,,北平接触; 民盟,中国民主同盟; 中国共产党,北平; 香港,55
959,1947,1947-08-04,北平接触与民盟人士沟通,**上海，8月4日电**——中国民主同盟（民盟）一位发言人今日声称，广西省已有逾百名盟员遭当局“围捕”。 当局指控民盟进行亲共宣传。,topic,1949 年北平接触,,北平接触; 民盟,中国民主同盟; 国民党; 中国共产党,北平; 上海; 香港; 满洲; 天津,55
960,1947,1947-10-06,北平接触与民盟人士沟通,"蒋的秘书称，总统计划在北平停留数日，尚未决定是否在返京前继续北上。 他抵达之际，针对北平""中共地下组织""的搜捕行动进一步扩大，甚至在其华北行辕内部亦有人被捕。",topic,1949 年北平接触,马歇尔; 蒋介石,马歇尔调处; 北平接触; 民盟,中国民主同盟; 国民党; 中国共产党,北平; 香港; 满洲,55
961,1947,1947-10-24,北平接触与民盟人士沟通,上海，10月23日 ——据今日此间获悉，美国驻北平领事馆正就上周五失踪的一架中央航空运输公司货机上的美国飞行员哈特·摩尔上尉及两名中国机组人员的下落，向中共方面进行查询。 民盟领导人对中共的支持未予置评。,topic,1949 年北平接触,,北平接触; 民盟,中国民主同盟; 中国共产党,北平; 上海; 香港,55
962,1947,1947-11-01,围绕政协决议和政府改组的调处,1947年11月1日 中国上海霞飞路646号 美国华盛顿特区 国务院 国务卿 马歇尔先生阁下 亲爱的马歇尔先生： 我至今仍清晰记得去年和平谈判期间我们之间的密切合作。 我首先想向您强调的一点是：只要国民党不愿真正承认联合政府，那么仅仅组建一个联合政府是不够的。,topic,1949 年北平接触,张君劢; 马歇尔,政协; 马歇尔调处; 第三方面; 联合政府; 民盟,中国民主同盟; 国民政府; 国民党; 青年党; 民主社会党; 政治协商会议; 美国国务院,上海; 华盛顿,75
963,1947,1947-11-05,北平接触与民盟人士沟通,** 据称，中国民主同盟主席张澜将在未来46小时内宣布民盟自动解散。 行政院院长同时豁免了民盟成员根据新法令进行登记的义务。,topic,1949 年北平接触,张澜,北平接触; 民盟,中国民主同盟; 国民党; 中国共产党; 行政院,北平; 南京,65
964,1947,1947-12-31,北平接触与民盟人士沟通,北平方面，共产党军队在中条山地区包围了……与此同时，共产党方面始于一周多前的第七次攻势仍在满洲地区激烈进行，他们似乎已占领了沈阳。 - 地名“Manchuria”译为“满洲”；“Peiping”译为“北平”；“Mukden”译为“沈阳”。,topic,1949 年北平接触,,第三方面; 北平接触; 民盟,中国民主同盟; 中国共产党,北平; 香港; 沈阳; 满洲,55
965,1948,1948-01-06,北平接触与民盟人士沟通,盘踞此段铁路的共军，在遭到一支自北平南下的国民党纵队与另一支自（某地）北上的部队夹击时，向西逃窜。 据抵达上海的通常可靠的中国消息来源称，共军正在数个区域进行相当规模的调动，尤其是在长春周围以及满洲西南部北平至沈阳铁路的两侧。,topic,1949 年北平接触,蒋介石,政协; 第三方面; 北平接触; 民盟,中国民主同盟; 国民政府; 国民党; 中国共产党; 政治协商会议; 国民大会,北平; 南京; 上海; 香港; 沈阳; 满洲,55
966,1948,1948-01-13,北平接触与民盟人士沟通,** 关于香港“国民党民主派”成立的更多信息表明，该团体宣布的纲领包括：a) 实现与苏联的友好关系；b) 统一民主政党，包括中国共产党和中国民主同盟；c) 土地改革。 **香港也是民主同盟三中全会开幕的地点。,topic,1949 年北平接触,司徒雷登; 蒋介石,马歇尔调处; 北平接触; 民盟,中国民主同盟; 国民政府; 国民党; 中国共产党; 行政院,北平; 南京; 上海; 香港; 沈阳; 满洲; 华盛顿,55
967,1948,1948-07-22,第三方面在国共之间寻求政治空间,抱歉，您提供的文本内容主要是关于南斯拉夫、美国共产党、日本、法国等国际新闻的报道，并未涉及中国民主同盟或1946-1949年中国政情的相关内容。 根据您的要求，我仅负责翻译与中国民主同盟及中国近代史相关的香港英文报纸片段。,topic,1949 年北平接触,,第三方面; 民盟,中国民主同盟; 中国共产党,香港,20
968,1948,1948-10-29,CIA Reading Room cia-rdp78-01617a002100030001-4: WEEKLY SUMMARY NUMBER 24,**-13-** **机密** **解密并批准发布 2013/04/10 : CIA-RDP78-01617A002100030001-4** **机密** **中国** 中共继续计划为全中国建立一个联合政府。 中共提出的“召开新的政治协商会议以制定联合政府计划”的倡议，已吸引了在香港的反国民党中国国民党革命委员会（民革）的一个代表团，并且可能在中共控制下组建一支民革军队，以促进国民党军队的更多倒,topic,1949 年北平接触,蒋介石,政协; 马歇尔调处; 联合政府; 民盟,中国民主同盟; 国民政府; 国民党; 中国共产党; 政治协商会议; 美国国务院,香港; 沈阳; 满洲; 天津,55
969,1948,1948-11-19,昆明暗杀事件引发的政治压力与外交关注,在所有有组织的国民党抵抗停止后，内战结束的标志很可能是组建一个包括现国民政府重要成员在内的新联合政府。 这样的联合政府有可能在“反帝国主义”这一核心议题上寻求团结，但也有可能避免与美国对抗。,topic,1949 年北平接触,蒋介石,昆明暗杀; 马歇尔调处; 联合政府; 民盟,中国民主同盟; 国民政府; 国民党; 中国共产党; 美国国务院,香港; 满洲,55
970,1948,1948-12-10,北平接触与民盟人士沟通,这个政府可能会被宣称为“联合政府”，并将吸纳许多非中共人士，包括现任国民政府中的成员。 作为“联合政府”，其优势在于未必会丧失国际承认。,topic,1949 年北平接触,,马歇尔调处; 北平接触; 联合政府; 民盟,中国民主同盟; 国民政府; 国民党; 中国共产党; 美国国务院,北平; 南京; 沈阳; 满洲; 天津,55
971,1948,1948-12-30,北平接触与民盟人士沟通,为防止傅作义集团的48个师从北平路—平绥路一线逃脱，我们不等东北部队休整完毕和整顿就绪，便命令他们提前向南发动进攻，与华北我军协同，包围并歼灭傅作义部。,topic,1949 年北平接触,蒋介石,北平接触,国民党; 中国共产党,北平; 满洲,40
972,1948,1948-12-30,北平接触与民盟人士沟通,**档案译文** 傅作义的主力部队（33个师）目前位于北平、天津和塘沽（一个海港）。 在绥远、北平、天津附近的军事行动结束后，我军主力必须休整三个月，并攻占孤城太原，然后向长江流域和广阔的南方地区进军。,topic,1949 年北平接触,,北平接触,国民党,北平; 满洲; 天津,40
973,1948,1948-12-30,北平接触与民盟人士沟通,在完成随州和北平附近的两场军事行动后，国民党将不再拥有骨干力量。 香港、上海、北平、天津等大城市的民主党派和团体以及人民组织的领导人，已经或即将打着政治协商会议和民主联合政府的旗号来到我方区域。,topic,1949 年北平接触,罗隆基; 张澜,政协; 北平接触; 联合政府; 民盟,中国民主同盟; 国民党; 政治协商会议,北平; 上海; 香港; 满洲; 天津,65
974,1948,1948-12-30,"Cable, Mao Zedong to Stalin",明年夏季前后，我们将召开各民主党派、团体和人民团体代表参加的政治协商会议，并组建民主联合政府。,topic,1949 年北平接触,,政协; 联合政府,中国共产党; 政治协商会议,,40
975,1949,1949-01-01,北平接触与民盟人士沟通,迁沪后不久，北平、南京分会相继成立，随后于1946年开设了香港九龙分会。 实际上，各分会及上海总部均由中共地下女党员、中国民主同盟成员及其他左翼人士领导，他们与解放区妇女联合会筹备委员会合作，并秘密接受蔡畅、邓颖超及该筹备委员会其他核心成员的指导。,topic,1949 年北平接触,,北平接触; 民盟,中国民主同盟; 国民党; 中国共产党,昆明; 北平; 南京; 重庆; 上海; 香港; 成都,75
976,1949,1949-01-07,北平接触与民盟人士沟通,北平方面报道称，华北总司令傅作义将军今日下令，再次向中共区域空投载有和平提议的传单。,topic,1949 年北平接触,张澜; 沈钧儒; 蒋介石,北平接触,国民党; 中国共产党,北平; 南京; 上海,50
977,1949,1949-01-10,"Cable, Terebin to Stalin [via Kuznetsov]",**档案原文** 1949年1月10日 捷列宾致斯大林电 [通过库兹涅佐夫转交] 数字档案，俄罗斯联邦总统档案馆：全宗39，目录1，案卷31，第54-58页。转载自安德烈·列多夫斯基、赖莎·米罗维茨卡娅 与弗拉基米尔·米亚斯尼科夫编《苏中关系》，第5卷，第2册，1946年-1950年2月 （莫斯科：历史思想纪念碑出版社，2005年），第11-14页。由谢尔盖·拉琴科为国际冷战史项目翻译。 **摘要,topic,1949 年北平接触,,,国民党,,25
978,1949,1949-01-10,北平接触与民盟人士沟通,在向他转达第0100号电报的内容并阅读书面译文后，毛泽东表示，我们的计划如下： 在占领北平（北京）后，召开协商会议，随后组建联合政府。 我打算于2月底返回，以便在3月召开中共七届二中全会，随后于4月举行协商会议；但最好休息一个月，充分准备后于5月举行，进而在夏季组建联合政府。,topic,1949 年北平接触,罗隆基; 张澜; 黄炎培; 蒋介石,北平接触; 联合政府,国民党; 中国共产党; 国民大会,北平; 南京; 上海,50
979,1949,1949-01-10,北平接触与民盟人士沟通,甚至连美国人也在试图与我们建立联系，更不用说许多美国记者（以及英国记者）在香港和从北平[北京]来到我们这里的人，都请求我们允许他们进入解放区看看——我们拒绝了所有人。,topic,1949 年北平接触,周恩来; 司徒雷登; 蒋介石,北平接触,国民党; 中国共产党,北平; 上海; 香港; 满洲,40
980,1949,1949-01-10,北平接触与民盟人士沟通,中共的主要要求是：傅作义允许中共军队通过他的部队进入北平，不得破坏城市。 毛泽东预计，攻克天津和消灭被围的杜聿明集团将在1月份进行，而夺取北平则在2月份。,topic,1949 年北平接触,周恩来; 蒋介石,北平接触,中国共产党,北平; 延安; 天津,40
981,1949,1949-01-12,China Mail 1949-01-12 · 联合政府讨论,天津，1月11日。 今日，随着四人和平代表团在与城外中共方面进行初步会晤后满意而归，民众免受内战进一步蹂躏的希望骤然高涨。 代表团成员——均为市参议员——进入中共控制区后，于今晨携条件返回，并带回中共方面关于停止炮击的承诺。 和平特使称，中共方面对参议员们为天津民众利益所作的努力表示赞赏。 中共方面批准了天津人民关于和平的要求，并表示无意摧毁天津。声明续称，中共方面表达了进行和谈的意愿，并请参议员,topic,1949 年北平接触,蒋介石,马歇尔调处; 联合政府,国民政府; 中国共产党; 行政院,香港; 天津; 华盛顿,25
982,1949,1949-01-17,北平接触与民盟人士沟通,**华北和平促进会** 与此同时，在加强城墙内外防御的同时，据报道，各公共团体已自行组织成“华北人民和平促进会”，并邀请知名社会领袖及自由派人士，包括被取缔的中国民主同盟成员及各大院校校长，组成一个委员会，向共产党当局请求在华北立即停火。 ——路透社 **共产党于周六获得面粉和小麦供应** 这可能意味着在共产党威胁下的北平，粮食配给制的崩溃，除非能迅速组织起陆路供应系统，美国经济合作署中国项目主任,topic,1949 年北平接触,张君劢; 蒋介石,马歇尔调处; 北平接触; 联合政府; 民盟,中国民主同盟; 国民党; 中国共产党; 青年党; 民主社会党,北平; 香港; 天津; 华盛顿,55
983,1949,1949-01-26,CIA Reading Room cia-rdp82-00457r002300020004-4: ECONOMIC INFORMATION: HAIAOFENGMAN POWER PLANT,另注：高崇民是东北地区中国民主同盟的领导人。,topic,1949 年北平接触,,民盟,中国民主同盟; 中国共产党,沈阳,40
984,1949,1949-01-27,POLITICAL INFORMATION: CHINESE COMMUNIST PERSONALITIES IN SOUTH CHINA,**钱汝棠**与中国民主同盟及华南救济委员会有关联。 **冯德方**是中国民主同盟港九支部的主席。,topic,1949 年北平接触,,民盟,中国民主同盟; 中国共产党,香港,40
985,1949,1949-01-31,北平接触与民盟人士沟通,1949年1月31日 米高扬与毛泽东会谈纪要 摘要：毛泽东讨论联合政府的组建及其最佳时机。 毛泽东讲述了以下内容： **关于联合政府组建的准备工作** 毛泽东说，组建政府的准备工作与清除北平[北京]敌对分子有关，这大约需要三周时间，此后便可在作为恢复后首都的北平组织联合政府。,topic,1949 年北平接触,周恩来; 蒋介石,北平接触; 联合政府,国民党; 中国共产党,北平; 南京; 上海; 满洲; 天津,60
986,1949,1949-02-02,北平接触与民盟人士沟通,北平的自由派知识分子感到沮丧，认为达成任何力量均衡的和平已无可能。 这些知识分子相信，中国民主同盟和李济深领导的中国国民党革命委员会，即使作为点缀，也不会被中共允许参加三月份的人民政治协商会议。,topic,1949 年北平接触,,政协; 北平接触; 民盟,中国民主同盟; 国民政府; 国民党; 中国共产党; 政治协商会议,北平; 南京,55
987,1949,1949-02-03,Memorandum of Conversation between Anastas Mikoyan and Mao Zedong,**档案来源：** **国际史解密档案** **日期：** 1949年2月3日 **阿纳斯塔斯·米高扬与毛泽东会谈纪要** **引文：** 『阿纳斯塔斯·米高扬与毛泽东会谈纪要』，1949年2月3日，历史与公共政策项目数字档案，俄罗斯联邦总统档案馆（APRF）：全宗39，目录1，案卷39，第47-53页。重印于安德烈·列多夫斯基、赖莎·米罗维茨卡娅和弗拉基米尔·米亚斯尼科夫编，《苏中关系》，第5卷,topic,1949 年北平接触,,,国民党; 中国共产党,,25
988,1949,1949-02-03,Memorandum of Conversation between Anastas Mikoyan and Mao Zedong,**关于国民党与中共谈判中的外国调停问题** 1949年2月3日晚，与毛泽东举行了又一次会谈。参加会谈的有中共中央政治局成员周恩来、刘少奇、任弼时和朱德，以及翻译师哲。我方出席的有伊·瓦·科瓦廖夫和[苏联中国问题专家]叶·弗·科瓦廖夫。 相互问候之后，会谈开始，我首先指出，我们获悉英国、美国和法国主张由它们承担起调停国民党与中共的职能。后来，这些大国不知通过何种途径了解到苏联和中共反对外国调停，它,topic,1949 年北平接触,周恩来,,国民党; 中国共产党,香港,25
989,1949,1949-02-04,Memorandum of Conversation between Anastas Mikoyan and Mao Zedong,**档案来源：** **档案** **日期：** 1949年2月4日 **文件：** 阿纳斯塔斯·米高扬与毛泽东会谈备忘录 **引文：** 『阿纳斯塔斯·米高扬与毛泽东会谈备忘录』，1949年2月4日，历史与公共政策项目数字档案，俄罗斯联邦总统档案馆（APRF）：全宗39，目录1，案卷39，第54-62页。转载自安德烈·列多夫斯基、赖莎·米罗维茨卡娅、弗拉基米尔·米亚斯尼科夫编，《苏中关系》，第5,topic,1949 年北平接触,,政协,国民党; 中国共产党; 政治协商会议,,60
990,1949,1949-02-04,Memorandum of Conversation between Anastas Mikoyan and Mao Zedong,1949年2月4日，与毛泽东的又一次会晤在中共中央政治局成员周恩来、刘少奇、任弼时、朱德以及翻译师哲的陪同下举行。我方出席的有科瓦廖夫·伊[万]·V.和科瓦廖夫·E.F.。 **民族问题** 我向毛泽东转达，我党中央建议中国共产党在民族问题上不要过度，即不要通过给予少数民族独立地位来行事，以免因共产党接管政权而缩减中国国家的领土。应当给予少数民族自治权，而非独立。 毛泽东对这一建议表示高兴，但从其,topic,1949 年北平接触,周恩来,,国民党; 中国共产党,,45
991,1949,1949-02-04,北平接触与民盟人士沟通,毛泽东对科瓦廖夫同志听候他调遣表示感谢，并继续谈话说，当中共中央迁至北平时，我们之间的关系将在两个层面发展——外交层面和党的层面。,topic,1949 年北平接触,周恩来,北平接触,中国共产党,北平; 重庆; 满洲,60
992,1949,1949-02-04,北平接触与民盟人士沟通,国民党也无力独立组织联合政府。 我们知道，前驻苏联大使颜惠庆打算来北平就上海问题的和平解决进行谈判。,topic,1949 年北平接触,蒋介石,政协; 第三方面; 北平接触; 联合政府; 民盟,中国民主同盟; 国民党; 中国共产党; 政治协商会议,北平; 上海,75
993,1949,1949-02-05,Memorandum of Conversation between Anastas Mikoyan and Mao Zedong,**档案来源：** **国际史解密档案** **日期：** 1949年2月5日 **主题：** 阿纳斯塔斯·米高扬与毛泽东会谈纪要 **引文：** 『阿纳斯塔斯·米高扬与毛泽东会谈纪要』，1949年2月5日，历史与公共政策项目数字档案，俄罗斯联邦总统档案馆（APRF）：全宗39，目录1，案卷39，第74-77页。重印于安德烈·列多夫斯基、赖莎·米罗维茨卡娅与弗拉基米尔·米亚斯尼科夫编，《苏中关系》,topic,1949 年北平接触,,,中国共产党,,25
994,1949,1949-02-05,北平接触与民盟人士沟通,他举了和平解决进军北平的例子，在那里傅作义的部队接受了投降条件。,topic,1949 年北平接触,周恩来,北平接触,国民党; 中国共产党,北平; 南京; 上海,40
995,1949,1949-02-05,北平接触与民盟人士沟通,军事行动必须从北平（北京）推进到广州。 现在，我们必须发展长春、本溪湖、鞍山、张家口、烟台、北平、天津等城市。,topic,1949 年北平接触,,北平接触,国民党; 中国共产党,北平; 上海; 满洲; 桂林; 天津,40
996,1949,1949-02-16,POLITICAL INFORMATION:  PSEUDONYMS USED BY CHINESE COMMUNISTS IN REFERRING TO VARIOUS PUBLIC FIGURES,Soong) | | 衡谷 (Heng Cru) | 张澜 (Chang Lan) | | 欧雷 (Ore) | 罗隆基 (Lo Lung-chi) | | 何九公 (Ho Chiu Kung Ten) | 李宗仁 (Li Tsung-jen) | | 灵公 (ling Kung) / 仁教 (Jen Chiao) | 李济深 (Li Chi-shen) | | 李金 (L chin) | 张君劢,topic,1949 年北平接触,罗隆基; 张澜; 沈钧儒; 张君劢,,中国共产党,,55
997,1949,1949-03-31,北平接触与民盟人士沟通,**机密** | 分类标记：全球限制性分发 | 仅供美国官方使用 | 2g 批准解密：2008年 情报报告 国家：马来亚 主题：中国民主同盟 分发日期：1949年5月16日 页数：1页 信息来源地：6a | 2g 获取方式：2g | 参考文献：6 信息日期：1949年5月10日 报告编号：无 1. 新加坡的中国民主同盟（民盟）已收到指令，要求增加活动。,topic,1949 年北平接触,,北平接触; 民盟,中国民主同盟; 中国共产党,北平; 南京; 香港,75
998,1949,1949-04-13,北平接触与民盟人士沟通,他指出，中共代表团（以周恩来同志为首）与国民党代表团（以张治中为首）正在北平进行谈判。 周恩来同志详细介绍了谈判的具体细节，包括双方在战犯名单、军队改编、联合政府组成等问题上的分歧。,topic,1949 年北平接触,周恩来,北平接触; 联合政府,国民党; 中国共产党,北平; 南京; 上海,40
999,1949,1949-04-13,北平接触与民盟人士沟通,毛泽东同志说，我们视此提议为一种企图，并非为了援助中国人民，而是为了挽救美国资本主义于危机（依据马歇尔计划），并试图将中国人民置于枷锁之下，如同他们在蒋介石政权下所做的那样。 一些将领，例如白崇禧，他掌握着32个师的兵力，已经与我们建立了联系，以便像北平（北京）的傅作义将军那样，通过和平方式解决问题。,topic,1949 年北平接触,马歇尔; 蒋介石,马歇尔调处; 北平接触,国民党; 中国共产党,北平; 南京; 上海,40
1000,1949,1949-04-13,北平接触与民盟人士沟通,关于以北平方式和平解放南京、上海和汉口一事，[我]提请你注意国民党政府和指挥部的某些行为事实： 1. 具体而言，北平至汉口段黄河上的吴川附近一座大桥被毁。,topic,1949 年北平接触,周恩来,北平接触,国民党; 中国共产党,北平; 南京; 上海,40
1001,1949,1949-04-25,CIA Reading Room cia-rdp82-00457r002700450001-6: POLITICAL INFORMATION: SPLIT IN DEMOCRATIC LEAGUE,**档案编号：** CIA-RDP82-00457R002700450001-6 机密/控制——仅限美国官员 **中央情报局** 报告编号：[未标明] **国家：** 中国 **主题：** 政治情报：中国民主同盟内部分裂 **日期分发：** 1949年5月6日 **页数：** 1页 **信息来源：** 25X1A2g **信息日期：** 25X1X6 **补充报告编号：** [未标明] 中国民主同,topic,1949 年北平接触,,民盟,中国民主同盟; 中国共产党,,40
1002,1949,1949-05-02,CHINESE COMMUNIST VIEW CONCERNING THIRD WORLD WAR,中国民主同盟成员张东荪（Chang Tung-sun）从天津致函消息来源，称中共不仅不愿在取得彻底胜利之前结束当前内战，而且他们预期并已准备好应对即将爆发的第三次世界大战。 **注释**： - 原文中的“Beeetants League”应为“Democratic League”的OCR识别错误，根据统一术语表译为“中国民主同盟”。,topic,1949 年北平接触,张东荪,民盟,中国民主同盟; 中国共产党,天津,40
1003,1949,1949-05-06,CHINESE COMMUNIST WOMEN CONNECTED WITH THE WORLD FEDERATION OF DEMOCRATIC WOMEN,**注释：** 本情报基于以下来源：（a）一位曾在上海任教、受过良好教育的年长华人；（b）一位在广州任教、持有自由主义观点、受过美国教育的华人教授，他能接触到某些仅限于中国共产党和中国民主同盟成员阅读的出版物；以及（c）香港的共产党人士，通过《华商报》获取信息。,topic,1949 年北平接触,史良,民盟,中国民主同盟; 中国共产党,上海; 香港,40
1004,1949,1949-05-23,POLITICAL INFORMATION: CHINA DEMOCRATIC LEAGUE MEMBERS' ESCAPE FROM SHANGHAI TO HONG KONG,中央情报局报告 编号 ■ 情报报告 文件编号 A 国家 中国/香港 主题 政治情报：中国民主同盟成员三人自上海逃往香港 分发日期 1949年5月23日 页数 1,topic,1949 年北平接触,,民盟,中国民主同盟,上海; 香港,60
1005,1949,1949-05-23,CIA Reading Room cia-rdp82-00457r002800130003-8: POLITICAL INFORMATION: CHINA DEMOCRATIC LEAGUE MEMBERS' ESCAPE FROM SHANGHAI TO HONG KONG,**机密** **中央情报局** **情报报告** 报告编号：20X14 国家：中国/香港 分发日期：1949年5月23日 主题：政治情报：中国民主同盟 页数：1 民盟成员从上海逃往香港 来源：（略） 获取地点：（略） 报告日期：（略） 补充报告编号：（略） 1. 中国民主同盟执行委员会委员叶笃义，在险些遭国民党于上海逮捕后，于1949年5月20日与另一民盟成员樊璞斋化装抵达香港。,topic,1949 年北平接触,罗隆基; 张澜,民盟,中国民主同盟; 国民党; 中国共产党,上海; 香港,50
1006,1949,1949-05-31,CIA Reading Room cia-rdp82-00457r002800350009-8: LIAISON BETWEEN PRINCE TE AND LEFTIST ORGANIZATIONS,**档案编号：** CIA-RDP82-00457R002800350009-8 **国家：** 中国 机密 **中央情报局情报报告** **日期分发：** 1949年5月31日 **主题：** 特使与左翼组织之间的联络 **页数：** 1页 **信息来源地：** **情报日期：** **补充报告编号：** 无 中国民主同盟与中国国民党革命委员会已从上海向广州的特使发送了一份函件。 该函件表达了上,topic,1949 年北平接触,,联合政府; 民盟,中国民主同盟; 国民党,上海,40
1007,1949,1949-06-03,第三方面在国共之间寻求政治空间,在广东，一位发言人今日表示，政府正严肃关注有关其他国家正在讨论承认中共的报道。 政府可能希望没有任何国家会承认中共政权，也没有任何国家集团能够就中国问题达成共同行动方针。 立法院周一拒绝批准国民党核心圈内年迈的成员居正，其资格审查委员会以决定性投票将其否决。 （中共）接受了中共提出的24项和平条件 （报道）以南京西南145英里处为例，说明如果战争继续，中共将会采取何种行动。 负责军事重组谈判的代表,topic,1949 年北平接触,周恩来,第三方面,国民党; 中国共产党,南京; 香港,25
1008,1949,1949-06-13,北平接触与民盟人士沟通,PORE] 号** **国家：** 中国 **日期分发：** 1949年6月13日 **主题：** 政治情报：中共关于联合政府的计划 **页数：** 1 **来源：** [此处为来源信息，原文未提供具体内容] **** [此处为原始档案中的审查标记或编码] **获取日期：** [i 图书馆] ——“SBTEP Beto” **归还至：** CIA 图书馆 **信息日期：** [i 补充至报告编号],topic,1949 年北平接触,,北平接触; 联合政府; 民盟,中国民主同盟; 国民党; 中国共产党,北平; 南京; 上海,55
1009,1949,1949-06-14,"Cable, Mao Zedong [via Kovalev] to Stalin",**档案来源：** **日期：** 1949年6月14日 **文件：** 毛泽东[通过科瓦廖夫]致斯大林的电报 **引文：** 『毛泽东[通过科瓦廖夫]致斯大林的电报』，1949年6月14日，历史与公共政策项目数字档案，俄罗斯联邦总统档案馆（APRF）：全宗45，目录1，案卷331，第101-111页。重印于安德烈·列多夫斯基、赖莎·米罗维茨卡娅和弗拉基米尔·米亚斯尼科夫编，《苏中关系》，第5卷，,topic,1949 年北平接触,,,,,25
1010,1949,1949-06-14,"Cable, Mao Zedong [via Kovalev] to Stalin",11. 目前我们尚无一项广泛的宣传与展示中苏友好关系的计划。我们的意见是，利用各民主党派人士赴苏联及东欧新民主主义国家参观访问的机会，让他们亲眼目睹并感受到苏联对中国的友好关系，从而消除他们中一些人在这方面的错误看法。 此举将有助于在民主政府成立后，顺利推进与苏联就贷款及苏联专家问题正式签订条约。同时，这也有助于苏联专家在中国正式开展工作。 鉴于政府将于8月成立，而民主人士需与我们共同在6月至7月,topic,1949 年北平接触,,,,,25
1011,1949,1949-06-18,"Cable, Filippov [Stalin] to Mao Zedong [via Kovalev]",**档案来源：** **国际史解密档案** **1949年6月18日** **斯大林（化名菲利波夫）致毛泽东电（通过科瓦廖夫转交）** **引文：** 『斯大林（化名菲利波夫）致毛泽东电（通过科瓦廖夫转交）』，1949年6月18日，历史与公共政策项目数字档案，俄罗斯联邦总统档案馆（APRF）：全宗45，目录1，案卷331，第119页。重印于安德烈·列多夫斯基、赖莎·米罗维茨卡娅与弗拉基米尔·米亚斯,topic,1949 年北平接触,,,,,25
1012,1949,1949-06-20,China Mail 1949-06-20 · 联合政府讨论,"**基于平等原则的外交关系——4** **联合政府与** 中共领袖毛泽东先生在八月的一次会议上发表讲话，此次会议将起草全国联合政府的蓝图。 这位中共领导人表示，多党政治协商会议将宣布成立""中国人民民主共和国""，以取代摇摇欲坠的国民党政府，并选举产生""民主联合政府""。",topic,1949 年北平接触,,政协; 联合政府,国民政府; 国民党; 中国共产党; 政治协商会议,上海; 天津,40
1013,1949,1949-06-30,北平接触与民盟人士沟通,# 1949 讲话/文件 **标题：论人民民主专政** **作者：毛泽东** **日期：** 1949年6月30日 **来源：** 7月1日北平电台广播。,topic,1949 年北平接触,,马歇尔调处; 北平接触,国民党; 中国共产党,北平,40
1014,1949,1949-07-04,"Report from the Head of the Delegation of the CC of the Chinese Communist Party, 'The Current State of the Chinese Revolution'",**档案来源：** 数字档案馆 digitalarchive.wilsoncenter.org **国际史解密项目** **1949年7月4日** **中国共产党中央代表团团长关于“中国革命当前形势”的报告** **引文：** “中国共产党中央代表团团长关于‘中国革命当前形势’的报告”，1949年7月4日，历史与公共政策项目数字档案馆，俄罗斯国家社会政治史档案馆（РГАСПИ），全宗 558，目录,topic,1949 年北平接触,,政协,中国共产党; 政治协商会议,,40
1015,1949,1949-07-04,北平接触与民盟人士沟通,人民解放军已攻占1043座城市，包括上海、南京、北平、天津、武汉等大城市，这占中国所有县级及以上城市（共2000座）的51%。,topic,1949 年北平接触,蒋介石,北平接触,国民党; 中国共产党,北平; 南京; 上海; 天津,40
1016,1949,1949-07-04,北平接触与民盟人士沟通,"中国民主党派的大多数高层人士已抵达北平[北京]。 其中 20,000 人属于中国民主同盟。",topic,1949 年北平接触,蒋介石,政协; 北平接触; 民盟,中国民主同盟; 国民党; 中国共产党; 政治协商会议,北平,55
1017,1949,1949-07-04,"Report from the Head of the Delegation of the CC of the Chinese Communist Party, 'The Current State of the Chinese Revolution'",是的。 关于苏联从满洲运走机器设备的问题，我们解释说，这些机器属于日本人，苏联将其作为战利品运出，用于自身的社会主义建设，并且考虑到这些设备不应落入中国反动派之手，以免被用来反对中国人民。苏联的做法完全正确。 这些解释是否正确？ [左侧手写：“正确。”] 我们希望尽快解决建立邮政、电报、铁路和航空通信的问题，并成立一家苏中混合航空公司。此事应如何办理？ 如何最好地解决与东欧人民民主国家建立关系及开,topic,1949 年北平接触,,,中国共产党,满洲,25
1018,1949,1949-07-04,"Report from the Head of the Delegation of the CC of the Chinese Communist Party, 'The Current State of the Chinese Revolution'",**指示与批评中共的工作与政策。** 中国共产党代表团团长 [中文签名] 刘少奇 中国共产党中央委员会 1949年7月4日 译自中文 [由] [签名] (S. P. 安德烈耶夫) --- 分页符 ---,topic,1949 年北平接触,,,中国共产党,,25
1019,1949,1949-07-06,Kovalev reports to Stalin advice on running a communist government,**档案来源：** **日期：** 1949年7月6日 **文件：** 科瓦廖夫致斯大林报告 **引文：**『科瓦廖夫致斯大林报告』，1949年7月6日，历史与公共政策项目数字档案，俄罗斯联邦总统档案馆（APRF）：全宗3，目录65，案卷363，第20-23页。转载自安德烈·列多夫斯基、赖莎·米罗维茨卡娅、弗拉基米尔·米亚斯尼科夫编，《苏中关系》，第5卷，第2册，1946年-1950年2月（莫斯科,topic,1949 年北平接触,,,中国共产党,满洲,25
1020,1949,1949-07-06,Kovalev reports to Stalin advice on running a communist government,a. 关于为机械制造厂提供重型设备的问题，不以信贷方式，而是作为易货贸易，以货易货； b. 他们希望明确苏联与满洲之间贸易的前景，包括商品名称、价格、货物交换方式及时间安排； c. 他们希望为满洲获得不少于300名各工业领域的专家，特别是用于替换在冶金、军工、航空工业以及发电厂和医院中担任医生的日本人。 他们还提出了旅顺港的问题，宣称希望苏联军队在那里驻扎的时间不是条约规定的30年，而是60年，但,topic,1949 年北平接触,,,,满洲,25
1021,1949,1949-07-06,Kovalev reports to Stalin advice on running a communist government,同意成立一个委员会，负责拟定关于赊购商品供应的协议。但鉴于财政经济机构尚未建立，且缺乏专家、数据及所需设备的估算，[他]请求待苏联专家抵达中国并研究工业状况后，再就地制定设备订单清单。他在电报中指出，贷款（50%）将主要用于满洲，其次是华北，然后是西北，用于恢复冶金、煤炭工业、发电厂、铁路，以及组织石油的开采与加工。代表团还表示，其有权签署贷款协议，无需再与中共中央进一步磋商。 科瓦廖夫。 摘自科,topic,1949 年北平接触,,,国民党; 中国共产党,满洲,25
1022,1949,1949-07-06,Report from the Head of the Delegation of the Chinese Communist Party CC to Stalin,二、关于中国民主同盟及其他民主党派问题，我们拟就以下事项征求您的意见： （1）中国民主同盟（民盟）及其他民主党派在即将成立的新政权中的地位与作用； （2）如何对待民盟内部的不同派别，特别是罗隆基、张澜、沈钧儒等领导人的政治倾向； （3）民盟与中国共产党合作的历史经验及未来关系模式。 - 报告中所提“中国民主同盟”即“民盟”，为当时中国主要民主党派之一。,topic,1949 年北平接触,罗隆基; 张澜; 沈钧儒; 司徒雷登,民盟,中国民主同盟; 国民党; 中国共产党,,50
1023,1949,1949-07-06,Report from the Head of the Delegation of the Chinese Communist Party CC to Stalin,1) 以机器设备交换苏联商品。 2) 在大连和满洲建立统一货币，以促进大连与满洲之间的经济联系，减轻我方硬通货负担，并更好地恢复大连的工业。 3) 开放大连港，向香港和日本出口煤炭、盐等物资。 如果上海和天津被封锁，能否利用大连港进行对华进出口贸易？在此情况下，是否允许英美商船进出大连港？ 4) 关于鸭绿江水电站电力使用的问题。满洲方面要求上述水电站将其一半的电力供应给满洲。中国在该水电站建设中投,topic,1949 年北平接触,,,中国共产党,上海; 香港; 满洲; 天津,25
1024,1949,1949-07-07,北平接触与民盟人士沟通,该同盟在重庆、南京、上海、北平以及海外设有支部，约有200名成员。 1945年，在我党提出建立联合政府的口号以及国民党第六次全国代表大会召开后，该联合会正式公开。,topic,1949 年北平接触,罗隆基; 张澜; 黄炎培; 章伯钧; 张东荪; 蒋介石,政协; 马歇尔调处; 北平接触; 联合政府; 民盟,中国民主同盟; 国民党; 中国共产党; 政治协商会议,北平; 南京; 重庆; 上海; 香港,85
1025,1949,1949-07-18,Liu Shaoqi about his meeting with Stalin,**档案来源：** **国际史解密项目** **1949年7月18日** **刘少奇致毛泽东电** **引文：** 『刘少奇致毛泽东电』，1949年7月18日，历史与公共政策项目数字档案，源自《建国以来刘少奇文稿》第一册（北京：中央文献出版社，2005年），第30-37页。由戴维·沃尔夫为CWIHP翻译。 **摘要：** 成立了一个委员会，负责起草苏联向中国提供贷款的初步草案。斯大林会见了中共代表,topic,1949 年北平接触,,,中国共产党,北平,25
1026,1949,1949-07-18,Liu Shaoqi about his meeting with Stalin,**关于斯大林与中国共产党代表团会谈情况的电报（1949年7月18日）** 致中央，毛主席： 一、在我们向苏共中央斯大林提交了书面报告及其他一些材料后，7月11日晚10时，苏共中央政治局在克里姆林宫举行会议。我们[刘少奇、高岗、王稼祥]和科瓦廖夫出席，师哲担任翻译。[其他与会者包括]斯大林、莫洛托夫、马林科夫、[拉夫连季]贝利亚、米高扬、[拉扎尔]卡冈诺维奇、[尼古拉]布尔加宁、[尼古拉]什维尔尼,topic,1949 年北平接触,,,中国共产党,,25
1027,1949,1949-07-27,Memorandum of Conversation between Liu Shaoqi and Stalin,**1949年 讲话/文件** **标题：刘少奇与斯大林会谈备忘录** **作者：** **日期：1949年7月27日** **来源：**《建国以来刘少奇文稿》（中共中央文献研究室与中央档案馆合编）第1卷（北京，2005年），第40-41页。由David Wolff自中文译出。发表于CWIHP《公报》第16期 **描述：** 斯大林、布尔加宁和维辛斯基为一方，刘少奇、高岗和王稼祥为另一方，讨论中国,topic,1949 年北平接触,周恩来; 蒋介石,,国民党; 中国共产党,北平; 重庆,25
1028,1949,1949-07-27,北平接触与民盟人士沟通,斯大林立即意识到高岗的言论并未获得北平方面的授权，便与高岗划清了界限。,topic,1949 年北平接触,,北平接触,国民党; 中国共产党,北平; 满洲,40
1029,1949,1949-08-08,北平接触与民盟人士沟通,**中央情报局 · 补充报告** **国家：** 中国 **主题：** 民盟会籍政策变更计划——罗隆基（Lo Lung-chi）与张澜（Chang Lan） **分发日期：** 1949 年 8 月 8 日 **页数：** 1 1. 目前正试图对中国民主同盟（CDL，简称民盟）进行改组。,topic,1949 年北平接触,罗隆基; 张澜; 蒋介石,北平接触; 民盟,中国民主同盟; 中国共产党,北平; 上海,85
1030,1949,1949-08-08,北平接触与民盟人士沟通,**机密** **中央情报局** **情报报告** 报告编号： **国家**：中国 **机密** **分发日期**：1949年8月8日 **主题**：中国民主同盟成员资格政策变更计划——罗隆基与张澜 **页数**：1页 信息来源： 1. 目前正试图改组中国民主同盟，该组织原为若干政党的联盟，拟将成员资格改为以个人为基础。,topic,1949 年北平接触,罗隆基; 张澜; 蒋介石,北平接触; 民盟,中国民主同盟; 中国共产党,北平; 上海,65
1031,1949,1949-08-10,北平接触与民盟人士沟通,**中央情报局报告** **信息来源：外国文件或无线电广播** **国家：** 中共控制区 **信息日期：** 1949年 **主题：** 人物志——中国左翼人士 **出版形式：** 日报 **出版地点：** 香港 **页数：** 4 **出版日期：** 1949年5月20日 **语言：** 中文 **本文件包含影响国家防务的信息** **此为未经评估的信息** **来源：** 《华商报》 **新,topic,1949 年北平接触,罗隆基; 张澜; 沈钧儒; 黄炎培; 章伯钧; 史良; 张东荪; 周恩来,政协; 北平接触; 民盟,中国民主同盟; 国民党; 中国共产党; 政治协商会议,北平; 上海; 香港,85
1032,1949,1949-10-01,北平接触与民盟人士沟通,"75 | 1,030,572 | | 8 | 北平市 | 河北 | 707.",topic,1949 年北平接触,,北平接触,国民政府; 中国共产党; 美国国务院; 行政院,北平; 南京; 重庆; 上海; 沈阳; 满洲; 桂林; 天津,40
1033,1949,1949-10-27,北平接触与民盟人士沟通,**国家**：中国 **主题**：北平当前报纸情况 **地点**：北平 **获取途径****：** **情报日期**：** **报告编号**：** **中央情报局情报报告** **报告编号**：CD No. **日期分发**：1945年10月27日 **页数**：2页 **返回中央情报局图书馆** **附件数量**：（见下文） **本报告补充报告编号**： 中国共产党军事报纸《解放军报》于1949,topic,1949 年北平接触,,北平接触; 民盟,中国民主同盟; 中国共产党,北平; 南京; 重庆; 上海; 香港; 成都,55
1034,1949,1949-10-31,CIA Reading Room cia-rdp82-00457r003600570008-6: CURRENT NEWSPAPERS IN SHANGHAI,《文汇报》，与中国民主同盟有关联；发行人：徐铸成。,topic,1949 年北平接触,,政协; 民盟,中国民主同盟; 中国共产党; 政治协商会议,上海,55
1035,1949,1949-11-07,北平接触与民盟人士沟通,周三座谈会是由黄绍竑组织的一个团体，旨在聚集国民党内的进步分子，并联合已在北平成立的三个国民党分裂派别*，组成一个对中共友好的单一政党。 这个新政党将加入中国共产党（中共）领导的联合政府，因为中共允许友好政党存在，但不允许反对党存在。,topic,1949 年北平接触,,北平接触; 联合政府; 民盟,中国民主同盟; 国民党; 中国共产党,北平; 香港,55
1036,1949,1949-11-10,北平接触与民盟人士沟通,今年夏天刘少奇率领中国代表团赴莫斯科时，毛泽东本人曾想亲自率团，但当时中共领导层刚刚抵达北平，政府尚未组建，大量组织工作亟待处理，若无毛泽东则无法进行，故其留在了北平。,topic,1949 年北平接触,周恩来,北平接触,国民党; 中国共产党,北平; 南京; 满洲,40
1037,1949,1949-11-28,北平接触与民盟人士沟通,**机密** **中央情报局报告** **信息来源：** 外国文件或无线电广播 **国家：** 中共 **主题：** 政治 - 传记 **出版地：** 香港 **出版日期：** 1949年10月21日 **语言：** 中文 **信息日期：** 1949年 **分发日期：** 1949年11月 **页数：** 3 **来源：** 《文汇报》 **中央人民政府文化教育委员会** **主任委员：** 郭,topic,1949 年北平接触,张东荪,北平接触; 民盟,中国民主同盟; 国民党; 中国共产党,北平; 南京; 香港,75
1038,1949,1949-12-02,北平接触与民盟人士沟通,交通部** * **部长：** * 章伯钧（Zhang Bojun），中国民主同盟成员。 * 李相符（Li Xiangfu），教授，中国民主同盟成员。,topic,1949 年北平接触,黄炎培; 章伯钧; 史良; 周恩来,北平接触; 民盟,中国民主同盟; 国民党; 中国共产党,北平; 南京; 上海; 香港,55
1039,1949,1949-12-16,Record of conversation between Stalin and Mao Zedong,"**档案编号：** APRF, f. 45, op. 1, d. 329, ll. 9-17 **日期：** 1949年12月16日 **主题：** 斯大林与中华人民共和国中央人民政府主席毛泽东会谈记录（1949年12月16日） **引文：** 『Record of Conversation between I.V. Stalin and Chairman of the Central Peopl",topic,1949 年北平接触,,,,,25
1040,1949,1949-12-16,Record of conversation between Stalin and Mao Zedong,[密级涂黑处： 加盖“非机密”章] **苏联部长会议主席斯大林同志与中华人民共和国中央人民政府主席毛泽东会谈记录** **1949年12月16日** 互致问候并讨论一般性问题后，进行了如下谈话。 **毛泽东同志：** 当前最重要的问题是确立和平。中国需要3至5年的和平时期，用以将经济恢复到战前水平，并实现国家的总体稳定。中国重大问题的决策，都取决于和平前景如何。有鉴于此，中共中央委托我向您，斯大林,topic,1949 年北平接触,,,中国共产党,满洲,25
1041,1949,1949-12-18,Telegram Mao Zedong to Liu Shaoqi about meeting with Stalin,**1949年 讲话/文件** **标题：致刘少奇电** **作者：毛泽东** **日期：1949年12月18日** **来源：** 参见裴坚章等编，《中华人民共和国外交史》（北京：世界知识出版社，1994年），第17-18页。 **内容描述：** （1）我于16日抵达莫斯科，当晚10时（北京时间）与斯大林会晤两小时。他的态度十分诚恳。所涉及的问题包括和平前景、条约、贷款、台湾以及我的选集出版事宜,topic,1949 年北平接触,周恩来,,国民党,北平,25
1042,1949,1949-12-20,北平接触与民盟人士沟通,**中央情报局 · 情报报告** （机密 / 管制 — 仅供美方官员） **国家：** 中国 **主题：** 罗隆基（Lo Lung-chi） **分发日期：** 1949 年 12 月 20 日 **页数：** 1 中国民主同盟领导人罗隆基（1896-1965，清华大学政治学博士、民盟宣传委员会主任）写道，他实际上已沦为北平的一名囚徒。 > 译注：本报告是 CIA 收到的关于罗隆基政治处境的早期,topic,1949 年北平接触,罗隆基; 张澜,政协; 北平接触; 民盟,中国民主同盟; 政治协商会议,北平; 上海,85
1043,1949,1949-12-24,"Report, Kovalev to Stalin",**档案标题：** 科瓦廖夫致斯大林的报告 **日期：** 1949年12月24日 **引文：** 『科瓦廖夫致斯大林的报告』，1949年12月24日，历史与公共政策项目数字档案，来源：俄罗斯联邦总统档案馆（APRF）：全宗3，目录65，案卷584，第123-144页。转载自安德烈·列多夫斯基、赖莎·米罗维茨卡娅、弗拉基米尔·米亚斯尼科夫编，《苏中关系》，第5卷，第2册，1946年-1950年2月,topic,1949 年北平接触,,,中国共产党,,25
1044,1949,1949-12-24,"Report, Kovalev to Stalin","致斯大林同志 现就中国共产党中央委员会若干政策与实践问题向您报告。 1. 国家经济形势若干数据。 您曾建议中国同志""特别注意恢复和发展民族工业，包括民族资产阶级手中的工业""。 应当指出，除满洲外，这方面尚未取得实质性成果，国家正面临严重经济困难。 主要工业部门的生产规模仍远低于最高产量年份的水平。例如，1949年煤炭产量仅为3350万吨，而最高产量年份（1942年）为5870万吨，即仅达57%。 ",topic,1949 年北平接触,,,中国共产党,上海; 满洲,25
1045,1949,1949-12-24,"Report, Kovalev to Stalin","铁路运输方面的情况有所改善，1949 年共修复铁路约 2,650 公里、桥梁 1,355 座（总长 13,550 米），这使得华北、华中及华南铁路沿线（总长 9,700 公里）得以恢复列车运行，人民解放军最重要进军路线上的交通得以恢复，中国北方地区与华中、华南地区也得以连接。 批发与零售贸易，除满洲地区外，几乎完全掌握在私商手中，这使国家无法对市场状况及市场价格施加任何影响，导致部分商品（尤其是粮",topic,1949 年北平接触,,,国民党,满洲,25
1046,1949,1949-12-24,"Report, Kovalev to Stalin",目前未采取任何措施来调节货币流通。大规模发行货币仍在继续。截至1949年11月1日，流通中的人民银行（People's Bank of China）纸币为14010亿元，东北银行（Bank of the Northeast）纸币为9972亿元；仅1949年10月，就发行了664亿元的人民银行纸币和1120亿元的东北银行纸币。1949年11月，货币发行量同样巨大。 为弥补预算赤字而发行的货币导致流通,topic,1949 年北平接触,,,,北平; 天津,25
1047,1949,1949-12-24,"Report, Kovalev to Stalin",2. 关于工人阶级 您在 1949 年 1 月曾建议“争取中国工人阶级的大多数站到中共一边”，并特别强调必须“加强在中国工人阶级中的政治工作，并创造物质及其他条件，使工人阶级感到自己是统治阶级并掌握政权”。 自那时起，中共中央在这一方向上并未采取任何根本性措施。 工人的处境仅在满洲境内的部分国营企业、铁路运输、矿山和冶金工厂中有所改善。 在其他地区，工人阶级虽因蒋介石政权的覆灭而获得了政治自由，但,topic,1949 年北平接触,蒋介石,政协,国民党; 中国共产党; 政治协商会议,满洲,40
1048,1949,1949-12-24,"Report, Kovalev to Stalin",根据中共中央的数据，全体党员的80%由农民构成。在华东地区，34835个党支部中仅有414个是工厂党支部。在华北地区，党员中工人仅占4.1%，农民占85%。仅山东省党组织中就有超过一万名地主、富农和商人。 就党龄而言，超过一半的中共党员是在日本战败投降后加入的青年共产主义者。在华北地区，54%的党员是在1946年后入党的。 大多数中共党员的总体文化水平极低。在华北地区，60.9%的党员完全是文盲，,topic,1949 年北平接触,周恩来,,中国共产党,北平; 满洲,25
1049,1949,1949-12-24,"Report, Kovalev to Stalin",” 1949年9月，政治协商会议组建了中央人民政府，这实际上是一个由各民主党派和团体组成的联合政府。,topic,1949 年北平接触,,政协; 联合政府,国民党; 中国共产党; 政治协商会议; 美国国务院,,40
1050,1949,1949-12-24,"Report, Kovalev to Stalin",9. 关于对民族资产阶级的态度。 您曾建议中国共产党人“不要排斥民族资产阶级，而应将其作为能够协助与帝国主义斗争的力量，吸引其进行合作。建议鼓励民族资产阶级在中国国内外的贸易活动。” 中共中央在其活动中广泛贯彻了您的这一建议。然而，相当一部分民族资产阶级以谨慎的态度看待新政府的活动，并对其在政治协商会议上所宣布的权利是否会受到侵犯表示怀疑，在将资本投入工商业时表现出谨慎，担心国有化。这体现在部分减,topic,1949 年北平接触,,政协,中国共产党; 政治协商会议,北平; 上海,40
1051,1949,1949-12-24,"Report, Kovalev to Stalin",**关于向中国民族企业提供的电能价格，对外资工商企业的价格则保持不变。** **11. 关于阶级斗争** 对于革命事业和中国共产党而言，一个严重的危险隐藏在某些党员中近来流行的观点之中，即认为随着前线的全面胜利，阶级斗争不会消亡，因为新政府将吸引全国各阶层人民（包括民族资产阶级）进行经济合作。 刘少奇尤其持有这种观点。实际上，许多事实都表明，所有领域的阶级斗争都突然激化了。 目前，阶级斗争在经济战,topic,1949 年北平接触,,政协,中国共产党; 政治协商会议,北平; 天津,40
1052,1949,1949-12-24,"Report, Kovalev to Stalin",最后，就在最近，毛泽东前往莫斯科途中，在天津车站逮捕了数人，在其行李中发现了炸弹及其他爆炸物。 12. 关于外交政策，您曾建议新政府不应拒绝与资本主义国家（包括美国）建立外交关系，前提是这些国家正式放弃对蒋介石及整个国民党政权的军事、经济和政治支持。 尽管英国和美国积极支持并[继续]支持蒋介石，但中共中央领导层直至1949年11月仍抱有幻想，认为这些国家会迅速承认中华人民共和国。 作为这种情绪的反,topic,1949 年北平接触,周恩来; 蒋介石,,国民党; 中国共产党,上海; 天津,25
1053,1950,1950-01-05,北平接触与民盟人士沟通,除中国民主建国会外，中共政府中的主要非中共政党为中国民主同盟、中国国民党革命委员会、全国各界救国联合会及中国致公党。 中国民主同盟在张澜领导下，现已成为中国共产党渗透的首要目标。,topic,1949 年北平接触,张澜,马歇尔调处; 北平接触; 联合政府; 民盟,中国民主同盟; 国民党; 中国共产党,北平,65
1054,1950,1950-01-20,昆明暗杀事件引发的政治压力与外交关注,**中共决定承认越南民主共和国** 昨晚在此间收听到的北平电台广播宣布，中共政府已决定承认胡志明博士在越南的越南民主共和国（Vietminh Republic）。,topic,1949 年北平接触,蒋介石,昆明暗杀; 第三方面; 北平接触,国民党; 中国共产党; 美国国务院,昆明; 北平; 香港; 延安; 满洲; 华盛顿,20
1055,1950,1950-01-29,OFFICIALS OF THE EAST CHINA MILITARY AND POLITICAL COUNCIL,**机密** **中央情报局报告** 信息来源：外国文件或无线电广播 国家：共产党中国 信息日期：1949年 主题：政治 - 传记 出版方式：日报 分发日期：1950年8月 出版地点：香港 页数：约4页 出版日期：1949年12月6日 语言：中文 报告编号： 本报告为未经评估的信息 来源：《文汇报》 **华东军政委员会官员名单** **主席** 饶漱石 **副主席** 曾山 粟裕 马寅初 颜惠庆 ,topic,1949 年北平接触,,政协; 民盟,中国民主同盟; 国民党; 中国共产党; 政治协商会议,南京; 上海; 香港,55
1056,1950,1950-02-02,CIA Reading Room cia-rdp80-00809a000600280705-8: OFFICIALS OF SINKIANG PEOPLE'S GOVERNMENT,**机密** **中央情报局** **外国文件或无线电广播情报** **国家：** 中国 **主题：** 政治 - 人物传记 **发布日期：** 1950年2月 **出版地：** 香港 **页数：** 5页 **出版日期：** 1949年12月17日 **语言：** 中文 附刊 **来源：** 《文汇报》 **新疆省人民政府官员名单** **主席** 包尔汉（维吾尔族；西北军政委员会委员） **副,topic,1949 年北平接触,,民盟,中国民主同盟; 国民党; 中国共产党,香港,40
1057,1950,1950-03-21,第三方面在国共之间寻求政治空间,抱歉，您提供的文本片段中，大部分内容（如香港强制第三者保险、比利时政局、美国海军在越南的动向、华盛顿关于美国船只被扣的声明、意大利特尔尼冲突等）与**中国近代史（1946-1949）** 或**中国民主同盟**无关，属于其他地区或时期的新闻。,topic,1949 年北平接触,,第三方面; 联合政府; 民盟,中国民主同盟; 国民政府; 国民党; 中国共产党; 美国国务院,上海; 香港; 华盛顿,20
1058,1950,1950-03-22,北平接触与民盟人士沟通,**中国人民政治协商会议全国委员会** 该机构在全国政协闭会期间作为其常设委员会，负责监督政协决议的执行，向中央人民政府提出建议，协助政府动员人民参与国家建设，并指导统一战线工作。 同时，它负责筹备并召集下一届政协全体会议。,topic,1949 年北平接触,罗隆基; 张澜; 沈钧儒; 黄炎培; 章伯钧; 史良; 张东荪; 周恩来,政协; 北平接触; 民盟,中国民主同盟; 国民党; 中国共产党; 政治协商会议,北平; 南京; 上海; 香港; 天津,65
1059,1950,1950-03-22,北平接触与民盟人士沟通,**旧金山，3月21日**——据新华社今晚广播，挪威代表芬·科伦先生已抵达北平，就两国建立外交关系事宜与中华人民共和国中央人民政府进行谈判。 科伦先生于今晨乘火车抵达中共首都，受到……（下文残缺） **旧金山，3月21日**——据北平电台今晚报道，满洲地区的中共军队目前正在思考如何在乡村或城市中“将紧张的军事训练与生产工作最佳地结合起来”。,topic,1949 年北平接触,,第三方面; 北平接触; 民盟,中国民主同盟; 中国共产党; 美国国务院,北平; 香港; 满洲,35
1060,1950,1950-04-04,北平接触与民盟人士沟通,**中央情报局 · 情报报告** 归还中央情报局图书馆 **国家：** 中国 **主题：** 张澜（Chang Lan） **分发日期：** 1950 年 4 月 4 日 **页数：** 1 中国民主同盟（CDL）年迈领袖、中央人民政府副主席张澜（CIA 原报告用语：「中国共产党政府副主席」），在毛泽东（MAO Tse-tung）自莫斯科返回时，被软禁于北平西郊西山。 其与民盟成员的接触受到严格监,topic,1949 年北平接触,张澜,北平接触; 民盟,中国民主同盟; 中国共产党,北平,85
1061,1950,1950-04-11,北平接触与民盟人士沟通,**北平：** * 申德赫 (Sin Tŏk-hyŏk)，朝鲜侨民民主联盟成员。,topic,1949 年北平接触,蒋介石,北平接触; 民盟,中国民主同盟; 中国共产党,北平; 上海; 香港; 延安; 天津,55
1062,1950,1950-05-08,北平接触与民盟人士沟通,中华人民共和国最高人民法院院长沈钧儒（沈钧儒，49岁），中国民主同盟成员，目前实际上处于与世隔绝的状态，居住在北平。 他担心自己是被留下来执行对中共政府官员的清洗，而这些官员中许多人将是中国民主同盟及其他非中共团体的成员。,topic,1949 年北平接触,沈钧儒,北平接触; 民盟,中国民主同盟; 中国共产党,北平,75
1063,1950,1950-05-22,北平接触与民盟人士沟通,7 日期：1950年5月 主题：中国人民政治协商会议代表抵达广州 国家：中国/未说明 页数：1 附件数量：（见下文） 补充报告编号： 本报告未经评估 尽管以下人员并非全部是1949年9月北平中国人民政治协商会议（CPPCC）的正式指定代表，但他们很可能均出席了会议。 他们于1950年1月20日从北平抵达广州。,topic,1949 年北平接触,,政协; 北平接触; 民盟,中国民主同盟; 国民党; 中国共产党; 政治协商会议,北平,75
1064,1950,1950-05-23,北平接触与民盟人士沟通,** **此为未经评估的信息** **来源：** 《文汇报》 **武汉市人民政府官员、广州市人民政府委员会委员名单** 北平，3月26日（新华社）——中央人民政府政务院第25次会议批准任命下列武汉及广州两市市政官员： **一、武汉市人民政府** **市长** 吴德峰（原武汉市人民政府市长） **副市长** 周季方（原武汉市人民政府副市长） 陈经畬（亦为中南军政委员会委员） **市人民政府委员会委员,topic,1949 年北平接触,,北平接触; 民盟,中国民主同盟; 国民党; 中国共产党,北平; 香港,55
1065,1950,1950-07-04,第三方面在国共之间寻求政治空间,根据您提供的OCR文本片段，其中包含大量与1946-1947年中国民主同盟无关的、且明显属于1950年代朝鲜战争时期的内容（如“Communist North Korea”、“President Truman”等）。 这些内容与您指定的翻译任务（1946-1949香港英文报纸对中国政情及民盟的报道）在时间、主题和背景上严重不符。,topic,1949 年北平接触,,第三方面; 民盟,中国民主同盟; 中国共产党,北平; 香港; 沈阳,20
1066,1950,1950-07-12,LEADING MEMBERS OF THE CHINA DEMOCRATIC LEAGUE,**中央情报局报告** **国家：** 中国 **主题：** 中国民主同盟主要成员 **情报日期：** V **分发日期：** 7月30日 **页数：** 5 **附件数：** （见下文） **报告编号补充：** 53 **本报告为未经评估的情报** **来源：** X 在1950年1月21日和28日举行的民盟中央常务委员会会议期间，任命了以下新的委员会成员： **a. 天津支部：** 主席：孟秋,topic,1949 年北平接触,章伯钧,政协; 民盟,中国民主同盟; 中国共产党; 政治协商会议,南京; 上海; 香港; 天津,75
1067,1950,1950-07-12,CIA Reading Room cia-rdp82-00457r005200480001-5: LEADING MEMBERS OF THE CHINA DEMOCRATIC LEAGUE,**机密** 中央情报局报告编号：无 情报报告 机密 编号：536 国家：中国 分发日期：1950年7月12日 主题：中国民主同盟主要领导人 页数：5 获取地点：（见下文） 附件数量：（见下文） 情报日期： 报告编号补充： 本文件所含情报涉及美国国家防御，依据美国法典第18编第793、794节的规定，未经授权泄露将受到刑事处罚。 在1950年1月21日和28日的民盟中央常务委员会会议上，任命了以下,topic,1949 年北平接触,章伯钧,政协; 民盟,中国民主同盟; 中国共产党; 政治协商会议,南京; 上海; 香港; 天津,55
1068,1950,1950-08-31,第三方面在国共之间寻求政治空间,抱歉，您提供的文本片段主要涉及朝鲜战争（1950年）的相关报道，而非1946-1949年香港英文报纸关于中国民主同盟的史料。 请提供符合1946-1949年时段且涉及中国政情或中国民主同盟的OCR文本片段，我将严格遵循您的术语表和格式规范进行学术级中文翻译。,topic,1949 年北平接触,,第三方面; 民盟,中国民主同盟; 中国共产党,香港,20
1069,1950,1950-09-12,第三方面在国共之间寻求政治空间,马利克先生说，这…… （注：原文包含大量与主题无关的碎片化信息，如关于南非史末资将军的冗长生平、萧伯纳手术、德国问题、希腊联合政府等，以及明显的OCR噪声和排版混乱。 根据任务要求，已忽略报纸版头、广告、栏目标识及无实质新闻意义的残缺字符块，仅提取并翻译了与“中国政情”及“中国民主同盟”可能相关的核心新闻片段。,topic,1949 年北平接触,周恩来,马歇尔调处; 第三方面; 联合政府; 民盟,中国民主同盟; 中国共产党; 美国国务院,北平; 香港; 满洲,20
1070,1950,1950-11-09,北平接触与民盟人士沟通,"**中央情报局 · 情报报告** **国家：** 中国 **主题：** 非中共政党在北平的角色 **分发日期：** 1950 年 11 月 9 日 **页数：** 2 （本文件包含涉及美国国防安全的信息，受《间谍法》美国法典第 31 及 32 条及其修正案约束。 北平绝大多数知名自由派人士分属众多小党派之一，其中多数隶属于**中国民主同盟（China Democratic League, CDL，",topic,1949 年北平接触,黄炎培; 周恩来,政协; 北平接触; 民盟,中国民主同盟; 国民党; 中国共产党; 政治协商会议,北平,75
1071,1950,1950-12-12,北平接触与民盟人士沟通,约于11月25日，正在安排中共治下所有非中共党派于本月晚些时候在北平举行会议。 涉及的党派包括：中国国民党革命委员会、中国民主同盟、中国民主促进会、中国民主建国会、中国农工民主党以及九三学社（原文如此）。,topic,1949 年北平接触,,北平接触; 民盟,中国民主同盟; 国民党; 中国共产党,北平,75
1105,1947,29 July 1947,Memorandum by Mr. Philip D. Sprouse to General Wedemeyer,以下为今天上午民盟代表（罗隆基、张东荪、黄炎培、章伯钧）结束与阁下会谈后向我表达意见的摘要： 中国唯一的解决办法是实现和平并组成联合政府。 在这种条件下，中国共产党会同意参加联合政府，可能按国民党、共产党、其他少数党派及无党派团体三方各占三分之一的方式组成。,topic,1949 年北平接触,罗隆基; 黄炎培; 章伯钧; 张东荪; 蒋介石,马歇尔调处; 联合政府; 民盟,中国民主同盟; 国民党; 中国共产党,上海; 满洲,45
1106,1946,5 June 1946,北平接触与民盟人士沟通,马歇尔使团文件，Lot 54–D270：电报 [文件507] 马歇尔将军致杜鲁门总统 95 南京，1946年6月5日。 [此处引文内容见马歇尔将军5月29日致宋子文博士备忘录，刊于第912页 [第912页包含文件487、文件488和文件489的部分内容]。,topic,1949 年北平接触,马歇尔; 蒋介石,马歇尔调处; 北平接触,中国共产党,北平; 南京; 沈阳; 满洲,35
1107,1947,"April 14, 1947",第三方面在国共之间寻求政治空间,昨晚关于中国局势的一次谈话中，民主同盟秘书长罗隆基先生表达了以下意见： 他开场说，民主同盟主张自由主义的中间路线政策，因此既反对国民党，也反对共产党；不过，当前政治需要迫使它采取一种主要支持共产党立场的行动路线。 民盟认为，政协协议是中国自由的《大宪章》；国民党故意违反了这些协议（如果它确实曾有遵守意图的话）；因此，共产党要求废除1946年12月国民大会单方面颁布的宪法，在法律上是正确的。,topic,1949 年北平接触,罗隆基,政协; 第三方面; 联合政府; 民盟,中国民主同盟; 国民党; 中国共产党; 政治协商会议; 美国国务院; 美国驻华使馆; 国民大会,南京; 满洲,80
1108,1947,"April 19, 1947",The Ambassador in China (Stuart) to the Secretary of State,国务委员会中为民盟和共产党保留了11个席位，以便它们愿意参加临时政府时使用。 4月17日晚，罗隆基向本馆表示，民盟此时参加政府“是不可能的”。,topic,1949 年北平接触,罗隆基; 张君劢; 马歇尔; 司徒雷登; 蒋介石,马歇尔调处; 民盟,中国民主同盟; 国民政府; 国民党; 中国共产党; 青年党; 美国国务院; 行政院,南京; 满洲; 华盛顿,65
1109,1948,"April 2, 1948",北平接触与民盟人士沟通,他不会同香港的国民党革命委员会和民主同盟等团体发生关系，因为这些团体过分倾向共产党。 注74：华北剿匪总司令兼蒋介石委员长北平行辕副主任。,topic,1949 年北平接触,蒋介石,北平接触; 民盟,中国民主同盟; 国民党; 中国共产党; 美国国务院,北平; 南京; 香港; 满洲,50
1110,1945,"April 30, 1945",The Ambassador in China (Hurley) to the Secretary of State,较著名的非国民党成员包括毛泽东、周恩来、邓颖超（周恩来夫人）、林祖涵、董必武（共产党）；李璜、左舜生（青年党）；张君劢、张澜（国家社会党）；以及于斌主教、胡适、晏阳初（无党派）。,topic,1949 年北平接触,张澜; 张君劢; 周恩来,,国民党; 中国共产党; 青年党; 美国国务院; 国民大会,重庆,10
1111,1945,"April 5, 1945",昆明暗杀事件引发的政治压力与外交关注,893.00/4-545［文件228］驻华代办艾奇逊致国务卿。第279号。 重庆，1945年4月5日。［4月17日收。］主题：李济深元帅的沉浮。 先生：兹提及国务院1945年2月26日第三人称指示，其中除其他事项外，评论了使馆1944年12月15日第9号函，题为《中国东南部被日军隔绝以来的状况》。国务院表示，将饶有兴趣地关注该地区潜在分离主义集团未来活动。现随函附上1945年3月23日驻成都使馆随,topic,1949 年北平接触,梁漱溟; 蒋介石,昆明暗杀,中国共产党; 美国国务院,重庆; 成都,15
1112,1946,"August 10, 1946",围绕政协决议和政府改组的调处,马歇尔使团文件，编号 Lot 54–D270 [文件第748号] 马歇尔将军、周恩来将军与司徒雷登博士会谈纪要 地点：南京宁海路5号 时间：1946年8月10日上午10时40分 周恩来将军：关于谈判事宜，昨日司徒雷登博士向我通报了当前局势。 如果委员长提出的要求——即共产党从陇海铁路以南的苏北地区、山东、山西、热河各省以及东北，加上北平-天津-山海关铁路沿线邻近区域撤出——不被共产党接受，那么战火,topic,1949 年北平接触,周恩来; 马歇尔; 司徒雷登; 蒋介石,政协; 马歇尔调处; 北平接触; 民盟,中国民主同盟; 国民政府; 国民党; 中国共产党; 政治协商会议; 国民大会,北平; 南京; 上海; 满洲; 天津; 牯岭,70
1113,1946,"August 13, 1946",北平接触与民盟人士沟通,南京报界对马歇尔-司徒雷登声明的初步社论评论，普遍表示希望美国不要放弃寻求和平解决中国问题的努力。 政府方面的《中央日报》把马歇尔-司徒雷登调处未能成功归因于共产党的分裂政策。,topic,1949 年北平接触,罗隆基; 马歇尔; 司徒雷登; 蒋介石,马歇尔调处; 北平接触; 民盟,中国民主同盟; 国民党; 中国共产党; 美国国务院,北平; 南京; 牯岭,80
1114,1949,"August 19, 1949",北平接触与民盟人士沟通,此次事件有力证明了属于非共产党的同路小党派的中国人中间人的作用，特别是中国民主同盟的韩鸣和国民党革命委员会领导人陈铭枢将军。 北平总领事柯乐博的直率交涉可能对8月1日和2日当局态度的转变产生了重要影响。,topic,1949 年北平接触,司徒雷登,北平接触; 民盟,中国民主同盟; 国民党; 中国共产党; 美国国务院,北平; 南京; 上海,50
1115,1944,"August 23, 1944",昆明暗杀事件引发的政治压力与外交关注,"斯普鲁斯先生援引所谓""中国民主同盟""领导人罗隆基的话称，这场运动是一场旨在改革政府的革命，其目标是建立代议制民主政府、继续对日作战，并给予言论、出版、集会和结社自由；罗隆基还表示，由于缺乏一位有实力、有影响力的领袖，将成立一个""委员会""来指导运动。",topic,1949 年北平接触,罗隆基; 蒋介石,昆明暗杀; 民盟,中国民主同盟; 国民政府; 国民党; 中国共产党; 美国国务院,昆明; 重庆; 桂林,60
1116,1948,"August 24, 1948",The Ambassador in China (Stuart) to the Secretary of State,在报告之前，我愿对国务院1948年8月12日第1164号电报中关于美国对可能进行的和谈、包括共产党加入联合政府问题以及我方调停的现行政策所给予的明确指示表示赞赏。 中共显然正在争取与所有此类异见团体合作，以营造一个全新的全国性联合政府的表象。,topic,1949 年北平接触,司徒雷登; 蒋介石,联合政府; 民盟,中国民主同盟; 国民政府; 国民党; 中国共产党; 美国国务院,南京; 香港,35
1117,1946,"August 29, 1946",昆明暗杀事件引发的政治压力与外交关注,梁漱溟一直在昆明代表民主同盟调查此案。,topic,1949 年北平接触,梁漱溟; 司徒雷登,昆明暗杀; 民盟,中国民主同盟; 美国国务院,昆明; 南京,70
1118,1946,"August 29, 1946",昆明暗杀事件引发的政治压力与外交关注,最近报载称，民主同盟主席张澜数日前在成都参加李公朴和闻一多追悼会时，遭特务人员殴打。,topic,1949 年北平接触,张澜; 司徒雷登,昆明暗杀; 民盟,中国民主同盟,成都,85
1119,1949,"August 31, 1949",北平接触与民盟人士沟通,00B/8-3149：电报［文件586］驻北平总领事柯乐博致国务卿。 北平，1949年8月31日下午5时。,topic,1949 年北平接触,罗隆基; 张东荪; 周恩来,政协; 北平接触,国民党; 中国共产党; 政治协商会议; 美国国务院; 美国驻北平总领事馆,北平; 南京; 上海; 香港; 满洲,25
1120,1947,"August 4, 1947",北平接触与民盟人士沟通,893/8–447 [文件第573号] 驻北平领事（弗里曼）致驻华大使（司徒雷登）第83号函件 北平，1947年8月4日。 大使先生： 谨随函附上魏德迈将军1947年8月1日至4日停留北平期间的日程安排副本一份，该日程系根据大使馆7月31日未编号电报指示，在其抵达前为其准备。,topic,1949 年北平接触,马歇尔; 司徒雷登; 蒋介石,马歇尔调处; 第三方面; 北平接触; 民盟,中国民主同盟; 国民政府; 国民党; 中国共产党; 美国驻北平总领事馆,北平; 满洲,70
1121,1947,"August 4, 1947",北平接触与民盟人士沟通,附件四 驻华助理武官包瑞德备忘录 北平，1947年8月6日〔或3日？〕。 包瑞德 总参谋部上校 注83：由驻北平领事转送国务院，未附正式函件；9月23日收到。,topic,1949 年北平接触,司徒雷登; 蒋介石,北平接触,国民政府; 中国共产党; 美国国务院,北平; 满洲,60
1122,1947,"August 9, 1947",Memorandum by the First Secretary of Embassy in China (Ludden) to General Wedemeyer,"民主同盟和共产主义者由于无法在中国本土出版,在香港建立了印刷厂,从他们的出版物进入中国。 在马歇尔调停任务期间,共产主义东河纵队的较大部分从华南撤至山东.",topic,1949 年北平接触,马歇尔; 蒋介石,马歇尔调处; 民盟,中国民主同盟; 国民政府; 国民党; 中国共产党; 美国驻华使馆,南京; 上海; 香港; 满洲,35
1123,1946,"December 12, 1946","Notes on Meeting Between General Marshall and General C. P. Lee at No. 5 Ning Hai Road, Nanking, December 12, 1946, 11 a.m.",马歇尔使团档案，第54-D270卷〔文件327〕 马歇尔将军与李宗仁将军会谈记录 南京宁海路5号，1946年12月12日上午11时。 李将军告诉马歇尔将军，有报纸报道说，司徒雷登博士或马歇尔将军将陪同两名政府代表前往延安。,topic,1949 年北平接触,罗隆基; 周恩来; 马歇尔; 司徒雷登; 蒋介石,马歇尔调处; 联合政府; 民盟,中国民主同盟; 国民党; 中国共产党; 行政院; 国民大会,南京; 延安,65
1124,1949,"December 15, 1949","Memorandum of Conversation, by the Ambassador at Large (Jessup)",893.00/12–1549 [文件第728号] 巡回大使（杰塞普）会谈备忘录 [纽约，]1949年12月15日下午6时，经其主治医生弗兰克·梅莱尼博士安排，我在长老会医院哈克尼斯楼拜访了李宗仁代总统。值得一提的是，与蒋夫人当年在同一地点包下整层楼层的报道不同，李代总统仅在三楼住着一间简朴的单人病房。梅莱尼博士在服务台接我后带至病房，见到甘医生正与李代总统在一起。梅莱尼博士先问我是否希望他回避，又,topic,1949 年北平接触,,,中国共产党,,20
1125,1946,"December 18, 1946",围绕政协决议和政府改组的调处,马歇尔使团档案，Lot 54-D270 [文件334] 马歇尔将军与罗隆基博士会谈纪要 地点：南京宁海路5号 时间：1946年12月18日上午10时 罗隆基博士说，他明天将前往上海，民主同盟将在那里召开会议，以规划今后的党务活动。 他问马歇尔将军能否给民主同盟一些建议。,topic,1949 年北平接触,罗隆基; 周恩来; 马歇尔; 司徒雷登,政协; 马歇尔调处; 联合政府; 民盟,中国民主同盟; 国民政府; 国民党; 中国共产党; 政治协商会议; 行政院; 国民大会,南京; 上海; 延安; 满洲,80
1126,1946,"December 18, 1946","Minutes of Meeting Between General Marshall and Dr. Stuart at Dr. Stuart’s Residence, Nanking, December 18, 1946, 11 a.m.",马歇尔使团档案，Lot 54-D270〔文件335〕 马歇尔将军与司徒雷登博士会谈纪要 南京，司徒雷登博士寓所，1946年12月18日上午11时。 司徒雷登博士开场报告说，王炳南先生继续此前关于同一主题的谈话，告诉司徒雷登博士，他认为南京共产党代表团再向延安发电，要求直接回答马歇尔将军最初关于共产党是否希望美国调停的问题，并无益处。,topic,1949 年北平接触,罗隆基; 马歇尔; 司徒雷登; 蒋介石,马歇尔调处,国民政府; 中国共产党; 国民大会,南京; 延安,10
1127,1946,"December 18, 1946",围绕政协决议和政府改组的调处,马歇尔将军说，这一切使他必须决定，在当前情况下采取何种行动最好。 他认为，眼下几乎唯一能够立即做的事，是尽一切努力确保国民大会通过一部真正民主、符合政协精神的宪法，并使政府改组。,topic,1949 年北平接触,马歇尔; 司徒雷登; 蒋介石,政协; 马歇尔调处,中国共产党; 政治协商会议; 国民大会,南京,20
1128,1946,"December 18, 1946",北平接触与民盟人士沟通,马歇尔将军问司徒雷登博士，胡霖先生对国民大会有何看法。 司徒雷登博士告诉马歇尔将军，委员长不希望司徒雷登博士在圣诞假期前往北平以前离开，除非司徒雷登已就拟派往延安的政府特别代表团应采取何种行动向委员长提出建议。,topic,1949 年北平接触,马歇尔; 司徒雷登; 蒋介石,马歇尔调处; 北平接触,中国共产党; 美国国务院; 行政院; 国民大会,北平; 南京; 延安,20
1129,1947,"December 18, 1947",The Assistant Chief of the Division of Chinese Affairs (Rice) to the Director of the Office of Far Eastern Affairs (Butterworth),"一个共产主义政权几乎肯定会寻求与苏联结盟的中国;一个包括共产党在内的联合政府可能会寻求与苏联和解(总结和结论的结尾)。 如果蒋政府由主要由民主同盟领导人和冯玉祥,李济深,蔡廷凯等前军事家组成的领导者接任,我们可能期望它试图与中共和苏联取得谅解.",topic,1949 年北平接触,蒋介石,联合政府; 民盟,中国民主同盟; 中国共产党; 美国国务院,南京; 沈阳; 满洲,40
1130,1946,"December 21, 1946",围绕政协决议和政府改组的调处,马歇尔使团档案，Lot 54-D270 [文件343] 马歇尔将军与周谦冲教授会谈纪要 地点：南京 时间：1946年12月21日上午11时 周教授说，他前一天曾同董必武先生会谈。 周教授询问后，董先生表示，中共仍认为马歇尔将军是公正的，仍希望由他调停。,topic,1949 年北平接触,罗隆基; 张君劢; 周恩来; 马歇尔; 司徒雷登; 蒋介石,政协; 马歇尔调处; 北平接触; 联合政府; 民盟,中国民主同盟; 国民政府; 国民党; 中国共产党; 青年党; 民主社会党; 政治协商会议; 国民大会,北平; 南京; 上海; 延安,80
1131,1945,"December 26, 1945",围绕政协决议和政府改组的调处,马歇尔使团档案，第54-D270卷〔文件574〕 马歇尔将军第一次会见民主同盟记录 1945年12月26日下午4时。 马歇尔：谁是你们的发言人？ 发言人：我为同盟作翻译。,topic,1949 年北平接触,张澜; 马歇尔,政协; 马歇尔调处; 联合政府; 民盟,中国民主同盟; 国民党; 中国共产党; 政治协商会议; 国民大会,,80
1132,1945,"December 26, 1945",围绕政协决议和政府改组的调处,我们的想法是，首先由政治协商会议拟定联合政府方案，联合政府再从实际方面推动召开国民大会，并通过国民大会制定宪法。 我们关于联合政府的想法是实际的。,topic,1949 年北平接触,张东荪; 马歇尔,政协; 马歇尔调处; 联合政府; 民盟,中国民主同盟; 国民党; 政治协商会议; 国民大会,,75
1133,1946,"December 28, 1946",围绕政协决议和政府改组的调处,马歇尔使团档案，Lot 54–D270：电报〔第353号文件〕马歇尔将军致杜鲁门总统（注44）。 然而，在政府尚未通过依照政协决议精神制定的健全宪法、从而至少部分确立其诚意之前，政府的这一意图便已立即被有意无意地泄露出去。,topic,1949 年北平接触,马歇尔; 司徒雷登; 蒋介石,政协; 马歇尔调处; 北平接触; 民盟,中国民主同盟; 国民政府; 国民党; 中国共产党; 政治协商会议; 美国国务院; 行政院; 国民大会,北平; 南京; 重庆; 上海; 延安; 天津,70
1134,1948,"December 29, 1948",北平接触与民盟人士沟通,00/12-2948：电报〔文件584〕 驻北平总领事（柯乐博）致国务卿 北平，1948年12月29日下午6时。 不过，傅作义的计划是利用他仍掌握塘沽、天津和北平所具有的议价能力，同共产党达成某种性质的解决。,topic,1949 年北平接触,,北平接触; 联合政府; 民盟,中国民主同盟; 国民党; 中国共产党; 美国国务院; 美国驻北平总领事馆; 国民大会,北平; 南京; 上海; 满洲; 天津,70
1135,1946,"December 30, 1946",北平接触与民盟人士沟通,22/12–3046：电报 [文件3] 驻北平总领事（迈尔斯）致国务卿 北平，1946年12月30日下午6时 [12月30日下午1时20分收到] 第332号。 其他消息来源称，参与者多为中国民主同盟成员或同情者。,topic,1949 年北平接触,,北平接触; 民盟,中国民主同盟; 国民政府; 中国共产党; 美国国务院; 美国驻北平总领事馆,北平; 南京,50
1136,1948,"December 6, 1948",第三方面在国共之间寻求政治空间,若干消息来源，包括中国民主同盟的周鲸文、国民党革命委员会的李某，以及《新生晚报》的李孟，称中共已决定扩大人民政治协商会议，使其包括来自整个中共控制区的“选出”代表。 这样，政协将不再是一个人数较少的机构；此前估计人数从70人到200人不等，现在则将包括约一千多名代表。,topic,1949 年北平接触,罗隆基; 沈钧儒; 章伯钧; 周恩来; 蒋介石,政协; 第三方面; 联合政府; 民盟,中国民主同盟; 国民党; 中国共产党; 政治协商会议; 美国国务院; 行政院,南京; 香港; 满洲,80
1137,1943,"December 7, 1943",北平接触与民盟人士沟通,虽然承认共产党在华北形成了一道阻止重庆部队北进的屏障，但他说，华北齐燮元（北平政权）麾下伪军，以及开封地区张兰峰（非张澜）（南京政权）麾下伪军，将被重庆用来对抗共产党。,topic,1949 年北平接触,张澜,北平接触,中国共产党; 美国国务院,北平; 南京; 重庆,25
1138,1946,"December 7, 1946",围绕政协决议和政府改组的调处,马歇尔使团档案，Lot 54-D270［文件316］马歇尔将军与 C. 李将军告诉马歇尔将军，他昨天上午拜访了董必武先生。,topic,1949 年北平接触,罗隆基; 张君劢; 周恩来; 马歇尔; 司徒雷登; 蒋介石,政协; 马歇尔调处; 联合政府; 民盟,中国民主同盟; 国民政府; 国民党; 中国共产党; 政治协商会议; 国民大会,南京; 延安,60
1139,1949,"February 1, 1949",昆明暗杀事件引发的政治压力与外交关注,1月29日广播还提到中国共产党“按照毛的八项条件和平解决北平问题”的正确性和成功，并指出“这不仅为和平谈判准备了地点，而且为解决南京、上海、汉口、太原、昆明、广州、兰州、迪化、西安、海南等地和平问题树立了榜样”。 注96：民主同盟成员。,topic,1949 年北平接触,沈钧儒; 司徒雷登; 蒋介石,昆明暗杀; 北平接触; 民盟,中国民主同盟; 国民政府; 国民党; 中国共产党; 美国国务院,昆明; 北平; 南京; 上海,70
1140,1944,"February 21, 1944",The Ambassador in China (Gauss) to the Secretary of State,00/15287 [文件第287号] 驻华大使（高斯）致国务卿 第2208号 重庆，1944年2月21日 [3月6日收到] 阁下： 谨随函附上张澜先生（亦名张表方）于1943年9月出版的小册子《中国需要真正民主》的译文一份。,topic,1949 年北平接触,张澜,,中国民主同盟; 国民党; 美国国务院,重庆; 成都,50
1141,1947,"February 25, 1947",围绕政协决议和政府改组的调处,以下为卢登根据大使和他本人2月21、22日在上海同第三方面领导人，主要是张澜、罗隆基、张君劢谈话后传送的信息要点： 民主同盟代表说，中国局势正在极快恶化，并指出这对美国不利，因为马歇尔将军声明所针对的那些人，作为局势最终结果，将不可避免地被驱入共产党阵营。 张澜希望向美国政府提出三点：（一）希望以美、苏、英三国调停取代美国单独调停努力；（二）如不考虑政协基本协议而改组政府，注定失败；（三）共产党目,topic,1949 年北平接触,罗隆基; 张澜; 张君劢; 马歇尔; 司徒雷登,政协; 马歇尔调处; 第三方面; 民盟,中国民主同盟; 中国共产党; 政治协商会议; 美国国务院; 国民大会,南京; 上海,80
1142,1947,"February 25, 1947",第三方面在国共之间寻求政治空间,罗隆基的看法如下：应召开某种各党派会议，首先承诺国家统一。 罗隆基的基本观点是，除非同共产党达成协议，否则局势不可能解决。,topic,1949 年北平接触,罗隆基; 张君劢; 司徒雷登; 蒋介石,第三方面,国民党; 中国共产党; 青年党; 美国驻华使馆; 行政院; 国民大会,南京,55
1143,1949,"February 25, 1949",The Consul General at Shanghai (Cabot) to the Secretary of State,在上海与民主同盟领导人会谈时，我强调了我们对共产党拒绝向我驻沈阳和天津领事馆提供通讯设施的关注，并表示这种情况只会加强美国国内主张全力援助国民党的人士的立场。,topic,1949 年北平接触,,民盟,中国民主同盟; 国民党; 中国共产党; 美国国务院; 美国驻上海总领事馆,南京; 上海; 沈阳; 天津,35
1144,1949,"February 26, 1949",北平接触与民盟人士沟通,00/2-2649：电报［文件180］驻北平总领事柯乐博致国务卿。 北平，1949年2月26日。,topic,1949 年北平接触,沈钧儒; 章伯钧; 周恩来,北平接触,中国共产党; 美国国务院; 美国驻北平总领事馆,北平; 南京; 上海; 沈阳; 满洲,15
1145,1948,"February 5, 1948",The Consul at Canton (Burke) to the Ambassador in China (Stuart),值得注意的是，中国民主同盟中反共的曾毓灏先生（参见传记注释）感到有必要警告耶格先生，在涉及中共的事务上，萨先生作为翻译不可信赖。 无论通过和平谈判还是国民政府战败，内战的结束都将导致一个覆盖全中国的联合政府。,topic,1949 年北平接触,司徒雷登; 蒋介石,联合政府; 民盟,中国民主同盟; 国民政府; 国民党; 中国共产党; 美国国务院,南京; 香港,55
1146,1949,"January 11, 1949",北平接触与民盟人士沟通,00/1-1149：电报〔文件33〕驻北平总领事（柯乐博）致国务卿。 北平，1949年1月11日下午2时〔1月12日下午12时47分收到〕。,topic,1949 年北平接触,张东荪,马歇尔调处; 北平接触; 联合政府; 民盟,中国民主同盟; 国民党; 中国共产党; 美国国务院; 美国驻北平总领事馆,北平; 南京; 上海; 天津,70
1147,1945,"January 23, 1945",昆明暗杀事件引发的政治压力与外交关注,先生：我谨报告1945年1月22日同民主同盟代表朱蕴山先生会谈的内容。 朱先生大部分时间用于民盟组织工作，目前正同此地民盟主要领导人一起起草民盟关于联合政府的最终纲领。,topic,1949 年北平接触,罗隆基; 蒋介石,昆明暗杀; 联合政府; 民盟,中国民主同盟; 中国共产党,昆明; 重庆; 成都; 桂林,80
1148,1945,"January 23, 1945",The Vice Consul at Chengtu (Service) to the Ambassador in China (Hurley),如果日军在联合政府成立以前企图入侵四川，这些领袖（西康方面的潘文华、邓锡侯、刘文辉）将立即要求成立这样的政府；倘若委员长拒绝或迟疑，他们就打算动员并武装壮丁对日作战，同时解除省内那些不参加其运动的中央政府军队的武装。 当被问及这些与民盟合谋、意在推翻委员长并建立联合政府的省级军阀究竟是否具有民主信念时，朱先生回答说，民盟并非不了解这些领袖过去的记录和自私动机。,topic,1949 年北平接触,蒋介石,联合政府; 民盟,中国民主同盟; 美国国务院; 美国驻华使馆,重庆; 成都,60
1149,1947,"January 23, 1947",第三方面在国共之间寻求政治空间,第三方面团体的一些显著表现如下。 民主同盟发言人罗隆基1月21日在上海记者会上表示，民主同盟坚决反对在没有中国共产党参加的情况下改组政府的提议。,topic,1949 年北平接触,罗隆基; 张澜; 张君劢; 张东荪; 司徒雷登; 蒋介石,政协; 第三方面; 联合政府; 民盟,中国民主同盟; 国民党; 中国共产党; 青年党; 民主社会党; 政治协商会议; 美国国务院,南京; 上海; 华盛顿,80
1150,1949,"January 24, 1949",第三方面在国共之间寻求政治空间,甘介侯还计划拜会民主同盟领袖张澜、黄炎培和罗隆基，以及民主社会党主席张君劢。,topic,1949 年北平接触,罗隆基; 张澜; 黄炎培; 张君劢; 蒋介石,第三方面; 民盟,中国民主同盟; 国民党; 中国共产党; 民主社会党; 美国国务院; 美国驻上海总领事馆,南京; 上海,45
1151,1946,"January 25, 1946",北平接触与民盟人士沟通,在政协第一次会议上，八名无党派人士被任命为军事调查委员会成员；另有八名成员由国民参政会驻会委员会任命。 政协的一个突出事件，是蒋介石在1月14日即席讲话中宣布，政府将在十天内采取措施，给予如下公民自由：第一，各政党在法律面前一律平等；第二，允许一切合法政治活动；第三，促进地方自治；第四，释放所有政治犯，但被控叛国行为者除外。,topic,1949 年北平接触,蒋介石,政协; 马歇尔调处; 北平接触; 民盟,中国民主同盟; 国民政府; 国民党; 中国共产党; 青年党; 政治协商会议; 美国国务院; 美国驻华使馆; 国民大会,北平; 重庆; 华盛顿,70
1152,1949,"January 28, 1949",北平接触与民盟人士沟通,第一，不存在“中间道路”；所有政治团体和派别都必须对中国共产党采取同国民党革命委员会和民主同盟一样的态度。 他已有两名代表在北平，于1月26日同共产党初步接触。,topic,1949 年北平接触,司徒雷登,北平接触; 联合政府; 民盟,中国民主同盟; 国民党; 中国共产党; 美国国务院,北平; 南京; 上海,70
1153,1949,"January 28, 1949",The Ambassador in China (Stuart) to the Secretary of State,除劳工领袖外，我们迄今已在签名者中辨认出以下党派的领袖：国民党革命委员会、民主同盟、致公党、中国民主建国会、中国农工民主党和中国人民救国会。 该声明如此彻底地屈从，以致我们只能得出结论：任何主要由这55名签名者参加组成的“民主联合政府”，都将完全受中国共产党支配，以至于“民主”和“联合”这两个形容词均不适用。,topic,1949 年北平接触,司徒雷登,马歇尔调处; 联合政府; 民盟,中国民主同盟; 国民党; 中国共产党; 美国国务院,南京; 上海,55
1154,1949,"January 3, 1949",北平接触与民盟人士沟通,以下是本总领馆一名官员最近同罗隆基密切的民主同盟人士叶笃义进行一般谈话时，叶氏较有意思谈话内容的摘要： 1. 中国共产党坚决反对任何把李宗仁留在联合政府中的妥协安排；除张治中和邵力子外，几乎所有南京高级官员也同样不被接受。,topic,1949 年北平接触,罗隆基; 张澜; 黄炎培; 周恩来; 蒋介石,政协; 第三方面; 北平接触; 联合政府; 民盟,中国民主同盟; 国民党; 中国共产党; 政治协商会议; 美国国务院; 美国驻上海总领事馆,北平; 南京; 上海; 香港; 满洲; 华盛顿,80
1155,1945,"January 31, 1945",昆明暗杀事件引发的政治压力与外交关注,"值得指出的是,非共产主义中国组织和个人主张的政治改革,在很大程度上与中共主张的改革相同. 范宣德[附件] 中国事务改革司特洛伊·珀金斯先生的备忘录,由著名中文(人物和组织)简称. 国民参政会：国民参政会,中国民主政团同盟：中国民主政团同盟,宪政促进会：宪政促进会. (关于所提到的个人和报纸,见附录末尾。 ) 一. 政治立场。 总的来说,中国现在更加民主,是所有问题的症结所在,特别是眼前的战争局势。",topic,1949 年北平接触,梁漱溟; 黄炎培; 蒋介石,昆明暗杀,中国民主同盟; 国民党; 中国共产党; 美国国务院,昆明; 北平; 重庆; 上海,20
1156,1949,"January 5, 1949",The Ambassador in China (Stuart) to the Secretary of State,称张澜已抵达华北，并说同行者还有李泽林、梅龚彬、朱蕴山、茅盾和吴茂荪。 李泽林为国民党革命委员会成员，是李元帅旧识，近来住在澳门；梅龚彬为著名国民党革命委员会成员；朱蕴山为民盟中央常委；茅盾为左翼作家；吴茂荪为李元帅门生。,topic,1949 年北平接触,张澜; 司徒雷登,民盟,中国民主同盟; 国民党; 中国共产党; 美国国务院,南京; 香港,65
1157,1949,"January 5, 1949",The British Embassy to the Department of State,"近几周已经有报道称国民党活动增加(包括地下细胞系统的纸面计划); (二)大力支持中国民主同盟和国民党革命委员会,如果在中国成立联合政府,将会增加; (三)华人社区增加政治活动,鼓动增加华人在联邦或州议会的代表,马来人对此作出强烈反应.",topic,1949 年北平接触,,联合政府; 民盟,中国民主同盟; 国民政府; 国民党; 中国共产党; 美国国务院,香港; 华盛顿,35
1158,1950,"January 5, 1950",北平接触与民盟人士沟通,请国务院转东京5号；转发台北30号、北平24号。 总领事馆一名官员昨晚同三位亲近的中国朋友共进晚餐，即本地民主同盟领袖韩明、彭文应和朱高庸。,topic,1949 年北平接触,蒋介石,北平接触; 民盟,中国民主同盟; 国民政府; 国民党; 中国共产党; 美国国务院; 美国驻上海总领事馆,北平; 上海; 华盛顿,70
1159,1950,"January 5, 1950",北平接触与民盟人士沟通,陈毅已被明确指定为完成这一使命的领导人，其重要性体现在陈毅从北平返回此地后的第一件事就是视察宁波集结区。 9 如果处理得当，北平与苏联的联盟对苏联而言可能弊大于利；但在谈论美国援助委员长的背景下，这一目标很难实现。,topic,1949 年北平接触,蒋介石,北平接触,国民党; 中国共产党; 美国国务院; 美国驻上海总领事馆,北平; 上海; 满洲; 华盛顿,60
1160,1947,"January 7, 1947",第三方面在国共之间寻求政治空间,马歇尔使团档案，Lot 54-D270 [文件370] 马歇尔将军与 C. 李将军告诉马歇尔，他刚从上海返回，曾拜访许多民主同盟成员和无党派人士。,topic,1949 年北平接触,罗隆基; 张澜; 周恩来; 马歇尔; 蒋介石,马歇尔调处; 第三方面; 民盟,中国民主同盟; 国民党; 中国共产党,南京; 上海; 延安; 满洲,65
1161,1947,"January 8, 1947",北平接触与民盟人士沟通,） 在听到华北海军陆战队方面说，他们在调查所谓北平强奸案时难以从中国当局取得资料后，我亲自向委员长提出此事。 委员长立即命令北平地方当局加快调查，并立即向海军陆战队提供全部资料。,topic,1949 年北平接触,司徒雷登; 蒋介石,北平接触; 民盟,中国民主同盟; 中国共产党; 美国国务院; 行政院,北平; 南京; 重庆; 上海; 天津,50
1162,1946,"July 11, 1946",围绕政协决议和政府改组的调处,马歇尔使团档案，Lot 54-D270 [文件663] 马歇尔将军与俞大维将军会谈纪要，1946年7月11日上午9时，南京宁海路5号。 ” 马歇尔表示，局势似乎很危急，但眼前问题的答案在于政府和共产党代表特别会议能否取得结果。,topic,1949 年北平接触,罗隆基; 周恩来; 马歇尔; 蒋介石,政协; 马歇尔调处; 民盟,中国民主同盟; 国民政府; 国民党; 中国共产党; 政治协商会议,南京; 上海,80
1163,1947,"July 11, 1947",The Ambassador in China (Stuart) to the Secretary of State,"6月18日,博格采访数日后,孙博士接见了民主同盟的罗隆基博士,并与博士谈话.",topic,1949 年北平接触,罗隆基; 司徒雷登; 蒋介石,马歇尔调处; 民盟,中国民主同盟; 国民政府; 国民党; 中国共产党; 青年党; 美国国务院,南京; 上海,25
1164,1948,"July 12, 1948",The Consul General at Hong Kong (McKenna) to the Ambassador in China (Stuart),瑟维斯先生告知李济深，他于1948年7月5日在上海会见了民主同盟领袖张澜和罗隆基；李济深表示相信他们一定强烈支持其运动。 当瑟维斯先生简要转述中国民主同盟领袖关于李济深元帅和副总统李宗仁具有关键重要性的谈话时，李济深毫不掩饰自己的满意。,topic,1949 年北平接触,罗隆基; 张澜; 司徒雷登,民盟,中国民主同盟; 国民党; 中国共产党; 美国国务院,上海; 香港,65
1165,1949,"July 12, 1949",北平接触与民盟人士沟通,随后，中华全国妇女联合会领导人，包括周恩来夫人和冯玉祥夫人、国民党革命委员会主席李济深以及民主同盟领导人，分别于6月6日给她发出三封电报，祝贺她迎来上海解放和共同“自由与民主”目标的接近实现，表示对她的高度敬重，并暗示希望在北平恢复同她的个人交往。 公开说法是为就医，但两个可靠消息来源称，其目的在于说服宋庆龄女士前往北平参加政协筹备会议。,topic,1949 年北平接触,周恩来; 蒋介石,政协; 北平接触; 民盟,中国民主同盟; 国民党; 中国共产党; 政治协商会议; 美国国务院; 美国驻上海总领事馆,北平; 南京; 上海; 香港,50
1166,1944,"July 14, 1944",The Second Secretary of Embassy in China (Penfield) to the Secretary of State,中国民主政团同盟主席张澜（张表方）以及中国青年党领袖（我从他们处取得宣言副本）似乎是该会领导中最活跃的力量。,topic,1949 年北平接触,张澜,,中国民主同盟; 国民党; 中国共产党; 青年党; 美国国务院; 美国驻华使馆,重庆; 成都,50
1167,1946,"July 17, 1946",昆明暗杀事件引发的政治压力与外交关注,民主同盟著名成员闻一多于今晚6时遭暗杀，其子受重伤；二人遭密集枪击。 通过警备司令副官之兄可靠查明，特务机关已接到指令，要在昆明刺杀民主同盟高级成员；民主同盟云南支部主席、云大教授楚图南，以及民盟省支部书记赵沨，也被列为今晚刺杀对象。,topic,1949 年北平接触,司徒雷登,昆明暗杀; 北平接触; 民盟,中国民主同盟; 中国共产党; 美国国务院,昆明; 北平; 南京; 上海,70
1168,1949,"July 18, 1949",北平接触与民盟人士沟通,莱顿：电报［文件937］驻北平总领事柯乐博致国务卿。 北平，1949年7月18日中午。,topic,1949 年北平接触,罗隆基; 张东荪; 司徒雷登,北平接触; 民盟,中国民主同盟; 中国共产党; 美国国务院; 美国驻北平总领事馆,北平; 南京,80
1169,1949,"July 19, 1949",北平接触与民盟人士沟通,00/7-2049：电报 [文件505] 驻北平总领事（柯乐博）致国务卿 北平，1949年7月19日上午9时。 7月17日，应邀会见罗隆基、张东荪、周鲸文和约瑟夫·张。,topic,1949 年北平接触,罗隆基; 张东荪; 周恩来; 马歇尔; 司徒雷登; 蒋介石,马歇尔调处; 北平接触; 民盟,中国民主同盟; 国民政府; 国民党; 中国共产党; 美国国务院; 美国驻北平总领事馆,北平; 南京; 上海; 天津,80
1170,1947,"July 23, 1947",Memorandum by the First Secretary of Embassy in China (Ludden) to General Wedemeyer,改组时，国务委员会为民主同盟和共产党预留了11个席位，以备他们日后愿意加入临时政府。,topic,1949 年北平接触,蒋介石,民盟,中国民主同盟; 国民政府; 国民党; 中国共产党; 青年党; 美国国务院; 美国驻华使馆; 行政院,满洲; 华盛顿,60
1171,1946,"July 26, 1946",昆明暗杀事件引发的政治压力与外交关注,马歇尔使团档案，Lot 54-D270 [文件708] 马歇尔将军与罗隆基博士会谈纪要，1946年7月26日下午1时15分，南京宁海路5号。 罗博士开会时说，马歇尔将军启程赴牯岭以前，他必须见马歇尔一面，因为有一件特别重要的事情，需要在马歇尔即将访问牯岭期间采取行动。,topic,1949 年北平接触,罗隆基; 马歇尔; 蒋介石,昆明暗杀; 马歇尔调处; 民盟,中国民主同盟; 国民党,昆明; 南京; 牯岭,80
1172,1946,"July 26, 1946",昆明暗杀事件引发的政治压力与外交关注,罗博士认为，民主同盟不可能派一名有影响力的成员去昆明调查，因为此人很可能得不到任何保护，并且除非作为联合委员会成员，否则肯定没有任何权威。 罗博士此时紧急把此事提请马歇尔将军注意，主要目的在于说服马歇尔在牯岭期间同委员长提出此事。,topic,1949 年北平接触,罗隆基; 马歇尔; 蒋介石,昆明暗杀; 马歇尔调处; 民盟,中国民主同盟; 美国国务院,昆明; 南京; 牯岭,85
1173,1949,"July 27, 1949",The Consul at Shanghai (McConaughy) to the Secretary of State,若届时仍无进展，我计划今天傍晚通过民主同盟中间人另试一种途径。,topic,1949 年北平接触,,民盟,中国民主同盟; 美国国务院,南京; 上海,35
1174,1949,"July 29, 1949",北平接触与民盟人士沟通,"00/7-2949:电讯[962号文件] 驻北平总领事(柯乐博)致国务卿北平,1949年7月29日——下午5时[收到7月29日——下午2时59分]1263. 注意罗隆基的领先问题(参见总领事馆电 1195, July 19 [20]) 40.",topic,1949 年北平接触,罗隆基; 周恩来,北平接触,中国共产党; 美国国务院; 美国驻北平总领事馆,北平; 南京; 沈阳; 华盛顿,25
1175,1949,"July 29, 1949",北平接触与民盟人士沟通,［致北平：］上海总领馆今晨被前海军雇员闯入，这些人拒绝离开，直到其要求得到解决（见上海7月29日致北平第227号电）；他们使用力量阻止人员进出总领馆大楼。 发北平第306号，并转国务院第1651号、上海第918号。,topic,1949 年北平接触,张东荪; 周恩来; 司徒雷登,北平接触; 民盟,中国民主同盟; 中国共产党; 美国国务院,北平; 南京; 上海,50
1176,1949,"July 3, 1949",北平接触与民盟人士沟通,蔡斯（注81）和托马斯（注82）于星期四晚上与民主同盟领导人韩明进行了一次有意义的谈话；协助安排此次会面的阿莫斯·王先生也参加了。 韩明（与范宣德、斯普鲁斯、弗里曼等外交官战时有过愉快交往，注83、84、85）显然属于民盟内部的亲美温和派；该派系包括罗隆基、张东荪和叶笃义。,topic,1949 年北平接触,罗隆基; 张东荪,北平接触; 民盟,中国民主同盟; 国民党; 中国共产党; 美国国务院; 美国驻华使馆; 美国驻上海总领事馆,北平; 南京; 上海,80
1177,1946,"July 30, 1946",昆明暗杀事件引发的政治压力与外交关注,马歇尔使团档案，第54-D270卷：电报〔文件716〕 马歇尔将军致杜鲁门总统 〔南京，〕1946年7月30日。 与此同时，民主同盟两名大学教授在昆明被暗杀，以及上海同类人士遭秘密警察严密监视，引起极大震动，并使自由派人士产生一种感觉：政府正在采用恐怖手段镇压任何口头或文字形式的反对意见。,topic,1949 年北平接触,周恩来; 马歇尔; 司徒雷登; 蒋介石,昆明暗杀; 马歇尔调处; 第三方面; 北平接触; 联合政府; 民盟,中国民主同盟; 国民政府; 国民党; 中国共产党; 美国国务院,昆明; 北平; 南京; 上海; 满洲; 天津; 牯岭,70
1178,1949,"July 30, 1949",北平接触与民盟人士沟通,蔡斯通过民主同盟成员韩明，成功把有关此案的备忘录和信件送到章汉夫面前。 请国务院转北平232号、海军作战部长和西太平洋海军司令。,topic,1949 年北平接触,,北平接触; 民盟,中国民主同盟; 美国国务院,北平; 南京; 上海; 华盛顿,70
1179,1946,"July 31, 1946",昆明暗杀事件引发的政治压力与外交关注,马歇尔使团档案，Lot 54–D270 [文件718] 马歇尔将军与俞大维将军会谈记录 南京宁海路5号，1946年7月31日下午6时45分 南京，1946年7月31日下午6时45分。 俞大维将军首先询问马歇尔将军上次牯岭之行与委员长会谈的结果。,topic,1949 年北平接触,罗隆基; 张君劢; 马歇尔; 司徒雷登; 蒋介石,昆明暗杀; 马歇尔调处; 第三方面; 北平接触,国民党; 中国共产党,北平; 南京; 满洲; 牯岭,25
1180,1947,"July 5, 1947",北平接触与民盟人士沟通,先生：我谨随函附上北平7月1日第25号报告的蓝晒副本，供国务院参考。 此外，对于北平领事在该报告第一段提到的第二个消息来源所寄予的信任，本馆并不认同。,topic,1949 年北平接触,司徒雷登; 蒋介石,第三方面; 北平接触,美国国务院,北平; 南京,55
1181,1947,"July 5, 1947",北平接触与民盟人士沟通,"[附录] 驻北平领事(弗里曼)驻华大使(司徒雷登)第25号 1947年7月1日 北平. 先生:我荣幸地提及最近的报告,这些报道无疑已引起大使馆的注意,报告在中国成立第三党的运动,并报告在北平这一运动的发展情况。",topic,1949 年北平接触,司徒雷登; 蒋介石,第三方面; 北平接触; 联合政府; 民盟,中国民主同盟; 国民党; 中国共产党,昆明; 北平; 南京; 上海; 香港,75
1182,1945,"July 6, 1945",第三方面在国共之间寻求政治空间,（这些据称曾为冯将军旧部者包括：驻冀南、豫北的第二方面军总司令孙良诚将军；驻山东的第三方面军总司令吴化文将军；驻苏北的第四方面军总司令郝鹏举将军；驻豫北的第五方面军总司令庞炳勋将军；以及驻河南郑县以东陇海铁路两侧的第二集团军总司令张兰峰（非张澜）将军。,topic,1949 年北平接触,张澜; 蒋介石,第三方面,国民党; 美国国务院; 美国驻华使馆,北平; 重庆; 满洲; 天津,10
1183,1946,"July 8, 1946",北平接触与民盟人士沟通,马歇尔使团档案，Lot 54-D270〔文件648〕 马歇尔将军与周恩来将军会谈纪要 南京，宁海路5号，1946年7月8日下午4时。 马歇尔将军：我从电话中得知，为解决地方民政问题而举行的会议几乎没有取得什么成果。,topic,1949 年北平接触,周恩来; 马歇尔,马歇尔调处; 北平接触,国民政府; 国民党; 中国共产党,北平; 南京,55
1184,1946,"July 9, 1946",围绕政协决议和政府改组的调处,马歇尔使团档案，Lot 54–D270〔第658号文件〕马歇尔将军、王（世杰）部长、邵（力子）先生与陈（诚）将军在外交部会谈记录，1946年7月9日下午3时。 他指出，政府并未要求中共在共军即将撤出的所有地区一并放弃地方行政权和军事控制权；除上述四个具体地区外，凡中共撤出地区的地方行政问题，均交由政治协商会议或政协综合小组讨论解决。,topic,1949 年北平接触,罗隆基; 周恩来; 马歇尔; 蒋介石,政协; 马歇尔调处; 民盟,中国民主同盟; 中国共产党; 政治协商会议,南京; 上海; 延安; 满洲,80
1185,1946,"June 1, 1946",北平接触与民盟人士沟通,马歇尔使团档案，第54-D270卷〔文件494〕 马歇尔将军与罗隆基博士会谈记录 马歇尔将军寓所，1946年6月1日上午10时。 马歇尔将军告诉罗博士，由于委员长不在，要达成解决办法很困难；通过无线电通信进行谈判也非常困难。,topic,1949 年北平接触,罗隆基; 周恩来; 马歇尔; 蒋介石,马歇尔调处; 北平接触; 民盟,中国民主同盟; 国民政府; 国民党; 中国共产党; 青年党,北平; 重庆; 延安; 满洲,80
1186,1948,"June 1, 1948",The Director of the Office of Far Eastern Affairs (Butterworth) to the Minister-Counselor of Embassy in China (Clark),除民主同盟成员外，我们知道很少有中国人显示出认真看待李元帅领导权力主张的迹象；而这些民盟成员在1944年曾期待李元帅领导中国东南的分离运动，并且显然至今仍把他视为中国救星。,topic,1949 年北平接触,蒋介石,民盟,中国民主同盟; 国民党; 美国驻华使馆,南京; 香港; 华盛顿,35
1187,1946,"June 14, 1946",北平接触与民盟人士沟通,马歇尔使团档案，Lot 54-D270〔文件549〕 马歇尔将军与周恩来将军会谈纪要 1946年6月14日上午11时10分。 马歇尔将军开场告诉周恩来将军，他已同俞大维将军谈过交通通信问题，也谈到准备若干文件的问题。,topic,1949 年北平接触,周恩来; 马歇尔,马歇尔调处; 北平接触,国民政府; 国民党; 中国共产党,北平; 满洲,55
1188,1946,"June 14, 1946",北平接触与民盟人士沟通,马歇尔将军同意，当前局势很严重。 谈到同北平，特别是同东北建立联系，周将军说，他不久前曾告诉拜罗德将军，希望拜罗德抵达长春后二三天内前往哈尔滨，同那里的共产党负责人建立联系。,topic,1949 年北平接触,周恩来; 马歇尔; 蒋介石,马歇尔调处; 北平接触,中国共产党,北平; 南京; 延安; 沈阳; 满洲; 天津,60
1189,1948,"June 14, 1948",北平接触与民盟人士沟通,00/6-1448〔文件235〕 驻北平总领事（柯乐博）致国务卿 北平，1948年6月14日，第115号。 〕 先生：谨提及本总领事馆1948年6月14〔15〕日第105号公函，其中报告一个据称希望促成中国和平的“第三党”集团在北平出现。,topic,1949 年北平接触,张澜; 蒋介石,第三方面; 北平接触; 民盟,中国民主同盟; 国民政府; 中国共产党; 美国国务院; 美国驻北平总领事馆,北平; 南京; 香港; 沈阳; 满洲,80
1190,1949,"June 16, 1949",北平接触与民盟人士沟通,00/6-1649：电报 [文件459] 驻北平总领事（柯乐博）致国务卿 北平，1949年6月16日。 《光明日报》今天报道，中国民主同盟主席张澜及常务委员罗隆基、史良定于6月18日离开上海前往北平；他们抵达北平后，即可确定正在筹备中的第四次全体会议召开日期。,topic,1949 年北平接触,罗隆基; 张澜; 黄炎培; 史良; 张东荪,北平接触; 民盟,中国民主同盟; 国民党; 美国国务院; 美国驻北平总领事馆,北平; 南京; 上海; 天津,80
1191,1950,"June 16, 1950",Policy Statement Prepared in the Department of State,中国民主同盟仰光支部一直在不引人注目但坚持不懈地培养社会党左翼分子。,topic,1949 年北平接触,,马歇尔调处; 民盟,中国民主同盟; 中国共产党; 美国国务院,华盛顿,55
1192,1946,"June 17, 1946",北平接触与民盟人士沟通,马歇尔使团档案，Lot 54-D270 [文件562] 马歇尔将军同罗隆基博士、张君劢博士会谈纪要，1946年6月17日下午5时30分，马歇尔将军寓所。 马歇尔说，现场小组不能把事项直接提交三人小组，因为那样耗时太久。,topic,1949 年北平接触,罗隆基; 张君劢; 周恩来; 马歇尔; 蒋介石,马歇尔调处; 第三方面; 北平接触; 民盟,中国民主同盟; 中国共产党,北平; 南京,80
1193,1946,"June 18, 1946",北平接触与民盟人士沟通,马歇尔使团档案，Lot 54–D270 [文件第566号] 马歇尔将军与周恩来将军会谈记录 南京宁海路5号，1946年6月18日上午11时15分 马歇尔将军表示，他有两件事要谈。 马歇尔将军将中文副本交给周将军，并要求在两三天内归还。,topic,1949 年北平接触,周恩来; 马歇尔; 蒋介石,马歇尔调处; 北平接触; 民盟,中国民主同盟; 国民党; 中国共产党,北平; 南京; 延安; 沈阳; 满洲; 天津,70
1194,1949,"June 18, 1949",北平接触与民盟人士沟通,据报北平还将举行政治协商会议预备会议，我推测陈铭枢等人已北上参加。 （见北平6月9日第644号电，抄国务院第969号、广州第155号。,topic,1949 年北平接触,张东荪; 司徒雷登,政协; 北平接触; 联合政府; 民盟,中国民主同盟; 中国共产党; 政治协商会议; 美国国务院,北平; 南京; 上海; 沈阳; 华盛顿,70
1195,1949,"June 19, 1949",The Ambassador in China (Stuart) to the Secretary of State,一位是中国民主同盟副主席罗隆基，另一位是和谈代表团的李振。,topic,1949 年北平接触,罗隆基; 司徒雷登,民盟,中国民主同盟; 中国共产党; 美国国务院,南京; 上海,45
1196,1948,"June 2, 1948",The Ambassador in China (Stuart) to the Secretary of State,据称作出这一变动，是因为潘的极端政策疏远了民主同盟、李济深等其他潜在友好团体。 因此，现在恢复和平谈判已不可能，尽管不久后仍可能因三个理由而恢复：（一）共产党可以轻易在延安或东北的“解放区”召开政协，但他们没有这样做；（二）他们可以召集自己的国民大会，宣布东北或其他地区自治，但他们同样克制未为；（三）东北的俄国人为帮助中共占领锦州，在弹药等问题上向其提供援助，但共产党除接受35名军事顾问和若干火炮,topic,1949 年北平接触,司徒雷登; 蒋介石,政协; 民盟,中国民主同盟; 中国共产党; 政治协商会议; 美国国务院; 国民大会,南京; 香港; 延安; 满洲,50
1197,1949,"June 2, 1949",The Consul General at Shanghai (Cabot) to the Secretary of State,可靠消息称，上海民盟领导人5月27日准备的一项声明被共产党压下。 现在他说，共产党曾向他提供一个副市长职位；他拒绝了，但表示愿作非正式顾问；又说，如果将来真正建立联合政府，他也许会接受职务，但鉴于新的迹象显示共产党正偏离其“在石家庄作出的明智决定”，他怀疑这是否会实现。,topic,1949 年北平接触,章伯钧,联合政府; 民盟,中国民主同盟; 国民党; 中国共产党; 美国国务院; 美国驻上海总领事馆,上海,55
1198,1949,"June 2, 1949",北平接触与民盟人士沟通,这一方面是由于上海规模巨大、政治社会结构复杂，另一方面尤其是由于杨虎及其主要副手同时具有以下身份：一是国民党革命委员会成员；二是同民盟人士和陈铭枢的三民主义同志联合会关系相当密切；三是古老“青红帮”秘密会社的头目。 发国务院第1951号，抄南京第1065号、广州第606号、北平第162号。,topic,1949 年北平接触,章伯钧,北平接触; 民盟,中国民主同盟; 国民党; 中国共产党; 美国国务院; 美国驻上海总领事馆,北平; 南京; 上海,75
1199,1949,"June 2, 1949",北平接触与民盟人士沟通,"00/6–249:电讯[文件429] 驻北平(柯乐博)总领事致国务卿北平,1949年6月2日—下午6时[收到6月3日—4日凌晨21时] 928. 81 张东荪之子,民盟北平领袖.",topic,1949 年北平接触,张东荪; 周恩来,北平接触; 民盟,中国民主同盟; 中国共产党; 美国国务院; 美国驻北平总领事馆,北平; 南京; 上海; 满洲,50
1200,1950,"June 2, 1950",北平接触与民盟人士沟通,无论如何，看来北平政权尚未准备好驱逐所有美国人，或试图根除所有美国影响。 在回答关于北平与莫斯科决裂，还是北平政权被内部力量推翻，哪种可能性更大的问题时，麦康奇先生表示，他认为这两种可能性都极不可能。,topic,1949 年北平接触,,北平接触,国民党; 中国共产党; 美国国务院,北平; 上海; 华盛顿,15
1201,1947,"June 20, 1947",The Ambassador in China (Stuart) to the Secretary of State,］先生：兹随函附上1947年6月13日使馆官员与民主同盟罗隆基博士谈话备忘录一份。 备忘录还指出，罗博士以及大概民主同盟本身，现在也害怕共产党胜利，因为在任何由共产党支配的政权中，民盟的地位都具有不确定性。,topic,1949 年北平接触,罗隆基; 司徒雷登; 蒋介石,民盟,中国民主同盟; 中国共产党; 美国国务院,南京,45
1202,1946,"June 21, 1946",第三方面在国共之间寻求政治空间,马歇尔使团档案，Lot 54–D270［文件第 579 号］ 马歇尔将军与罗隆基博士、张君劢博士会谈纪要 地点：马歇尔将军官邸 时间：1946 年 6 月 21 日上午 8 时 20 分 罗隆基表示，他与张君劢曾向周恩来将军建议，考虑授予军调小组美方代表实地调查的最终决定权。 罗隆基进一步指出，第三方面代表昨日会见政府方面代表，要求将十五日休战令予以延长。,topic,1949 年北平接触,罗隆基; 张君劢; 周恩来; 马歇尔,马歇尔调处; 第三方面,国民政府; 中国共产党,延安,10
1203,1949,"June 22, 1949",北平接触与民盟人士沟通,当地报纸6月20日报道，张澜、史良、罗隆基、王葆真、郭真等人于6月19日抵达南京，正前往北平。 报称，张、罗、史除出席新政协筹备委员会外，还将出席民主同盟第四次全体会议。,topic,1949 年北平接触,罗隆基; 张澜; 史良; 司徒雷登,政协; 北平接触; 民盟,中国民主同盟; 政治协商会议; 美国国务院,北平; 南京; 上海,80
1204,1946,"June 27, 1946",围绕政协决议和政府改组的调处,马歇尔使团档案，Lot 54–D270 [文件604] 马歇尔将军与周恩来将军会谈记录 南京宁海路5号，1946年6月27日下午1时30分 南京，1946年6月27日下午1时30分 马歇尔将军：感谢周将军今天下午在如此仓促安排的时间前来。 我与他讨论了共产党军队沿平汉铁路（北平—汉口铁路）的部署问题，以及该铁路向南延伸至陇海铁路交汇处一段，涉及共产党部队在沿线城市的驻扎问题。,topic,1949 年北平接触,周恩来; 马歇尔; 蒋介石,政协; 马歇尔调处; 北平接触,国民政府; 国民党; 中国共产党; 政治协商会议; 国民大会,北平; 南京; 重庆; 延安; 满洲,55
1205,1946,"June 3, 1946","Minutes of Meeting Between General Marshall and General Chou En-lai at 5 Ning Hai Road, Nanking, June 3, 1946, 10:15 a.m.",马歇尔使团档案，Lot 54-D270〔文件500〕 马歇尔将军与周恩来将军会谈纪要，南京宁海路5号，1946年6月3日上午10时15分。 周恩来将军在会谈开始时询问马歇尔将军，是否听说委员长什么时候回来。,topic,1949 年北平接触,周恩来; 马歇尔; 蒋介石,马歇尔调处,,南京,40
1206,1946,"June 3, 1946",昆明暗杀事件引发的政治压力与外交关注,周恩来将军说，他愿先向马歇尔将军通报几件事。 马歇尔将军问“原定计划”指什么。,topic,1949 年北平接触,周恩来; 马歇尔; 蒋介石,昆明暗杀; 马歇尔调处; 北平接触; 民盟,中国民主同盟; 国民党; 中国共产党,昆明; 北平; 南京; 重庆; 上海; 沈阳; 满洲; 天津,75
1207,1946,"June 3, 1946",北平接触与民盟人士沟通,马歇尔将军向周恩来将军详述这些细节，旨在让周将军明白，美国这项援华复兴计划，本质上是一个“要么做，要么不做”的选择。 马歇尔将军为促成中国获得沿海及内河航运能力付出了巨大努力，其投入程度几乎超过其他任何事项，因为若无此条件，中国便无法重新开放。,topic,1949 年北平接触,罗隆基; 周恩来; 马歇尔,马歇尔调处; 北平接触,国民党; 中国共产党; 美国国务院,北平; 南京; 重庆; 上海; 满洲,70
1208,1946,"June 3, 1946","Minutes of Meeting Between General Marshall and General Chou En-lai at 5 Ning Hai Road, Nanking, June 3, 1946, 10:15 a.m.",马歇尔将军说，谈到陈纳德将军这类个人的言论时，他只是回答说，陈纳德将军是一名退休军官，正试图通过同联合国善后救济总署签订合同来组织一支空运机队。 相反，总统在其对华政策中非常清楚地声明了愿望，并提出了实际上相当于建议的内容；据马歇尔将军理解，这将实现共产党所为之奋斗的目标。,topic,1949 年北平接触,周恩来; 马歇尔,马歇尔调处,中国共产党,南京,45
1209,1946,"June 3, 1946",围绕政协决议和政府改组的调处,马歇尔将军把谈话拉回当前局势，说他对共产党进攻长春的行动深感苦恼和不安；同时，他也同样对中央政府在长春之外继续军事行动感到苦恼和不安。 马歇尔将军的目的，是尽其所能使当前局势得到解决。,topic,1949 年北平接触,周恩来; 马歇尔; 蒋介石,政协; 马歇尔调处; 北平接触; 联合政府,国民党; 中国共产党; 政治协商会议,北平; 南京; 延安; 沈阳; 满洲,60
1210,1946,"June 3, 1946",北平接触与民盟人士沟通,马歇尔将军感谢周恩来的陈述。 他推想马歇尔会同意，在最初四个月中，共产党方面已经竭尽所能作出让步，以求解决东北问题。,topic,1949 年北平接触,罗隆基; 周恩来; 马歇尔; 蒋介石,马歇尔调处; 北平接触; 民盟,中国民主同盟; 国民党; 中国共产党,北平; 南京; 延安; 满洲,85
1211,1946,"June 3, 1946",北平接触与民盟人士沟通,”马歇尔将军说，他交给周恩来的草案，只是把委员长作为规定提出、而马歇尔部分持有异议的各种事项写成文字。 马歇尔说，他把副本给罗隆基博士，可能是一个错误，因为他对罗博士的做事方式了解不多。,topic,1949 年北平接触,罗隆基; 周恩来; 马歇尔; 蒋介石,马歇尔调处; 北平接触; 民盟,中国民主同盟; 国民政府; 国民党; 中国共产党; 青年党; 美国国务院,北平; 南京; 延安; 沈阳; 满洲,85
1212,1946,"June 3, 1946",北平接触与民盟人士沟通,一则广播播发了中国民主同盟的长篇呼吁，要求停止敌对行动，认为这是使中国免于灾难的唯一途径。 数则消息叙述了国民党于5月29日下令查封北平《解放日报》和新华社。,topic,1949 年北平接触,,北平接触; 民盟,中国民主同盟; 国民党; 中国共产党; 美国国务院; 美国驻华使馆,北平; 南京; 延安; 满洲; 天津,50
1213,1946,"June 6, 1946",北平接触与民盟人士沟通,马歇尔使团档案，Lot 54-D270 [文件515] 马歇尔将军与周恩来将军会谈纪要，1946年6月6日晚8时，南京宁海路5号。 马歇尔将军讨论了周恩来赴延安旅行的安排。,topic,1949 年北平接触,罗隆基; 周恩来; 马歇尔; 蒋介石,马歇尔调处; 北平接触; 民盟,中国民主同盟; 国民党; 中国共产党,北平; 南京; 延安; 满洲,80
1214,1949,"June 6, 1949",北平接触与民盟人士沟通,一名总领事熟知的民主同盟成员参加了6月6日上海文化界领袖会议，并报告了陈毅市长数小时讲话的以下要点： 一、中国过去出口到东南亚、用以“撑面子”制造繁荣表象的产品，将留在中国，以满足中国人民需要。 消息来源强调，这里的“援助”指贷款、技术援助或马歇尔计划性质的帮助，不同于普通贸易；共产党当然也希望有普通贸易。,topic,1949 年北平接触,马歇尔,马歇尔调处; 北平接触; 民盟,中国民主同盟; 中国共产党; 美国国务院; 美国驻上海总领事馆,北平; 上海; 香港; 天津,50
1215,1949,"June 8, 1949",北平接触与民盟人士沟通,6月8日，民主同盟官员叶笃义在同总领事馆官员谈话时表示，他打算于6月10日前往上海，会合罗隆基和张澜，然后应毛泽东邀请前往北平。 叶笃义说，民主同盟希望成为中国共产党人与美国之间的“桥梁”，从而改变共产党目前的反美倾向。,topic,1949 年北平接触,罗隆基; 张澜,政协; 北平接触; 民盟,中国民主同盟; 中国共产党; 政治协商会议; 美国国务院,北平; 南京; 上海; 香港,80
1216,1946,"June 9, 1946",北平接触与民盟人士沟通,马歇尔将军告诉他们，他与政治部分毫无关系，他们的委员会也不是以政治委员会的方式运作。 马歇尔将军只是想把这个想法转达给徐将军。,topic,1949 年北平接触,周恩来; 马歇尔; 蒋介石,马歇尔调处; 北平接触,国民党; 中国共产党,北平; 南京; 延安; 满洲,60
1217,1949,"June 9, 1949",北平接触与民盟人士沟通,00B/6-1040：电报〔文件446〕驻北平总领事（柯乐博）致国务卿。 北平，1949年6月9日下午3时〔6月10日上午9时23分收到〕。,topic,1949 年北平接触,罗隆基; 张澜; 沈钧儒; 黄炎培; 章伯钧; 张东荪; 周恩来,政协; 北平接触; 联合政府; 民盟,中国民主同盟; 中国共产党; 政治协商会议; 美国国务院; 美国驻北平总领事馆,北平; 南京; 天津,80
1218,1948,"March 13, 1948",The Ambassador in China (Stuart) to the Secretary of State,一位被认为可靠的中国女记者告知我们，在近期与上海共产党代表就联合政府问题进行的非正式谈话中，对方表示不会与任何由委员长领导的中国政府进行谈判。 3月11日，罗隆基27向使馆官员表达了同样看法，即共产党已拒绝与任何有委员长及其若干最亲密支持者参与的政府进行谈判。,topic,1949 年北平接触,罗隆基; 司徒雷登; 蒋介石,联合政府; 民盟,中国民主同盟; 中国共产党; 美国国务院,南京; 上海,45
1219,1947,"March 14, 1947",The Ambassador in China (Stuart) to the Secretary of State,截至目前，共产党、民主同盟或左翼舆论机关如上海《文汇报》等尚无反应。 几天前，民主同盟发言人罗隆基向使馆一位可靠消息来源透露了民主同盟所代表圈子可能作何反应。,topic,1949 年北平接触,罗隆基; 周恩来; 马歇尔; 司徒雷登,马歇尔调处; 民盟,中国民主同盟; 国民党; 中国共产党; 美国国务院,南京; 上海; 延安,65
1220,1947,"March 15, 1947",The Ambassador in China (Stuart) to the Secretary of State,该电由上海56名著名中国人士于3月12日发给在莫斯科举行的外长会议；署名者包括民主同盟主席张澜，社会知名人士马叙伦，民主同盟发言人罗隆基，经济学教授马寅初，民主同盟人士黄炎培、沈钧儒、章伯钧，以及作家郭沫若： “我们希望正在莫斯科举行的外长会议各参加国能够： 1. 在中国真正民主统一的联合政府成立以前，停止对交战任何一方给予任何帮助； 2.,topic,1949 年北平接触,罗隆基; 张澜; 沈钧儒; 黄炎培; 章伯钧; 司徒雷登,马歇尔调处; 联合政府; 民盟,中国民主同盟; 美国国务院,南京; 上海,65
1221,1947,"March 19, 1947",北平接触与民盟人士沟通,该计划的关键在于须为第三方面成员及无党派领袖安排职位。 他带领一批成员脱离中国民主同盟，以自由进步为宗旨组建了中国社会民主党。,topic,1949 年北平接触,张君劢; 司徒雷登,马歇尔调处; 第三方面; 北平接触; 民盟,中国民主同盟; 国民党; 中国共产党; 青年党; 美国国务院; 行政院,北平; 南京; 延安; 天津,70
1222,1947,"March 20, 1947",北平接触与民盟人士沟通,以下为《中国报》关于中国民主同盟3月17日在上海举行记者会的报道，主题为莫斯科会议上苏联关于中国问题的提议： “中国民主同盟昨日午后在记者会上主张，1945年莫斯科外长会议参加国应对中国事务进行联合调停，而不是联合干涉。 民盟声称，这种友好调停不会遭到中国人民反对，因为调停中国内争与干涉中国内政是‘两回事’。,topic,1949 年北平接触,司徒雷登,北平接触; 联合政府; 民盟,中国民主同盟; 美国国务院,北平; 南京; 上海,70
1223,1949,"March 23, 1949",The Consul General at Shanghai (Cabot) to the Ambassador in China (Stuart),00/3–2349 [文件第232号] 驻上海总领事（卡伯特）致驻华大使（司徒雷登）第44号函节录 上海，1949年3月23日 先生： 谨呈上3月20日非正式晚宴期间，本总领事馆官员与留沪民盟成员叶笃义、彭文应交谈中所得较有趣味之观察摘要如下： ……,topic,1949 年北平接触,司徒雷登,民盟,中国民主同盟; 美国驻上海总领事馆,上海,35
1224,1946,"March 9, 1946",围绕政协决议和政府改组的调处,在中国，这种好感甚至扩展到许多国民党成员，尤其在民主同盟内部更是如此。 目前，共产党人似乎正在因其对俄国在东北活动保持沉默而疏离这种好感，并且直接落入CC系或其他对政协和军事整编方案不满的中国势力手中。,topic,1949 年北平接触,周恩来; 马歇尔,政协; 马歇尔调处; 北平接触; 民盟,中国民主同盟; 国民党; 中国共产党; 政治协商会议; 美国驻华使馆,北平; 延安; 满洲,75
1225,1949,"May 12, 1949",北平接触与民盟人士沟通,罗隆基和张澜被关在虹桥医院的一间单人房内，另有一名警备人员始终在场（参见本馆5月10日第1594号致国务院电）。 总领事馆从一名接近罗隆基的民盟成员处获悉，罗以及可能包括张澜在内，因担心军事当局会对仍在上海的左翼领导人采取严厉措施，原计划在被捕前的那个早晨迅速前往华北。,topic,1949 年北平接触,罗隆基; 张澜; 蒋介石,北平接触; 民盟,中国民主同盟; 美国国务院; 美国驻上海总领事馆,北平; 南京; 上海; 香港,80
1226,1947,"May 16, 1947",The Ambassador in China (Stuart) to the Secretary of State,893.00/5-1647〔文件101〕驻华大使（司徒雷登）致国务卿，第730号。南京，1947年5月16日〔5月23日收到〕。 主题：中央政府对非国民党政治团体政策的可能走向 先生：我谨提请国务院注意最近发生的两项事态发展。这两项发展被认为对于评估中央政府今后对中国共产党及其他非国民党因素的政策走向具有重要意义。,topic,1949 年北平接触,司徒雷登,,国民党; 中国共产党; 美国国务院,南京,40
1227,1947,"May 16, 1947",The Ambassador in China (Stuart) to the Secretary of State,自1946年12月25日国民大会通过新宪法以来，特别是自最近宣布改组国府委员会和行政院以来，政府已有许多声明暗示，仍将为共产党、民主同盟或其他任何非国民党团体参加政府敞开大门。 从所谓缴获文件可以注意到，其中直接把民主同盟和其他非国民党团体，甚至包括目前参加政府的团体，称为共产党颠覆活动的渠道。,topic,1949 年北平接触,罗隆基; 司徒雷登,民盟,中国民主同盟; 国民党; 中国共产党; 行政院; 国民大会,南京,70
1228,1946,"May 17, 1946",北平接触与民盟人士沟通,马歇尔使团档案，Lot 54-D270〔文件458〕 周恩来将军与马歇尔将军会谈纪要 南京，马歇尔将军官邸，1946年5月17日上午10时。 周将军前天从考吉上校处得知，政府方面现在似乎并不热心前往；如果马歇尔将军坚持，他们才会去。,topic,1949 年北平接触,周恩来; 马歇尔,马歇尔调处; 北平接触,国民政府; 国民党; 中国共产党,北平; 南京; 满洲,55
1229,1946,"May 17, 1946",围绕政协决议和政府改组的调处,周将军说，这对他来说并非要紧问题；但他在想，如果今天能去，明晚便可同马歇尔将军谈话，因此他宁愿今天去。 马歇尔将军说，考伊上校认为，那个小组还没有乘吉普车从南通回来。,topic,1949 年北平接触,周恩来; 马歇尔,政协; 马歇尔调处; 北平接触; 民盟,中国民主同盟; 国民党; 中国共产党; 政治协商会议,北平; 南京; 重庆; 延安; 满洲,75
1230,1946,"May 17, 1946",北平接触与民盟人士沟通,马歇尔将军表示，广播称淮安方面与执行小组失去联系。 马歇尔将军就此情况征求周将军的意见。,topic,1949 年北平接触,罗隆基; 张君劢; 周恩来; 马歇尔; 蒋介石,马歇尔调处; 北平接触; 民盟,中国民主同盟; 国民政府; 国民党; 中国共产党,北平; 南京; 重庆; 满洲; 天津,85
1231,1949,"May 2, 1949",The Minister-Counselor of Embassy in China (Clark) to the Secretary of State,谈话中他说，近几个月来，各类团体，包括国民党CC系、民主同盟、国民党革命委员会和台湾共产党人，都曾接触他，试图争取台湾再解放联盟加入各自机构，并提出颇具吸引力的条件，但他拒绝同他们讨论。,topic,1949 年北平接触,,民盟,中国民主同盟; 国民党; 中国共产党; 美国国务院; 美国驻华使馆,香港,15
1232,1947,"May 21, 1947",北平接触与民盟人士沟通,与此同时，上海、北平以及很可能其他地方正在形成一些团体，组织起来向双方呼吁停止战斗，并重新努力通过谈判实现和平。 民主同盟代表已答应出席。,topic,1949 年北平接触,司徒雷登; 蒋介石,北平接触; 民盟,中国民主同盟; 国民党; 中国共产党; 美国国务院; 行政院,北平; 南京; 上海; 华盛顿,50
1233,1949,"May 25, 1949",The Consul General at Shanghai (Cabot) to the Secretary of State,为防止他们认为的国民党绑架危险，杨虎的人员昨日将民主同盟领袖罗隆基和张澜从国民党对他们的医院拘禁中“救出”；罗隆基致电总领事馆报告他们已脱身。,topic,1949 年北平接触,罗隆基; 张澜,民盟,中国民主同盟; 国民党; 中国共产党; 美国国务院; 美国驻上海总领事馆,南京; 上海,25
1234,1947,"May 27, 1947",北平接触与民盟人士沟通,"以下是上海发往大使馆的第917号电，5月23日下午6时： ""总领事馆官员会晤了当地秘密警察负责人王新衡，据其告知大致情况如下：当前的学生运动源于所谓的北平强奸案事件，当时成立了一个名为'反美暴行协会'的全国性学生组织，共产党在其组建过程中起了推动作用。",topic,1949 年北平接触,司徒雷登,北平接触,中国共产党; 美国国务院,北平; 南京; 上海,35
1235,1949,"May 28, 1949",北平接触与民盟人士沟通,司徒雷登 注46：柯乐博，驻北平总领事。 注47：张东荪，北平民主同盟领导人。,topic,1949 年北平接触,张东荪; 司徒雷登,北平接触; 民盟,中国民主同盟; 美国国务院; 美国驻北平总领事馆,北平; 南京; 上海; 华盛顿,50
1236,1946,"May 29, 1946",第三方面在国共之间寻求政治空间,马歇尔使团档案，Lot 54-D270〔文件489〕马歇尔将军与张君劢博士会谈纪要，马歇尔将军寓所，1946年5月29日下午5时。 马歇尔将军表示，双方对彼此都极度怀疑，而且这种怀疑在过去十天里有所增加。,topic,1949 年北平接触,张君劢; 周恩来; 马歇尔; 蒋介石,马歇尔调处; 第三方面; 联合政府; 民盟,中国民主同盟; 国民党; 中国共产党; 青年党; 国民大会,满洲,55
1237,1946,"May 29, 1946",围绕政协决议和政府改组的调处,马歇尔将军随后询问，哈尔滨、齐齐哈尔和满洲里问题最好如何安排。 马歇尔将军强调，如果没有相当把握认为能够达成协议、谈判不会再次陷入僵局，他不能再一次投入谈判。,topic,1949 年北平接触,罗隆基; 张君劢; 马歇尔,政协; 马歇尔调处; 民盟,中国民主同盟; 中国共产党; 政治协商会议,满洲,85
1238,1947,"May 29, 1947",北平接触与民盟人士沟通,财政部长称四川前景特别有利，其他省份报告尚可；但其他消息来源对华北平原、湘南等地持悲观看法。,topic,1949 年北平接触,司徒雷登,北平接触,国民党; 美国驻华使馆,北平,60
1239,1944,"May 30, 1944",The Second Secretary of Embassy in China (Penfield) to the Secretary of State,最近拜访张表方（张澜）时，这位年长的非国民党政治领袖也谈了非常相似的思路。,topic,1949 年北平接触,张澜,,国民政府; 国民党; 青年党; 美国国务院; 美国驻华使馆,重庆; 成都; 桂林,10
1240,1946,"May 30, 1946",北平接触与民盟人士沟通,马歇尔使团档案，Lot 54-D270〔文件491〕马歇尔将军与周恩来将军会谈纪要，南京宁海路5号，1946年5月30日下午6时。 马歇尔将军说，他中午收到委员长一封信，答复他前几天的来信。,topic,1949 年北平接触,周恩来; 马歇尔; 蒋介石,马歇尔调处; 北平接触,中国共产党,北平; 南京; 沈阳,55
1241,1946,"May 30, 1946",北平接触与民盟人士沟通,马歇尔将军表示，他想重申，他并不期望周恩来将军在这次会议上对他的草案作出答复。 委员长只是就美国军官问题做了一个笼统的陈述，其范围之广，马歇尔将军无法接受，并且他已向委员长指出，这给相关的美国人带来了一个非常棘手的问题。,topic,1949 年北平接触,周恩来; 马歇尔; 蒋介石,马歇尔调处; 北平接触; 民盟,中国民主同盟; 国民政府; 国民党; 中国共产党; 青年党,北平; 南京; 重庆; 上海; 延安; 沈阳; 满洲,75
1242,1947,"May 30, 1947",北平接触与民盟人士沟通,他们认为，政府于5月18日颁布禁止示威游行的法令是严重失策，而随后在南京和北平发生的示威活动中出现的暴力事件，反而使此前保持中立或摇摆不定的师生对示威者产生了同情。 此外，他们认为，随着危机加深以及共产党和国民党右翼立场日趋强硬，更多中间派团体将转而支持中国民主同盟。,topic,1949 年北平接触,司徒雷登,北平接触; 民盟,中国民主同盟; 国民党; 中国共产党; 美国国务院,北平; 南京; 上海,50
1243,1947,"May 7, 1947",The Ambassador in China (Stuart) to the Secretary of State,李璜原由中国青年党提名出任联合政府经济部部长，现已公开并正式宣布拒绝接受该职。 与此同时，国民党高级领导人正连续攻击中国民主同盟，称其不过是共产党风筝的尾巴。,topic,1949 年北平接触,罗隆基; 张君劢; 司徒雷登,联合政府; 民盟,中国民主同盟; 国民党; 中国共产党; 青年党; 美国国务院,南京,65
1244,1948,"November 13, 1948",The Consul General at Shanghai (Cabot) to the Secretary of State,罗隆基博士最近同总领事馆一名工作人员谈话时表示，如果共产党接管上海，美国人生命和财产面临的唯一危险，在于国务卿或总统可能发表政策声明，宣布美国决心继续支持蒋介石并增加对他的援助。 罗隆基说，不论美国官方感受如何，在目前发表这种声明都极不明智，因为它可能引发广泛的反美运动。,topic,1949 年北平接触,罗隆基; 蒋介石,民盟,中国民主同盟; 中国共产党; 美国国务院; 美国驻上海总领事馆,南京; 上海,65
1245,1948,"November 28, 1948",北平接触与民盟人士沟通,00/11-2849：电报〔文件698〕 驻北平总领事（柯乐博）致国务卿 北平，1948年11月28日下午2时。 他声称不知道根据东北-苏联贸易协定运出的粮食数量和其他业务情况，说没有人见过协定文本，北平也无人知道运出了什么、运进了什么；没有人见过据称从苏联换得的机器，也没有人知道执行协定时商品价值如何确定。,topic,1949 年北平接触,张东荪,北平接触; 民盟,中国民主同盟; 中国共产党; 美国国务院; 美国驻北平总领事馆,北平; 上海; 满洲,50
1246,1946,"November 29, 1946",The Ambassador in China (Stuart) to the Secretary of State,11月25日由委员长主持的全体会议上，委员长称，政协关于修改宪法草案的决定，可以对参加政协的各党派成员具有约束力，但不能约束民选代表。 ） 蒋、张书信公布时（参见使馆11月27日第1986号电），一名共产党发言人重申，如果召开新的政协、成立联合政府并召集新的国民大会，和平谈判可以恢复（参见使馆11月27日第1982号电）；陈立夫举行记者会，攻击共产党，并阐述中国对古代美德的忠诚（参见使馆11月27,topic,1949 年北平接触,罗隆基; 张君劢; 司徒雷登; 蒋介石,政协; 马歇尔调处; 联合政府; 民盟,中国民主同盟; 国民政府; 国民党; 中国共产党; 民主社会党; 政治协商会议; 美国国务院; 行政院; 国民大会,南京,80
1247,1946,"November 3, 1946",第三方面在国共之间寻求政治空间,马歇尔使团档案，Lot 54-D270［文件240］马歇尔将军与张君劢先生、罗隆基博士、叶笃义先生会谈记录，南京宁海路5号，1946年11月3日下午3时30分。 张先生向马歇尔将军报告说，他昨天下午见过委员长。,topic,1949 年北平接触,罗隆基; 张君劢; 周恩来; 马歇尔; 蒋介石,马歇尔调处; 第三方面,国民党; 中国共产党; 行政院; 国民大会,南京; 上海; 满洲,10
1248,1947,"November 7, 1947",The Consul General at Shanghai (Dams) to the Secretary of State,以下概述民盟11月6日在当地所有中文报纸上以中央社消息形式发表、并由《大公报》在头版专栏刊载的公告： 我们一贯坚持民主、和平、团结的立场，但战争加剧已使我们无法有效为国家服务。 由于政府宣布民盟为非法组织，迫使我们停止活动。,topic,1949 年北平接触,张澜; 黄炎培,民盟,中国民主同盟; 中国共产党; 美国国务院; 美国驻上海总领事馆,南京; 上海,65
1249,1946,"November 8, 1946","Minutes of Meeting Between General Marshall and Dr. Stuart at Dr. Stuart’s Residence, Nanking, November 8, 1946, 9:30 a.m.",此时，马歇尔将军和司徒雷登博士仔细修改了此前为蒋介石起草的一份声明草案，并就一个改写本达成一致。 注66：周恩来，中国共产党同马歇尔将军谈判代表团负责人。,topic,1949 年北平接触,周恩来; 马歇尔; 司徒雷登; 蒋介石,马歇尔调处,国民党; 中国共产党; 美国国务院,南京; 华盛顿,45
1250,1949,"October 1, 1949",北平接触与民盟人士沟通,01/10-149：电报［文件619］驻北平总领事柯乐博致国务卿。 北平，1949年10月1日。,topic,1949 年北平接触,张澜; 沈钧儒; 黄炎培; 章伯钧; 张东荪; 周恩来; 蒋介石,政协; 北平接触,国民党; 政治协商会议; 美国国务院; 美国驻北平总领事馆,北平; 南京; 上海; 天津,25
1251,1949,"October 11, 1949",北平接触与民盟人士沟通,01/10-1149：电报〔文件134〕 驻北平总领事（柯乐博）致国务卿 北平，1949年10月11日下午5时。 共产党人可能认为，这一争取承认本身在政治策略上已构成重要让步；可参见7月19日本馆第848号电中罗隆基关于共产党不会请求承认的说法。,topic,1949 年北平接触,罗隆基; 周恩来,北平接触,中国共产党; 美国国务院; 美国驻北平总领事馆,北平,25
1252,1947,"October 13, 1947",The Ambassador in China (Stuart) to the Secretary of State,］先生：兹随函附上1947年10月7日使馆官员与民主同盟罗隆基博士谈话备忘录一份。 关于政府最近对民主同盟的攻击，请国务院注意使馆1947年5月16日第730号函《中央政府对非国民党政治团体政策的可能走向》。,topic,1949 年北平接触,罗隆基; 司徒雷登,民盟,中国民主同盟; 国民党; 中国共产党; 美国国务院,南京,45
1253,1946,"October 17, 1946",北平接触与民盟人士沟通,马歇尔使团档案，第54-D270卷〔文件200〕 马歇尔将军与梁漱溟先生、叶笃义先生会谈记录 马歇尔将军寓所，南京，1946年10月17日下午4时20分。 张先生告诉他，第三方面集团成员，即无党派集团、中国青年党和民主同盟成员，今天上午开会讨论委员长的声明。,topic,1949 年北平接触,梁漱溟; 张君劢; 周恩来; 马歇尔; 司徒雷登; 蒋介石,马歇尔调处; 第三方面; 北平接触; 民盟,中国民主同盟; 国民党; 中国共产党; 青年党; 民主社会党,北平; 南京; 上海,70
1254,1949,"October 17, 1949",北平接触与民盟人士沟通,633/10-1749：电报〔文件1217〕驻北平总领事（柯乐博）致国务卿。 北平，1949年10月17日上午1时〔上午5时32分收到〕。,topic,1949 年北平接触,罗隆基; 周恩来,北平接触; 民盟,中国民主同盟; 国民党; 中国共产党; 美国国务院; 美国驻北平总领事馆,北平; 南京; 沈阳,80
1255,1947,"October 22, 1947",The Ambassador in China (Stuart) to the Secretary of State,先生：我谨随函附上三份备忘录，内容涉及政府当前针对中国民主同盟的活动。 这些备忘录反映出民盟领导人日益担心：民盟作为一个政党即将遭到全面取缔。,topic,1949 年北平接触,罗隆基; 司徒雷登,民盟,中国民主同盟; 国民党; 美国国务院; 行政院,南京,65
1256,1947,"October 22, 1947",The Ambassador in China (Stuart) to the Secretary of State,] 参加者： 大使； 章伯钧、沈钧儒、罗隆基，民主同盟领导人； R. 1947年10月14日下午，应章伯钧、沈钧儒、罗隆基三位民主同盟领导人的请求，大使接见了他们。,topic,1949 年北平接触,罗隆基; 沈钧儒; 章伯钧; 司徒雷登; 蒋介石,民盟,中国民主同盟; 国民党; 中国共产党; 美国驻华使馆; 行政院,南京,70
1257,1947,"October 22, 1947",The Ambassador in China (Stuart) to the Secretary of State,大使今日告知我，10月15日他借拜访行政院长之机，提出了针对民盟的压制措施问题，并向行政院长转述了民盟方面在10月14日同大使谈话中所陈述的案情（见10月14日会谈备忘录）。 大使建议，政府应主要从自身利益出发，认真考虑民盟提出的由政府指定代表同民盟代表举行会谈的请求。,topic,1949 年北平接触,罗隆基; 司徒雷登,民盟,中国民主同盟; 中国共产党; 美国驻华使馆; 行政院,南京,70
1258,1946,"October 25, 1946",围绕政协决议和政府改组的调处,马歇尔使团档案，Lot 54-D270 [文件218] 马歇尔将军、司徒雷登博士、缪云台先生、曾琦先生、罗隆基博士和李先生在南京美国大使馆会谈纪要，1946年10月25日上午10时45分。 罗博士开会时说，第三方面集团现在已经取得政府方面（来自孙科博士和王世杰博士）对共产党就政府八项建议所提出七个政治要点或问题的反应。,topic,1949 年北平接触,罗隆基; 周恩来; 马歇尔; 司徒雷登; 蒋介石,政协; 马歇尔调处; 第三方面; 民盟,中国民主同盟; 国民党; 中国共产党; 政治协商会议; 美国驻华使馆; 行政院; 国民大会,南京; 满洲,80
1259,1946,"October 25, 1946",第三方面在国共之间寻求政治空间,罗隆基博士随后询问马歇尔将军，委员长何时返回南京。 马歇尔将军说，他前一天已同陈诚将军谈过此事，并且相当确信委员长会按原定计划在星期六或星期日返回。,topic,1949 年北平接触,罗隆基; 周恩来; 马歇尔; 司徒雷登; 蒋介石,马歇尔调处; 第三方面,中国共产党; 青年党; 美国驻华使馆,南京,55
1260,1946,"October 27, 1946",第三方面在国共之间寻求政治空间,马歇尔使团档案，Lot 54-D270［文件224］马歇尔将军与三名第三方面代表罗隆基、缪云台、李璜会谈纪要，南京宁海路5号，1946年10月27日下午5时20分。 罗隆基先生告诉马歇尔将军，由于国民党军队最近攻占安东，第三方面的谈判目前正面临危机。,topic,1949 年北平接触,罗隆基; 周恩来; 马歇尔; 蒋介石,马歇尔调处; 第三方面,国民党; 中国共产党,南京; 上海; 延安,10
1261,1946,"October 27, 1946",围绕政协决议和政府改组的调处,罗隆基先生问马歇尔将军如何看待这三条。 三、政协五项决议按照政协规定程序执行。,topic,1949 年北平接触,罗隆基; 马歇尔; 蒋介石,政协; 马歇尔调处; 第三方面,中国共产党; 政治协商会议; 国民大会,南京; 满洲,30
1262,1947,"October 27, 1947",The Ambassador in China (Stuart) to the Secretary of State,最近政府报刊对民主同盟的攻击加剧，已使民盟领导人确信，彻底镇压民盟已迫在眉睫（使馆10月22日第1064号函）。 民主同盟把这解释为针对自己的措施，并预期11月1日起将出现一波逮捕。,topic,1949 年北平接触,罗隆基; 司徒雷登; 蒋介石,民盟,中国民主同盟; 国民党; 中国共产党; 美国国务院; 行政院,南京; 满洲,65
1263,1944,"October 28, 1944",The Second Secretary of Embassy in China (Penfield) to the Secretary of State,这种活动不仅体现在张澜等非国民党政治领袖不惮公开表达意见的公开演说中，也体现在许多政治、军事和工商界领袖的私人谈话中。,topic,1949 年北平接触,张澜,,国民党; 美国国务院; 美国驻华使馆,成都,10
1264,1946,"October 28, 1946",第三方面在国共之间寻求政治空间,马歇尔使团档案，Lot 54-D270〔文件225〕马歇尔将军、张君劢先生、罗隆基博士会谈记录，南京宁海路5号，1946年10月28日上午10时30分。 张君劢先生谈到昨日下午罗隆基先生参加的会议时说，他认为第三方面取得共产党参加国民大会代表名单，并将其提交政府，是最重要的事情。,topic,1949 年北平接触,罗隆基; 张君劢; 马歇尔; 司徒雷登; 蒋介石,马歇尔调处; 第三方面,中国共产党; 行政院; 国民大会,南京; 满洲,50
1265,1946,"October 28, 1946",围绕政协决议和政府改组的调处,罗隆基博士强调，共产党主要希望按照政协程序执行政协决议，并保护政协决议，不允许作出不能接受的修改。 马歇尔将军强调，这正是他昨天谈到的问题，即程序。,topic,1949 年北平接触,罗隆基; 张君劢; 马歇尔; 蒋介石,政协; 马歇尔调处; 第三方面; 联合政府; 民盟,中国民主同盟; 国民政府; 国民党; 中国共产党; 政治协商会议; 行政院; 国民大会,南京; 上海; 满洲,85
1266,1947,"October 28, 1947",The Ambassador in China (Stuart) to the Secretary of State,上海下午报报道说，民主同盟领导人罗隆基藏身于美国大使馆。,topic,1949 年北平接触,罗隆基; 司徒雷登,民盟,中国民主同盟; 美国国务院; 美国驻华使馆,南京; 上海,45
1267,1946,"October 29, 1946",围绕政协决议和政府改组的调处,"马歇尔任务档案,第54–D270号[第226号文件] 关于马歇尔将军和司徒雷登博士在美国大使馆会面的说明,南京,1946年10月29日,上午10时45分,南京,1946年10月29日,上午10时45分,司徒雷登博士报告说,第三方面集团向将军递交了下列提案:""第三方面集团提案和平是中央政府的一贯目标,停止敌对行动一直是它的希望. 全国的地方行政工作,应当由改组后的国务院根据政协及和平重建决议安排.",topic,1949 年北平接触,罗隆基; 梁漱溟; 黄炎培; 章伯钧; 张君劢; 周恩来; 马歇尔; 司徒雷登,政协; 马歇尔调处; 第三方面,国民党; 中国共产党; 政治协商会议; 美国国务院; 美国驻华使馆; 行政院; 国民大会,南京; 上海; 满洲,25
1268,1947,"October 29, 1947",北平接触与民盟人士沟通,民主同盟继续引起人们对其共产主义倾向的怀疑，也几乎看不出它有可能成为自由主义行动的核心。 我目前最关切的是，政府因不明智的迫害，会因高压压迫而进一步损害自身信誉，从而使那些主张开明宪政程序的人同情民主同盟；与此同时，民盟成员会被进一步推向左翼和地下活动。,topic,1949 年北平接触,司徒雷登; 蒋介石,北平接触; 民盟,中国民主同盟; 国民党; 中国共产党; 美国国务院,北平; 南京,70
1269,1949,"October 3, 1949",北平接触与民盟人士沟通,00/10-349：电报〔文件621〕 驻北平总领事（柯乐博）致国务卿 北平，1949年10月3日。 9月30日，政治协商会议最后一次会议一致选举毛泽东为中华人民共和国中央人民政府主席，并选举张澜、朱德、高岗、李济深、刘少奇和孙中山夫人为六名副主席。,topic,1949 年北平接触,张澜; 沈钧儒; 周恩来,政协; 北平接触,政治协商会议; 美国国务院; 美国驻北平总领事馆,北平; 上海; 天津,25
1270,1949,"October 30, 1949",北平接触与民盟人士沟通,安格斯·沃德：电报〔文件1228〕 驻北平总领事（柯乐博）致国务卿 北平，1949年10月30日中午。,topic,1949 年北平接触,周恩来,北平接触,美国国务院; 美国驻北平总领事馆,北平,15
1271,1949,"October 30, 1949",北平接触与民盟人士沟通,昨晚会见某人，据其报告，罗隆基曾担心直接同周恩来提出沈阳问题，但通过间接询问取得若干信息；这些信息被某人认为可靠，显示关于沈阳的政策已经确定，几乎无法改变。 该人说（无疑以罗隆基为背景），周恩来在中国本部和东北所行使的权力有所不同。,topic,1949 年北平接触,罗隆基; 周恩来,北平接触,中国共产党; 美国国务院; 美国驻北平总领事馆,北平; 沈阳; 满洲,30
1272,1947,"October 31, 1947",The Ambassador in China (Stuart) to the Secretary of State,过去两天内，政府对中国民主同盟的压力明显减轻，可能是由于本馆已表示关注此事（见10月27日本馆第2146号电最后一段）。 虽然尚未发生逮捕，南京的民盟领导人仍处于警方监视之下。,topic,1949 年北平接触,罗隆基; 黄炎培; 司徒雷登; 蒋介石,民盟,中国民主同盟; 中国共产党; 美国国务院; 行政院,南京; 上海,65
1273,1947,"October 31, 1947",昆明暗杀事件引发的政治压力与外交关注,大使谨随函附上一份会谈备忘录，记录1947年10月28日两名使馆官员同民盟罗隆基博士的谈话。 该备忘录表达了罗博士对国民政府宣布民盟为非法组织之命令的关切，并重申其关于联合政府的总体方案，认为这是解决中国当前问题的唯一可行办法。,topic,1949 年北平接触,罗隆基; 司徒雷登; 蒋介石,昆明暗杀; 第三方面; 联合政府; 民盟,中国民主同盟; 国民政府; 国民党; 中国共产党; 美国国务院; 美国驻华使馆,昆明; 南京,80
1274,1949,"October 8, 1949",北平接触与民盟人士沟通,9111RR/10-849：电报〔文件125〕 驻北平总领事（柯乐博）致国务卿 北平，1949年10月8日下午1时。 注4：民主同盟领导人。,topic,1949 年北平接触,蒋介石,北平接触; 民盟,中国民主同盟; 国民党; 中国共产党; 美国国务院; 美国驻北平总领事馆,北平,70
1275,1946,"October 9, 1946",北平接触与民盟人士沟通,委员长提出关于国务委员会若干席位的建议，看起来非常荒唐，无法获得民盟同意。 这一点已由新闻界和北平政府军事领导人承认。,topic,1949 年北平接触,周恩来; 马歇尔; 司徒雷登; 蒋介石,马歇尔调处; 北平接触; 民盟,中国民主同盟; 国民党; 中国共产党,北平; 南京; 上海; 延安; 满洲,75
1276,1946,"October 9, 1946",围绕政协决议和政府改组的调处,同日下午，彭先生发表声明，委员长随即向马歇尔将军送交备忘录，其中避开了回答进攻张家口的问题。 如果有十天喘息，委员长便可利用这段时间通过海路和空运把部队调往北平、天津地区；至少，他可以运去大量武器弹药。,topic,1949 年北平接触,周恩来; 马歇尔; 司徒雷登; 蒋介石,政协; 马歇尔调处; 北平接触; 民盟,中国民主同盟; 国民政府; 国民党; 中国共产党; 政治协商会议; 行政院; 国民大会,北平; 上海; 满洲; 天津,75
1277,1946,"October 9, 1946",围绕政协决议和政府改组的调处,更简要地说，可以这样表述：为避免全国性分裂，应无限期停止对张家口的进攻，以便召开三人小组、非正式五人小组和政治协商会议指导委员会，讨论停战以及政协决议的实施。 马歇尔将军：我会把这份八点清单交给政府，但我建议你自己向政府作出正式答复。,topic,1949 年北平接触,周恩来; 马歇尔; 司徒雷登; 蒋介石,政协; 马歇尔调处; 北平接触,国民政府; 国民党; 中国共产党; 政治协商会议,北平; 南京; 上海,60
1278,1948,"October 9, 1948",The Consul General at Hong Kong (McKenna) to the Ambassador in China (Stuart),米利根撰写，题为《关于异议领袖从香港前往华北共产党地区参加新政协预备会议可能意义的评论》。 附件摘要：据信，蔡廷锴、沈钧儒、章伯钧和谭平山于1948年9月18日乘苏联船只“阿尔丹”号离开香港前往华北，并在中国共产党安排下前往参加中共主办的新政协预备会议。,topic,1949 年北平接触,沈钧儒; 章伯钧; 司徒雷登; 蒋介石,政协; 联合政府; 民盟,中国民主同盟; 国民党; 中国共产党; 政治协商会议; 美国国务院,香港,70
1279,1946,"September 11, 1946",The Ambassador in China (Stuart) to the Secretary of State,"以下是上海第956号电文（9月7日），供国务院参考： ""中国民主同盟的罗隆基批评了由司徒雷登大使主持的新设小组委员会，理由如下：（一）民盟未获代表权；（二）此举降低了政治协商会议的重要性；（三）意味着美国干涉中国内政。 9月3日《联合日报》晚刊刊登了一篇相关新闻文章，引述民盟政协代表沈钧儒的话，对美国当局的诚意表示怀疑，并指责其蒙蔽公众，使公众相信和谈正在进行，而美国却奉行'野蛮政策，继续在中国煽",topic,1949 年北平接触,罗隆基; 沈钧儒; 周恩来; 司徒雷登,政协; 民盟,中国民主同盟; 中国共产党; 政治协商会议; 美国国务院,南京; 上海,80
1280,1946,"September 11, 1946",围绕政协决议和政府改组的调处,马歇尔将军：这几乎就是他所说的原话，我自己也不太理解。 马歇尔将军：据我理解，你又回到了6月30日的僵局，而我一直试图打破这个僵局。,topic,1949 年北平接触,周恩来; 马歇尔; 司徒雷登; 蒋介石,政协; 马歇尔调处; 北平接触; 民盟,中国民主同盟; 国民党; 中国共产党; 政治协商会议; 行政院; 国民大会,北平; 南京; 上海; 延安; 满洲,75
1281,1949,"September 14, 1949",围绕政协决议和政府改组的调处,00/9-1449［文件1463］驻北平总领事柯乐博致国务卿。 北平，1949年9月14日。,topic,1949 年北平接触,马歇尔; 司徒雷登; 蒋介石,政协; 马歇尔调处; 北平接触; 联合政府; 民盟,中国民主同盟; 国民党; 中国共产党; 政治协商会议; 美国国务院; 美国驻北平总领事馆; 国民大会,北平,70
1282,1944,"September 22, 1944",昆明暗杀事件引发的政治压力与外交关注,］先生：关于昆明总领事馆1944年7月14日第51号函，以及使馆1944年8月23日第2900号函所述民主同盟（旧称中国民主政团同盟）及其他反对国民政府和国民党的力量之活动，兹随函附上1944年9月13日昆明领事菲利普·D. 该信转来《民主同盟政治原则草案》译文。,topic,1949 年北平接触,罗隆基,昆明暗杀; 民盟,中国民主同盟; 国民政府; 国民党; 美国国务院,昆明; 重庆; 成都; 桂林,80
1283,1949,"September 24, 1949",北平接触与民盟人士沟通,00/9–2449：电报 [文件608] 驻北平总领事（柯乐博）致国务卿 北平，1949年9月24日 [9月24日上午7时39分收到] 第1610号。 （该委员会于6月19日成立，下设5个小组委员会，在过去三个月内完成了起草提交政协会议文件及拟定代表名单的基础工作。,topic,1949 年北平接触,,政协; 北平接触,政治协商会议; 美国国务院; 美国驻北平总领事馆,北平,55
1284,1949,"September 24, 1949",北平接触与民盟人士沟通,毛泽东（中国共产党中央委员会主席）、朱德（中国共产党军队总司令）、李济深（国民党革命委员会领导人）、李立三（中华全国总工会副主席）、沈钧儒（中国民主同盟领导人）、沈雁冰（笔名茅盾，小说家）、周恩来（中国共产党中央委员会委员及政治局委员，中国人民革命军事委员会副主席）、林祖涵（又名林伯渠，中国共产党中央委员会委员）、马寅初（作家及中央研究院院士）、马叙伦（前中华民国教育部次长）、乌兰夫（云泽，内蒙古,topic,1949 年北平接触,张澜; 沈钧儒; 黄炎培; 章伯钧; 周恩来,政协; 北平接触; 民盟,中国民主同盟; 国民党; 中国共产党; 政治协商会议; 美国国务院; 美国驻北平总领事馆,北平; 上海,85
1285,1949,"September 24, 1949",北平接触与民盟人士沟通,00/9-2449：电报［文件609］驻北平总领事柯乐博致国务卿。 北平，1949年9月24日。,topic,1949 年北平接触,张澜; 黄炎培; 蒋介石,政协; 北平接触; 民盟,中国民主同盟; 国民党; 中国共产党; 政治协商会议; 美国国务院; 美国驻北平总领事馆,北平; 上海; 天津,40
1286,1949,"September 24, 1949",北平接触与民盟人士沟通,"00/9–2449:电讯[文件610] 驻北平总领事(柯乐博)致国务卿北平,1949年9月24日. 除民主人士文化教育领域外,参加政协筹备委员会的所有其他单位,包括民主党和团体、人民组织和教授在内的23个单位都派代表参加了起草委员会。",topic,1949 年北平接触,黄炎培,政协; 北平接触,中国共产党; 政治协商会议; 美国国务院; 美国驻北平总领事馆,北平; 上海; 天津,15
1287,1949,"September 27, 1949",北平接触与民盟人士沟通,93/9-2749：电报〔文件612〕 驻北平总领事（柯乐博）致国务卿 北平，1949年9月27日上午10时。 9月24日，司徒雷登大使所认识的陶履恭告知我，他最近会见了罗隆基；罗隆基于9月20日同毛泽东谈过话。,topic,1949 年北平接触,罗隆基; 司徒雷登,北平接触,国民党; 中国共产党; 美国国务院; 美国驻北平总领事馆,北平; 重庆,65
1288,1949,"September 27, 1949",北平接触与民盟人士沟通,陶还转达了罗隆基的一个建议：如果美国人避免公开宣布支持中国民主人士，将会有所帮助。 陶又说，原本曾拟设一个由周恩来主持、罗隆基和张东荪参加的外交关系委员会，但白皮书发表后，该计划已被放弃。,topic,1949 年北平接触,罗隆基; 张东荪; 周恩来,政协; 北平接触,国民党; 中国共产党; 政治协商会议; 美国驻北平总领事馆,北平; 香港,70
1289,1949,"September 27, 1949",北平接触与民盟人士沟通,顺便指出，罗隆基在政治协商会议中确实已被绕开，而由七旬老人沈钧儒居于前台；但这似乎完全符合共产党的一贯政策，即推出完全服从共产党路线的第二党派人士出面讲话（另有报告称，罗曾向共产党人主张维持同苏联以外其他国家的良好关系）。 75 民盟领导人。,topic,1949 年北平接触,罗隆基; 沈钧儒; 司徒雷登,政协; 北平接触; 民盟,中国民主同盟; 中国共产党; 政治协商会议; 美国国务院; 美国驻北平总领事馆,北平; 南京; 华盛顿,85
1290,1949,"September 29, 1949",北平接触与民盟人士沟通,陶为司徒雷登大使友人，现住在北平傅泾波家中，今日稍晚来访。 陶说，他数日前在北平同罗隆基（民主同盟）谈过。,topic,1949 年北平接触,罗隆基; 司徒雷登; 蒋介石,政协; 北平接触; 民盟,中国民主同盟; 国民政府; 中国共产党; 政治协商会议; 美国国务院,北平; 沈阳; 满洲; 天津,80
1291,1949,"September 6, 1949",北平接触与民盟人士沟通,随着共产党向征服大陆和占领台湾对岸海岸推进，共产党以及第三方面人士对我方政策的疑虑，也越来越集中于这样一种怀疑：即我们现在和将来在台湾的行动，意在积极促进对中共的武装反对；即使不是通过支持蒋介石，也会通过其他方式，如政变、日本雇佣兵、美国海军基地、陈纳德飞行员等。 总领事馆从几个消息灵通来源获悉，罗隆基抵达北平后曾同毛泽东长谈。,topic,1949 年北平接触,罗隆基; 蒋介石,第三方面; 北平接触; 民盟,中国民主同盟; 国民党; 中国共产党; 美国国务院,北平; 南京; 上海,80
1293,1945,1945/09/22 ~ 1945/09/22,昆明暗杀事件引发的政治压力与外交关注,邱清泉电唐纵戴笠等情报暂十七师开越及共党在昆活动机关有观察报社等又民盟罗隆基李公朴潘光旦等人于各大学演讲诋毁元首请令严密防范为要,person,罗隆基,罗隆基,昆明暗杀; 民盟,中国民主同盟,,45
1294,1946,1946,第三方面在国共之间寻求政治空间,” 第三方面发言人批评他们所称“违反政协决议和程序”的做法，并列举如下：（1）委员长提出为少数党派保留国民大会席位；（2）尚未完成的宪法草案将提交国民大会，这违反了政协程序；该程序要求完成后的草案先提交讨论并获得通过；（3）宪法本身应规定其修正办法。 民主同盟发言人罗隆基说：“声明谈到六个月后修改宪法。,person,罗隆基,罗隆基; 司徒雷登; 蒋介石,政协; 马歇尔调处; 第三方面; 民盟,中国民主同盟; 国民政府; 国民党; 中国共产党; 政治协商会议; 美国国务院; 国民大会,南京,80
1295,1946,1946-01-11,第三方面在国共之间寻求政治空间,** **希腊组建联合政府** 会议——即政治协商会议——的主要任务将是试图调和两大主要政党——中国国民党与中国共产党——之间的分歧，并解决其他重大的国家问题。 会议共有38名代表，其中包括：国民党代表八名，共产党代表七名，青年党代表五名，中国民主同盟代表九名，以及无党派社会贤达九名。,person,罗隆基,罗隆基; 张澜; 梁漱溟; 沈钧儒; 黄炎培; 章伯钧; 张君劢; 张东荪,政协; 第三方面; 联合政府; 民盟,中国民主同盟; 国民党; 中国共产党; 青年党; 政治协商会议,重庆; 延安,65
1296,1946,1946-01-28,北平接触与民盟人士沟通,中国民主同盟发言人罗隆基表示，一旦获得满意的保证，民盟将立即停止罢工。 一名记者在绥远省集宁（位于北平西北约200英里，长城以北50英里）发出的电讯中称，他与中共将领孙志远进行了四小时的会谈。,person,罗隆基,罗隆基; 史良,政协; 北平接触; 联合政府; 民盟,中国民主同盟; 国民党; 中国共产党; 政治协商会议,北平; 重庆; 延安,65
1297,1946,1946-11-26,北平接触与民盟人士沟通,据可靠消息来源称，中华全国总工会主席朱学范……在国际劳工组织会议上的报告……严重受伤……朱先生于周日遭遇交通事故，身受重伤……该代表团目前正在上海，迄今已访问了九个重要城市，包括天津…… **（合众社）** 北平，11月25日电。 ……从满洲撤回的执行总部战地小组乘坐12架飞机抵达北平。,person,罗隆基,罗隆基; 张君劢,第三方面; 北平接触; 民盟,中国民主同盟; 国民党; 中国共产党; 民主社会党; 国民大会,北平; 南京; 上海; 延安; 满洲; 天津; 华盛顿,65
1298,1946,1946/10/25 ~ 1946/10/25,第三方面在国共之间寻求政治空间,皮宗敢电周宏涛转蒋中正闻马歇尔司徒雷登接见罗隆基等提出第三方面应注意政府改组及国大诸问题与整军方案暨中共愿接受钧座所提八原则等谈话内容,person,罗隆基,罗隆基; 马歇尔; 司徒雷登,马歇尔调处; 第三方面,中国共产党,,15
1299,1946,1946/10/25 ~ 1946/10/25,第三方面在国共之间寻求政治空间,皮宗敢电周宏涛转蒋中正晤司徒雷登谓今日马与司徒接见第三方面罗隆基李璜等谓现阶段应集中讨论实行整军方案办法及罗等称中共有接受八项原则之可能等,person,罗隆基,罗隆基; 司徒雷登,第三方面,中国共产党,,15
1300,1947,1947/02/08 ~ 1947/02/08,罗隆基相关材料：中统局呈蒋中正谓罗隆基不参加改组政府刘文辉地方与中央同时改组,中统局呈蒋中正谓罗隆基不参加改组政府刘文辉地方与中央同时改组,person,罗隆基,罗隆基,,,,15
1301,1948,1948-08-30,第三方面在国共之间寻求政治空间,** 希望这次，如果预言——如果罗隆基失败——作者可能会被贴上“共产党特务”的标签。 该报告声称，毛泽东、中共军队总司令朱德将军、以及洛阳前线指挥官陈赓将军，于本月初举行了一次会议，研究了将洛阳设为“民主联合政府”所在地的可行性。,person,罗隆基,罗隆基,第三方面; 联合政府; 民盟,中国民主同盟; 国民党; 中国共产党,香港; 满洲,50
1302,1948,1948-12-30,北平接触与民盟人士沟通,在完成随州和北平附近的两场军事行动后，国民党将不再拥有骨干力量。 香港、上海、北平、天津等大城市的民主党派和团体以及人民组织的领导人，已经或即将打着政治协商会议和民主联合政府的旗号来到我方区域。,person,罗隆基,罗隆基; 张澜,政协; 北平接触; 联合政府; 民盟,中国民主同盟; 国民党; 政治协商会议,北平; 上海; 香港; 满洲; 天津,65
1303,1948,1948/06/07 ~ 1948/06/07,罗隆基相关材料：保密局呈蒋中正有关张澜黄炎培罗隆基等函示民主同盟港方左倾分子意见,保密局呈蒋中正有关张澜黄炎培罗隆基等函示民主同盟港方左倾分子意见,person,罗隆基,罗隆基; 张澜; 黄炎培,民盟,中国民主同盟,,30
1304,1948,1948/10/23 ~ 1948/10/23,罗隆基相关材料：保密局呈报蒋中正共党拟先分区设立地方政府再行筹组一联邦共和国以吸引各地方实力派拥护及罗隆基致函香港民盟谓上海民盟赞成派员出席新政协等各党派情…,保密局呈报蒋中正共党拟先分区设立地方政府再行筹组一联邦共和国以吸引各地方实力派拥护及罗隆基致函香港民盟谓上海民盟赞成派员出席新政协等各党派情…,person,罗隆基,罗隆基,政协; 民盟,中国民主同盟; 政治协商会议,上海; 香港,45
1305,1949,1949-01-10,北平接触与民盟人士沟通,在向他转达第0100号电报的内容并阅读书面译文后，毛泽东表示，我们的计划如下： 在占领北平（北京）后，召开协商会议，随后组建联合政府。 我打算于2月底返回，以便在3月召开中共七届二中全会，随后于4月举行协商会议；但最好休息一个月，充分准备后于5月举行，进而在夏季组建联合政府。,person,罗隆基,罗隆基; 张澜; 黄炎培; 蒋介石,北平接触; 联合政府,国民党; 中国共产党; 国民大会,北平; 南京; 上海,50
1306,1949,1949-02-16,罗隆基相关材料：POLITICAL INFORMATION:  PSEUDONYMS USED BY CHINESE COMMUNISTS IN REFERRING TO VARIOUS PUBLIC FIGURES,Soong) | | 衡谷 (Heng Cru) | 张澜 (Chang Lan) | | 欧雷 (Ore) | 罗隆基 (Lo Lung-chi) | | 何九公 (Ho Chiu Kung Ten) | 李宗仁 (Li Tsung-jen) | | 灵公 (ling Kung) / 仁教 (Jen Chiao) | 李济深 (Li Chi-shen) | | 李金 (L chin) | 张君劢,person,罗隆基,罗隆基; 张澜; 沈钧儒; 张君劢,,中国共产党,,55
1307,1949,1949-05-23,罗隆基相关材料：CIA Reading Room cia-rdp82-00457r002800130003-8: POLITICAL INFORMATION: CHINA DEMOCRATIC LEAGUE MEMBERS' ESCAPE FROM SHANGHAI TO HONG KONG,**机密** **中央情报局** **情报报告** 报告编号：20X14 国家：中国/香港 分发日期：1949年5月23日 主题：政治情报：中国民主同盟 页数：1 民盟成员从上海逃往香港 来源：（略） 获取地点：（略） 报告日期：（略） 补充报告编号：（略） 1. 中国民主同盟执行委员会委员叶笃义，在险些遭国民党于上海逮捕后，于1949年5月20日与另一民盟成员樊璞斋化装抵达香港。,person,罗隆基,罗隆基; 张澜,民盟,中国民主同盟; 国民党; 中国共产党,上海; 香港,50
1308,1949,1949-07-06,罗隆基相关材料：Report from the Head of the Delegation of the Chinese Communist Party CC to Stalin,二、关于中国民主同盟及其他民主党派问题，我们拟就以下事项征求您的意见： （1）中国民主同盟（民盟）及其他民主党派在即将成立的新政权中的地位与作用； （2）如何对待民盟内部的不同派别，特别是罗隆基、张澜、沈钧儒等领导人的政治倾向； （3）民盟与中国共产党合作的历史经验及未来关系模式。 - 报告中所提“中国民主同盟”即“民盟”，为当时中国主要民主党派之一。,person,罗隆基,罗隆基; 张澜; 沈钧儒; 司徒雷登,民盟,中国民主同盟; 国民党; 中国共产党,,50
1309,1949,1949-07-07,北平接触与民盟人士沟通,该同盟在重庆、南京、上海、北平以及海外设有支部，约有200名成员。 1945年，在我党提出建立联合政府的口号以及国民党第六次全国代表大会召开后，该联合会正式公开。,person,罗隆基,罗隆基; 张澜; 黄炎培; 章伯钧; 张东荪; 蒋介石,政协; 马歇尔调处; 北平接触; 联合政府; 民盟,中国民主同盟; 国民党; 中国共产党; 政治协商会议,北平; 南京; 重庆; 上海; 香港,85
1310,1949,1949-08-08,北平接触与民盟人士沟通,**中央情报局 · 补充报告** **国家：** 中国 **主题：** 民盟会籍政策变更计划——罗隆基（Lo Lung-chi）与张澜（Chang Lan） **分发日期：** 1949 年 8 月 8 日 **页数：** 1 1. 目前正试图对中国民主同盟（CDL，简称民盟）进行改组。,person,罗隆基,罗隆基; 张澜; 蒋介石,北平接触; 民盟,中国民主同盟; 中国共产党,北平; 上海,85
1311,1949,1949-08-08,北平接触与民盟人士沟通,**机密** **中央情报局** **情报报告** 报告编号： **国家**：中国 **机密** **分发日期**：1949年8月8日 **主题**：中国民主同盟成员资格政策变更计划——罗隆基与张澜 **页数**：1页 信息来源： 1. 目前正试图改组中国民主同盟，该组织原为若干政党的联盟，拟将成员资格改为以个人为基础。,person,罗隆基,罗隆基; 张澜; 蒋介石,北平接触; 民盟,中国民主同盟; 中国共产党,北平; 上海,65
1312,1949,1949-08-10,北平接触与民盟人士沟通,**中央情报局报告** **信息来源：外国文件或无线电广播** **国家：** 中共控制区 **信息日期：** 1949年 **主题：** 人物志——中国左翼人士 **出版形式：** 日报 **出版地点：** 香港 **页数：** 4 **出版日期：** 1949年5月20日 **语言：** 中文 **本文件包含影响国家防务的信息** **此为未经评估的信息** **来源：** 《华商报》 **新,person,罗隆基,罗隆基; 张澜; 沈钧儒; 黄炎培; 章伯钧; 史良; 张东荪; 周恩来,政协; 北平接触; 民盟,中国民主同盟; 国民党; 中国共产党; 政治协商会议,北平; 上海; 香港,85
1313,1949,1949-12-20,北平接触与民盟人士沟通,**中央情报局 · 情报报告** （机密 / 管制 — 仅供美方官员） **国家：** 中国 **主题：** 罗隆基（Lo Lung-chi） **分发日期：** 1949 年 12 月 20 日 **页数：** 1 中国民主同盟领导人罗隆基（1896-1965，清华大学政治学博士、民盟宣传委员会主任）写道，他实际上已沦为北平的一名囚徒。 > 译注：本报告是 CIA 收到的关于罗隆基政治处境的早期,person,罗隆基,罗隆基; 张澜,政协; 北平接触; 民盟,中国民主同盟; 政治协商会议,北平; 上海,85
1314,1950,1950-03-22,北平接触与民盟人士沟通,**中国人民政治协商会议全国委员会** 该机构在全国政协闭会期间作为其常设委员会，负责监督政协决议的执行，向中央人民政府提出建议，协助政府动员人民参与国家建设，并指导统一战线工作。 同时，它负责筹备并召集下一届政协全体会议。,person,罗隆基,罗隆基; 张澜; 沈钧儒; 黄炎培; 章伯钧; 史良; 张东荪; 周恩来,政协; 北平接触; 民盟,中国民主同盟; 国民党; 中国共产党; 政治协商会议,北平; 南京; 上海; 香港; 天津,65
1317,1947,29 July 1947,罗隆基相关材料：Memorandum by Mr. Philip D. Sprouse to General Wedemeyer,以下为今天上午民盟代表（罗隆基、张东荪、黄炎培、章伯钧）结束与阁下会谈后向我表达意见的摘要： 中国唯一的解决办法是实现和平并组成联合政府。 在这种条件下，中国共产党会同意参加联合政府，可能按国民党、共产党、其他少数党派及无党派团体三方各占三分之一的方式组成。,person,罗隆基,罗隆基; 黄炎培; 章伯钧; 张东荪; 蒋介石,马歇尔调处; 联合政府; 民盟,中国民主同盟; 国民党; 中国共产党,上海; 满洲,45
1318,1947,"April 14, 1947",第三方面在国共之间寻求政治空间,昨晚关于中国局势的一次谈话中，民主同盟秘书长罗隆基先生表达了以下意见： 他开场说，民主同盟主张自由主义的中间路线政策，因此既反对国民党，也反对共产党；不过，当前政治需要迫使它采取一种主要支持共产党立场的行动路线。 民盟认为，政协协议是中国自由的《大宪章》；国民党故意违反了这些协议（如果它确实曾有遵守意图的话）；因此，共产党要求废除1946年12月国民大会单方面颁布的宪法，在法律上是正确的。,person,罗隆基,罗隆基,政协; 第三方面; 联合政府; 民盟,中国民主同盟; 国民党; 中国共产党; 政治协商会议; 美国国务院; 美国驻华使馆; 国民大会,南京; 满洲,80
1319,1947,"April 19, 1947",罗隆基相关材料：The Ambassador in China (Stuart) to the Secretary of State,国务委员会中为民盟和共产党保留了11个席位，以便它们愿意参加临时政府时使用。 4月17日晚，罗隆基向本馆表示，民盟此时参加政府“是不可能的”。,person,罗隆基,罗隆基; 张君劢; 马歇尔; 司徒雷登; 蒋介石,马歇尔调处; 民盟,中国民主同盟; 国民政府; 国民党; 中国共产党; 青年党; 美国国务院; 行政院,南京; 满洲; 华盛顿,65
1320,1946,"August 13, 1946",北平接触与民盟人士沟通,南京报界对马歇尔-司徒雷登声明的初步社论评论，普遍表示希望美国不要放弃寻求和平解决中国问题的努力。 政府方面的《中央日报》把马歇尔-司徒雷登调处未能成功归因于共产党的分裂政策。,person,罗隆基,罗隆基; 马歇尔; 司徒雷登; 蒋介石,马歇尔调处; 北平接触; 民盟,中国民主同盟; 国民党; 中国共产党; 美国国务院,北平; 南京; 牯岭,80
1321,1944,"August 23, 1944",昆明暗杀事件引发的政治压力与外交关注,"斯普鲁斯先生援引所谓""中国民主同盟""领导人罗隆基的话称，这场运动是一场旨在改革政府的革命，其目标是建立代议制民主政府、继续对日作战，并给予言论、出版、集会和结社自由；罗隆基还表示，由于缺乏一位有实力、有影响力的领袖，将成立一个""委员会""来指导运动。",person,罗隆基,罗隆基; 蒋介石,昆明暗杀; 民盟,中国民主同盟; 国民政府; 国民党; 中国共产党; 美国国务院,昆明; 重庆; 桂林,60
1322,1949,"August 31, 1949",北平接触与民盟人士沟通,00B/8-3149：电报［文件586］驻北平总领事柯乐博致国务卿。 北平，1949年8月31日下午5时。,person,罗隆基,罗隆基; 张东荪; 周恩来,政协; 北平接触,国民党; 中国共产党; 政治协商会议; 美国国务院; 美国驻北平总领事馆,北平; 南京; 上海; 香港; 满洲,25
1323,1946,"December 12, 1946","罗隆基相关材料：Notes on Meeting Between General Marshall and General C. P. Lee at No. 5 Ning Hai Road, Nanking, December 12, 1946, 11 a.m.",马歇尔使团档案，第54-D270卷〔文件327〕 马歇尔将军与李宗仁将军会谈记录 南京宁海路5号，1946年12月12日上午11时。 李将军告诉马歇尔将军，有报纸报道说，司徒雷登博士或马歇尔将军将陪同两名政府代表前往延安。,person,罗隆基,罗隆基; 周恩来; 马歇尔; 司徒雷登; 蒋介石,马歇尔调处; 联合政府; 民盟,中国民主同盟; 国民党; 中国共产党; 行政院; 国民大会,南京; 延安,65
1324,1946,"December 18, 1946",围绕政协决议和政府改组的调处,马歇尔使团档案，Lot 54-D270 [文件334] 马歇尔将军与罗隆基博士会谈纪要 地点：南京宁海路5号 时间：1946年12月18日上午10时 罗隆基博士说，他明天将前往上海，民主同盟将在那里召开会议，以规划今后的党务活动。 他问马歇尔将军能否给民主同盟一些建议。,person,罗隆基,罗隆基; 周恩来; 马歇尔; 司徒雷登,政协; 马歇尔调处; 联合政府; 民盟,中国民主同盟; 国民政府; 国民党; 中国共产党; 政治协商会议; 行政院; 国民大会,南京; 上海; 延安; 满洲,80
1325,1946,"December 18, 1946","罗隆基相关材料：Minutes of Meeting Between General Marshall and Dr. Stuart at Dr. Stuart’s Residence, Nanking, December 18, 1946, 11 a.m.",马歇尔使团档案，Lot 54-D270〔文件335〕 马歇尔将军与司徒雷登博士会谈纪要 南京，司徒雷登博士寓所，1946年12月18日上午11时。 司徒雷登博士开场报告说，王炳南先生继续此前关于同一主题的谈话，告诉司徒雷登博士，他认为南京共产党代表团再向延安发电，要求直接回答马歇尔将军最初关于共产党是否希望美国调停的问题，并无益处。,person,罗隆基,罗隆基; 马歇尔; 司徒雷登; 蒋介石,马歇尔调处,国民政府; 中国共产党; 国民大会,南京; 延安,10
1326,1946,"December 18, 1946",围绕政协决议和政府改组的调处,马歇尔将军说，这一切使他必须决定，在当前情况下采取何种行动最好。 他认为，眼下几乎唯一能够立即做的事，是尽一切努力确保国民大会通过一部真正民主、符合政协精神的宪法，并使政府改组。,person,罗隆基,马歇尔; 司徒雷登; 蒋介石,政协; 马歇尔调处,中国共产党; 政治协商会议; 国民大会,南京,20
1327,1946,"December 18, 1946",北平接触与民盟人士沟通,马歇尔将军问司徒雷登博士，胡霖先生对国民大会有何看法。 司徒雷登博士告诉马歇尔将军，委员长不希望司徒雷登博士在圣诞假期前往北平以前离开，除非司徒雷登已就拟派往延安的政府特别代表团应采取何种行动向委员长提出建议。,person,罗隆基,马歇尔; 司徒雷登; 蒋介石,马歇尔调处; 北平接触,中国共产党; 美国国务院; 行政院; 国民大会,北平; 南京; 延安,20
1328,1946,"December 21, 1946",围绕政协决议和政府改组的调处,马歇尔使团档案，Lot 54-D270 [文件343] 马歇尔将军与周谦冲教授会谈纪要 地点：南京 时间：1946年12月21日上午11时 周教授说，他前一天曾同董必武先生会谈。 周教授询问后，董先生表示，中共仍认为马歇尔将军是公正的，仍希望由他调停。,person,罗隆基,罗隆基; 张君劢; 周恩来; 马歇尔; 司徒雷登; 蒋介石,政协; 马歇尔调处; 北平接触; 联合政府; 民盟,中国民主同盟; 国民政府; 国民党; 中国共产党; 青年党; 民主社会党; 政治协商会议; 国民大会,北平; 南京; 上海; 延安,80
1329,1946,"December 23, 1946",罗隆基相关材料：The Ambassador in China (Stuart) to the Secretary of State,以下为民主同盟发言人罗隆基就杜鲁门总统广播讲话发表的声明： 杜鲁门总统的广播讲话，是重申他去年12月15日宣布的美国对华政策，也是根据三国外长在莫斯科发表的联合宣言所作出的重申。 民主同盟仍然赞成执行政协决议。,person,罗隆基,罗隆基; 司徒雷登,政协; 民盟,中国民主同盟; 政治协商会议; 美国国务院; 国民大会,南京,80
1330,1948,"December 6, 1948",第三方面在国共之间寻求政治空间,若干消息来源，包括中国民主同盟的周鲸文、国民党革命委员会的李某，以及《新生晚报》的李孟，称中共已决定扩大人民政治协商会议，使其包括来自整个中共控制区的“选出”代表。 这样，政协将不再是一个人数较少的机构；此前估计人数从70人到200人不等，现在则将包括约一千多名代表。,person,罗隆基,罗隆基; 沈钧儒; 章伯钧; 周恩来; 蒋介石,政协; 第三方面; 联合政府; 民盟,中国民主同盟; 国民党; 中国共产党; 政治协商会议; 美国国务院; 行政院,南京; 香港; 满洲,80
1331,1946,"December 7, 1946",围绕政协决议和政府改组的调处,马歇尔使团档案，Lot 54-D270［文件316］马歇尔将军与 C. 李将军告诉马歇尔将军，他昨天上午拜访了董必武先生。,person,罗隆基,罗隆基; 张君劢; 周恩来; 马歇尔; 司徒雷登; 蒋介石,政协; 马歇尔调处; 联合政府; 民盟,中国民主同盟; 国民政府; 国民党; 中国共产党; 政治协商会议; 国民大会,南京; 延安,60
1332,1947,"February 25, 1947",围绕政协决议和政府改组的调处,以下为卢登根据大使和他本人2月21、22日在上海同第三方面领导人，主要是张澜、罗隆基、张君劢谈话后传送的信息要点： 民主同盟代表说，中国局势正在极快恶化，并指出这对美国不利，因为马歇尔将军声明所针对的那些人，作为局势最终结果，将不可避免地被驱入共产党阵营。 张澜希望向美国政府提出三点：（一）希望以美、苏、英三国调停取代美国单独调停努力；（二）如不考虑政协基本协议而改组政府，注定失败；（三）共产党目,person,罗隆基,罗隆基; 张澜; 张君劢; 马歇尔; 司徒雷登,政协; 马歇尔调处; 第三方面; 民盟,中国民主同盟; 中国共产党; 政治协商会议; 美国国务院; 国民大会,南京; 上海,80
1333,1947,"February 25, 1947",第三方面在国共之间寻求政治空间,罗隆基的看法如下：应召开某种各党派会议，首先承诺国家统一。 罗隆基的基本观点是，除非同共产党达成协议，否则局势不可能解决。,person,罗隆基,罗隆基; 张君劢; 司徒雷登; 蒋介石,第三方面,国民党; 中国共产党; 青年党; 美国驻华使馆; 行政院; 国民大会,南京,55
1334,1945,"January 23, 1945",昆明暗杀事件引发的政治压力与外交关注,先生：我谨报告1945年1月22日同民主同盟代表朱蕴山先生会谈的内容。 朱先生大部分时间用于民盟组织工作，目前正同此地民盟主要领导人一起起草民盟关于联合政府的最终纲领。,person,罗隆基,罗隆基; 蒋介石,昆明暗杀; 联合政府; 民盟,中国民主同盟; 中国共产党,昆明; 重庆; 成都; 桂林,80
1335,1945,"January 23, 1945",罗隆基相关材料：The Vice Consul at Chengtu (Service) to the Ambassador in China (Hurley),如果日军在联合政府成立以前企图入侵四川，这些领袖（西康方面的潘文华、邓锡侯、刘文辉）将立即要求成立这样的政府；倘若委员长拒绝或迟疑，他们就打算动员并武装壮丁对日作战，同时解除省内那些不参加其运动的中央政府军队的武装。 当被问及这些与民盟合谋、意在推翻委员长并建立联合政府的省级军阀究竟是否具有民主信念时，朱先生回答说，民盟并非不了解这些领袖过去的记录和自私动机。,person,罗隆基,蒋介石,联合政府; 民盟,中国民主同盟; 美国国务院; 美国驻华使馆,重庆; 成都,60
1336,1947,"January 23, 1947",第三方面在国共之间寻求政治空间,第三方面团体的一些显著表现如下。 民主同盟发言人罗隆基1月21日在上海记者会上表示，民主同盟坚决反对在没有中国共产党参加的情况下改组政府的提议。,person,罗隆基,罗隆基; 张澜; 张君劢; 张东荪; 司徒雷登; 蒋介石,政协; 第三方面; 联合政府; 民盟,中国民主同盟; 国民党; 中国共产党; 青年党; 民主社会党; 政治协商会议; 美国国务院,南京; 上海; 华盛顿,80
1337,1949,"January 24, 1949",第三方面在国共之间寻求政治空间,甘介侯还计划拜会民主同盟领袖张澜、黄炎培和罗隆基，以及民主社会党主席张君劢。,person,罗隆基,罗隆基; 张澜; 黄炎培; 张君劢; 蒋介石,第三方面; 民盟,中国民主同盟; 国民党; 中国共产党; 民主社会党; 美国国务院; 美国驻上海总领事馆,南京; 上海,45
1338,1949,"January 3, 1949",北平接触与民盟人士沟通,以下是本总领馆一名官员最近同罗隆基密切的民主同盟人士叶笃义进行一般谈话时，叶氏较有意思谈话内容的摘要： 1. 中国共产党坚决反对任何把李宗仁留在联合政府中的妥协安排；除张治中和邵力子外，几乎所有南京高级官员也同样不被接受。,person,罗隆基,罗隆基; 张澜; 黄炎培; 周恩来; 蒋介石,政协; 第三方面; 北平接触; 联合政府; 民盟,中国民主同盟; 国民党; 中国共产党; 政治协商会议; 美国国务院; 美国驻上海总领事馆,北平; 南京; 上海; 香港; 满洲; 华盛顿,80
1339,1947,"January 7, 1947",第三方面在国共之间寻求政治空间,马歇尔使团档案，Lot 54-D270 [文件370] 马歇尔将军与 C. 李将军告诉马歇尔，他刚从上海返回，曾拜访许多民主同盟成员和无党派人士。,person,罗隆基,罗隆基; 张澜; 周恩来; 马歇尔; 蒋介石,马歇尔调处; 第三方面; 民盟,中国民主同盟; 国民党; 中国共产党,南京; 上海; 延安; 满洲,65
1340,1946,"July 11, 1946",围绕政协决议和政府改组的调处,马歇尔使团档案，Lot 54-D270 [文件663] 马歇尔将军与俞大维将军会谈纪要，1946年7月11日上午9时，南京宁海路5号。 ” 马歇尔表示，局势似乎很危急，但眼前问题的答案在于政府和共产党代表特别会议能否取得结果。,person,罗隆基,罗隆基; 周恩来; 马歇尔; 蒋介石,政协; 马歇尔调处; 民盟,中国民主同盟; 国民政府; 国民党; 中国共产党; 政治协商会议,南京; 上海,80
1341,1947,"July 11, 1947",罗隆基相关材料：The Ambassador in China (Stuart) to the Secretary of State,"6月18日,博格采访数日后,孙博士接见了民主同盟的罗隆基博士,并与博士谈话.",person,罗隆基,罗隆基; 司徒雷登; 蒋介石,马歇尔调处; 民盟,中国民主同盟; 国民政府; 国民党; 中国共产党; 青年党; 美国国务院,南京; 上海,25
1342,1948,"July 12, 1948",罗隆基相关材料：The Consul General at Hong Kong (McKenna) to the Ambassador in China (Stuart),瑟维斯先生告知李济深，他于1948年7月5日在上海会见了民主同盟领袖张澜和罗隆基；李济深表示相信他们一定强烈支持其运动。 当瑟维斯先生简要转述中国民主同盟领袖关于李济深元帅和副总统李宗仁具有关键重要性的谈话时，李济深毫不掩饰自己的满意。,person,罗隆基,罗隆基; 张澜; 司徒雷登,民盟,中国民主同盟; 国民党; 中国共产党; 美国国务院,上海; 香港,65
1343,1946,"July 17, 1946",昆明暗杀事件引发的政治压力与外交关注,马歇尔使团档案，Lot 54-D270 [文件682] 马歇尔将军与周恩来将军会谈纪要，1946年7月17日上午10时45分，南京宁海路5号。 马歇尔将军：我想先问你一个问题。,person,罗隆基,罗隆基; 沈钧儒; 史良; 周恩来; 马歇尔; 司徒雷登; 蒋介石,昆明暗杀; 政协; 马歇尔调处; 民盟,中国民主同盟; 国民党; 中国共产党; 政治协商会议; 美国驻华使馆; 行政院,昆明; 南京; 重庆; 上海; 成都,80
1344,1946,"July 17, 1946","罗隆基相关材料：Minutes of Meeting Between General Marshall and General Chou En-lai at No. 5 Ning Hai Road, Nanking, July 17, 1946, 10:45 a.m.",马歇尔将军：你昨天提到汤恩伯将军的命令，其中规定部队应于7月14日就位，以便15日发起进攻。 马歇尔将军：请你给我一份该命令副本，以便我酌情使用。,person,罗隆基,周恩来; 马歇尔,马歇尔调处,国民党; 中国共产党,南京,45
1345,1949,"July 18, 1949",北平接触与民盟人士沟通,莱顿：电报［文件937］驻北平总领事柯乐博致国务卿。 北平，1949年7月18日中午。,person,罗隆基,罗隆基; 张东荪; 司徒雷登,北平接触; 民盟,中国民主同盟; 中国共产党; 美国国务院; 美国驻北平总领事馆,北平; 南京,80
1346,1949,"July 19, 1949",北平接触与民盟人士沟通,00/7-2049：电报 [文件505] 驻北平总领事（柯乐博）致国务卿 北平，1949年7月19日上午9时。 7月17日，应邀会见罗隆基、张东荪、周鲸文和约瑟夫·张。,person,罗隆基,罗隆基; 张东荪; 周恩来; 马歇尔; 司徒雷登; 蒋介石,马歇尔调处; 北平接触; 民盟,中国民主同盟; 国民政府; 国民党; 中国共产党; 美国国务院; 美国驻北平总领事馆,北平; 南京; 上海; 天津,80
1347,1946,"July 26, 1946",昆明暗杀事件引发的政治压力与外交关注,马歇尔使团档案，Lot 54-D270 [文件708] 马歇尔将军与罗隆基博士会谈纪要，1946年7月26日下午1时15分，南京宁海路5号。 罗博士开会时说，马歇尔将军启程赴牯岭以前，他必须见马歇尔一面，因为有一件特别重要的事情，需要在马歇尔即将访问牯岭期间采取行动。,person,罗隆基,罗隆基; 马歇尔; 蒋介石,昆明暗杀; 马歇尔调处; 民盟,中国民主同盟; 国民党,昆明; 南京; 牯岭,80
1348,1946,"July 26, 1946",昆明暗杀事件引发的政治压力与外交关注,罗博士认为，民主同盟不可能派一名有影响力的成员去昆明调查，因为此人很可能得不到任何保护，并且除非作为联合委员会成员，否则肯定没有任何权威。 罗博士此时紧急把此事提请马歇尔将军注意，主要目的在于说服马歇尔在牯岭期间同委员长提出此事。,person,罗隆基,罗隆基; 马歇尔; 蒋介石,昆明暗杀; 马歇尔调处; 民盟,中国民主同盟; 美国国务院,昆明; 南京; 牯岭,85
1349,1949,"July 29, 1949",北平接触与民盟人士沟通,"00/7-2949:电讯[962号文件] 驻北平总领事(柯乐博)致国务卿北平,1949年7月29日——下午5时[收到7月29日——下午2时59分]1263. 注意罗隆基的领先问题(参见总领事馆电 1195, July 19 [20]) 40.",person,罗隆基,罗隆基; 周恩来,北平接触,中国共产党; 美国国务院; 美国驻北平总领事馆,北平; 南京; 沈阳; 华盛顿,25
1350,1949,"July 3, 1949",北平接触与民盟人士沟通,蔡斯（注81）和托马斯（注82）于星期四晚上与民主同盟领导人韩明进行了一次有意义的谈话；协助安排此次会面的阿莫斯·王先生也参加了。 韩明（与范宣德、斯普鲁斯、弗里曼等外交官战时有过愉快交往，注83、84、85）显然属于民盟内部的亲美温和派；该派系包括罗隆基、张东荪和叶笃义。,person,罗隆基,罗隆基; 张东荪,北平接触; 民盟,中国民主同盟; 国民党; 中国共产党; 美国国务院; 美国驻华使馆; 美国驻上海总领事馆,北平; 南京; 上海,80
1351,1946,"July 31, 1946",昆明暗杀事件引发的政治压力与外交关注,马歇尔使团档案，Lot 54–D270 [文件718] 马歇尔将军与俞大维将军会谈记录 南京宁海路5号，1946年7月31日下午6时45分 南京，1946年7月31日下午6时45分。 俞大维将军首先询问马歇尔将军上次牯岭之行与委员长会谈的结果。,person,罗隆基,罗隆基; 张君劢; 马歇尔; 司徒雷登; 蒋介石,昆明暗杀; 马歇尔调处; 第三方面; 北平接触,国民党; 中国共产党,北平; 南京; 满洲; 牯岭,25
1352,1946,"July 9, 1946",围绕政协决议和政府改组的调处,马歇尔使团档案，Lot 54–D270〔第658号文件〕马歇尔将军、王（世杰）部长、邵（力子）先生与陈（诚）将军在外交部会谈记录，1946年7月9日下午3时。 他指出，政府并未要求中共在共军即将撤出的所有地区一并放弃地方行政权和军事控制权；除上述四个具体地区外，凡中共撤出地区的地方行政问题，均交由政治协商会议或政协综合小组讨论解决。,person,罗隆基,罗隆基; 周恩来; 马歇尔; 蒋介石,政协; 马歇尔调处; 民盟,中国民主同盟; 中国共产党; 政治协商会议,南京; 上海; 延安; 满洲,80
1353,1946,"June 1, 1946",北平接触与民盟人士沟通,马歇尔使团档案，第54-D270卷〔文件494〕 马歇尔将军与罗隆基博士会谈记录 马歇尔将军寓所，1946年6月1日上午10时。 马歇尔将军告诉罗博士，由于委员长不在，要达成解决办法很困难；通过无线电通信进行谈判也非常困难。,person,罗隆基,罗隆基; 周恩来; 马歇尔; 蒋介石,马歇尔调处; 北平接触; 民盟,中国民主同盟; 国民政府; 国民党; 中国共产党; 青年党,北平; 重庆; 延安; 满洲,80
1354,1949,"June 16, 1949",北平接触与民盟人士沟通,00/6-1649：电报 [文件459] 驻北平总领事（柯乐博）致国务卿 北平，1949年6月16日。 《光明日报》今天报道，中国民主同盟主席张澜及常务委员罗隆基、史良定于6月18日离开上海前往北平；他们抵达北平后，即可确定正在筹备中的第四次全体会议召开日期。,person,罗隆基,罗隆基; 张澜; 黄炎培; 史良; 张东荪,北平接触; 民盟,中国民主同盟; 国民党; 美国国务院; 美国驻北平总领事馆,北平; 南京; 上海; 天津,80
1355,1946,"June 17, 1946",北平接触与民盟人士沟通,马歇尔使团档案，Lot 54-D270 [文件562] 马歇尔将军同罗隆基博士、张君劢博士会谈纪要，1946年6月17日下午5时30分，马歇尔将军寓所。 马歇尔说，现场小组不能把事项直接提交三人小组，因为那样耗时太久。,person,罗隆基,罗隆基; 张君劢; 周恩来; 马歇尔; 蒋介石,马歇尔调处; 第三方面; 北平接触; 民盟,中国民主同盟; 中国共产党,北平; 南京,80
1356,1949,"June 19, 1949",罗隆基相关材料：The Ambassador in China (Stuart) to the Secretary of State,一位是中国民主同盟副主席罗隆基，另一位是和谈代表团的李振。,person,罗隆基,罗隆基; 司徒雷登,民盟,中国民主同盟; 中国共产党; 美国国务院,南京; 上海,45
1357,1947,"June 20, 1947",罗隆基相关材料：The Ambassador in China (Stuart) to the Secretary of State,］先生：兹随函附上1947年6月13日使馆官员与民主同盟罗隆基博士谈话备忘录一份。 备忘录还指出，罗博士以及大概民主同盟本身，现在也害怕共产党胜利，因为在任何由共产党支配的政权中，民盟的地位都具有不确定性。,person,罗隆基,罗隆基; 司徒雷登; 蒋介石,民盟,中国民主同盟; 中国共产党; 美国国务院,南京,45
1358,1946,"June 21, 1946",第三方面在国共之间寻求政治空间,马歇尔使团档案，Lot 54–D270［文件第 579 号］ 马歇尔将军与罗隆基博士、张君劢博士会谈纪要 地点：马歇尔将军官邸 时间：1946 年 6 月 21 日上午 8 时 20 分 罗隆基表示，他与张君劢曾向周恩来将军建议，考虑授予军调小组美方代表实地调查的最终决定权。 罗隆基进一步指出，第三方面代表昨日会见政府方面代表，要求将十五日休战令予以延长。,person,罗隆基,罗隆基; 张君劢; 周恩来; 马歇尔,马歇尔调处; 第三方面,国民政府; 中国共产党,延安,10
1359,1949,"June 22, 1949",北平接触与民盟人士沟通,当地报纸6月20日报道，张澜、史良、罗隆基、王葆真、郭真等人于6月19日抵达南京，正前往北平。 报称，张、罗、史除出席新政协筹备委员会外，还将出席民主同盟第四次全体会议。,person,罗隆基,罗隆基; 张澜; 史良; 司徒雷登,政协; 北平接触; 民盟,中国民主同盟; 政治协商会议; 美国国务院,北平; 南京; 上海,80
1360,1946,"June 3, 1946","罗隆基相关材料：Minutes of Meeting Between General Marshall and General Chou En-lai at 5 Ning Hai Road, Nanking, June 3, 1946, 10:15 a.m.",马歇尔使团档案，Lot 54-D270〔文件500〕 马歇尔将军与周恩来将军会谈纪要，南京宁海路5号，1946年6月3日上午10时15分。 周恩来将军在会谈开始时询问马歇尔将军，是否听说委员长什么时候回来。,person,罗隆基,周恩来; 马歇尔; 蒋介石,马歇尔调处,,南京,40
1361,1946,"June 3, 1946",昆明暗杀事件引发的政治压力与外交关注,周恩来将军说，他愿先向马歇尔将军通报几件事。 马歇尔将军问“原定计划”指什么。,person,罗隆基,周恩来; 马歇尔; 蒋介石,昆明暗杀; 马歇尔调处; 北平接触; 民盟,中国民主同盟; 国民党; 中国共产党,昆明; 北平; 南京; 重庆; 上海; 沈阳; 满洲; 天津,75
1362,1946,"June 3, 1946",北平接触与民盟人士沟通,马歇尔将军向周恩来将军详述这些细节，旨在让周将军明白，美国这项援华复兴计划，本质上是一个“要么做，要么不做”的选择。 马歇尔将军为促成中国获得沿海及内河航运能力付出了巨大努力，其投入程度几乎超过其他任何事项，因为若无此条件，中国便无法重新开放。,person,罗隆基,罗隆基; 周恩来; 马歇尔,马歇尔调处; 北平接触,国民党; 中国共产党; 美国国务院,北平; 南京; 重庆; 上海; 满洲,70
1363,1946,"June 3, 1946","罗隆基相关材料：Minutes of Meeting Between General Marshall and General Chou En-lai at 5 Ning Hai Road, Nanking, June 3, 1946, 10:15 a.m.",马歇尔将军说，谈到陈纳德将军这类个人的言论时，他只是回答说，陈纳德将军是一名退休军官，正试图通过同联合国善后救济总署签订合同来组织一支空运机队。 相反，总统在其对华政策中非常清楚地声明了愿望，并提出了实际上相当于建议的内容；据马歇尔将军理解，这将实现共产党所为之奋斗的目标。,person,罗隆基,周恩来; 马歇尔,马歇尔调处,中国共产党,南京,45
1364,1946,"June 3, 1946",围绕政协决议和政府改组的调处,马歇尔将军把谈话拉回当前局势，说他对共产党进攻长春的行动深感苦恼和不安；同时，他也同样对中央政府在长春之外继续军事行动感到苦恼和不安。 马歇尔将军的目的，是尽其所能使当前局势得到解决。,person,罗隆基,周恩来; 马歇尔; 蒋介石,政协; 马歇尔调处; 北平接触; 联合政府,国民党; 中国共产党; 政治协商会议,北平; 南京; 延安; 沈阳; 满洲,60
1365,1946,"June 3, 1946",北平接触与民盟人士沟通,马歇尔将军感谢周恩来的陈述。 他推想马歇尔会同意，在最初四个月中，共产党方面已经竭尽所能作出让步，以求解决东北问题。,person,罗隆基,罗隆基; 周恩来; 马歇尔; 蒋介石,马歇尔调处; 北平接触; 民盟,中国民主同盟; 国民党; 中国共产党,北平; 南京; 延安; 满洲,85
1366,1946,"June 3, 1946",北平接触与民盟人士沟通,”马歇尔将军说，他交给周恩来的草案，只是把委员长作为规定提出、而马歇尔部分持有异议的各种事项写成文字。 马歇尔说，他把副本给罗隆基博士，可能是一个错误，因为他对罗博士的做事方式了解不多。,person,罗隆基,罗隆基; 周恩来; 马歇尔; 蒋介石,马歇尔调处; 北平接触; 民盟,中国民主同盟; 国民政府; 国民党; 中国共产党; 青年党; 美国国务院,北平; 南京; 延安; 沈阳; 满洲,85
1367,1946,"June 6, 1946",北平接触与民盟人士沟通,马歇尔使团档案，Lot 54-D270 [文件515] 马歇尔将军与周恩来将军会谈纪要，1946年6月6日晚8时，南京宁海路5号。 马歇尔将军讨论了周恩来赴延安旅行的安排。,person,罗隆基,罗隆基; 周恩来; 马歇尔; 蒋介石,马歇尔调处; 北平接触; 民盟,中国民主同盟; 国民党; 中国共产党,北平; 南京; 延安; 满洲,80
1368,1949,"June 8, 1949",北平接触与民盟人士沟通,6月8日，民主同盟官员叶笃义在同总领事馆官员谈话时表示，他打算于6月10日前往上海，会合罗隆基和张澜，然后应毛泽东邀请前往北平。 叶笃义说，民主同盟希望成为中国共产党人与美国之间的“桥梁”，从而改变共产党目前的反美倾向。,person,罗隆基,罗隆基; 张澜,政协; 北平接触; 民盟,中国民主同盟; 中国共产党; 政治协商会议; 美国国务院,北平; 南京; 上海; 香港,80
1369,1949,"June 9, 1949",北平接触与民盟人士沟通,00B/6-1040：电报〔文件446〕驻北平总领事（柯乐博）致国务卿。 北平，1949年6月9日下午3时〔6月10日上午9时23分收到〕。,person,罗隆基,罗隆基; 张澜; 沈钧儒; 黄炎培; 章伯钧; 张东荪; 周恩来,政协; 北平接触; 联合政府; 民盟,中国民主同盟; 中国共产党; 政治协商会议; 美国国务院; 美国驻北平总领事馆,北平; 南京; 天津,80
1370,1948,"March 13, 1948",罗隆基相关材料：The Ambassador in China (Stuart) to the Secretary of State,一位被认为可靠的中国女记者告知我们，在近期与上海共产党代表就联合政府问题进行的非正式谈话中，对方表示不会与任何由委员长领导的中国政府进行谈判。 3月11日，罗隆基27向使馆官员表达了同样看法，即共产党已拒绝与任何有委员长及其若干最亲密支持者参与的政府进行谈判。,person,罗隆基,罗隆基; 司徒雷登; 蒋介石,联合政府; 民盟,中国民主同盟; 中国共产党; 美国国务院,南京; 上海,45
1371,1947,"March 14, 1947",罗隆基相关材料：The Ambassador in China (Stuart) to the Secretary of State,截至目前，共产党、民主同盟或左翼舆论机关如上海《文汇报》等尚无反应。 几天前，民主同盟发言人罗隆基向使馆一位可靠消息来源透露了民主同盟所代表圈子可能作何反应。,person,罗隆基,罗隆基; 周恩来; 马歇尔; 司徒雷登,马歇尔调处; 民盟,中国民主同盟; 国民党; 中国共产党; 美国国务院,南京; 上海; 延安,65
1372,1947,"March 15, 1947",罗隆基相关材料：The Ambassador in China (Stuart) to the Secretary of State,该电由上海56名著名中国人士于3月12日发给在莫斯科举行的外长会议；署名者包括民主同盟主席张澜，社会知名人士马叙伦，民主同盟发言人罗隆基，经济学教授马寅初，民主同盟人士黄炎培、沈钧儒、章伯钧，以及作家郭沫若： “我们希望正在莫斯科举行的外长会议各参加国能够： 1. 在中国真正民主统一的联合政府成立以前，停止对交战任何一方给予任何帮助； 2.,person,罗隆基,罗隆基; 张澜; 沈钧儒; 黄炎培; 章伯钧; 司徒雷登,马歇尔调处; 联合政府; 民盟,中国民主同盟; 美国国务院,南京; 上海,65
1373,1949,"May 12, 1949",北平接触与民盟人士沟通,罗隆基和张澜被关在虹桥医院的一间单人房内，另有一名警备人员始终在场（参见本馆5月10日第1594号致国务院电）。 总领事馆从一名接近罗隆基的民盟成员处获悉，罗以及可能包括张澜在内，因担心军事当局会对仍在上海的左翼领导人采取严厉措施，原计划在被捕前的那个早晨迅速前往华北。,person,罗隆基,罗隆基; 张澜; 蒋介石,北平接触; 民盟,中国民主同盟; 美国国务院; 美国驻上海总领事馆,北平; 南京; 上海; 香港,80
1374,1947,"May 16, 1947",罗隆基相关材料：The Ambassador in China (Stuart) to the Secretary of State,893.00/5-1647〔文件101〕驻华大使（司徒雷登）致国务卿，第730号。南京，1947年5月16日〔5月23日收到〕。 主题：中央政府对非国民党政治团体政策的可能走向 先生：我谨提请国务院注意最近发生的两项事态发展。这两项发展被认为对于评估中央政府今后对中国共产党及其他非国民党因素的政策走向具有重要意义。,person,罗隆基,司徒雷登,,国民党; 中国共产党; 美国国务院,南京,40
1375,1947,"May 16, 1947",罗隆基相关材料：The Ambassador in China (Stuart) to the Secretary of State,自1946年12月25日国民大会通过新宪法以来，特别是自最近宣布改组国府委员会和行政院以来，政府已有许多声明暗示，仍将为共产党、民主同盟或其他任何非国民党团体参加政府敞开大门。 从所谓缴获文件可以注意到，其中直接把民主同盟和其他非国民党团体，甚至包括目前参加政府的团体，称为共产党颠覆活动的渠道。,person,罗隆基,罗隆基; 司徒雷登,民盟,中国民主同盟; 国民党; 中国共产党; 行政院; 国民大会,南京,70
1376,1946,"May 17, 1946",北平接触与民盟人士沟通,马歇尔将军表示，广播称淮安方面与执行小组失去联系。 马歇尔将军就此情况征求周将军的意见。,person,罗隆基,罗隆基; 张君劢; 周恩来; 马歇尔; 蒋介石,马歇尔调处; 北平接触; 民盟,中国民主同盟; 国民政府; 国民党; 中国共产党,北平; 南京; 重庆; 满洲; 天津,85
1377,1949,"May 25, 1949",罗隆基相关材料：The Consul General at Shanghai (Cabot) to the Secretary of State,为防止他们认为的国民党绑架危险，杨虎的人员昨日将民主同盟领袖罗隆基和张澜从国民党对他们的医院拘禁中“救出”；罗隆基致电总领事馆报告他们已脱身。,person,罗隆基,罗隆基; 张澜,民盟,中国民主同盟; 国民党; 中国共产党; 美国国务院; 美国驻上海总领事馆,南京; 上海,25
1378,1946,"May 29, 1946",第三方面在国共之间寻求政治空间,马歇尔使团档案，Lot 54-D270〔文件489〕马歇尔将军与张君劢博士会谈纪要，马歇尔将军寓所，1946年5月29日下午5时。 马歇尔将军表示，双方对彼此都极度怀疑，而且这种怀疑在过去十天里有所增加。,person,罗隆基,张君劢; 周恩来; 马歇尔; 蒋介石,马歇尔调处; 第三方面; 联合政府; 民盟,中国民主同盟; 国民党; 中国共产党; 青年党; 国民大会,满洲,55
1379,1946,"May 29, 1946",围绕政协决议和政府改组的调处,马歇尔将军随后询问，哈尔滨、齐齐哈尔和满洲里问题最好如何安排。 马歇尔将军强调，如果没有相当把握认为能够达成协议、谈判不会再次陷入僵局，他不能再一次投入谈判。,person,罗隆基,罗隆基; 张君劢; 马歇尔,政协; 马歇尔调处; 民盟,中国民主同盟; 中国共产党; 政治协商会议,满洲,85
1380,1947,"May 7, 1947",罗隆基相关材料：The Ambassador in China (Stuart) to the Secretary of State,李璜原由中国青年党提名出任联合政府经济部部长，现已公开并正式宣布拒绝接受该职。 与此同时，国民党高级领导人正连续攻击中国民主同盟，称其不过是共产党风筝的尾巴。,person,罗隆基,罗隆基; 张君劢; 司徒雷登,联合政府; 民盟,中国民主同盟; 国民党; 中国共产党; 青年党; 美国国务院,南京,65
1381,1948,"November 13, 1948",罗隆基相关材料：The Consul General at Shanghai (Cabot) to the Secretary of State,罗隆基博士最近同总领事馆一名工作人员谈话时表示，如果共产党接管上海，美国人生命和财产面临的唯一危险，在于国务卿或总统可能发表政策声明，宣布美国决心继续支持蒋介石并增加对他的援助。 罗隆基说，不论美国官方感受如何，在目前发表这种声明都极不明智，因为它可能引发广泛的反美运动。,person,罗隆基,罗隆基; 蒋介石,民盟,中国民主同盟; 中国共产党; 美国国务院; 美国驻上海总领事馆,南京; 上海,65
1382,1946,"November 29, 1946",罗隆基相关材料：The Ambassador in China (Stuart) to the Secretary of State,11月25日由委员长主持的全体会议上，委员长称，政协关于修改宪法草案的决定，可以对参加政协的各党派成员具有约束力，但不能约束民选代表。 ） 蒋、张书信公布时（参见使馆11月27日第1986号电），一名共产党发言人重申，如果召开新的政协、成立联合政府并召集新的国民大会，和平谈判可以恢复（参见使馆11月27日第1982号电）；陈立夫举行记者会，攻击共产党，并阐述中国对古代美德的忠诚（参见使馆11月27,person,罗隆基,罗隆基; 张君劢; 司徒雷登; 蒋介石,政协; 马歇尔调处; 联合政府; 民盟,中国民主同盟; 国民政府; 国民党; 中国共产党; 民主社会党; 政治协商会议; 美国国务院; 行政院; 国民大会,南京,80
1383,1946,"November 3, 1946",第三方面在国共之间寻求政治空间,马歇尔使团档案，Lot 54-D270［文件240］马歇尔将军与张君劢先生、罗隆基博士、叶笃义先生会谈记录，南京宁海路5号，1946年11月3日下午3时30分。 张先生向马歇尔将军报告说，他昨天下午见过委员长。,person,罗隆基,罗隆基; 张君劢; 周恩来; 马歇尔; 蒋介石,马歇尔调处; 第三方面,国民党; 中国共产党; 行政院; 国民大会,南京; 上海; 满洲,10
1384,1949,"October 11, 1949",北平接触与民盟人士沟通,01/10-1149：电报〔文件134〕 驻北平总领事（柯乐博）致国务卿 北平，1949年10月11日下午5时。 共产党人可能认为，这一争取承认本身在政治策略上已构成重要让步；可参见7月19日本馆第848号电中罗隆基关于共产党不会请求承认的说法。,person,罗隆基,罗隆基; 周恩来,北平接触,中国共产党; 美国国务院; 美国驻北平总领事馆,北平,25
1385,1947,"October 13, 1947",罗隆基相关材料：The Ambassador in China (Stuart) to the Secretary of State,］先生：兹随函附上1947年10月7日使馆官员与民主同盟罗隆基博士谈话备忘录一份。 关于政府最近对民主同盟的攻击，请国务院注意使馆1947年5月16日第730号函《中央政府对非国民党政治团体政策的可能走向》。,person,罗隆基,罗隆基; 司徒雷登,民盟,中国民主同盟; 国民党; 中国共产党; 美国国务院,南京,45
1386,1949,"October 17, 1949",北平接触与民盟人士沟通,633/10-1749：电报〔文件1217〕驻北平总领事（柯乐博）致国务卿。 北平，1949年10月17日上午1时〔上午5时32分收到〕。,person,罗隆基,罗隆基; 周恩来,北平接触; 民盟,中国民主同盟; 国民党; 中国共产党; 美国国务院; 美国驻北平总领事馆,北平; 南京; 沈阳,80
1387,1946,"October 22, 1946",围绕政协决议和政府改组的调处,马歇尔使团档案，第54-D270卷〔文件209〕 马歇尔将军、司徒雷登博士与第三方面成员会谈记录 大使官邸，南京，1946年10月22日上午10时45分。 出席方面：民主同盟、中国青年党、无党派人士。,person,罗隆基,罗隆基; 张君劢; 周恩来; 马歇尔; 司徒雷登; 蒋介石,政协; 马歇尔调处; 第三方面; 民盟,中国民主同盟; 国民党; 中国共产党; 青年党; 政治协商会议; 国民大会,南京; 上海; 延安,80
1388,1946,"October 22, 1946",第三方面在国共之间寻求政治空间,目前，中国第三方面实际上是在双方之间充当中介，把一方意见传给另一方，再设法找出局势中可能为另一方接受的方面。 这正是中国第三方面需要美国调解人帮助之处。,person,罗隆基,马歇尔; 司徒雷登,马歇尔调处; 第三方面,中国共产党,南京,45
1389,1947,"October 22, 1947",罗隆基相关材料：The Ambassador in China (Stuart) to the Secretary of State,先生：我谨随函附上三份备忘录，内容涉及政府当前针对中国民主同盟的活动。 这些备忘录反映出民盟领导人日益担心：民盟作为一个政党即将遭到全面取缔。,person,罗隆基,罗隆基; 司徒雷登,民盟,中国民主同盟; 国民党; 美国国务院; 行政院,南京,65
1390,1947,"October 22, 1947",罗隆基相关材料：The Ambassador in China (Stuart) to the Secretary of State,] 参加者： 大使； 章伯钧、沈钧儒、罗隆基，民主同盟领导人； R. 1947年10月14日下午，应章伯钧、沈钧儒、罗隆基三位民主同盟领导人的请求，大使接见了他们。,person,罗隆基,罗隆基; 沈钧儒; 章伯钧; 司徒雷登; 蒋介石,民盟,中国民主同盟; 国民党; 中国共产党; 美国驻华使馆; 行政院,南京,70
1391,1947,"October 22, 1947",罗隆基相关材料：The Ambassador in China (Stuart) to the Secretary of State,大使今日告知我，10月15日他借拜访行政院长之机，提出了针对民盟的压制措施问题，并向行政院长转述了民盟方面在10月14日同大使谈话中所陈述的案情（见10月14日会谈备忘录）。 大使建议，政府应主要从自身利益出发，认真考虑民盟提出的由政府指定代表同民盟代表举行会谈的请求。,person,罗隆基,罗隆基; 司徒雷登,民盟,中国民主同盟; 中国共产党; 美国驻华使馆; 行政院,南京,70
1392,1946,"October 25, 1946",围绕政协决议和政府改组的调处,马歇尔使团档案，Lot 54-D270 [文件218] 马歇尔将军、司徒雷登博士、缪云台先生、曾琦先生、罗隆基博士和李先生在南京美国大使馆会谈纪要，1946年10月25日上午10时45分。 罗博士开会时说，第三方面集团现在已经取得政府方面（来自孙科博士和王世杰博士）对共产党就政府八项建议所提出七个政治要点或问题的反应。,person,罗隆基,罗隆基; 周恩来; 马歇尔; 司徒雷登; 蒋介石,政协; 马歇尔调处; 第三方面; 民盟,中国民主同盟; 国民党; 中国共产党; 政治协商会议; 美国驻华使馆; 行政院; 国民大会,南京; 满洲,80
1393,1946,"October 25, 1946",第三方面在国共之间寻求政治空间,罗隆基博士随后询问马歇尔将军，委员长何时返回南京。 马歇尔将军说，他前一天已同陈诚将军谈过此事，并且相当确信委员长会按原定计划在星期六或星期日返回。,person,罗隆基,罗隆基; 周恩来; 马歇尔; 司徒雷登; 蒋介石,马歇尔调处; 第三方面,中国共产党; 青年党; 美国驻华使馆,南京,55
1394,1946,"October 27, 1946",第三方面在国共之间寻求政治空间,马歇尔使团档案，Lot 54-D270［文件224］马歇尔将军与三名第三方面代表罗隆基、缪云台、李璜会谈纪要，南京宁海路5号，1946年10月27日下午5时20分。 罗隆基先生告诉马歇尔将军，由于国民党军队最近攻占安东，第三方面的谈判目前正面临危机。,person,罗隆基,罗隆基; 周恩来; 马歇尔; 蒋介石,马歇尔调处; 第三方面,国民党; 中国共产党,南京; 上海; 延安,10
1395,1946,"October 27, 1946",围绕政协决议和政府改组的调处,罗隆基先生问马歇尔将军如何看待这三条。 三、政协五项决议按照政协规定程序执行。,person,罗隆基,罗隆基; 马歇尔; 蒋介石,政协; 马歇尔调处; 第三方面,中国共产党; 政治协商会议; 国民大会,南京; 满洲,30
1396,1947,"October 27, 1947",罗隆基相关材料：The Ambassador in China (Stuart) to the Secretary of State,最近政府报刊对民主同盟的攻击加剧，已使民盟领导人确信，彻底镇压民盟已迫在眉睫（使馆10月22日第1064号函）。 民主同盟把这解释为针对自己的措施，并预期11月1日起将出现一波逮捕。,person,罗隆基,罗隆基; 司徒雷登; 蒋介石,民盟,中国民主同盟; 国民党; 中国共产党; 美国国务院; 行政院,南京; 满洲,65
1397,1946,"October 28, 1946",第三方面在国共之间寻求政治空间,马歇尔使团档案，Lot 54-D270〔文件225〕马歇尔将军、张君劢先生、罗隆基博士会谈记录，南京宁海路5号，1946年10月28日上午10时30分。 张君劢先生谈到昨日下午罗隆基先生参加的会议时说，他认为第三方面取得共产党参加国民大会代表名单，并将其提交政府，是最重要的事情。,person,罗隆基,罗隆基; 张君劢; 马歇尔; 司徒雷登; 蒋介石,马歇尔调处; 第三方面,中国共产党; 行政院; 国民大会,南京; 满洲,50
1398,1946,"October 28, 1946",围绕政协决议和政府改组的调处,罗隆基博士强调，共产党主要希望按照政协程序执行政协决议，并保护政协决议，不允许作出不能接受的修改。 马歇尔将军强调，这正是他昨天谈到的问题，即程序。,person,罗隆基,罗隆基; 张君劢; 马歇尔; 蒋介石,政协; 马歇尔调处; 第三方面; 联合政府; 民盟,中国民主同盟; 国民政府; 国民党; 中国共产党; 政治协商会议; 行政院; 国民大会,南京; 上海; 满洲,85
1399,1947,"October 28, 1947",罗隆基相关材料：The Ambassador in China (Stuart) to the Secretary of State,上海下午报报道说，民主同盟领导人罗隆基藏身于美国大使馆。,person,罗隆基,罗隆基; 司徒雷登,民盟,中国民主同盟; 美国国务院; 美国驻华使馆,南京; 上海,45
1400,1946,"October 29, 1946",围绕政协决议和政府改组的调处,"马歇尔任务档案,第54–D270号[第226号文件] 关于马歇尔将军和司徒雷登博士在美国大使馆会面的说明,南京,1946年10月29日,上午10时45分,南京,1946年10月29日,上午10时45分,司徒雷登博士报告说,第三方面集团向将军递交了下列提案:""第三方面集团提案和平是中央政府的一贯目标,停止敌对行动一直是它的希望. 全国的地方行政工作,应当由改组后的国务院根据政协及和平重建决议安排.",person,罗隆基,罗隆基; 梁漱溟; 黄炎培; 章伯钧; 张君劢; 周恩来; 马歇尔; 司徒雷登,政协; 马歇尔调处; 第三方面,国民党; 中国共产党; 政治协商会议; 美国国务院; 美国驻华使馆; 行政院; 国民大会,南京; 上海; 满洲,25
1401,1946,"October 30, 1946",第三方面在国共之间寻求政治空间,孙科在此亦指出，政府希望将'五五宪草'视为正式草案，因为政治协商会议宪草审议委员会没有足够时间制定出各方均能接受的政协宪草最终版本。 孙科称，根据政协决议，应先改组国务委员会，随后再调整行政院。,person,罗隆基,罗隆基; 司徒雷登,政协; 马歇尔调处; 第三方面; 民盟,中国民主同盟; 国民政府; 国民党; 中国共产党; 政治协商会议; 美国国务院; 行政院; 国民大会,南京; 满洲,40
1402,1949,"October 30, 1949",北平接触与民盟人士沟通,安格斯·沃德：电报〔文件1228〕 驻北平总领事（柯乐博）致国务卿 北平，1949年10月30日中午。,person,罗隆基,周恩来,北平接触,美国国务院; 美国驻北平总领事馆,北平,15
1403,1949,"October 30, 1949",北平接触与民盟人士沟通,昨晚会见某人，据其报告，罗隆基曾担心直接同周恩来提出沈阳问题，但通过间接询问取得若干信息；这些信息被某人认为可靠，显示关于沈阳的政策已经确定，几乎无法改变。 该人说（无疑以罗隆基为背景），周恩来在中国本部和东北所行使的权力有所不同。,person,罗隆基,罗隆基; 周恩来,北平接触,中国共产党; 美国国务院; 美国驻北平总领事馆,北平; 沈阳; 满洲,30
1404,1947,"October 31, 1947",罗隆基相关材料：The Ambassador in China (Stuart) to the Secretary of State,过去两天内，政府对中国民主同盟的压力明显减轻，可能是由于本馆已表示关注此事（见10月27日本馆第2146号电最后一段）。 虽然尚未发生逮捕，南京的民盟领导人仍处于警方监视之下。,person,罗隆基,罗隆基; 黄炎培; 司徒雷登; 蒋介石,民盟,中国民主同盟; 中国共产党; 美国国务院; 行政院,南京; 上海,65
1405,1947,"October 31, 1947",昆明暗杀事件引发的政治压力与外交关注,大使谨随函附上一份会谈备忘录，记录1947年10月28日两名使馆官员同民盟罗隆基博士的谈话。 该备忘录表达了罗博士对国民政府宣布民盟为非法组织之命令的关切，并重申其关于联合政府的总体方案，认为这是解决中国当前问题的唯一可行办法。,person,罗隆基,罗隆基; 司徒雷登; 蒋介石,昆明暗杀; 第三方面; 联合政府; 民盟,中国民主同盟; 国民政府; 国民党; 中国共产党; 美国国务院; 美国驻华使馆,昆明; 南京,80
1406,1949,"October 8, 1949",北平接触与民盟人士沟通,9111RR/10-849：电报〔文件125〕 驻北平总领事（柯乐博）致国务卿 北平，1949年10月8日下午1时。 注4：民主同盟领导人。,person,罗隆基,蒋介石,北平接触; 民盟,中国民主同盟; 国民党; 中国共产党; 美国国务院; 美国驻北平总领事馆,北平,70
1407,1946,"September 11, 1946",罗隆基相关材料：The Ambassador in China (Stuart) to the Secretary of State,"以下是上海第956号电文（9月7日），供国务院参考： ""中国民主同盟的罗隆基批评了由司徒雷登大使主持的新设小组委员会，理由如下：（一）民盟未获代表权；（二）此举降低了政治协商会议的重要性；（三）意味着美国干涉中国内政。 9月3日《联合日报》晚刊刊登了一篇相关新闻文章，引述民盟政协代表沈钧儒的话，对美国当局的诚意表示怀疑，并指责其蒙蔽公众，使公众相信和谈正在进行，而美国却奉行'野蛮政策，继续在中国煽",person,罗隆基,罗隆基; 沈钧儒; 周恩来; 司徒雷登,政协; 民盟,中国民主同盟; 中国共产党; 政治协商会议; 美国国务院,南京; 上海,80
1408,1946,"September 12, 1946",围绕政协决议和政府改组的调处,马歇尔使团档案，Lot 54-D270［文件86］马歇尔将军与司徒雷登博士会谈纪要，南京宁海路5号，1946年9月12日晚7时。 司徒雷登博士说，他此次来访的目的，是向马歇尔将军通报当天午后同周将军会谈的结果。,person,罗隆基,罗隆基; 周恩来; 马歇尔; 司徒雷登; 蒋介石,政协; 马歇尔调处,中国共产党; 政治协商会议; 行政院,南京,25
1409,1944,"September 22, 1944",昆明暗杀事件引发的政治压力与外交关注,］先生：关于昆明总领事馆1944年7月14日第51号函，以及使馆1944年8月23日第2900号函所述民主同盟（旧称中国民主政团同盟）及其他反对国民政府和国民党的力量之活动，兹随函附上1944年9月13日昆明领事菲利普·D. 该信转来《民主同盟政治原则草案》译文。,person,罗隆基,罗隆基,昆明暗杀; 民盟,中国民主同盟; 国民政府; 国民党; 美国国务院,昆明; 重庆; 成都; 桂林,80
1410,1949,"September 27, 1949",北平接触与民盟人士沟通,93/9-2749：电报〔文件612〕 驻北平总领事（柯乐博）致国务卿 北平，1949年9月27日上午10时。 9月24日，司徒雷登大使所认识的陶履恭告知我，他最近会见了罗隆基；罗隆基于9月20日同毛泽东谈过话。,person,罗隆基,罗隆基; 司徒雷登,北平接触,国民党; 中国共产党; 美国国务院; 美国驻北平总领事馆,北平; 重庆,65
1411,1949,"September 27, 1949",北平接触与民盟人士沟通,陶还转达了罗隆基的一个建议：如果美国人避免公开宣布支持中国民主人士，将会有所帮助。 陶又说，原本曾拟设一个由周恩来主持、罗隆基和张东荪参加的外交关系委员会，但白皮书发表后，该计划已被放弃。,person,罗隆基,罗隆基; 张东荪; 周恩来,政协; 北平接触,国民党; 中国共产党; 政治协商会议; 美国驻北平总领事馆,北平; 香港,70
1412,1949,"September 27, 1949",北平接触与民盟人士沟通,顺便指出，罗隆基在政治协商会议中确实已被绕开，而由七旬老人沈钧儒居于前台；但这似乎完全符合共产党的一贯政策，即推出完全服从共产党路线的第二党派人士出面讲话（另有报告称，罗曾向共产党人主张维持同苏联以外其他国家的良好关系）。 75 民盟领导人。,person,罗隆基,罗隆基; 沈钧儒; 司徒雷登,政协; 北平接触; 民盟,中国民主同盟; 中国共产党; 政治协商会议; 美国国务院; 美国驻北平总领事馆,北平; 南京; 华盛顿,85
1413,1949,"September 29, 1949",北平接触与民盟人士沟通,陶为司徒雷登大使友人，现住在北平傅泾波家中，今日稍晚来访。 陶说，他数日前在北平同罗隆基（民主同盟）谈过。,person,罗隆基,罗隆基; 司徒雷登; 蒋介石,政协; 北平接触; 民盟,中国民主同盟; 国民政府; 中国共产党; 政治协商会议; 美国国务院,北平; 沈阳; 满洲; 天津,80
1414,1949,"September 6, 1949",北平接触与民盟人士沟通,随着共产党向征服大陆和占领台湾对岸海岸推进，共产党以及第三方面人士对我方政策的疑虑，也越来越集中于这样一种怀疑：即我们现在和将来在台湾的行动，意在积极促进对中共的武装反对；即使不是通过支持蒋介石，也会通过其他方式，如政变、日本雇佣兵、美国海军基地、陈纳德飞行员等。 总领事馆从几个消息灵通来源获悉，罗隆基抵达北平后曾同毛泽东长谈。,person,罗隆基,罗隆基; 蒋介石,第三方面; 北平接触; 民盟,中国民主同盟; 国民党; 中国共产党; 美国国务院,北平; 南京; 上海,80
1415,1945,19 December 1945,围绕政协决议和政府改组的调处,马歇尔使团档案，Lot 54–D270〔第560号文件〕谢普利先生（注39）致马歇尔将军备忘录。 马歇尔将军： 依据目前所掌握的情报，拜罗德上校（注40）与本人已就中国的政治局势作出一个初步判断。,person,张澜,张澜; 周恩来; 马歇尔; 蒋介石,政协; 马歇尔调处; 联合政府; 民盟,中国民主同盟; 国民党; 中国共产党; 政治协商会议; 美国驻华使馆; 行政院; 国民大会,南京; 重庆; 延安,80
1416,1941,1941/01/24 ~ 1941/01/24,张澜相关材料：张澜黄炎培等呈蒋中正关于国民参政会此次开会建议邀请中央出席完成行宪手续等意见，宋庆龄等呈蒋中正请审慎处理新四军问题,张澜黄炎培等呈蒋中正关于国民参政会此次开会建议邀请中央出席完成行宪手续等意见，宋庆龄等呈蒋中正请审慎处理新四军问题,person,张澜,张澜; 黄炎培,,,,15
1417,1942,1942/00/00 ~ 1942/00/00,张澜相关材料：张澜等提实现民主以加强抗战力量树立建国基础案，张九如等提厉行裁并骈枝机关节减公帑充实军需并增进行政效率案,张澜等提实现民主以加强抗战力量树立建国基础案，张九如等提厉行裁并骈枝机关节减公帑充实军需并增进行政效率案,person,张澜,张澜,,,,15
1418,1943,1943/00/00 ~ 1943/00/00,张澜相关材料：摘录张澜撰中国需要真正民主政治,摘录张澜撰中国需要真正民主政治,person,张澜,张澜,,,,15
1419,1945,1945/09/06 ~ 1945/09/06,张澜相关材料：戴笠叶秀峰张镇呈蒋中正共党徐水王若飞毛泽东张澜对国共谈判宣传汇报,戴笠叶秀峰张镇呈蒋中正共党徐水王若飞毛泽东张澜对国共谈判宣传汇报,person,张澜,张澜,,,,15
1420,1946,1946-01-11,第三方面在国共之间寻求政治空间,** **希腊组建联合政府** 会议——即政治协商会议——的主要任务将是试图调和两大主要政党——中国国民党与中国共产党——之间的分歧，并解决其他重大的国家问题。 会议共有38名代表，其中包括：国民党代表八名，共产党代表七名，青年党代表五名，中国民主同盟代表九名，以及无党派社会贤达九名。,person,张澜,罗隆基; 张澜; 梁漱溟; 沈钧儒; 黄炎培; 章伯钧; 张君劢; 张东荪,政协; 第三方面; 联合政府; 民盟,中国民主同盟; 国民党; 中国共产党; 青年党; 政治协商会议,重庆; 延安,65
1421,1946,1946-02-26,北平接触与民盟人士沟通,**北平约两千人举行群众大会，谴责“俄国帝国主义”，并指控共产党为“苏联工具”** （美联社讯）据莫斯科电台今日援引雅典报道称，希腊共产党已宣布将不参加即将举行的…… **“总统”办公室致“共党”报纸函件全文——2月22日新闻** 该函件显然显示反共情绪，并企图破坏盟国间的团结与政治协商会议的威望。 那么，我们又怎能谈论政治民主与盟国合作呢？ “这些暴行……损害了政府的尊严……” **民盟就2月2,person,张澜,张澜; 蒋介石,政协; 北平接触; 民盟,中国民主同盟; 中国共产党; 政治协商会议,北平; 重庆; 满洲,85
1422,1946,1946-08-23,张澜相关材料：China Mail 1946-08-23 · 张澜（民盟主席）相关报道,《大公报》今日报道，76岁的中国民主同盟领袖张澜在四川省成都遭到袭击和殴打。 报道称，张澜是在参加两位著名民盟成员的追悼会后遭到袭击的。,person,张澜,张澜; 司徒雷登; 蒋介石,民盟,中国民主同盟; 国民党; 中国共产党,南京; 上海; 香港; 延安; 满洲; 成都; 华盛顿,50
1423,1946,1946/07/16 ~ 1946/07/16,张澜相关材料：青海省参议会议长马元海等电国民政府主席蒋中正请对中国民主同盟主席张澜等荒谬言论予以纠正并转电美国说明真象以正是非,青海省参议会议长马元海等电国民政府主席蒋中正请对中国民主同盟主席张澜等荒谬言论予以纠正并转电美国说明真象以正是非,person,张澜,张澜,民盟,中国民主同盟; 国民政府,,30
1424,1946,1946/07/16 ~ 1947/06/16,张澜相关材料：青海省参议会等呈请纠正张澜反美对华货款言论，四川省参议会呈请建设衡阳为抗战纪念城，长春市临时参议会呈请取消中央不利民生之骈枝机构，改善平津及华北各项措施,青海省参议会等呈请纠正张澜反美对华货款言论，四川省参议会呈请建设衡阳为抗战纪念城，长春市临时参议会呈请取消中央不利民生之骈枝机构，改善平津及华北各项措施,person,张澜,张澜,,,,15
1425,1946,1946/07/22 ~ 1946/07/22,张澜相关材料：四川省参议会议长向传义等电国民政府为山东省参议会电以中国民主同盟主席张澜等致电美国反对对华任何贷款请予以驳斥并转电美国说明真像,四川省参议会议长向传义等电国民政府为山东省参议会电以中国民主同盟主席张澜等致电美国反对对华任何贷款请予以驳斥并转电美国说明真像,person,张澜,张澜,民盟,中国民主同盟; 国民政府,,30
1426,1946,1946/08/02 ~ 1946/08/02,张澜相关材料：国民政府文官处函四川省参议会关于山东省参议会电以中国民主同盟主席张澜等致电美国反对对华任何贷款请予以驳斥并转电美国说明真像一案业奉主席阅悉,国民政府文官处函四川省参议会关于山东省参议会电以中国民主同盟主席张澜等致电美国反对对华任何贷款请予以驳斥并转电美国说明真像一案业奉主席阅悉,person,张澜,张澜,民盟,中国民主同盟; 国民政府,,30
1427,1946,1946/08/03 ~ 1946/08/03,张澜相关材料：国民政府文官处函青海省参议会关于电请对中国民主同盟主席张澜等荒谬言论予以纠正并转电美国说明真象以正是非一案业奉主席阅悉,国民政府文官处函青海省参议会关于电请对中国民主同盟主席张澜等荒谬言论予以纠正并转电美国说明真象以正是非一案业奉主席阅悉,person,张澜,张澜,民盟,中国民主同盟; 国民政府,,30
1428,1946,1946/08/07 ~ 1946/08/07,张澜相关材料：浙江省临时参议会议长朱献文等电国民政府为中国民主同盟主席张澜等致电美国民主党议员反对盟邦对华增进友谊之所为祈赐纠正,浙江省临时参议会议长朱献文等电国民政府为中国民主同盟主席张澜等致电美国民主党议员反对盟邦对华增进友谊之所为祈赐纠正,person,张澜,张澜,民盟,中国民主同盟; 国民政府,,30
1429,1946,1946/08/21 ~ 1946/08/21,张澜相关材料：国民政府文官处函浙江省临时参议会关于贵会电为中国民主同盟主席张澜等致电美国民主党议员反对盟邦对华增进友谊之所为祈赐纠正一案已奉主席阅悉,国民政府文官处函浙江省临时参议会关于贵会电为中国民主同盟主席张澜等致电美国民主党议员反对盟邦对华增进友谊之所为祈赐纠正一案已奉主席阅悉,person,张澜,张澜,民盟,中国民主同盟; 国民政府,,30
1430,1946,1946/10/02 ~ 1946/10/02,张澜相关材料：张澜等电蒋中正恳请停止国共内战举行国民大会制定宪法以促进国家和平统一完成民主宪政,张澜等电蒋中正恳请停止国共内战举行国民大会制定宪法以促进国家和平统一完成民主宪政,person,张澜,张澜,,国民大会,,15
1431,1946,1946/10/04 ~ 1946/10/04,张澜相关材料：张澜等电国民政府为胪陈对召开国民大会各党派代表名额分配之疑议及今后和平建国之意见,1946年9月9日，中国民主同盟主席张澜等人联名向国民政府递交正式呈文。 此时正值抗战胜利后、国共内战一触即发的关键历史转折期，民盟作为和平建国、民主协商的第三力量，极力争取多党协商、和平建国的空间。,person,张澜,张澜,民盟,中国民主同盟; 国民政府; 国民大会,,30
1432,1947,1947-10-30,张澜相关材料：China Mail 1947-10-30 · 民盟「非法」事件后,接管中国民主同盟总部，民盟成员被置于警方监视之下。 民盟大楼此前曾由中共人员占用，目前正受到监视，但迄今尚无逮捕报告。,person,张澜,张澜,民盟,中国民主同盟; 国民党; 中国共产党; 国民大会,南京; 香港,70
1433,1947,1947-11-05,北平接触与民盟人士沟通,** 据称，中国民主同盟主席张澜将在未来46小时内宣布民盟自动解散。 行政院院长同时豁免了民盟成员根据新法令进行登记的义务。,person,张澜,张澜,北平接触; 民盟,中国民主同盟; 国民党; 中国共产党; 行政院,北平; 南京,65
1434,1947,1947/05/14 ~ 1947/05/14,张澜相关材料：张群呈蒋中正民主同盟张澜函请承认民主同盟之合法地位,张群呈蒋中正民主同盟张澜函请承认民主同盟之合法地位,person,张澜,张澜,民盟,中国民主同盟,,30
1435,1947,1947/10/13 ~ 1947/10/13,张澜相关材料：据上海大公报张澜谈话请饬祝绍周呈报杜斌丞勾结匪军证据以便反驳,据上海大公报张澜谈话请饬祝绍周呈报杜斌丞勾结匪军证据以便反驳,person,张澜,张澜,,,上海,15
1436,1947,1947/12/19 ~ 1947/12/19,张澜相关材料：保密局等呈蒋中正为李济琛郭沫若等积极筹组民主阵线并发表谬论及张君劢与张澜孙宝毅晤谈内容等情报提要等四则,保密局等呈蒋中正为李济琛郭沫若等积极筹组民主阵线并发表谬论及张君劢与张澜孙宝毅晤谈内容等情报提要等四则,person,张澜,张澜; 张君劢,,,,15
1437,1948,1948-12-30,北平接触与民盟人士沟通,在完成随州和北平附近的两场军事行动后，国民党将不再拥有骨干力量。 香港、上海、北平、天津等大城市的民主党派和团体以及人民组织的领导人，已经或即将打着政治协商会议和民主联合政府的旗号来到我方区域。,person,张澜,罗隆基; 张澜,政协; 北平接触; 联合政府; 民盟,中国民主同盟; 国民党; 政治协商会议,北平; 上海; 香港; 满洲; 天津,65
1438,1948,1948/06/07 ~ 1948/06/07,张澜相关材料：保密局呈蒋中正有关张澜黄炎培罗隆基等函示民主同盟港方左倾分子意见,保密局呈蒋中正有关张澜黄炎培罗隆基等函示民主同盟港方左倾分子意见,person,张澜,罗隆基; 张澜; 黄炎培,民盟,中国民主同盟,,30
1439,1948,1948/06/16 ~ 1948/06/16,张澜相关材料：毛人凤呈蒋中正查张澜致函沈钧儒等须积极标明民盟一贯政策与坚守独立立场以消除国内外猜疑误解等情,毛人凤呈蒋中正查张澜致函沈钧儒等须积极标明民盟一贯政策与坚守独立立场以消除国内外猜疑误解等情,person,张澜,张澜; 沈钧儒,民盟,中国民主同盟,,30
1440,1948,1948/10/01 ~ 1948/10/01,张澜相关材料：保密局等呈蒋中正报告沈钧儒等函张澜等报告有关新政协问题及青年党民社党农民党近与共党接触有试探参加新政协企图等各党派动态情报提要四则,保密局等呈蒋中正报告沈钧儒等函张澜等报告有关新政协问题及青年党民社党农民党近与共党接触有试探参加新政协企图等各党派动态情报提要四则,person,张澜,张澜; 沈钧儒,政协,青年党; 政治协商会议,,30
1441,1949,1949-01-07,北平接触与民盟人士沟通,北平方面报道称，华北总司令傅作义将军今日下令，再次向中共区域空投载有和平提议的传单。,person,张澜,张澜; 沈钧儒; 蒋介石,北平接触,国民党; 中国共产党,北平; 南京; 上海,50
1442,1949,1949-01-10,北平接触与民盟人士沟通,在向他转达第0100号电报的内容并阅读书面译文后，毛泽东表示，我们的计划如下： 在占领北平（北京）后，召开协商会议，随后组建联合政府。 我打算于2月底返回，以便在3月召开中共七届二中全会，随后于4月举行协商会议；但最好休息一个月，充分准备后于5月举行，进而在夏季组建联合政府。,person,张澜,罗隆基; 张澜; 黄炎培; 蒋介石,北平接触; 联合政府,国民党; 中国共产党; 国民大会,北平; 南京; 上海,50
1443,1949,1949-02-16,张澜相关材料：POLITICAL INFORMATION:  PSEUDONYMS USED BY CHINESE COMMUNISTS IN REFERRING TO VARIOUS PUBLIC FIGURES,Soong) | | 衡谷 (Heng Cru) | 张澜 (Chang Lan) | | 欧雷 (Ore) | 罗隆基 (Lo Lung-chi) | | 何九公 (Ho Chiu Kung Ten) | 李宗仁 (Li Tsung-jen) | | 灵公 (ling Kung) / 仁教 (Jen Chiao) | 李济深 (Li Chi-shen) | | 李金 (L chin) | 张君劢,person,张澜,罗隆基; 张澜; 沈钧儒; 张君劢,,中国共产党,,55
1444,1949,1949-05-23,张澜相关材料：CIA Reading Room cia-rdp82-00457r002800130003-8: POLITICAL INFORMATION: CHINA DEMOCRATIC LEAGUE MEMBERS' ESCAPE FROM SHANGHAI TO HONG KONG,**机密** **中央情报局** **情报报告** 报告编号：20X14 国家：中国/香港 分发日期：1949年5月23日 主题：政治情报：中国民主同盟 页数：1 民盟成员从上海逃往香港 来源：（略） 获取地点：（略） 报告日期：（略） 补充报告编号：（略） 1. 中国民主同盟执行委员会委员叶笃义，在险些遭国民党于上海逮捕后，于1949年5月20日与另一民盟成员樊璞斋化装抵达香港。,person,张澜,罗隆基; 张澜,民盟,中国民主同盟; 国民党; 中国共产党,上海; 香港,50
1445,1949,1949-07-06,张澜相关材料：Report from the Head of the Delegation of the Chinese Communist Party CC to Stalin,二、关于中国民主同盟及其他民主党派问题，我们拟就以下事项征求您的意见： （1）中国民主同盟（民盟）及其他民主党派在即将成立的新政权中的地位与作用； （2）如何对待民盟内部的不同派别，特别是罗隆基、张澜、沈钧儒等领导人的政治倾向； （3）民盟与中国共产党合作的历史经验及未来关系模式。 - 报告中所提“中国民主同盟”即“民盟”，为当时中国主要民主党派之一。,person,张澜,罗隆基; 张澜; 沈钧儒; 司徒雷登,民盟,中国民主同盟; 国民党; 中国共产党,,50
1446,1949,1949-07-07,北平接触与民盟人士沟通,该同盟在重庆、南京、上海、北平以及海外设有支部，约有200名成员。 1945年，在我党提出建立联合政府的口号以及国民党第六次全国代表大会召开后，该联合会正式公开。,person,张澜,罗隆基; 张澜; 黄炎培; 章伯钧; 张东荪; 蒋介石,政协; 马歇尔调处; 北平接触; 联合政府; 民盟,中国民主同盟; 国民党; 中国共产党; 政治协商会议,北平; 南京; 重庆; 上海; 香港,85
1447,1949,1949-08-08,北平接触与民盟人士沟通,**中央情报局 · 补充报告** **国家：** 中国 **主题：** 民盟会籍政策变更计划——罗隆基（Lo Lung-chi）与张澜（Chang Lan） **分发日期：** 1949 年 8 月 8 日 **页数：** 1 1. 目前正试图对中国民主同盟（CDL，简称民盟）进行改组。,person,张澜,罗隆基; 张澜; 蒋介石,北平接触; 民盟,中国民主同盟; 中国共产党,北平; 上海,85
1448,1949,1949-08-08,北平接触与民盟人士沟通,**机密** **中央情报局** **情报报告** 报告编号： **国家**：中国 **机密** **分发日期**：1949年8月8日 **主题**：中国民主同盟成员资格政策变更计划——罗隆基与张澜 **页数**：1页 信息来源： 1. 目前正试图改组中国民主同盟，该组织原为若干政党的联盟，拟将成员资格改为以个人为基础。,person,张澜,罗隆基; 张澜; 蒋介石,北平接触; 民盟,中国民主同盟; 中国共产党,北平; 上海,65
1449,1949,1949-08-10,北平接触与民盟人士沟通,**中央情报局报告** **信息来源：外国文件或无线电广播** **国家：** 中共控制区 **信息日期：** 1949年 **主题：** 人物志——中国左翼人士 **出版形式：** 日报 **出版地点：** 香港 **页数：** 4 **出版日期：** 1949年5月20日 **语言：** 中文 **本文件包含影响国家防务的信息** **此为未经评估的信息** **来源：** 《华商报》 **新,person,张澜,罗隆基; 张澜; 沈钧儒; 黄炎培; 章伯钧; 史良; 张东荪; 周恩来,政协; 北平接触; 民盟,中国民主同盟; 国民党; 中国共产党; 政治协商会议,北平; 上海; 香港,85
1450,1949,1949-10-01,北平接触与民盟人士沟通,"75 | 1,030,572 | | 8 | 北平市 | 河北 | 707.",person,张澜,,北平接触,国民政府; 中国共产党; 美国国务院; 行政院,北平; 南京; 重庆; 上海; 沈阳; 满洲; 桂林; 天津,40
1451,1949,1949-12-20,北平接触与民盟人士沟通,**中央情报局 · 情报报告** （机密 / 管制 — 仅供美方官员） **国家：** 中国 **主题：** 罗隆基（Lo Lung-chi） **分发日期：** 1949 年 12 月 20 日 **页数：** 1 中国民主同盟领导人罗隆基（1896-1965，清华大学政治学博士、民盟宣传委员会主任）写道，他实际上已沦为北平的一名囚徒。 > 译注：本报告是 CIA 收到的关于罗隆基政治处境的早期,person,张澜,罗隆基; 张澜,政协; 北平接触; 民盟,中国民主同盟; 政治协商会议,北平; 上海,85
1452,1950,1950-01-05,北平接触与民盟人士沟通,除中国民主建国会外，中共政府中的主要非中共政党为中国民主同盟、中国国民党革命委员会、全国各界救国联合会及中国致公党。 中国民主同盟在张澜领导下，现已成为中国共产党渗透的首要目标。,person,张澜,张澜,马歇尔调处; 北平接触; 联合政府; 民盟,中国民主同盟; 国民党; 中国共产党,北平,65
1453,1950,1950-03-22,北平接触与民盟人士沟通,**中国人民政治协商会议全国委员会** 该机构在全国政协闭会期间作为其常设委员会，负责监督政协决议的执行，向中央人民政府提出建议，协助政府动员人民参与国家建设，并指导统一战线工作。 同时，它负责筹备并召集下一届政协全体会议。,person,张澜,罗隆基; 张澜; 沈钧儒; 黄炎培; 章伯钧; 史良; 张东荪; 周恩来,政协; 北平接触; 民盟,中国民主同盟; 国民党; 中国共产党; 政治协商会议,北平; 南京; 上海; 香港; 天津,65
1454,1950,1950-04-04,北平接触与民盟人士沟通,**中央情报局 · 情报报告** 归还中央情报局图书馆 **国家：** 中国 **主题：** 张澜（Chang Lan） **分发日期：** 1950 年 4 月 4 日 **页数：** 1 中国民主同盟（CDL）年迈领袖、中央人民政府副主席张澜（CIA 原报告用语：「中国共产党政府副主席」），在毛泽东（MAO Tse-tung）自莫斯科返回时，被软禁于北平西郊西山。 其与民盟成员的接触受到严格监,person,张澜,张澜,北平接触; 民盟,中国民主同盟; 中国共产党,北平,85
1460,1945,"April 30, 1945",张澜相关材料：The Ambassador in China (Hurley) to the Secretary of State,较著名的非国民党成员包括毛泽东、周恩来、邓颖超（周恩来夫人）、林祖涵、董必武（共产党）；李璜、左舜生（青年党）；张君劢、张澜（国家社会党）；以及于斌主教、胡适、晏阳初（无党派）。,person,张澜,张澜; 张君劢; 周恩来,,国民党; 中国共产党; 青年党; 美国国务院; 国民大会,重庆,10
1461,1946,"August 29, 1946",昆明暗杀事件引发的政治压力与外交关注,梁漱溟一直在昆明代表民主同盟调查此案。,person,张澜,梁漱溟; 司徒雷登,昆明暗杀; 民盟,中国民主同盟; 美国国务院,昆明; 南京,70
1462,1946,"August 29, 1946",昆明暗杀事件引发的政治压力与外交关注,最近报载称，民主同盟主席张澜数日前在成都参加李公朴和闻一多追悼会时，遭特务人员殴打。,person,张澜,张澜; 司徒雷登,昆明暗杀; 民盟,中国民主同盟,成都,85
1463,1945,"December 24, 1945","张澜相关材料：Notes on Conference Between General Marshall and Premier T. V. Soong in General Marshall’s Residence, Chungking, 0900, 24 December 1945",谢普利：在张澜领导下；他在重庆。 马歇尔：你同斯大林有过会谈。,person,张澜,张澜; 马歇尔,马歇尔调处,中国共产党,重庆; 满洲,55
1464,1945,"December 26, 1945",围绕政协决议和政府改组的调处,马歇尔使团档案，第54-D270卷〔文件574〕 马歇尔将军第一次会见民主同盟记录 1945年12月26日下午4时。 马歇尔：谁是你们的发言人？ 发言人：我为同盟作翻译。,person,张澜,张澜; 马歇尔,政协; 马歇尔调处; 联合政府; 民盟,中国民主同盟; 国民党; 中国共产党; 政治协商会议; 国民大会,,80
1465,1945,"December 26, 1945",围绕政协决议和政府改组的调处,我们的想法是，首先由政治协商会议拟定联合政府方案，联合政府再从实际方面推动召开国民大会，并通过国民大会制定宪法。 我们关于联合政府的想法是实际的。,person,张澜,张东荪; 马歇尔,政协; 马歇尔调处; 联合政府; 民盟,中国民主同盟; 国民党; 政治协商会议; 国民大会,,75
1466,1943,"December 7, 1943",北平接触与民盟人士沟通,虽然承认共产党在华北形成了一道阻止重庆部队北进的屏障，但他说，华北齐燮元（北平政权）麾下伪军，以及开封地区张兰峰（非张澜）（南京政权）麾下伪军，将被重庆用来对抗共产党。,person,张澜,张澜,北平接触,中国共产党; 美国国务院,北平; 南京; 重庆,25
1467,1944,"February 21, 1944",张澜相关材料：The Ambassador in China (Gauss) to the Secretary of State,00/15287 [文件第287号] 驻华大使（高斯）致国务卿 第2208号 重庆，1944年2月21日 [3月6日收到] 阁下： 谨随函附上张澜先生（亦名张表方）于1943年9月出版的小册子《中国需要真正民主》的译文一份。,person,张澜,张澜,,中国民主同盟; 国民党; 美国国务院,重庆; 成都,50
1468,1947,"February 25, 1947",围绕政协决议和政府改组的调处,以下为卢登根据大使和他本人2月21、22日在上海同第三方面领导人，主要是张澜、罗隆基、张君劢谈话后传送的信息要点： 民主同盟代表说，中国局势正在极快恶化，并指出这对美国不利，因为马歇尔将军声明所针对的那些人，作为局势最终结果，将不可避免地被驱入共产党阵营。 张澜希望向美国政府提出三点：（一）希望以美、苏、英三国调停取代美国单独调停努力；（二）如不考虑政协基本协议而改组政府，注定失败；（三）共产党目,person,张澜,罗隆基; 张澜; 张君劢; 马歇尔; 司徒雷登,政协; 马歇尔调处; 第三方面; 民盟,中国民主同盟; 中国共产党; 政治协商会议; 美国国务院; 国民大会,南京; 上海,80
1469,1947,"February 25, 1947",第三方面在国共之间寻求政治空间,罗隆基的看法如下：应召开某种各党派会议，首先承诺国家统一。 罗隆基的基本观点是，除非同共产党达成协议，否则局势不可能解决。,person,张澜,罗隆基; 张君劢; 司徒雷登; 蒋介石,第三方面,国民党; 中国共产党; 青年党; 美国驻华使馆; 行政院; 国民大会,南京,55
1470,1947,"January 23, 1947",第三方面在国共之间寻求政治空间,第三方面团体的一些显著表现如下。 民主同盟发言人罗隆基1月21日在上海记者会上表示，民主同盟坚决反对在没有中国共产党参加的情况下改组政府的提议。,person,张澜,罗隆基; 张澜; 张君劢; 张东荪; 司徒雷登; 蒋介石,政协; 第三方面; 联合政府; 民盟,中国民主同盟; 国民党; 中国共产党; 青年党; 民主社会党; 政治协商会议; 美国国务院,南京; 上海; 华盛顿,80
1471,1949,"January 24, 1949",第三方面在国共之间寻求政治空间,甘介侯还计划拜会民主同盟领袖张澜、黄炎培和罗隆基，以及民主社会党主席张君劢。,person,张澜,罗隆基; 张澜; 黄炎培; 张君劢; 蒋介石,第三方面; 民盟,中国民主同盟; 国民党; 中国共产党; 民主社会党; 美国国务院; 美国驻上海总领事馆,南京; 上海,45
1472,1949,"January 3, 1949",北平接触与民盟人士沟通,以下是本总领馆一名官员最近同罗隆基密切的民主同盟人士叶笃义进行一般谈话时，叶氏较有意思谈话内容的摘要： 1. 中国共产党坚决反对任何把李宗仁留在联合政府中的妥协安排；除张治中和邵力子外，几乎所有南京高级官员也同样不被接受。,person,张澜,罗隆基; 张澜; 黄炎培; 周恩来; 蒋介石,政协; 第三方面; 北平接触; 联合政府; 民盟,中国民主同盟; 国民党; 中国共产党; 政治协商会议; 美国国务院; 美国驻上海总领事馆,北平; 南京; 上海; 香港; 满洲; 华盛顿,80
1473,1949,"January 5, 1949",张澜相关材料：The Ambassador in China (Stuart) to the Secretary of State,称张澜已抵达华北，并说同行者还有李泽林、梅龚彬、朱蕴山、茅盾和吴茂荪。 李泽林为国民党革命委员会成员，是李元帅旧识，近来住在澳门；梅龚彬为著名国民党革命委员会成员；朱蕴山为民盟中央常委；茅盾为左翼作家；吴茂荪为李元帅门生。,person,张澜,张澜; 司徒雷登,民盟,中国民主同盟; 国民党; 中国共产党; 美国国务院,南京; 香港,65
1474,1947,"January 7, 1947",第三方面在国共之间寻求政治空间,马歇尔使团档案，Lot 54-D270 [文件370] 马歇尔将军与 C. 李将军告诉马歇尔，他刚从上海返回，曾拜访许多民主同盟成员和无党派人士。,person,张澜,罗隆基; 张澜; 周恩来; 马歇尔; 蒋介石,马歇尔调处; 第三方面; 民盟,中国民主同盟; 国民党; 中国共产党,南京; 上海; 延安; 满洲,65
1475,1948,"July 12, 1948",张澜相关材料：The Consul General at Hong Kong (McKenna) to the Ambassador in China (Stuart),瑟维斯先生告知李济深，他于1948年7月5日在上海会见了民主同盟领袖张澜和罗隆基；李济深表示相信他们一定强烈支持其运动。 当瑟维斯先生简要转述中国民主同盟领袖关于李济深元帅和副总统李宗仁具有关键重要性的谈话时，李济深毫不掩饰自己的满意。,person,张澜,罗隆基; 张澜; 司徒雷登,民盟,中国民主同盟; 国民党; 中国共产党; 美国国务院,上海; 香港,65
1476,1944,"July 14, 1944",张澜相关材料：The Second Secretary of Embassy in China (Penfield) to the Secretary of State,中国民主政团同盟主席张澜（张表方）以及中国青年党领袖（我从他们处取得宣言副本）似乎是该会领导中最活跃的力量。,person,张澜,张澜,,中国民主同盟; 国民党; 中国共产党; 青年党; 美国国务院; 美国驻华使馆,重庆; 成都,50
1477,1945,"July 6, 1945",第三方面在国共之间寻求政治空间,（这些据称曾为冯将军旧部者包括：驻冀南、豫北的第二方面军总司令孙良诚将军；驻山东的第三方面军总司令吴化文将军；驻苏北的第四方面军总司令郝鹏举将军；驻豫北的第五方面军总司令庞炳勋将军；以及驻河南郑县以东陇海铁路两侧的第二集团军总司令张兰峰（非张澜）将军。,person,张澜,张澜; 蒋介石,第三方面,国民党; 美国国务院; 美国驻华使馆,北平; 重庆; 满洲; 天津,10
1478,1948,"June 14, 1948",北平接触与民盟人士沟通,00/6-1448〔文件235〕 驻北平总领事（柯乐博）致国务卿 北平，1948年6月14日，第115号。 〕 先生：谨提及本总领事馆1948年6月14〔15〕日第105号公函，其中报告一个据称希望促成中国和平的“第三党”集团在北平出现。,person,张澜,张澜; 蒋介石,第三方面; 北平接触; 民盟,中国民主同盟; 国民政府; 中国共产党; 美国国务院; 美国驻北平总领事馆,北平; 南京; 香港; 沈阳; 满洲,80
1479,1949,"June 16, 1949",北平接触与民盟人士沟通,00/6-1649：电报 [文件459] 驻北平总领事（柯乐博）致国务卿 北平，1949年6月16日。 《光明日报》今天报道，中国民主同盟主席张澜及常务委员罗隆基、史良定于6月18日离开上海前往北平；他们抵达北平后，即可确定正在筹备中的第四次全体会议召开日期。,person,张澜,罗隆基; 张澜; 黄炎培; 史良; 张东荪,北平接触; 民盟,中国民主同盟; 国民党; 美国国务院; 美国驻北平总领事馆,北平; 南京; 上海; 天津,80
1480,1949,"June 22, 1949",北平接触与民盟人士沟通,当地报纸6月20日报道，张澜、史良、罗隆基、王葆真、郭真等人于6月19日抵达南京，正前往北平。 报称，张、罗、史除出席新政协筹备委员会外，还将出席民主同盟第四次全体会议。,person,张澜,罗隆基; 张澜; 史良; 司徒雷登,政协; 北平接触; 民盟,中国民主同盟; 政治协商会议; 美国国务院,北平; 南京; 上海,80
1481,1949,"June 8, 1949",北平接触与民盟人士沟通,6月8日，民主同盟官员叶笃义在同总领事馆官员谈话时表示，他打算于6月10日前往上海，会合罗隆基和张澜，然后应毛泽东邀请前往北平。 叶笃义说，民主同盟希望成为中国共产党人与美国之间的“桥梁”，从而改变共产党目前的反美倾向。,person,张澜,罗隆基; 张澜,政协; 北平接触; 民盟,中国民主同盟; 中国共产党; 政治协商会议; 美国国务院,北平; 南京; 上海; 香港,80
1482,1949,"June 9, 1949",北平接触与民盟人士沟通,00B/6-1040：电报〔文件446〕驻北平总领事（柯乐博）致国务卿。 北平，1949年6月9日下午3时〔6月10日上午9时23分收到〕。,person,张澜,罗隆基; 张澜; 沈钧儒; 黄炎培; 章伯钧; 张东荪; 周恩来,政协; 北平接触; 联合政府; 民盟,中国民主同盟; 中国共产党; 政治协商会议; 美国国务院; 美国驻北平总领事馆,北平; 南京; 天津,80
1483,1947,"March 15, 1947",张澜相关材料：The Ambassador in China (Stuart) to the Secretary of State,该电由上海56名著名中国人士于3月12日发给在莫斯科举行的外长会议；署名者包括民主同盟主席张澜，社会知名人士马叙伦，民主同盟发言人罗隆基，经济学教授马寅初，民主同盟人士黄炎培、沈钧儒、章伯钧，以及作家郭沫若： “我们希望正在莫斯科举行的外长会议各参加国能够： 1. 在中国真正民主统一的联合政府成立以前，停止对交战任何一方给予任何帮助； 2.,person,张澜,罗隆基; 张澜; 沈钧儒; 黄炎培; 章伯钧; 司徒雷登,马歇尔调处; 联合政府; 民盟,中国民主同盟; 美国国务院,南京; 上海,65
1484,1949,"May 12, 1949",北平接触与民盟人士沟通,罗隆基和张澜被关在虹桥医院的一间单人房内，另有一名警备人员始终在场（参见本馆5月10日第1594号致国务院电）。 总领事馆从一名接近罗隆基的民盟成员处获悉，罗以及可能包括张澜在内，因担心军事当局会对仍在上海的左翼领导人采取严厉措施，原计划在被捕前的那个早晨迅速前往华北。,person,张澜,罗隆基; 张澜; 蒋介石,北平接触; 民盟,中国民主同盟; 美国国务院; 美国驻上海总领事馆,北平; 南京; 上海; 香港,80
1485,1949,"May 25, 1949",张澜相关材料：The Consul General at Shanghai (Cabot) to the Secretary of State,为防止他们认为的国民党绑架危险，杨虎的人员昨日将民主同盟领袖罗隆基和张澜从国民党对他们的医院拘禁中“救出”；罗隆基致电总领事馆报告他们已脱身。,person,张澜,罗隆基; 张澜,民盟,中国民主同盟; 国民党; 中国共产党; 美国国务院; 美国驻上海总领事馆,南京; 上海,25
1486,1944,"May 30, 1944",张澜相关材料：The Second Secretary of Embassy in China (Penfield) to the Secretary of State,最近拜访张表方（张澜）时，这位年长的非国民党政治领袖也谈了非常相似的思路。,person,张澜,张澜,,国民政府; 国民党; 青年党; 美国国务院; 美国驻华使馆,重庆; 成都; 桂林,10
1487,1947,"November 7, 1947",张澜相关材料：The Consul General at Shanghai (Dams) to the Secretary of State,以下概述民盟11月6日在当地所有中文报纸上以中央社消息形式发表、并由《大公报》在头版专栏刊载的公告： 我们一贯坚持民主、和平、团结的立场，但战争加剧已使我们无法有效为国家服务。 由于政府宣布民盟为非法组织，迫使我们停止活动。,person,张澜,张澜; 黄炎培,民盟,中国民主同盟; 中国共产党; 美国国务院; 美国驻上海总领事馆,南京; 上海,65
1488,1949,"October 1, 1949",北平接触与民盟人士沟通,01/10-149：电报［文件619］驻北平总领事柯乐博致国务卿。 北平，1949年10月1日。,person,张澜,张澜; 沈钧儒; 黄炎培; 章伯钧; 张东荪; 周恩来; 蒋介石,政协; 北平接触,国民党; 政治协商会议; 美国国务院; 美国驻北平总领事馆,北平; 南京; 上海; 天津,25
1489,1944,"October 28, 1944",张澜相关材料：The Second Secretary of Embassy in China (Penfield) to the Secretary of State,这种活动不仅体现在张澜等非国民党政治领袖不惮公开表达意见的公开演说中，也体现在许多政治、军事和工商界领袖的私人谈话中。,person,张澜,张澜,,国民党; 美国国务院; 美国驻华使馆,成都,10
1490,1949,"October 3, 1949",北平接触与民盟人士沟通,00/10-349：电报〔文件621〕 驻北平总领事（柯乐博）致国务卿 北平，1949年10月3日。 9月30日，政治协商会议最后一次会议一致选举毛泽东为中华人民共和国中央人民政府主席，并选举张澜、朱德、高岗、李济深、刘少奇和孙中山夫人为六名副主席。,person,张澜,张澜; 沈钧儒; 周恩来,政协; 北平接触,政治协商会议; 美国国务院; 美国驻北平总领事馆,北平; 上海; 天津,25
1491,1949,"September 24, 1949",北平接触与民盟人士沟通,00/9–2449：电报 [文件608] 驻北平总领事（柯乐博）致国务卿 北平，1949年9月24日 [9月24日上午7时39分收到] 第1610号。 （该委员会于6月19日成立，下设5个小组委员会，在过去三个月内完成了起草提交政协会议文件及拟定代表名单的基础工作。,person,张澜,,政协; 北平接触,政治协商会议; 美国国务院; 美国驻北平总领事馆,北平,55
1492,1949,"September 24, 1949",北平接触与民盟人士沟通,毛泽东（中国共产党中央委员会主席）、朱德（中国共产党军队总司令）、李济深（国民党革命委员会领导人）、李立三（中华全国总工会副主席）、沈钧儒（中国民主同盟领导人）、沈雁冰（笔名茅盾，小说家）、周恩来（中国共产党中央委员会委员及政治局委员，中国人民革命军事委员会副主席）、林祖涵（又名林伯渠，中国共产党中央委员会委员）、马寅初（作家及中央研究院院士）、马叙伦（前中华民国教育部次长）、乌兰夫（云泽，内蒙古,person,张澜,张澜; 沈钧儒; 黄炎培; 章伯钧; 周恩来,政协; 北平接触; 民盟,中国民主同盟; 国民党; 中国共产党; 政治协商会议; 美国国务院; 美国驻北平总领事馆,北平; 上海,85
1493,1949,"September 24, 1949",北平接触与民盟人士沟通,00/9-2449：电报［文件609］驻北平总领事柯乐博致国务卿。 北平，1949年9月24日。,person,张澜,张澜; 黄炎培; 蒋介石,政协; 北平接触; 民盟,中国民主同盟; 国民党; 中国共产党; 政治协商会议; 美国国务院; 美国驻北平总领事馆,北平; 上海; 天津,40
1494,1946,1946-01-11,第三方面在国共之间寻求政治空间,** **希腊组建联合政府** 会议——即政治协商会议——的主要任务将是试图调和两大主要政党——中国国民党与中国共产党——之间的分歧，并解决其他重大的国家问题。 会议共有38名代表，其中包括：国民党代表八名，共产党代表七名，青年党代表五名，中国民主同盟代表九名，以及无党派社会贤达九名。,person,梁漱溟,罗隆基; 张澜; 梁漱溟; 沈钧儒; 黄炎培; 章伯钧; 张君劢; 张东荪,政协; 第三方面; 联合政府; 民盟,中国民主同盟; 国民党; 中国共产党; 青年党; 政治协商会议,重庆; 延安,65
1495,1946,1946/10/31 ~ 1946/10/31,第三方面在国共之间寻求政治空间,蒋中正接孙科吴铁城等呈第三方面主张由政府中共等武方面各推二人举行非正式事综合商谈之建议及接陈布雷报告与第三方面人士会谈情形黄炎培梁漱溟等之表示似尚欲政府再作让步行政院即随同国…,person,梁漱溟,梁漱溟; 黄炎培,第三方面,中国共产党; 行政院,,5
1496,1945,"April 5, 1945",昆明暗杀事件引发的政治压力与外交关注,893.00/4-545［文件228］驻华代办艾奇逊致国务卿。第279号。 重庆，1945年4月5日。［4月17日收。］主题：李济深元帅的沉浮。 先生：兹提及国务院1945年2月26日第三人称指示，其中除其他事项外，评论了使馆1944年12月15日第9号函，题为《中国东南部被日军隔绝以来的状况》。国务院表示，将饶有兴趣地关注该地区潜在分离主义集团未来活动。现随函附上1945年3月23日驻成都使馆随,person,梁漱溟,梁漱溟; 蒋介石,昆明暗杀,中国共产党; 美国国务院,重庆; 成都,15
1497,1946,"August 29, 1946",昆明暗杀事件引发的政治压力与外交关注,梁漱溟一直在昆明代表民主同盟调查此案。,person,梁漱溟,梁漱溟; 司徒雷登,昆明暗杀; 民盟,中国民主同盟; 美国国务院,昆明; 南京,70
1498,1945,"January 31, 1945",梁漱溟相关材料：Memorandum by the Chief of the Division of Chinese Affairs (Vincent),893.00/1–3145 [文件第147号] 中国事务处处长（范宣德）备忘录44 [华盛顿] 1945年1月31日。随函附上珀金斯先生45就中国所倡导的改革事宜编写的一份非常有用的备忘录。我请珀金斯先生编写这份备忘录，以便随时掌握相关信息，回答有关中国人认为需要哪些改革的询问。您可能也会发现这份备忘录在这方面很有用。,person,梁漱溟,,,,华盛顿,0
1499,1945,"January 31, 1945",昆明暗杀事件引发的政治压力与外交关注,"值得指出的是,非共产主义中国组织和个人主张的政治改革,在很大程度上与中共主张的改革相同. 范宣德[附件] 中国事务改革司特洛伊·珀金斯先生的备忘录,由著名中文(人物和组织)简称. 国民参政会：国民参政会,中国民主政团同盟：中国民主政团同盟,宪政促进会：宪政促进会. (关于所提到的个人和报纸,见附录末尾。 ) 一. 政治立场。 总的来说,中国现在更加民主,是所有问题的症结所在,特别是眼前的战争局势。",person,梁漱溟,梁漱溟; 黄炎培; 蒋介石,昆明暗杀,中国民主同盟; 国民党; 中国共产党; 美国国务院,昆明; 北平; 重庆; 上海,20
1500,1943,"July 31, 1943",梁漱溟相关材料：The Consul at Kweilin (Ringwalt) to the Chargé in China (Atcheson),893.00/15104。[第232号文件] 驻桂林领事（林沃尔特）致驻华代办（艾其森）。桂林，1943年7月31日。 先生：本人谨报告同梁漱溟先生会谈的要点。梁先生以在河南、山东推动乡村自治实验而知名，也是中国民主政团同盟的重要成员。梁先生同意同签署人坦率交谈，但条件是必须严格保护其匿名身份。必须说明，本报告中表达的观点是梁先生本人的观点，并不一定代表签署人的意见。,person,梁漱溟,梁漱溟,,中国民主同盟,桂林,40
1501,1943,"July 31, 1943",梁漱溟相关材料：The Consul at Kweilin (Ringwalt) to the Chargé in China (Atcheson),[以下为详细报告。] 17 谨上， 阿瑟·R·林沃特 16 本件由驻华代办于8月13日第1458号公文中转呈国务院，9月3日收悉。 17 在9月23日的一份备忘录中，远东司的特洛伊·L·珀金斯评论道：“梁先生或许过于乐观，认为一旦中国领袖离世，仅凭抵抗精神便能维系局面，而届时很可能爆发派系斗争。中国民主政团同盟并非国民党的反对者；其主要目标是改善该党的弊端，并最终促成各党派之间的合作。”（893.,person,梁漱溟,,,中国民主同盟; 国民党; 美国国务院,桂林,45
1502,1946,"October 13, 1946","梁漱溟相关材料：Minutes of Meeting Between General Marshall and Dr. Stuart at No. 5 Ning Hai Road, Nanking, October 13, 1946, 3 p.m.",马歇尔使团档案，Lot 54-D270〔文件181〕马歇尔将军与司徒雷登博士会谈纪要，南京宁海路5号，1946年10月13日下午3时。 司徒雷登博士在会谈开始时告知马歇尔将军，他刚同民盟成员梁漱溟先生谈过。,person,梁漱溟,梁漱溟; 马歇尔; 司徒雷登; 蒋介石,马歇尔调处; 民盟,中国民主同盟; 国民政府; 中国共产党; 青年党; 国民大会,南京; 上海,55
1503,1946,"October 14, 1946",梁漱溟相关材料：The Ambassador in China (Stuart) to the Secretary of State,10月13日南京报载，民主同盟秘书长梁漱溟于10月12日前往上海，试图说服周恩来将军接受一项妥协方案。 ” 陪同梁漱溟前往的政协主席团成员蒋匀田也声明，梁的说法也代表他的意见，因为政府已经发布召开国民大会的明令，而共产党不会派出代表。,person,梁漱溟,梁漱溟; 周恩来; 司徒雷登,政协; 民盟,中国民主同盟; 中国共产党; 政治协商会议; 美国国务院; 国民大会,南京; 上海,70
1504,1946,"October 15, 1946","梁漱溟相关材料：Notes of Conference Between General Marshall and General C. P. Lee at General Marshall’s Residence, Nanking, October 15, 1946, 11:15 a.m.",马歇尔使团档案，Lot 54-D270〔文件190〕马歇尔将军与 C. 李将军会谈记录，南京马歇尔将军寓所，1946年10月15日上午11时15分。,person,梁漱溟,梁漱溟; 马歇尔; 司徒雷登; 蒋介石,马歇尔调处; 民盟,中国民主同盟; 中国共产党; 国民大会,南京; 上海,55
1505,1946,"October 17, 1946",北平接触与民盟人士沟通,马歇尔使团档案，第54-D270卷〔文件200〕 马歇尔将军与梁漱溟先生、叶笃义先生会谈记录 马歇尔将军寓所，南京，1946年10月17日下午4时20分。 张先生告诉他，第三方面集团成员，即无党派集团、中国青年党和民主同盟成员，今天上午开会讨论委员长的声明。,person,梁漱溟,梁漱溟; 张君劢; 周恩来; 马歇尔; 司徒雷登; 蒋介石,马歇尔调处; 第三方面; 北平接触; 民盟,中国民主同盟; 国民党; 中国共产党; 青年党; 民主社会党,北平; 南京; 上海,70
1506,1946,"October 29, 1946",围绕政协决议和政府改组的调处,"马歇尔任务档案,第54–D270号[第226号文件] 关于马歇尔将军和司徒雷登博士在美国大使馆会面的说明,南京,1946年10月29日,上午10时45分,南京,1946年10月29日,上午10时45分,司徒雷登博士报告说,第三方面集团向将军递交了下列提案:""第三方面集团提案和平是中央政府的一贯目标,停止敌对行动一直是它的希望. 全国的地方行政工作,应当由改组后的国务院根据政协及和平重建决议安排.",person,梁漱溟,罗隆基; 梁漱溟; 黄炎培; 章伯钧; 张君劢; 周恩来; 马歇尔; 司徒雷登,政协; 马歇尔调处; 第三方面,国民党; 中国共产党; 政治协商会议; 美国国务院; 美国驻华使馆; 行政院; 国民大会,南京; 上海; 满洲,25
1510,1944,1944/11/15 ~ 1944/11/15,沈钧儒相关材料：李健生函蒋中正告以周恩来访沈钧儒张申府等表示国民党系因内外压力而与共党合作认为国民党若不改变态度将难挽回危局,李健生函蒋中正告以周恩来访沈钧儒张申府等表示国民党系因内外压力而与共党合作认为国民党若不改变态度将难挽回危局,person,沈钧儒,沈钧儒; 周恩来,,国民党,,5
1511,1945,1945/02/02 ~ 1945/02/02,沈钧儒相关材料：钱大钧等呈蒋中正有关沈钧儒等访周恩来询及中国国民党召开国民大会意见,钱大钧等呈蒋中正有关沈钧儒等访周恩来询及中国国民党召开国民大会意见,person,沈钧儒,沈钧儒; 周恩来,,国民党; 国民大会,,5
1512,1946,1946-01-11,第三方面在国共之间寻求政治空间,** **希腊组建联合政府** 会议——即政治协商会议——的主要任务将是试图调和两大主要政党——中国国民党与中国共产党——之间的分歧，并解决其他重大的国家问题。 会议共有38名代表，其中包括：国民党代表八名，共产党代表七名，青年党代表五名，中国民主同盟代表九名，以及无党派社会贤达九名。,person,沈钧儒,罗隆基; 张澜; 梁漱溟; 沈钧儒; 黄炎培; 章伯钧; 张君劢; 张东荪,政协; 第三方面; 联合政府; 民盟,中国民主同盟; 国民党; 中国共产党; 青年党; 政治协商会议,重庆; 延安,65
1513,1946,1946/06/12 ~ 1946/06/12,沈钧儒相关材料：薛藩滋电毛人凤得毛泽东电黄炎培沈钧儒章伯钧梁槎溟谓东北问题和平解决为该党一贯主张兹承电示原则上极表赞同一切当与周恩来面商,薛藩滋电毛人凤得毛泽东电黄炎培沈钧儒章伯钧梁槎溟谓东北问题和平解决为该党一贯主张兹承电示原则上极表赞同一切当与周恩来面商,person,沈钧儒,沈钧儒; 黄炎培; 章伯钧; 周恩来,,,,5
1514,1947,1947,沈钧儒相关材料：政治－沈钧儒审判案（二）,政治－沈钧儒审判案（二）,person,沈钧儒,沈钧儒,,,,5
1515,1948,1948-02-03,沈钧儒相关材料：China Mail 1948-02-03 · 民盟香港复盘后,除南京政府军队内部外，中国被取缔的政党——中国民主同盟的地下工作者，正在全国范围内动员教授、学生、商界人士及普通民众的支持，以推翻现有政权。 关于中国共产党，沈先生（沈钧儒）表示，他个人不相信共产党会反对联合政府，因为他们一贯主张联合政府。,person,沈钧儒,沈钧儒,联合政府; 民盟,中国民主同盟; 国民党; 中国共产党,南京; 上海; 香港,60
1516,1948,1948/05/19 ~ 1948/05/19,沈钧儒相关材料：中讯局呈蒋中正有关李济琛及民盟沈钧儒等商讨配合中共五月攻势问题,中讯局呈蒋中正有关李济琛及民盟沈钧儒等商讨配合中共五月攻势问题,person,沈钧儒,沈钧儒,民盟,中国民主同盟; 中国共产党,,20
1517,1948,1948/06/16 ~ 1948/06/16,沈钧儒相关材料：毛人凤呈蒋中正查张澜致函沈钧儒等须积极标明民盟一贯政策与坚守独立立场以消除国内外猜疑误解等情,毛人凤呈蒋中正查张澜致函沈钧儒等须积极标明民盟一贯政策与坚守独立立场以消除国内外猜疑误解等情,person,沈钧儒,张澜; 沈钧儒,民盟,中国民主同盟,,30
1518,1948,1948/10/01 ~ 1948/10/01,沈钧儒相关材料：保密局等呈蒋中正报告沈钧儒等函张澜等报告有关新政协问题及青年党民社党农民党近与共党接触有试探参加新政协企图等各党派动态情报提要四则,保密局等呈蒋中正报告沈钧儒等函张澜等报告有关新政协问题及青年党民社党农民党近与共党接触有试探参加新政协企图等各党派动态情报提要四则,person,沈钧儒,张澜; 沈钧儒,政协,青年党; 政治协商会议,,30
1519,1949,1949-01-07,北平接触与民盟人士沟通,北平方面报道称，华北总司令傅作义将军今日下令，再次向中共区域空投载有和平提议的传单。,person,沈钧儒,张澜; 沈钧儒; 蒋介石,北平接触,国民党; 中国共产党,北平; 南京; 上海,50
1520,1949,1949-02-16,沈钧儒相关材料：POLITICAL INFORMATION:  PSEUDONYMS USED BY CHINESE COMMUNISTS IN REFERRING TO VARIOUS PUBLIC FIGURES,Soong) | | 衡谷 (Heng Cru) | 张澜 (Chang Lan) | | 欧雷 (Ore) | 罗隆基 (Lo Lung-chi) | | 何九公 (Ho Chiu Kung Ten) | 李宗仁 (Li Tsung-jen) | | 灵公 (ling Kung) / 仁教 (Jen Chiao) | 李济深 (Li Chi-shen) | | 李金 (L chin) | 张君劢,person,沈钧儒,罗隆基; 张澜; 沈钧儒; 张君劢,,中国共产党,,55
1521,1949,1949-07-06,沈钧儒相关材料：Report from the Head of the Delegation of the Chinese Communist Party CC to Stalin,二、关于中国民主同盟及其他民主党派问题，我们拟就以下事项征求您的意见： （1）中国民主同盟（民盟）及其他民主党派在即将成立的新政权中的地位与作用； （2）如何对待民盟内部的不同派别，特别是罗隆基、张澜、沈钧儒等领导人的政治倾向； （3）民盟与中国共产党合作的历史经验及未来关系模式。 - 报告中所提“中国民主同盟”即“民盟”，为当时中国主要民主党派之一。,person,沈钧儒,罗隆基; 张澜; 沈钧儒; 司徒雷登,民盟,中国民主同盟; 国民党; 中国共产党,,50
1522,1949,1949-08-10,北平接触与民盟人士沟通,**中央情报局报告** **信息来源：外国文件或无线电广播** **国家：** 中共控制区 **信息日期：** 1949年 **主题：** 人物志——中国左翼人士 **出版形式：** 日报 **出版地点：** 香港 **页数：** 4 **出版日期：** 1949年5月20日 **语言：** 中文 **本文件包含影响国家防务的信息** **此为未经评估的信息** **来源：** 《华商报》 **新,person,沈钧儒,罗隆基; 张澜; 沈钧儒; 黄炎培; 章伯钧; 史良; 张东荪; 周恩来,政协; 北平接触; 民盟,中国民主同盟; 国民党; 中国共产党; 政治协商会议,北平; 上海; 香港,85
1523,1950,1950-03-22,北平接触与民盟人士沟通,**中国人民政治协商会议全国委员会** 该机构在全国政协闭会期间作为其常设委员会，负责监督政协决议的执行，向中央人民政府提出建议，协助政府动员人民参与国家建设，并指导统一战线工作。 同时，它负责筹备并召集下一届政协全体会议。,person,沈钧儒,罗隆基; 张澜; 沈钧儒; 黄炎培; 章伯钧; 史良; 张东荪; 周恩来,政协; 北平接触; 民盟,中国民主同盟; 国民党; 中国共产党; 政治协商会议,北平; 南京; 上海; 香港; 天津,65
1524,1950,1950-05-08,北平接触与民盟人士沟通,中华人民共和国最高人民法院院长沈钧儒（沈钧儒，49岁），中国民主同盟成员，目前实际上处于与世隔绝的状态，居住在北平。 他担心自己是被留下来执行对中共政府官员的清洗，而这些官员中许多人将是中国民主同盟及其他非中共团体的成员。,person,沈钧儒,沈钧儒,北平接触; 民盟,中国民主同盟; 中国共产党,北平,75
1528,1944,"April 21, 1944",沈钧儒相关材料：The Ambassador in China (Gauss) to the Secretary of State,893.00/15370〔文件329〕 驻华大使（高斯）致国务卿 重庆，1944年4月21日，第2466号。〔5月11日收到。〕 先生：兹提及大使馆1943年9月18日第1594号公函关于中国民主政团同盟一事，以及大使馆1944年3月14日第2303号公函关于统一反中央政府各派力量一事。谨随函附上1944年4月14日备忘录副本一份，该备忘录由奉调至史迪威将军参谋部的二等秘书谢伟思撰写，报告中国少数,person,沈钧儒,,,中国民主同盟; 美国国务院,重庆,20
1529,1948,"December 6, 1948",第三方面在国共之间寻求政治空间,若干消息来源，包括中国民主同盟的周鲸文、国民党革命委员会的李某，以及《新生晚报》的李孟，称中共已决定扩大人民政治协商会议，使其包括来自整个中共控制区的“选出”代表。 这样，政协将不再是一个人数较少的机构；此前估计人数从70人到200人不等，现在则将包括约一千多名代表。,person,沈钧儒,罗隆基; 沈钧儒; 章伯钧; 周恩来; 蒋介石,政协; 第三方面; 联合政府; 民盟,中国民主同盟; 国民党; 中国共产党; 政治协商会议; 美国国务院; 行政院,南京; 香港; 满洲,80
1530,1949,"February 1, 1949",昆明暗杀事件引发的政治压力与外交关注,1月29日广播还提到中国共产党“按照毛的八项条件和平解决北平问题”的正确性和成功，并指出“这不仅为和平谈判准备了地点，而且为解决南京、上海、汉口、太原、昆明、广州、兰州、迪化、西安、海南等地和平问题树立了榜样”。 注96：民主同盟成员。,person,沈钧儒,沈钧儒; 司徒雷登; 蒋介石,昆明暗杀; 北平接触; 民盟,中国民主同盟; 国民政府; 国民党; 中国共产党; 美国国务院,昆明; 北平; 南京; 上海,70
1531,1949,"February 26, 1949",北平接触与民盟人士沟通,00/2-2649：电报［文件180］驻北平总领事柯乐博致国务卿。 北平，1949年2月26日。,person,沈钧儒,沈钧儒; 章伯钧; 周恩来,北平接触,中国共产党; 美国国务院; 美国驻北平总领事馆,北平; 南京; 上海; 沈阳; 满洲,15
1532,1946,"July 17, 1946",昆明暗杀事件引发的政治压力与外交关注,马歇尔使团档案，Lot 54-D270 [文件682] 马歇尔将军与周恩来将军会谈纪要，1946年7月17日上午10时45分，南京宁海路5号。 马歇尔将军：我想先问你一个问题。,person,沈钧儒,罗隆基; 沈钧儒; 史良; 周恩来; 马歇尔; 司徒雷登; 蒋介石,昆明暗杀; 政协; 马歇尔调处; 民盟,中国民主同盟; 国民党; 中国共产党; 政治协商会议; 美国驻华使馆; 行政院,昆明; 南京; 重庆; 上海; 成都,80
1533,1946,"July 17, 1946","沈钧儒相关材料：Minutes of Meeting Between General Marshall and General Chou En-lai at No. 5 Ning Hai Road, Nanking, July 17, 1946, 10:45 a.m.",马歇尔将军：你昨天提到汤恩伯将军的命令，其中规定部队应于7月14日就位，以便15日发起进攻。 马歇尔将军：请你给我一份该命令副本，以便我酌情使用。,person,沈钧儒,周恩来; 马歇尔,马歇尔调处,国民党; 中国共产党,南京,45
1534,1949,"June 9, 1949",北平接触与民盟人士沟通,00B/6-1040：电报〔文件446〕驻北平总领事（柯乐博）致国务卿。 北平，1949年6月9日下午3时〔6月10日上午9时23分收到〕。,person,沈钧儒,罗隆基; 张澜; 沈钧儒; 黄炎培; 章伯钧; 张东荪; 周恩来,政协; 北平接触; 联合政府; 民盟,中国民主同盟; 中国共产党; 政治协商会议; 美国国务院; 美国驻北平总领事馆,北平; 南京; 天津,80
1535,1947,"March 15, 1947",沈钧儒相关材料：The Ambassador in China (Stuart) to the Secretary of State,该电由上海56名著名中国人士于3月12日发给在莫斯科举行的外长会议；署名者包括民主同盟主席张澜，社会知名人士马叙伦，民主同盟发言人罗隆基，经济学教授马寅初，民主同盟人士黄炎培、沈钧儒、章伯钧，以及作家郭沫若： “我们希望正在莫斯科举行的外长会议各参加国能够： 1. 在中国真正民主统一的联合政府成立以前，停止对交战任何一方给予任何帮助； 2.,person,沈钧儒,罗隆基; 张澜; 沈钧儒; 黄炎培; 章伯钧; 司徒雷登,马歇尔调处; 联合政府; 民盟,中国民主同盟; 美国国务院,南京; 上海,65
1536,1949,"October 1, 1949",北平接触与民盟人士沟通,01/10-149：电报［文件619］驻北平总领事柯乐博致国务卿。 北平，1949年10月1日。,person,沈钧儒,张澜; 沈钧儒; 黄炎培; 章伯钧; 张东荪; 周恩来; 蒋介石,政协; 北平接触,国民党; 政治协商会议; 美国国务院; 美国驻北平总领事馆,北平; 南京; 上海; 天津,25
1537,1947,"October 22, 1947",沈钧儒相关材料：The Ambassador in China (Stuart) to the Secretary of State,先生：我谨随函附上三份备忘录，内容涉及政府当前针对中国民主同盟的活动。 这些备忘录反映出民盟领导人日益担心：民盟作为一个政党即将遭到全面取缔。,person,沈钧儒,罗隆基; 司徒雷登,民盟,中国民主同盟; 国民党; 美国国务院; 行政院,南京,65
1538,1947,"October 22, 1947",沈钧儒相关材料：The Ambassador in China (Stuart) to the Secretary of State,] 参加者： 大使； 章伯钧、沈钧儒、罗隆基，民主同盟领导人； R. 1947年10月14日下午，应章伯钧、沈钧儒、罗隆基三位民主同盟领导人的请求，大使接见了他们。,person,沈钧儒,罗隆基; 沈钧儒; 章伯钧; 司徒雷登; 蒋介石,民盟,中国民主同盟; 国民党; 中国共产党; 美国驻华使馆; 行政院,南京,70
1539,1947,"October 22, 1947",沈钧儒相关材料：The Ambassador in China (Stuart) to the Secretary of State,大使今日告知我，10月15日他借拜访行政院长之机，提出了针对民盟的压制措施问题，并向行政院长转述了民盟方面在10月14日同大使谈话中所陈述的案情（见10月14日会谈备忘录）。 大使建议，政府应主要从自身利益出发，认真考虑民盟提出的由政府指定代表同民盟代表举行会谈的请求。,person,沈钧儒,罗隆基; 司徒雷登,民盟,中国民主同盟; 中国共产党; 美国驻华使馆; 行政院,南京,70
1540,1949,"October 3, 1949",北平接触与民盟人士沟通,00/10-349：电报〔文件621〕 驻北平总领事（柯乐博）致国务卿 北平，1949年10月3日。 9月30日，政治协商会议最后一次会议一致选举毛泽东为中华人民共和国中央人民政府主席，并选举张澜、朱德、高岗、李济深、刘少奇和孙中山夫人为六名副主席。,person,沈钧儒,张澜; 沈钧儒; 周恩来,政协; 北平接触,政治协商会议; 美国国务院; 美国驻北平总领事馆,北平; 上海; 天津,25
1541,1948,"October 9, 1948",沈钧儒相关材料：The Consul General at Hong Kong (McKenna) to the Ambassador in China (Stuart),米利根撰写，题为《关于异议领袖从香港前往华北共产党地区参加新政协预备会议可能意义的评论》。 附件摘要：据信，蔡廷锴、沈钧儒、章伯钧和谭平山于1948年9月18日乘苏联船只“阿尔丹”号离开香港前往华北，并在中国共产党安排下前往参加中共主办的新政协预备会议。,person,沈钧儒,沈钧儒; 章伯钧; 司徒雷登; 蒋介石,政协; 联合政府; 民盟,中国民主同盟; 国民党; 中国共产党; 政治协商会议; 美国国务院,香港,70
1542,1946,"September 11, 1946",沈钧儒相关材料：The Ambassador in China (Stuart) to the Secretary of State,"以下是上海第956号电文（9月7日），供国务院参考： ""中国民主同盟的罗隆基批评了由司徒雷登大使主持的新设小组委员会，理由如下：（一）民盟未获代表权；（二）此举降低了政治协商会议的重要性；（三）意味着美国干涉中国内政。 9月3日《联合日报》晚刊刊登了一篇相关新闻文章，引述民盟政协代表沈钧儒的话，对美国当局的诚意表示怀疑，并指责其蒙蔽公众，使公众相信和谈正在进行，而美国却奉行'野蛮政策，继续在中国煽",person,沈钧儒,罗隆基; 沈钧儒; 周恩来; 司徒雷登,政协; 民盟,中国民主同盟; 中国共产党; 政治协商会议; 美国国务院,南京; 上海,80
1543,1949,"September 24, 1949",北平接触与民盟人士沟通,00/9–2449：电报 [文件608] 驻北平总领事（柯乐博）致国务卿 北平，1949年9月24日 [9月24日上午7时39分收到] 第1610号。 （该委员会于6月19日成立，下设5个小组委员会，在过去三个月内完成了起草提交政协会议文件及拟定代表名单的基础工作。,person,沈钧儒,,政协; 北平接触,政治协商会议; 美国国务院; 美国驻北平总领事馆,北平,55
1544,1949,"September 24, 1949",北平接触与民盟人士沟通,毛泽东（中国共产党中央委员会主席）、朱德（中国共产党军队总司令）、李济深（国民党革命委员会领导人）、李立三（中华全国总工会副主席）、沈钧儒（中国民主同盟领导人）、沈雁冰（笔名茅盾，小说家）、周恩来（中国共产党中央委员会委员及政治局委员，中国人民革命军事委员会副主席）、林祖涵（又名林伯渠，中国共产党中央委员会委员）、马寅初（作家及中央研究院院士）、马叙伦（前中华民国教育部次长）、乌兰夫（云泽，内蒙古,person,沈钧儒,张澜; 沈钧儒; 黄炎培; 章伯钧; 周恩来,政协; 北平接触; 民盟,中国民主同盟; 国民党; 中国共产党; 政治协商会议; 美国国务院; 美国驻北平总领事馆,北平; 上海,85
1545,1949,"September 27, 1949",北平接触与民盟人士沟通,93/9-2749：电报〔文件612〕 驻北平总领事（柯乐博）致国务卿 北平，1949年9月27日上午10时。 9月24日，司徒雷登大使所认识的陶履恭告知我，他最近会见了罗隆基；罗隆基于9月20日同毛泽东谈过话。,person,沈钧儒,罗隆基; 司徒雷登,北平接触,国民党; 中国共产党; 美国国务院; 美国驻北平总领事馆,北平; 重庆,65
1546,1949,"September 27, 1949",北平接触与民盟人士沟通,陶还转达了罗隆基的一个建议：如果美国人避免公开宣布支持中国民主人士，将会有所帮助。 陶又说，原本曾拟设一个由周恩来主持、罗隆基和张东荪参加的外交关系委员会，但白皮书发表后，该计划已被放弃。,person,沈钧儒,罗隆基; 张东荪; 周恩来,政协; 北平接触,国民党; 中国共产党; 政治协商会议; 美国驻北平总领事馆,北平; 香港,70
1547,1949,"September 27, 1949",北平接触与民盟人士沟通,顺便指出，罗隆基在政治协商会议中确实已被绕开，而由七旬老人沈钧儒居于前台；但这似乎完全符合共产党的一贯政策，即推出完全服从共产党路线的第二党派人士出面讲话（另有报告称，罗曾向共产党人主张维持同苏联以外其他国家的良好关系）。 75 民盟领导人。,person,沈钧儒,罗隆基; 沈钧儒; 司徒雷登,政协; 北平接触; 民盟,中国民主同盟; 中国共产党; 政治协商会议; 美国国务院; 美国驻北平总领事馆,北平; 南京; 华盛顿,85
1548,1941,1941/01/24 ~ 1941/01/24,黄炎培相关材料：张澜黄炎培等呈蒋中正关于国民参政会此次开会建议邀请中央出席完成行宪手续等意见，宋庆龄等呈蒋中正请审慎处理新四军问题,张澜黄炎培等呈蒋中正关于国民参政会此次开会建议邀请中央出席完成行宪手续等意见，宋庆龄等呈蒋中正请审慎处理新四军问题,person,黄炎培,张澜; 黄炎培,,,,15
1549,1945,1945/07/01 ~ 1945/07/01,黄炎培相关材料：蒋中正接宋子文电如接洽各事一切顺利拟向苏联提出军火租借案又接戴笠电据报美大使赫尔利曾召民主同盟份子张申府董时进谈话且美军机一架载黄炎培左舜生傅斯年等人自九龙…,蒋中正接宋子文电如接洽各事一切顺利拟向苏联提出军火租借案又接戴笠电据报美大使赫尔利曾召民主同盟份子张申府董时进谈话且美军机一架载黄炎培左舜生傅斯年等人自九龙…,person,黄炎培,黄炎培,民盟,中国民主同盟,,20
1550,1945,1945/07/01 ~ 1945/07/01,黄炎培相关材料：戴笠电蒋中正据报黄炎培左舜生褚辅成等于七月一日乘美军机赴延安,戴笠电蒋中正据报黄炎培左舜生褚辅成等于七月一日乘美军机赴延安,person,黄炎培,黄炎培,,,延安,5
1551,1945,1945/07/05 ~ 1945/07/05,黄炎培相关材料：侦察电台电蒋中正中共欢迎褚辅成黄炎培冷遹傅斯年左舜生章伯钧等人晚会情形,侦察电台电蒋中正中共欢迎褚辅成黄炎培冷遹傅斯年左舜生章伯钧等人晚会情形,person,黄炎培,黄炎培; 章伯钧,,中国共产党,,5
1552,1945,1945/07/07 ~ 1945/07/07,黄炎培相关材料：叶镇宇函蒋中正中国民主同盟听取黄炎培等报告赴延安与共党毛泽东晤谈及受欢迎情形暨民盟之立场等,叶镇宇函蒋中正中国民主同盟听取黄炎培等报告赴延安与共党毛泽东晤谈及受欢迎情形暨民盟之立场等,person,黄炎培,黄炎培,民盟,中国民主同盟,延安,20
1553,1946,1946-01-11,第三方面在国共之间寻求政治空间,** **希腊组建联合政府** 会议——即政治协商会议——的主要任务将是试图调和两大主要政党——中国国民党与中国共产党——之间的分歧，并解决其他重大的国家问题。 会议共有38名代表，其中包括：国民党代表八名，共产党代表七名，青年党代表五名，中国民主同盟代表九名，以及无党派社会贤达九名。,person,黄炎培,罗隆基; 张澜; 梁漱溟; 沈钧儒; 黄炎培; 章伯钧; 张君劢; 张东荪,政协; 第三方面; 联合政府; 民盟,中国民主同盟; 国民党; 中国共产党; 青年党; 政治协商会议,重庆; 延安,65
1554,1946,1946-11-12,围绕政协决议和政府改组的调处,马歇尔使团档案，Lot 54-D270〔文件271〕 哈特·考吉上校致马歇尔将军 〔南京〕1946年11月12日。 由张君劢博士领导的民主同盟一组，以及由黄炎培先生领导的一组，大概也会参加；其想法是，他们将以个人身份签名，而不是代表民主同盟。,person,黄炎培,黄炎培; 张君劢; 周恩来; 马歇尔; 司徒雷登; 蒋介石,政协; 马歇尔调处; 民盟,中国民主同盟; 中国共产党; 青年党; 政治协商会议; 国民大会,南京; 延安,70
1555,1946,1946/05/22 ~ 1946/05/22,黄炎培相关材料：张君劢黄炎培等电蒋中正周恩来毛泽东东北停战协议签字已逾五十余日但战事未已现吁请立刻停战共军撤出且不再进兵长春东北政务委员会进驻当地主持政务等,张君劢黄炎培等电蒋中正周恩来毛泽东东北停战协议签字已逾五十余日但战事未已现吁请立刻停战共军撤出且不再进兵长春东北政务委员会进驻当地主持政务等,person,黄炎培,黄炎培; 张君劢; 周恩来,马歇尔调处,,,5
1556,1946,1946/06/12 ~ 1946/06/12,黄炎培相关材料：薛藩滋电毛人凤得毛泽东电黄炎培沈钧儒章伯钧梁槎溟谓东北问题和平解决为该党一贯主张兹承电示原则上极表赞同一切当与周恩来面商,薛藩滋电毛人凤得毛泽东电黄炎培沈钧儒章伯钧梁槎溟谓东北问题和平解决为该党一贯主张兹承电示原则上极表赞同一切当与周恩来面商,person,黄炎培,沈钧儒; 黄炎培; 章伯钧; 周恩来,,,,5
1557,1946,1946/10/31 ~ 1946/10/31,第三方面在国共之间寻求政治空间,蒋中正接孙科吴铁城等呈第三方面主张由政府中共等武方面各推二人举行非正式事综合商谈之建议及接陈布雷报告与第三方面人士会谈情形黄炎培梁漱溟等之表示似尚欲政府再作让步行政院即随同国…,person,黄炎培,梁漱溟; 黄炎培,第三方面,中国共产党; 行政院,,5
1558,1947,1947/05/26 ~ 1947/05/26,黄炎培相关材料：保密局呈蒋中正苏俄驻华使馆邀晤民盟黄炎培指示加强学运工潮等,保密局呈蒋中正苏俄驻华使馆邀晤民盟黄炎培指示加强学运工潮等,person,黄炎培,黄炎培,民盟,中国民主同盟; 美国驻华使馆,,20
1559,1947,1947/12/03 ~ 1947/12/03,黄炎培相关材料：薛岳汇呈蒋中正民盟暂不成立香港临时总部及黄炎培张䌹伯丘哲等拟另组政团代替民盟与农工民主党总部将迁香港等情报提要等五则,薛岳汇呈蒋中正民盟暂不成立香港临时总部及黄炎培张䌹伯丘哲等拟另组政团代替民盟与农工民主党总部将迁香港等情报提要等五则,person,黄炎培,黄炎培,民盟,中国民主同盟,香港,20
1560,1948,1948/06/07 ~ 1948/06/07,黄炎培相关材料：保密局呈蒋中正有关张澜黄炎培罗隆基等函示民主同盟港方左倾分子意见,保密局呈蒋中正有关张澜黄炎培罗隆基等函示民主同盟港方左倾分子意见,person,黄炎培,罗隆基; 张澜; 黄炎培,民盟,中国民主同盟,,30
1561,1949,1949-01-10,北平接触与民盟人士沟通,在向他转达第0100号电报的内容并阅读书面译文后，毛泽东表示，我们的计划如下： 在占领北平（北京）后，召开协商会议，随后组建联合政府。 我打算于2月底返回，以便在3月召开中共七届二中全会，随后于4月举行协商会议；但最好休息一个月，充分准备后于5月举行，进而在夏季组建联合政府。,person,黄炎培,罗隆基; 张澜; 黄炎培; 蒋介石,北平接触; 联合政府,国民党; 中国共产党; 国民大会,北平; 南京; 上海,50
1562,1949,1949-07-07,北平接触与民盟人士沟通,该同盟在重庆、南京、上海、北平以及海外设有支部，约有200名成员。 1945年，在我党提出建立联合政府的口号以及国民党第六次全国代表大会召开后，该联合会正式公开。,person,黄炎培,罗隆基; 张澜; 黄炎培; 章伯钧; 张东荪; 蒋介石,政协; 马歇尔调处; 北平接触; 联合政府; 民盟,中国民主同盟; 国民党; 中国共产党; 政治协商会议,北平; 南京; 重庆; 上海; 香港,85
1563,1949,1949-08-10,北平接触与民盟人士沟通,**中央情报局报告** **信息来源：外国文件或无线电广播** **国家：** 中共控制区 **信息日期：** 1949年 **主题：** 人物志——中国左翼人士 **出版形式：** 日报 **出版地点：** 香港 **页数：** 4 **出版日期：** 1949年5月20日 **语言：** 中文 **本文件包含影响国家防务的信息** **此为未经评估的信息** **来源：** 《华商报》 **新,person,黄炎培,罗隆基; 张澜; 沈钧儒; 黄炎培; 章伯钧; 史良; 张东荪; 周恩来,政协; 北平接触; 民盟,中国民主同盟; 国民党; 中国共产党; 政治协商会议,北平; 上海; 香港,85
1564,1949,1949-12-02,北平接触与民盟人士沟通,交通部** * **部长：** * 章伯钧（Zhang Bojun），中国民主同盟成员。 * 李相符（Li Xiangfu），教授，中国民主同盟成员。,person,黄炎培,黄炎培; 章伯钧; 史良; 周恩来,北平接触; 民盟,中国民主同盟; 国民党; 中国共产党,北平; 南京; 上海; 香港,55
1565,1950,1950-03-22,北平接触与民盟人士沟通,**中国人民政治协商会议全国委员会** 该机构在全国政协闭会期间作为其常设委员会，负责监督政协决议的执行，向中央人民政府提出建议，协助政府动员人民参与国家建设，并指导统一战线工作。 同时，它负责筹备并召集下一届政协全体会议。,person,黄炎培,罗隆基; 张澜; 沈钧儒; 黄炎培; 章伯钧; 史良; 张东荪; 周恩来,政协; 北平接触; 民盟,中国民主同盟; 国民党; 中国共产党; 政治协商会议,北平; 南京; 上海; 香港; 天津,65
1566,1950,1950-11-09,北平接触与民盟人士沟通,"**中央情报局 · 情报报告** **国家：** 中国 **主题：** 非中共政党在北平的角色 **分发日期：** 1950 年 11 月 9 日 **页数：** 2 （本文件包含涉及美国国防安全的信息，受《间谍法》美国法典第 31 及 32 条及其修正案约束。 北平绝大多数知名自由派人士分属众多小党派之一，其中多数隶属于**中国民主同盟（China Democratic League, CDL，",person,黄炎培,黄炎培; 周恩来,政协; 北平接触; 民盟,中国民主同盟; 国民党; 中国共产党; 政治协商会议,北平,75
1570,1947,29 July 1947,黄炎培相关材料：Memorandum by Mr. Philip D. Sprouse to General Wedemeyer,以下为今天上午民盟代表（罗隆基、张东荪、黄炎培、章伯钧）结束与阁下会谈后向我表达意见的摘要： 中国唯一的解决办法是实现和平并组成联合政府。 在这种条件下，中国共产党会同意参加联合政府，可能按国民党、共产党、其他少数党派及无党派团体三方各占三分之一的方式组成。,person,黄炎培,罗隆基; 黄炎培; 章伯钧; 张东荪; 蒋介石,马歇尔调处; 联合政府; 民盟,中国民主同盟; 国民党; 中国共产党,上海; 满洲,45
1571,1946,"January 12, 1946",黄炎培相关材料：The Chargé in China (Robertson) to the Secretary of State,该备忘录由使馆准备，拟提交马歇尔将军。 备忘录所附文件包括拟拜访马歇尔将军的该会代表名单，以及该组织的组织原则。,person,黄炎培,黄炎培; 马歇尔,马歇尔调处; 民盟,中国民主同盟; 国民党; 美国国务院; 美国驻华使馆,重庆,55
1572,1949,"January 24, 1949",第三方面在国共之间寻求政治空间,甘介侯还计划拜会民主同盟领袖张澜、黄炎培和罗隆基，以及民主社会党主席张君劢。,person,黄炎培,罗隆基; 张澜; 黄炎培; 张君劢; 蒋介石,第三方面; 民盟,中国民主同盟; 国民党; 中国共产党; 民主社会党; 美国国务院; 美国驻上海总领事馆,南京; 上海,45
1573,1949,"January 3, 1949",北平接触与民盟人士沟通,以下是本总领馆一名官员最近同罗隆基密切的民主同盟人士叶笃义进行一般谈话时，叶氏较有意思谈话内容的摘要： 1. 中国共产党坚决反对任何把李宗仁留在联合政府中的妥协安排；除张治中和邵力子外，几乎所有南京高级官员也同样不被接受。,person,黄炎培,罗隆基; 张澜; 黄炎培; 周恩来; 蒋介石,政协; 第三方面; 北平接触; 联合政府; 民盟,中国民主同盟; 国民党; 中国共产党; 政治协商会议; 美国国务院; 美国驻上海总领事馆,北平; 南京; 上海; 香港; 满洲; 华盛顿,80
1574,1945,"January 31, 1945",黄炎培相关材料：Memorandum by the Chief of the Division of Chinese Affairs (Vincent),893.00/1–3145 [文件第147号] 中国事务处处长（范宣德）备忘录44 [华盛顿] 1945年1月31日。随函附上珀金斯先生45就中国所倡导的改革事宜编写的一份非常有用的备忘录。我请珀金斯先生编写这份备忘录，以便随时掌握相关信息，回答有关中国人认为需要哪些改革的询问。您可能也会发现这份备忘录在这方面很有用。,person,黄炎培,,,,华盛顿,0
1575,1945,"January 31, 1945",昆明暗杀事件引发的政治压力与外交关注,"值得指出的是,非共产主义中国组织和个人主张的政治改革,在很大程度上与中共主张的改革相同. 范宣德[附件] 中国事务改革司特洛伊·珀金斯先生的备忘录,由著名中文(人物和组织)简称. 国民参政会：国民参政会,中国民主政团同盟：中国民主政团同盟,宪政促进会：宪政促进会. (关于所提到的个人和报纸,见附录末尾。 ) 一. 政治立场。 总的来说,中国现在更加民主,是所有问题的症结所在,特别是眼前的战争局势。",person,黄炎培,梁漱溟; 黄炎培; 蒋介石,昆明暗杀,中国民主同盟; 国民党; 中国共产党; 美国国务院,昆明; 北平; 重庆; 上海,20
1576,1949,"June 16, 1949",北平接触与民盟人士沟通,00/6-1649：电报 [文件459] 驻北平总领事（柯乐博）致国务卿 北平，1949年6月16日。 《光明日报》今天报道，中国民主同盟主席张澜及常务委员罗隆基、史良定于6月18日离开上海前往北平；他们抵达北平后，即可确定正在筹备中的第四次全体会议召开日期。,person,黄炎培,罗隆基; 张澜; 黄炎培; 史良; 张东荪,北平接触; 民盟,中国民主同盟; 国民党; 美国国务院; 美国驻北平总领事馆,北平; 南京; 上海; 天津,80
1577,1945,"June 23, 1945",黄炎培相关材料：The Ambassador in China (Hurley) to the Secretary of State,）政府向我们提供了委员会各成员的简短背景说明： 黄炎培，江苏省人，民盟成员，教育家，教育会会长。 章伯钧，安徽省人，民盟成员，据认为曾为共产党党员，同共产党非常接近。,person,黄炎培,黄炎培; 章伯钧; 周恩来,民盟,中国民主同盟; 国民政府; 国民党; 中国共产党; 青年党; 美国国务院,重庆; 延安,55
1578,1945,"June 28, 1945",黄炎培相关材料：The Ambassador in China (Hurley) to the Secretary of State,6月27日，一个由下列七名中国人组成的委员会来访（参见使馆6月23日第1038号电报；并转莫斯科）：胡福成先生（国民党）、傅斯年博士（独立人士）、王云五先生（独立人士）、冷遹先生（独立人士）、左舜生先生（民主同盟）、章伯钧先生（民主同盟）、黄炎培博士（民主同盟）。 我敦促所有参加审议和讨论的中国人，不要以国民党、民主同盟、共产党或任何其他党派、团体成员的身份参加，而应以爱国中国人的身份参加，即真诚,person,黄炎培,黄炎培; 章伯钧,民盟,中国民主同盟; 国民党; 中国共产党; 美国国务院,重庆; 延安,35
1579,1949,"June 9, 1949",北平接触与民盟人士沟通,00B/6-1040：电报〔文件446〕驻北平总领事（柯乐博）致国务卿。 北平，1949年6月9日下午3时〔6月10日上午9时23分收到〕。,person,黄炎培,罗隆基; 张澜; 沈钧儒; 黄炎培; 章伯钧; 张东荪; 周恩来,政协; 北平接触; 联合政府; 民盟,中国民主同盟; 中国共产党; 政治协商会议; 美国国务院; 美国驻北平总领事馆,北平; 南京; 天津,80
1580,1947,"March 15, 1947",黄炎培相关材料：The Ambassador in China (Stuart) to the Secretary of State,该电由上海56名著名中国人士于3月12日发给在莫斯科举行的外长会议；署名者包括民主同盟主席张澜，社会知名人士马叙伦，民主同盟发言人罗隆基，经济学教授马寅初，民主同盟人士黄炎培、沈钧儒、章伯钧，以及作家郭沫若： “我们希望正在莫斯科举行的外长会议各参加国能够： 1. 在中国真正民主统一的联合政府成立以前，停止对交战任何一方给予任何帮助； 2.,person,黄炎培,罗隆基; 张澜; 沈钧儒; 黄炎培; 章伯钧; 司徒雷登,马歇尔调处; 联合政府; 民盟,中国民主同盟; 美国国务院,南京; 上海,65
1581,1947,"November 7, 1947",黄炎培相关材料：The Consul General at Shanghai (Dams) to the Secretary of State,以下概述民盟11月6日在当地所有中文报纸上以中央社消息形式发表、并由《大公报》在头版专栏刊载的公告： 我们一贯坚持民主、和平、团结的立场，但战争加剧已使我们无法有效为国家服务。 由于政府宣布民盟为非法组织，迫使我们停止活动。,person,黄炎培,张澜; 黄炎培,民盟,中国民主同盟; 中国共产党; 美国国务院; 美国驻上海总领事馆,南京; 上海,65
1582,1949,"October 1, 1949",北平接触与民盟人士沟通,01/10-149：电报［文件619］驻北平总领事柯乐博致国务卿。 北平，1949年10月1日。,person,黄炎培,张澜; 沈钧儒; 黄炎培; 章伯钧; 张东荪; 周恩来; 蒋介石,政协; 北平接触,国民党; 政治协商会议; 美国国务院; 美国驻北平总领事馆,北平; 南京; 上海; 天津,25
1583,1946,"October 29, 1946",围绕政协决议和政府改组的调处,"马歇尔任务档案,第54–D270号[第226号文件] 关于马歇尔将军和司徒雷登博士在美国大使馆会面的说明,南京,1946年10月29日,上午10时45分,南京,1946年10月29日,上午10时45分,司徒雷登博士报告说,第三方面集团向将军递交了下列提案:""第三方面集团提案和平是中央政府的一贯目标,停止敌对行动一直是它的希望. 全国的地方行政工作,应当由改组后的国务院根据政协及和平重建决议安排.",person,黄炎培,罗隆基; 梁漱溟; 黄炎培; 章伯钧; 张君劢; 周恩来; 马歇尔; 司徒雷登,政协; 马歇尔调处; 第三方面,国民党; 中国共产党; 政治协商会议; 美国国务院; 美国驻华使馆; 行政院; 国民大会,南京; 上海; 满洲,25
1584,1947,"October 31, 1947",黄炎培相关材料：The Ambassador in China (Stuart) to the Secretary of State,过去两天内，政府对中国民主同盟的压力明显减轻，可能是由于本馆已表示关注此事（见10月27日本馆第2146号电最后一段）。 虽然尚未发生逮捕，南京的民盟领导人仍处于警方监视之下。,person,黄炎培,罗隆基; 黄炎培; 司徒雷登; 蒋介石,民盟,中国民主同盟; 中国共产党; 美国国务院; 行政院,南京; 上海,65
1585,1949,"September 24, 1949",北平接触与民盟人士沟通,00/9–2449：电报 [文件608] 驻北平总领事（柯乐博）致国务卿 北平，1949年9月24日 [9月24日上午7时39分收到] 第1610号。 （该委员会于6月19日成立，下设5个小组委员会，在过去三个月内完成了起草提交政协会议文件及拟定代表名单的基础工作。,person,黄炎培,,政协; 北平接触,政治协商会议; 美国国务院; 美国驻北平总领事馆,北平,55
1586,1949,"September 24, 1949",北平接触与民盟人士沟通,毛泽东（中国共产党中央委员会主席）、朱德（中国共产党军队总司令）、李济深（国民党革命委员会领导人）、李立三（中华全国总工会副主席）、沈钧儒（中国民主同盟领导人）、沈雁冰（笔名茅盾，小说家）、周恩来（中国共产党中央委员会委员及政治局委员，中国人民革命军事委员会副主席）、林祖涵（又名林伯渠，中国共产党中央委员会委员）、马寅初（作家及中央研究院院士）、马叙伦（前中华民国教育部次长）、乌兰夫（云泽，内蒙古,person,黄炎培,张澜; 沈钧儒; 黄炎培; 章伯钧; 周恩来,政协; 北平接触; 民盟,中国民主同盟; 国民党; 中国共产党; 政治协商会议; 美国国务院; 美国驻北平总领事馆,北平; 上海,85
1587,1949,"September 24, 1949",北平接触与民盟人士沟通,00/9-2449：电报［文件609］驻北平总领事柯乐博致国务卿。 北平，1949年9月24日。,person,黄炎培,张澜; 黄炎培; 蒋介石,政协; 北平接触; 民盟,中国民主同盟; 国民党; 中国共产党; 政治协商会议; 美国国务院; 美国驻北平总领事馆,北平; 上海; 天津,40
1588,1949,"September 24, 1949",北平接触与民盟人士沟通,"00/9–2449:电讯[文件610] 驻北平总领事(柯乐博)致国务卿北平,1949年9月24日. 除民主人士文化教育领域外,参加政协筹备委员会的所有其他单位,包括民主党和团体、人民组织和教授在内的23个单位都派代表参加了起草委员会。",person,黄炎培,黄炎培,政协; 北平接触,中国共产党; 政治协商会议; 美国国务院; 美国驻北平总领事馆,北平; 上海; 天津,15
1589,1945,1945/07/05 ~ 1945/07/05,章伯钧相关材料：侦察电台电蒋中正中共欢迎褚辅成黄炎培冷遹傅斯年左舜生章伯钧等人晚会情形,侦察电台电蒋中正中共欢迎褚辅成黄炎培冷遹傅斯年左舜生章伯钧等人晚会情形,person,章伯钧,黄炎培; 章伯钧,,中国共产党,,5
1590,1946,1946-01-11,第三方面在国共之间寻求政治空间,** **希腊组建联合政府** 会议——即政治协商会议——的主要任务将是试图调和两大主要政党——中国国民党与中国共产党——之间的分歧，并解决其他重大的国家问题。 会议共有38名代表，其中包括：国民党代表八名，共产党代表七名，青年党代表五名，中国民主同盟代表九名，以及无党派社会贤达九名。,person,章伯钧,罗隆基; 张澜; 梁漱溟; 沈钧儒; 黄炎培; 章伯钧; 张君劢; 张东荪,政协; 第三方面; 联合政府; 民盟,中国民主同盟; 国民党; 中国共产党; 青年党; 政治协商会议,重庆; 延安,65
1591,1946,1946/06/12 ~ 1946/06/12,章伯钧相关材料：薛藩滋电毛人凤得毛泽东电黄炎培沈钧儒章伯钧梁槎溟谓东北问题和平解决为该党一贯主张兹承电示原则上极表赞同一切当与周恩来面商,薛藩滋电毛人凤得毛泽东电黄炎培沈钧儒章伯钧梁槎溟谓东北问题和平解决为该党一贯主张兹承电示原则上极表赞同一切当与周恩来面商,person,章伯钧,沈钧儒; 黄炎培; 章伯钧; 周恩来,,,,5
1592,1947,1947/02/01 ~ 1947/02/01,章伯钧相关材料：保密局呈蒋中正第三党章伯钧朱蕴山商讨该党改组拟拥黄琪翔李济琛,保密局呈蒋中正第三党章伯钧朱蕴山商讨该党改组拟拥黄琪翔李济琛,person,章伯钧,章伯钧,,,,5
1593,1947,1947/04/16 ~ 1947/04/16,章伯钧相关材料：保密局呈报蒋中正告以章伯钧企图分化民社党及民盟对时局之观察与所持态度等情报提要四则,保密局呈报蒋中正告以章伯钧企图分化民社党及民盟对时局之观察与所持态度等情报提要四则,person,章伯钧,章伯钧,民盟,中国民主同盟,,20
1594,1948,1948/08/17 ~ 1948/08/17,章伯钧相关材料：保密局呈蒋中正查李济琛章伯钧对中共看法意见分歧与李济琛宋子文会晤情形及冯玉祥离美消息与其汇款来源等情报提要,保密局呈蒋中正查李济琛章伯钧对中共看法意见分歧与李济琛宋子文会晤情形及冯玉祥离美消息与其汇款来源等情报提要,person,章伯钧,章伯钧,,中国共产党,,5
1595,1949,1949-07-07,北平接触与民盟人士沟通,该同盟在重庆、南京、上海、北平以及海外设有支部，约有200名成员。 1945年，在我党提出建立联合政府的口号以及国民党第六次全国代表大会召开后，该联合会正式公开。,person,章伯钧,罗隆基; 张澜; 黄炎培; 章伯钧; 张东荪; 蒋介石,政协; 马歇尔调处; 北平接触; 联合政府; 民盟,中国民主同盟; 国民党; 中国共产党; 政治协商会议,北平; 南京; 重庆; 上海; 香港,85
1596,1949,1949-08-10,北平接触与民盟人士沟通,**中央情报局报告** **信息来源：外国文件或无线电广播** **国家：** 中共控制区 **信息日期：** 1949年 **主题：** 人物志——中国左翼人士 **出版形式：** 日报 **出版地点：** 香港 **页数：** 4 **出版日期：** 1949年5月20日 **语言：** 中文 **本文件包含影响国家防务的信息** **此为未经评估的信息** **来源：** 《华商报》 **新,person,章伯钧,罗隆基; 张澜; 沈钧儒; 黄炎培; 章伯钧; 史良; 张东荪; 周恩来,政协; 北平接触; 民盟,中国民主同盟; 国民党; 中国共产党; 政治协商会议,北平; 上海; 香港,85
1597,1949,1949-12-02,北平接触与民盟人士沟通,交通部** * **部长：** * 章伯钧（Zhang Bojun），中国民主同盟成员。 * 李相符（Li Xiangfu），教授，中国民主同盟成员。,person,章伯钧,黄炎培; 章伯钧; 史良; 周恩来,北平接触; 民盟,中国民主同盟; 国民党; 中国共产党,北平; 南京; 上海; 香港,55
1598,1950,1950-03-22,北平接触与民盟人士沟通,**中国人民政治协商会议全国委员会** 该机构在全国政协闭会期间作为其常设委员会，负责监督政协决议的执行，向中央人民政府提出建议，协助政府动员人民参与国家建设，并指导统一战线工作。 同时，它负责筹备并召集下一届政协全体会议。,person,章伯钧,罗隆基; 张澜; 沈钧儒; 黄炎培; 章伯钧; 史良; 张东荪; 周恩来,政协; 北平接触; 民盟,中国民主同盟; 国民党; 中国共产党; 政治协商会议,北平; 南京; 上海; 香港; 天津,65
1599,1950,1950-07-12,章伯钧相关材料：LEADING MEMBERS OF THE CHINA DEMOCRATIC LEAGUE,**中央情报局报告** **国家：** 中国 **主题：** 中国民主同盟主要成员 **情报日期：** V **分发日期：** 7月30日 **页数：** 5 **附件数：** （见下文） **报告编号补充：** 53 **本报告为未经评估的情报** **来源：** X 在1950年1月21日和28日举行的民盟中央常务委员会会议期间，任命了以下新的委员会成员： **a. 天津支部：** 主席：孟秋,person,章伯钧,章伯钧,政协; 民盟,中国民主同盟; 中国共产党; 政治协商会议,南京; 上海; 香港; 天津,75
1600,1950,1950-07-12,章伯钧相关材料：CIA Reading Room cia-rdp82-00457r005200480001-5: LEADING MEMBERS OF THE CHINA DEMOCRATIC LEAGUE,**机密** 中央情报局报告编号：无 情报报告 机密 编号：536 国家：中国 分发日期：1950年7月12日 主题：中国民主同盟主要领导人 页数：5 获取地点：（见下文） 附件数量：（见下文） 情报日期： 报告编号补充： 本文件所含情报涉及美国国家防御，依据美国法典第18编第793、794节的规定，未经授权泄露将受到刑事处罚。 在1950年1月21日和28日的民盟中央常务委员会会议上，任命了以下,person,章伯钧,章伯钧,政协; 民盟,中国民主同盟; 中国共产党; 政治协商会议,南京; 上海; 香港; 天津,55
1605,1947,29 July 1947,章伯钧相关材料：Memorandum by Mr. Philip D. Sprouse to General Wedemeyer,以下为今天上午民盟代表（罗隆基、张东荪、黄炎培、章伯钧）结束与阁下会谈后向我表达意见的摘要： 中国唯一的解决办法是实现和平并组成联合政府。 在这种条件下，中国共产党会同意参加联合政府，可能按国民党、共产党、其他少数党派及无党派团体三方各占三分之一的方式组成。,person,章伯钧,罗隆基; 黄炎培; 章伯钧; 张东荪; 蒋介石,马歇尔调处; 联合政府; 民盟,中国民主同盟; 国民党; 中国共产党,上海; 满洲,45
1606,1948,"December 6, 1948",第三方面在国共之间寻求政治空间,若干消息来源，包括中国民主同盟的周鲸文、国民党革命委员会的李某，以及《新生晚报》的李孟，称中共已决定扩大人民政治协商会议，使其包括来自整个中共控制区的“选出”代表。 这样，政协将不再是一个人数较少的机构；此前估计人数从70人到200人不等，现在则将包括约一千多名代表。,person,章伯钧,罗隆基; 沈钧儒; 章伯钧; 周恩来; 蒋介石,政协; 第三方面; 联合政府; 民盟,中国民主同盟; 国民党; 中国共产党; 政治协商会议; 美国国务院; 行政院,南京; 香港; 满洲,80
1607,1949,"February 26, 1949",北平接触与民盟人士沟通,00/2-2649：电报［文件180］驻北平总领事柯乐博致国务卿。 北平，1949年2月26日。,person,章伯钧,沈钧儒; 章伯钧; 周恩来,北平接触,中国共产党; 美国国务院; 美国驻北平总领事馆,北平; 南京; 上海; 沈阳; 满洲,15
1608,1949,"June 2, 1949",章伯钧相关材料：The Consul General at Shanghai (Cabot) to the Secretary of State,可靠消息称，上海民盟领导人5月27日准备的一项声明被共产党压下。 现在他说，共产党曾向他提供一个副市长职位；他拒绝了，但表示愿作非正式顾问；又说，如果将来真正建立联合政府，他也许会接受职务，但鉴于新的迹象显示共产党正偏离其“在石家庄作出的明智决定”，他怀疑这是否会实现。,person,章伯钧,章伯钧,联合政府; 民盟,中国民主同盟; 国民党; 中国共产党; 美国国务院; 美国驻上海总领事馆,上海,55
1609,1949,"June 2, 1949",北平接触与民盟人士沟通,这一方面是由于上海规模巨大、政治社会结构复杂，另一方面尤其是由于杨虎及其主要副手同时具有以下身份：一是国民党革命委员会成员；二是同民盟人士和陈铭枢的三民主义同志联合会关系相当密切；三是古老“青红帮”秘密会社的头目。 发国务院第1951号，抄南京第1065号、广州第606号、北平第162号。,person,章伯钧,章伯钧,北平接触; 民盟,中国民主同盟; 国民党; 中国共产党; 美国国务院; 美国驻上海总领事馆,北平; 南京; 上海,75
1610,1945,"June 23, 1945",章伯钧相关材料：The Ambassador in China (Hurley) to the Secretary of State,）政府向我们提供了委员会各成员的简短背景说明： 黄炎培，江苏省人，民盟成员，教育家，教育会会长。 章伯钧，安徽省人，民盟成员，据认为曾为共产党党员，同共产党非常接近。,person,章伯钧,黄炎培; 章伯钧; 周恩来,民盟,中国民主同盟; 国民政府; 国民党; 中国共产党; 青年党; 美国国务院,重庆; 延安,55
1611,1945,"June 28, 1945",章伯钧相关材料：The Ambassador in China (Hurley) to the Secretary of State,6月27日，一个由下列七名中国人组成的委员会来访（参见使馆6月23日第1038号电报；并转莫斯科）：胡福成先生（国民党）、傅斯年博士（独立人士）、王云五先生（独立人士）、冷遹先生（独立人士）、左舜生先生（民主同盟）、章伯钧先生（民主同盟）、黄炎培博士（民主同盟）。 我敦促所有参加审议和讨论的中国人，不要以国民党、民主同盟、共产党或任何其他党派、团体成员的身份参加，而应以爱国中国人的身份参加，即真诚,person,章伯钧,黄炎培; 章伯钧,民盟,中国民主同盟; 国民党; 中国共产党; 美国国务院,重庆; 延安,35
1612,1949,"June 9, 1949",北平接触与民盟人士沟通,00B/6-1040：电报〔文件446〕驻北平总领事（柯乐博）致国务卿。 北平，1949年6月9日下午3时〔6月10日上午9时23分收到〕。,person,章伯钧,罗隆基; 张澜; 沈钧儒; 黄炎培; 章伯钧; 张东荪; 周恩来,政协; 北平接触; 联合政府; 民盟,中国民主同盟; 中国共产党; 政治协商会议; 美国国务院; 美国驻北平总领事馆,北平; 南京; 天津,80
1613,1947,"March 15, 1947",章伯钧相关材料：The Ambassador in China (Stuart) to the Secretary of State,该电由上海56名著名中国人士于3月12日发给在莫斯科举行的外长会议；署名者包括民主同盟主席张澜，社会知名人士马叙伦，民主同盟发言人罗隆基，经济学教授马寅初，民主同盟人士黄炎培、沈钧儒、章伯钧，以及作家郭沫若： “我们希望正在莫斯科举行的外长会议各参加国能够： 1. 在中国真正民主统一的联合政府成立以前，停止对交战任何一方给予任何帮助； 2.,person,章伯钧,罗隆基; 张澜; 沈钧儒; 黄炎培; 章伯钧; 司徒雷登,马歇尔调处; 联合政府; 民盟,中国民主同盟; 美国国务院,南京; 上海,65
1614,1948,"November 14, 1948",章伯钧相关材料：The Consul General at Shanghai (Cabot) to the Secretary of State,893.00/11-1448：电报〔文件299〕 驻上海总领事（卡伯特）致国务卿 上海，1948年11月14日上午9时。〔11月13日下午10时41分收到。〕 2400号。总领事馆已就上海“国际化”问题受到两个对立阵营的间接接触。第一项提议来自当地国民党和杜月笙组合；他们保证能够控制当地局势，并称南京政府将支持该计划。作为诱因，他们提出向美国“救济”船只开放长江。所谓“国际”警察部队将通过恢复上海,person,章伯钧,,,国民党; 美国国务院; 美国驻上海总领事馆,南京; 上海,20
1615,1948,"November 14, 1948",章伯钧相关材料：The Consul General at Shanghai (Cabot) to the Secretary of State,据称第二项方案来自章伯钧在香港、并同民主同盟结盟的集团。,person,章伯钧,章伯钧,民盟,中国民主同盟; 国民党; 中国共产党; 美国国务院; 美国驻上海总领事馆,南京; 上海; 香港,40
1616,1949,"October 1, 1949",北平接触与民盟人士沟通,01/10-149：电报［文件619］驻北平总领事柯乐博致国务卿。 北平，1949年10月1日。,person,章伯钧,张澜; 沈钧儒; 黄炎培; 章伯钧; 张东荪; 周恩来; 蒋介石,政协; 北平接触,国民党; 政治协商会议; 美国国务院; 美国驻北平总领事馆,北平; 南京; 上海; 天津,25
1617,1947,"October 22, 1947",章伯钧相关材料：The Ambassador in China (Stuart) to the Secretary of State,先生：我谨随函附上三份备忘录，内容涉及政府当前针对中国民主同盟的活动。 这些备忘录反映出民盟领导人日益担心：民盟作为一个政党即将遭到全面取缔。,person,章伯钧,罗隆基; 司徒雷登,民盟,中国民主同盟; 国民党; 美国国务院; 行政院,南京,65
1618,1947,"October 22, 1947",章伯钧相关材料：The Ambassador in China (Stuart) to the Secretary of State,] 参加者： 大使； 章伯钧、沈钧儒、罗隆基，民主同盟领导人； R. 1947年10月14日下午，应章伯钧、沈钧儒、罗隆基三位民主同盟领导人的请求，大使接见了他们。,person,章伯钧,罗隆基; 沈钧儒; 章伯钧; 司徒雷登; 蒋介石,民盟,中国民主同盟; 国民党; 中国共产党; 美国驻华使馆; 行政院,南京,70
1619,1947,"October 22, 1947",章伯钧相关材料：The Ambassador in China (Stuart) to the Secretary of State,大使今日告知我，10月15日他借拜访行政院长之机，提出了针对民盟的压制措施问题，并向行政院长转述了民盟方面在10月14日同大使谈话中所陈述的案情（见10月14日会谈备忘录）。 大使建议，政府应主要从自身利益出发，认真考虑民盟提出的由政府指定代表同民盟代表举行会谈的请求。,person,章伯钧,罗隆基; 司徒雷登,民盟,中国民主同盟; 中国共产党; 美国驻华使馆; 行政院,南京,70
1620,1946,"October 29, 1946",围绕政协决议和政府改组的调处,"马歇尔任务档案,第54–D270号[第226号文件] 关于马歇尔将军和司徒雷登博士在美国大使馆会面的说明,南京,1946年10月29日,上午10时45分,南京,1946年10月29日,上午10时45分,司徒雷登博士报告说,第三方面集团向将军递交了下列提案:""第三方面集团提案和平是中央政府的一贯目标,停止敌对行动一直是它的希望. 全国的地方行政工作,应当由改组后的国务院根据政协及和平重建决议安排.",person,章伯钧,罗隆基; 梁漱溟; 黄炎培; 章伯钧; 张君劢; 周恩来; 马歇尔; 司徒雷登,政协; 马歇尔调处; 第三方面,国民党; 中国共产党; 政治协商会议; 美国国务院; 美国驻华使馆; 行政院; 国民大会,南京; 上海; 满洲,25
1621,1948,"October 9, 1948",章伯钧相关材料：The Consul General at Hong Kong (McKenna) to the Ambassador in China (Stuart),米利根撰写，题为《关于异议领袖从香港前往华北共产党地区参加新政协预备会议可能意义的评论》。 附件摘要：据信，蔡廷锴、沈钧儒、章伯钧和谭平山于1948年9月18日乘苏联船只“阿尔丹”号离开香港前往华北，并在中国共产党安排下前往参加中共主办的新政协预备会议。,person,章伯钧,沈钧儒; 章伯钧; 司徒雷登; 蒋介石,政协; 联合政府; 民盟,中国民主同盟; 国民党; 中国共产党; 政治协商会议; 美国国务院,香港,70
1622,1949,"September 24, 1949",北平接触与民盟人士沟通,00/9–2449：电报 [文件608] 驻北平总领事（柯乐博）致国务卿 北平，1949年9月24日 [9月24日上午7时39分收到] 第1610号。 （该委员会于6月19日成立，下设5个小组委员会，在过去三个月内完成了起草提交政协会议文件及拟定代表名单的基础工作。,person,章伯钧,,政协; 北平接触,政治协商会议; 美国国务院; 美国驻北平总领事馆,北平,55
1623,1949,"September 24, 1949",北平接触与民盟人士沟通,毛泽东（中国共产党中央委员会主席）、朱德（中国共产党军队总司令）、李济深（国民党革命委员会领导人）、李立三（中华全国总工会副主席）、沈钧儒（中国民主同盟领导人）、沈雁冰（笔名茅盾，小说家）、周恩来（中国共产党中央委员会委员及政治局委员，中国人民革命军事委员会副主席）、林祖涵（又名林伯渠，中国共产党中央委员会委员）、马寅初（作家及中央研究院院士）、马叙伦（前中华民国教育部次长）、乌兰夫（云泽，内蒙古,person,章伯钧,张澜; 沈钧儒; 黄炎培; 章伯钧; 周恩来,政协; 北平接触; 民盟,中国民主同盟; 国民党; 中国共产党; 政治协商会议; 美国国务院; 美国驻北平总领事馆,北平; 上海,85
1624,1946,1946-01-28,北平接触与民盟人士沟通,中国民主同盟发言人罗隆基表示，一旦获得满意的保证，民盟将立即停止罢工。 一名记者在绥远省集宁（位于北平西北约200英里，长城以北50英里）发出的电讯中称，他与中共将领孙志远进行了四小时的会谈。,person,史良,罗隆基; 史良,政协; 北平接触; 联合政府; 民盟,中国民主同盟; 国民党; 中国共产党; 政治协商会议,北平; 重庆; 延安,65
1625,1946,1946-08-20,北平接触与民盟人士沟通,保定 (临时驻地：北平) | 上校 刘×× | 中校 王×× 14. 保定 (临时驻地：北平) | 中校 刘×× | 上校 王×× 50.,person,史良,,北平接触,国民政府; 中国共产党,北平; 沈阳; 天津,40
1626,1947,1947-05-29,"史良相关材料：POLITICAL INFORMATION; PROVINCIAL GOVERNMENT PERSONNEL, KWANGSI",**机密** **中央情报组** **情报报告** **国家：** 中国 **日期：** 1947年X月X日 **信息：** 见下文 **主题：** 政治情报：广西省政府人事 **页数：** 5 **来源：** 补充 **广西省政府委员会** **委员：** 黄旭初 曾且新 陈良佐 杨维翘 黄朴心 张维夏 韦志堂 李一尘 黄中廑 罗世杰 李新俊 **省政府秘书长：** 黄中廑 **主任秘书：** ,person,史良,,,,,25
1627,1949,1949-05-06,史良相关材料：CHINESE COMMUNIST WOMEN CONNECTED WITH THE WORLD FEDERATION OF DEMOCRATIC WOMEN,**注释：** 本情报基于以下来源：（a）一位曾在上海任教、受过良好教育的年长华人；（b）一位在广州任教、持有自由主义观点、受过美国教育的华人教授，他能接触到某些仅限于中国共产党和中国民主同盟成员阅读的出版物；以及（c）香港的共产党人士，通过《华商报》获取信息。,person,史良,史良,民盟,中国民主同盟; 中国共产党,上海; 香港,40
1628,1949,1949-08-10,北平接触与民盟人士沟通,**中央情报局报告** **信息来源：外国文件或无线电广播** **国家：** 中共控制区 **信息日期：** 1949年 **主题：** 人物志——中国左翼人士 **出版形式：** 日报 **出版地点：** 香港 **页数：** 4 **出版日期：** 1949年5月20日 **语言：** 中文 **本文件包含影响国家防务的信息** **此为未经评估的信息** **来源：** 《华商报》 **新,person,史良,罗隆基; 张澜; 沈钧儒; 黄炎培; 章伯钧; 史良; 张东荪; 周恩来,政协; 北平接触; 民盟,中国民主同盟; 国民党; 中国共产党; 政治协商会议,北平; 上海; 香港,85
1629,1949,1949-12-02,北平接触与民盟人士沟通,交通部** * **部长：** * 章伯钧（Zhang Bojun），中国民主同盟成员。 * 李相符（Li Xiangfu），教授，中国民主同盟成员。,person,史良,黄炎培; 章伯钧; 史良; 周恩来,北平接触; 民盟,中国民主同盟; 国民党; 中国共产党,北平; 南京; 上海; 香港,55
1630,1950,1950-03-22,北平接触与民盟人士沟通,**中国人民政治协商会议全国委员会** 该机构在全国政协闭会期间作为其常设委员会，负责监督政协决议的执行，向中央人民政府提出建议，协助政府动员人民参与国家建设，并指导统一战线工作。 同时，它负责筹备并召集下一届政协全体会议。,person,史良,罗隆基; 张澜; 沈钧儒; 黄炎培; 章伯钧; 史良; 张东荪; 周恩来,政协; 北平接触; 民盟,中国民主同盟; 国民党; 中国共产党; 政治协商会议,北平; 南京; 上海; 香港; 天津,65
1633,1946,"July 17, 1946",昆明暗杀事件引发的政治压力与外交关注,马歇尔使团档案，Lot 54-D270 [文件682] 马歇尔将军与周恩来将军会谈纪要，1946年7月17日上午10时45分，南京宁海路5号。 马歇尔将军：我想先问你一个问题。,person,史良,罗隆基; 沈钧儒; 史良; 周恩来; 马歇尔; 司徒雷登; 蒋介石,昆明暗杀; 政协; 马歇尔调处; 民盟,中国民主同盟; 国民党; 中国共产党; 政治协商会议; 美国驻华使馆; 行政院,昆明; 南京; 重庆; 上海; 成都,80
1634,1946,"July 17, 1946","史良相关材料：Minutes of Meeting Between General Marshall and General Chou En-lai at No. 5 Ning Hai Road, Nanking, July 17, 1946, 10:45 a.m.",马歇尔将军：你昨天提到汤恩伯将军的命令，其中规定部队应于7月14日就位，以便15日发起进攻。 马歇尔将军：请你给我一份该命令副本，以便我酌情使用。,person,史良,周恩来; 马歇尔,马歇尔调处,国民党; 中国共产党,南京,45
1635,1949,"June 16, 1949",北平接触与民盟人士沟通,00/6-1649：电报 [文件459] 驻北平总领事（柯乐博）致国务卿 北平，1949年6月16日。 《光明日报》今天报道，中国民主同盟主席张澜及常务委员罗隆基、史良定于6月18日离开上海前往北平；他们抵达北平后，即可确定正在筹备中的第四次全体会议召开日期。,person,史良,罗隆基; 张澜; 黄炎培; 史良; 张东荪,北平接触; 民盟,中国民主同盟; 国民党; 美国国务院; 美国驻北平总领事馆,北平; 南京; 上海; 天津,80
1636,1949,"June 22, 1949",北平接触与民盟人士沟通,当地报纸6月20日报道，张澜、史良、罗隆基、王葆真、郭真等人于6月19日抵达南京，正前往北平。 报称，张、罗、史除出席新政协筹备委员会外，还将出席民主同盟第四次全体会议。,person,史良,罗隆基; 张澜; 史良; 司徒雷登,政协; 北平接触; 民盟,中国民主同盟; 政治协商会议; 美国国务院,北平; 南京; 上海,80
1637,1945,1945/04/18 ~ 1946/12/14,张君劢相关材料：宋子文白崇禧张君劢等分电蒋中正陈述对共党问题之意见,宋子文白崇禧张君劢等分电蒋中正陈述对共党问题之意见,person,张君劢,张君劢,,,,5
1638,1945,1945/05/24 ~ 1945/05/24,张君劢相关材料：戴笠呈蒋中正民主同盟分子左舜生张君劢拟从事调解国共纠纷,戴笠呈蒋中正民主同盟分子左舜生张君劢拟从事调解国共纠纷,person,张君劢,张君劢,民盟,中国民主同盟,,20
1639,1946,1946-01-11,第三方面在国共之间寻求政治空间,** **希腊组建联合政府** 会议——即政治协商会议——的主要任务将是试图调和两大主要政党——中国国民党与中国共产党——之间的分歧，并解决其他重大的国家问题。 会议共有38名代表，其中包括：国民党代表八名，共产党代表七名，青年党代表五名，中国民主同盟代表九名，以及无党派社会贤达九名。,person,张君劢,罗隆基; 张澜; 梁漱溟; 沈钧儒; 黄炎培; 章伯钧; 张君劢; 张东荪,政协; 第三方面; 联合政府; 民盟,中国民主同盟; 国民党; 中国共产党; 青年党; 政治协商会议,重庆; 延安,65
1640,1946,1946-11-12,围绕政协决议和政府改组的调处,马歇尔使团档案，Lot 54-D270〔文件271〕 哈特·考吉上校致马歇尔将军 〔南京〕1946年11月12日。 由张君劢博士领导的民主同盟一组，以及由黄炎培先生领导的一组，大概也会参加；其想法是，他们将以个人身份签名，而不是代表民主同盟。,person,张君劢,黄炎培; 张君劢; 周恩来; 马歇尔; 司徒雷登; 蒋介石,政协; 马歇尔调处; 民盟,中国民主同盟; 中国共产党; 青年党; 政治协商会议; 国民大会,南京; 延安,70
1641,1946,1946-11-26,北平接触与民盟人士沟通,据可靠消息来源称，中华全国总工会主席朱学范……在国际劳工组织会议上的报告……严重受伤……朱先生于周日遭遇交通事故，身受重伤……该代表团目前正在上海，迄今已访问了九个重要城市，包括天津…… **（合众社）** 北平，11月25日电。 ……从满洲撤回的执行总部战地小组乘坐12架飞机抵达北平。,person,张君劢,罗隆基; 张君劢,第三方面; 北平接触; 民盟,中国民主同盟; 国民党; 中国共产党; 民主社会党; 国民大会,北平; 南京; 上海; 延安; 满洲; 天津; 华盛顿,65
1642,1946,1946/05/22 ~ 1946/05/22,张君劢相关材料：张君劢黄炎培等电蒋中正周恩来毛泽东东北停战协议签字已逾五十余日但战事未已现吁请立刻停战共军撤出且不再进兵长春东北政务委员会进驻当地主持政务等,张君劢黄炎培等电蒋中正周恩来毛泽东东北停战协议签字已逾五十余日但战事未已现吁请立刻停战共军撤出且不再进兵长春东北政务委员会进驻当地主持政务等,person,张君劢,黄炎培; 张君劢; 周恩来,马歇尔调处,,,5
1643,1946,1946/11/12 ~ 1946/11/12,张君劢相关材料：蒋中正接见张嘉璈听其报告民社党民主同盟代表动向又闻张君劢赴沪召集民社党人士会商参加国民大会即嘱张嘉璈赴沪促其返京免于在沪受共党包围动摇其志另得孙科报告今日下…,蒋中正接见张嘉璈听其报告民社党民主同盟代表动向又闻张君劢赴沪召集民社党人士会商参加国民大会即嘱张嘉璈赴沪促其返京免于在沪受共党包围动摇其志另得孙科报告今日下…,person,张君劢,张君劢,民盟,中国民主同盟; 国民大会,,20
1644,1947,1947-07-26,第三方面在国共之间寻求政治空间,去年三月底至四月初，中国民主同盟介入调处，提议在满洲建立民主联合政府。 中央政府反对此议，坚称必须先由国军占领满洲，方可建立联合政府。,person,张君劢,张君劢; 周恩来; 蒋介石,政协; 马歇尔调处; 第三方面; 联合政府; 民盟,中国民主同盟; 国民政府; 国民党; 中国共产党; 青年党; 民主社会党; 政治协商会议; 美国驻上海总领事馆; 行政院; 国民大会,南京; 重庆; 上海; 满洲,75
1645,1947,1947-11-01,围绕政协决议和政府改组的调处,1947年11月1日 中国上海霞飞路646号 美国华盛顿特区 国务院 国务卿 马歇尔先生阁下 亲爱的马歇尔先生： 我至今仍清晰记得去年和平谈判期间我们之间的密切合作。 我首先想向您强调的一点是：只要国民党不愿真正承认联合政府，那么仅仅组建一个联合政府是不够的。,person,张君劢,张君劢; 马歇尔,政协; 马歇尔调处; 第三方面; 联合政府; 民盟,中国民主同盟; 国民政府; 国民党; 青年党; 民主社会党; 政治协商会议; 美国国务院,上海; 华盛顿,75
1646,1947,1947/00/00 ~ 1947/00/00,张君劢相关材料：王幼侨呈蒋中正民盟函请民社党退盟事及力劝张君劢与政府合作参加政府组织情形,王幼侨呈蒋中正民盟函请民社党退盟事及力劝张君劢与政府合作参加政府组织情形,person,张君劢,张君劢,民盟,中国民主同盟,,20
1647,1947,1947/12/19 ~ 1947/12/19,张君劢相关材料：保密局等呈蒋中正为李济琛郭沫若等积极筹组民主阵线并发表谬论及张君劢与张澜孙宝毅晤谈内容等情报提要等四则,保密局等呈蒋中正为李济琛郭沫若等积极筹组民主阵线并发表谬论及张君劢与张澜孙宝毅晤谈内容等情报提要等四则,person,张君劢,张澜; 张君劢,,,,15
1648,1948,1948/11/15 ~ 1948/11/15,张君劢相关材料：保密局等呈蒋中正报告李济琛等破坏我团结与美援阴谋民盟总部决定迁至共军占领区及徐传霖与张君劢商入阁问题等各党派情报提要五则,保密局等呈蒋中正报告李济琛等破坏我团结与美援阴谋民盟总部决定迁至共军占领区及徐传霖与张君劢商入阁问题等各党派情报提要五则,person,张君劢,张君劢,民盟,中国民主同盟,,20
1649,1948,1948/11/21 ~ 1948/11/21,张君劢相关材料：保密局呈蒋中正报告青年党将召开六中全会商决今后政治态度及张君劢指示民社党应基于国家民族立场与国民党同一阵线阻止共党得势等各党派动态情报提要五则,保密局呈蒋中正报告青年党将召开六中全会商决今后政治态度及张君劢指示民社党应基于国家民族立场与国民党同一阵线阻止共党得势等各党派动态情报提要五则,person,张君劢,张君劢,,国民党; 青年党,,5
1650,1949,1949-01-17,北平接触与民盟人士沟通,**华北和平促进会** 与此同时，在加强城墙内外防御的同时，据报道，各公共团体已自行组织成“华北人民和平促进会”，并邀请知名社会领袖及自由派人士，包括被取缔的中国民主同盟成员及各大院校校长，组成一个委员会，向共产党当局请求在华北立即停火。 ——路透社 **共产党于周六获得面粉和小麦供应** 这可能意味着在共产党威胁下的北平，粮食配给制的崩溃，除非能迅速组织起陆路供应系统，美国经济合作署中国项目主任,person,张君劢,张君劢; 蒋介石,马歇尔调处; 北平接触; 联合政府; 民盟,中国民主同盟; 国民党; 中国共产党; 青年党; 民主社会党,北平; 香港; 天津; 华盛顿,55
1651,1949,1949-02-16,张君劢相关材料：POLITICAL INFORMATION:  PSEUDONYMS USED BY CHINESE COMMUNISTS IN REFERRING TO VARIOUS PUBLIC FIGURES,Soong) | | 衡谷 (Heng Cru) | 张澜 (Chang Lan) | | 欧雷 (Ore) | 罗隆基 (Lo Lung-chi) | | 何九公 (Ho Chiu Kung Ten) | 李宗仁 (Li Tsung-jen) | | 灵公 (ling Kung) / 仁教 (Jen Chiao) | 李济深 (Li Chi-shen) | | 李金 (L chin) | 张君劢,person,张君劢,罗隆基; 张澜; 沈钧儒; 张君劢,,中国共产党,,55
1652,1945,"April 14, 1945",张君劢相关材料：The Chargé in China (Briggs) to the Secretary of State,一、据共产党《新华日报》一则新闻，民主同盟4月6日为出席旧金山会议的共产党代表董必武举行招待会，董在会上发表大意如下的讲话： 民主同盟自1940年成立以来，给中国人民留下持久印象，并在民主革命中发挥重要作用。 延安欢迎民盟的发展，因为民盟和共产党有同一目标，即在中国实现民主联合，以促进生存战争和国家重建的成功。,person,张君劢,张君劢,联合政府; 民盟,中国民主同盟; 国民党; 中国共产党; 美国国务院,重庆; 延安,55
1653,1947,"April 19, 1947",张君劢相关材料：The Ambassador in China (Stuart) to the Secretary of State,国务委员会中为民盟和共产党保留了11个席位，以便它们愿意参加临时政府时使用。 4月17日晚，罗隆基向本馆表示，民盟此时参加政府“是不可能的”。,person,张君劢,罗隆基; 张君劢; 马歇尔; 司徒雷登; 蒋介石,马歇尔调处; 民盟,中国民主同盟; 国民政府; 国民党; 中国共产党; 青年党; 美国国务院; 行政院,南京; 满洲; 华盛顿,65
1654,1945,"April 30, 1945",张君劢相关材料：The Ambassador in China (Hurley) to the Secretary of State,较著名的非国民党成员包括毛泽东、周恩来、邓颖超（周恩来夫人）、林祖涵、董必武（共产党）；李璜、左舜生（青年党）；张君劢、张澜（国家社会党）；以及于斌主教、胡适、晏阳初（无党派）。,person,张君劢,张澜; 张君劢; 周恩来,,国民党; 中国共产党; 青年党; 美国国务院; 国民大会,重庆,10
1655,1946,"December 16, 1946","张君劢相关材料：Notes on Meeting Between General Marshall and Mr. Hon Yeh-chun at No. 5 Ning Hai Road, Nanking, December 16, 1946, 10:45 a.m.",马歇尔使团档案，Lot 54-D270〔文件332〕马歇尔将军与韩叶君先生会谈记录，南京宁海路5号，1946年12月16日上午10时45分。 马歇尔将军阅读了侯先生提交的中国民主党备忘录。,person,张君劢,张君劢; 马歇尔; 蒋介石,马歇尔调处; 民盟,中国民主同盟; 国民政府; 国民党; 中国共产党; 青年党; 美国国务院; 国民大会,南京,55
1656,1946,"December 21, 1946",围绕政协决议和政府改组的调处,马歇尔使团档案，Lot 54-D270 [文件343] 马歇尔将军与周谦冲教授会谈纪要 地点：南京 时间：1946年12月21日上午11时 周教授说，他前一天曾同董必武先生会谈。 周教授询问后，董先生表示，中共仍认为马歇尔将军是公正的，仍希望由他调停。,person,张君劢,罗隆基; 张君劢; 周恩来; 马歇尔; 司徒雷登; 蒋介石,政协; 马歇尔调处; 北平接触; 联合政府; 民盟,中国民主同盟; 国民政府; 国民党; 中国共产党; 青年党; 民主社会党; 政治协商会议; 国民大会,北平; 南京; 上海; 延安,80
1657,1946,"December 7, 1946",围绕政协决议和政府改组的调处,马歇尔使团档案，Lot 54-D270［文件316］马歇尔将军与 C. 李将军告诉马歇尔将军，他昨天上午拜访了董必武先生。,person,张君劢,罗隆基; 张君劢; 周恩来; 马歇尔; 司徒雷登; 蒋介石,政协; 马歇尔调处; 联合政府; 民盟,中国民主同盟; 国民政府; 国民党; 中国共产党; 政治协商会议; 国民大会,南京; 延安,60
1658,1947,"February 25, 1947",围绕政协决议和政府改组的调处,以下为卢登根据大使和他本人2月21、22日在上海同第三方面领导人，主要是张澜、罗隆基、张君劢谈话后传送的信息要点： 民主同盟代表说，中国局势正在极快恶化，并指出这对美国不利，因为马歇尔将军声明所针对的那些人，作为局势最终结果，将不可避免地被驱入共产党阵营。 张澜希望向美国政府提出三点：（一）希望以美、苏、英三国调停取代美国单独调停努力；（二）如不考虑政协基本协议而改组政府，注定失败；（三）共产党目,person,张君劢,罗隆基; 张澜; 张君劢; 马歇尔; 司徒雷登,政协; 马歇尔调处; 第三方面; 民盟,中国民主同盟; 中国共产党; 政治协商会议; 美国国务院; 国民大会,南京; 上海,80
1659,1947,"February 25, 1947",第三方面在国共之间寻求政治空间,罗隆基的看法如下：应召开某种各党派会议，首先承诺国家统一。 罗隆基的基本观点是，除非同共产党达成协议，否则局势不可能解决。,person,张君劢,罗隆基; 张君劢; 司徒雷登; 蒋介石,第三方面,国民党; 中国共产党; 青年党; 美国驻华使馆; 行政院; 国民大会,南京,55
1660,1947,"January 23, 1947",第三方面在国共之间寻求政治空间,第三方面团体的一些显著表现如下。 民主同盟发言人罗隆基1月21日在上海记者会上表示，民主同盟坚决反对在没有中国共产党参加的情况下改组政府的提议。,person,张君劢,罗隆基; 张澜; 张君劢; 张东荪; 司徒雷登; 蒋介石,政协; 第三方面; 联合政府; 民盟,中国民主同盟; 国民党; 中国共产党; 青年党; 民主社会党; 政治协商会议; 美国国务院,南京; 上海; 华盛顿,80
1661,1949,"January 24, 1949",第三方面在国共之间寻求政治空间,甘介侯还计划拜会民主同盟领袖张澜、黄炎培和罗隆基，以及民主社会党主席张君劢。,person,张君劢,罗隆基; 张澜; 黄炎培; 张君劢; 蒋介石,第三方面; 民盟,中国民主同盟; 国民党; 中国共产党; 民主社会党; 美国国务院; 美国驻上海总领事馆,南京; 上海,45
1662,1948,"January 9, 1948",张君劢相关材料：The Ambassador in China (Stuart) to the Secretary of State,893.00/1-948：电报〔文件14〕 驻华大使（司徒雷登）致国务卿 南京，1948年1月9日下午5时。〔1月10日上午4时30分收到。〕 63号。我们认为，张君劢向国务卿所作陈述大概基本正确，但即使有意义，也很有限。参见国务院1月6日晚8时第18号电。 目前无法对国民大会选举结果作任何认真分析，因为完整结果尚未公布。国民选举机构本身也尚未收到完整准确的报告，且一些地区仍在进行选举。除连政府方,person,张君劢,张君劢; 司徒雷登,,国民党; 美国国务院; 行政院; 国民大会,南京,40
1663,1948,"January 9, 1948",张君劢相关材料：The Ambassador in China (Stuart) to the Secretary of State,在当前中国环境下，特别是在民主同盟被宣布非法以后，具有自由主义或进步性质的非国民党意见，已变得越来越无力。,person,张君劢,张君劢; 司徒雷登,民盟,中国民主同盟; 国民党; 民主社会党; 美国国务院; 国民大会,,60
1664,1946,"July 31, 1946",昆明暗杀事件引发的政治压力与外交关注,马歇尔使团档案，Lot 54–D270 [文件718] 马歇尔将军与俞大维将军会谈记录 南京宁海路5号，1946年7月31日下午6时45分 南京，1946年7月31日下午6时45分。 俞大维将军首先询问马歇尔将军上次牯岭之行与委员长会谈的结果。,person,张君劢,罗隆基; 张君劢; 马歇尔; 司徒雷登; 蒋介石,昆明暗杀; 马歇尔调处; 第三方面; 北平接触,国民党; 中国共产党,北平; 南京; 满洲; 牯岭,25
1665,1946,"June 17, 1946",北平接触与民盟人士沟通,马歇尔使团档案，Lot 54-D270 [文件562] 马歇尔将军同罗隆基博士、张君劢博士会谈纪要，1946年6月17日下午5时30分，马歇尔将军寓所。 马歇尔说，现场小组不能把事项直接提交三人小组，因为那样耗时太久。,person,张君劢,罗隆基; 张君劢; 周恩来; 马歇尔; 蒋介石,马歇尔调处; 第三方面; 北平接触; 民盟,中国民主同盟; 中国共产党,北平; 南京,80
1666,1946,"June 21, 1946",第三方面在国共之间寻求政治空间,马歇尔使团档案，Lot 54–D270［文件第 579 号］ 马歇尔将军与罗隆基博士、张君劢博士会谈纪要 地点：马歇尔将军官邸 时间：1946 年 6 月 21 日上午 8 时 20 分 罗隆基表示，他与张君劢曾向周恩来将军建议，考虑授予军调小组美方代表实地调查的最终决定权。 罗隆基进一步指出，第三方面代表昨日会见政府方面代表，要求将十五日休战令予以延长。,person,张君劢,罗隆基; 张君劢; 周恩来; 马歇尔,马歇尔调处; 第三方面,国民政府; 中国共产党,延安,10
1667,1945,"June 6, 1945","张君劢相关材料：Memorandum of Conversation, by the Deputy Director of the Office of Far Eastern Affairs (Stanton)",中国国家社会党领袖张君劢博士在一次非正式谈话中告知我们，他此次访问美国的目的之一，是促成在美国和檀香山的中国宪政党同中国国内的民主同盟合并。 张博士说，他和民主同盟其他成员认为，国民大会将被大约九年前选出的国民党代表“塞满”；无论该大会，还是以后可能建立的宪政政府，在任何意义上都不可能真正代表中国人民。,person,张君劢,张君劢; 蒋介石,民盟,中国民主同盟; 国民政府; 国民党; 中国共产党; 美国国务院; 国民大会,重庆,55
1668,1947,"March 19, 1947",北平接触与民盟人士沟通,该计划的关键在于须为第三方面成员及无党派领袖安排职位。 他带领一批成员脱离中国民主同盟，以自由进步为宗旨组建了中国社会民主党。,person,张君劢,张君劢; 司徒雷登,马歇尔调处; 第三方面; 北平接触; 民盟,中国民主同盟; 国民党; 中国共产党; 青年党; 美国国务院; 行政院,北平; 南京; 延安; 天津,70
1669,1947,"March 6, 1947",张君劢相关材料：The Ambassador in China (Stuart) to the Secretary of State,青年党将参加，但他说，民主同盟在同共产党合作的态度上已进一步左倾。,person,张君劢,张君劢; 司徒雷登,民盟,中国民主同盟; 中国共产党; 青年党; 美国国务院; 行政院,南京; 上海,35
1670,1946,"May 17, 1946",北平接触与民盟人士沟通,马歇尔将军表示，广播称淮安方面与执行小组失去联系。 马歇尔将军就此情况征求周将军的意见。,person,张君劢,罗隆基; 张君劢; 周恩来; 马歇尔; 蒋介石,马歇尔调处; 北平接触; 民盟,中国民主同盟; 国民政府; 国民党; 中国共产党,北平; 南京; 重庆; 满洲; 天津,85
1671,1946,"May 29, 1946",第三方面在国共之间寻求政治空间,马歇尔使团档案，Lot 54-D270〔文件489〕马歇尔将军与张君劢博士会谈纪要，马歇尔将军寓所，1946年5月29日下午5时。 马歇尔将军表示，双方对彼此都极度怀疑，而且这种怀疑在过去十天里有所增加。,person,张君劢,张君劢; 周恩来; 马歇尔; 蒋介石,马歇尔调处; 第三方面; 联合政府; 民盟,中国民主同盟; 国民党; 中国共产党; 青年党; 国民大会,满洲,55
1672,1946,"May 29, 1946",围绕政协决议和政府改组的调处,马歇尔将军随后询问，哈尔滨、齐齐哈尔和满洲里问题最好如何安排。 马歇尔将军强调，如果没有相当把握认为能够达成协议、谈判不会再次陷入僵局，他不能再一次投入谈判。,person,张君劢,罗隆基; 张君劢; 马歇尔,政协; 马歇尔调处; 民盟,中国民主同盟; 中国共产党; 政治协商会议,满洲,85
1673,1947,"May 7, 1947",张君劢相关材料：The Ambassador in China (Stuart) to the Secretary of State,李璜原由中国青年党提名出任联合政府经济部部长，现已公开并正式宣布拒绝接受该职。 与此同时，国民党高级领导人正连续攻击中国民主同盟，称其不过是共产党风筝的尾巴。,person,张君劢,罗隆基; 张君劢; 司徒雷登,联合政府; 民盟,中国民主同盟; 国民党; 中国共产党; 青年党; 美国国务院,南京,65
1674,1947,"November 1, 1947","张君劢相关材料：Mr. Carsun Chang, Chairman of the Chinese Democratic Socialist Party, to the Secretary of State",00/11–447［文件第 706 号］ 中国民主社会党主席张君劢致国务卿函 上海，1947 年 11 月 1 日 马歇尔先生大鉴： 去年和平谈判期间，您我之间的紧密共事，至今记忆犹新。 本人首先要向先生郑重指出的一点是：只要国民党不愿对联合政府给予实质性的承认，则徒有联合政府之名实属不足。,person,张君劢,张君劢; 马歇尔,马歇尔调处; 联合政府; 民盟,中国民主同盟; 国民政府; 国民党; 青年党; 民主社会党; 美国国务院,上海,35
1675,1946,"November 29, 1946",张君劢相关材料：The Ambassador in China (Stuart) to the Secretary of State,11月25日由委员长主持的全体会议上，委员长称，政协关于修改宪法草案的决定，可以对参加政协的各党派成员具有约束力，但不能约束民选代表。 ） 蒋、张书信公布时（参见使馆11月27日第1986号电），一名共产党发言人重申，如果召开新的政协、成立联合政府并召集新的国民大会，和平谈判可以恢复（参见使馆11月27日第1982号电）；陈立夫举行记者会，攻击共产党，并阐述中国对古代美德的忠诚（参见使馆11月27,person,张君劢,罗隆基; 张君劢; 司徒雷登; 蒋介石,政协; 马歇尔调处; 联合政府; 民盟,中国民主同盟; 国民政府; 国民党; 中国共产党; 民主社会党; 政治协商会议; 美国国务院; 行政院; 国民大会,南京,80
1676,1946,"November 29, 1946",张君劢相关材料：The Ambassador in China (Stuart) to the Secretary of State,他说：“这表明，1938年参加原国民大会会议的四个集团中有三个集团今天正在参加；同样，去年1月政治协商会议所代表的五个集团（国民党、共产党、民主同盟、青年党和无党派人士）中，除共产党和民主同盟的一部分外，均已出席国民大会。 ” 被问及政府违反政协决议的批评时，彭说：“对这种批评最好的回答，是执行政协决议的宪法草案。,person,张君劢,张君劢; 司徒雷登,政协; 民盟,中国民主同盟; 国民党; 中国共产党; 青年党; 政治协商会议; 美国国务院; 行政院; 国民大会,南京,50
1677,1946,"November 3, 1946",第三方面在国共之间寻求政治空间,马歇尔使团档案，Lot 54-D270［文件240］马歇尔将军与张君劢先生、罗隆基博士、叶笃义先生会谈记录，南京宁海路5号，1946年11月3日下午3时30分。 张先生向马歇尔将军报告说，他昨天下午见过委员长。,person,张君劢,罗隆基; 张君劢; 周恩来; 马歇尔; 蒋介石,马歇尔调处; 第三方面,国民党; 中国共产党; 行政院; 国民大会,南京; 上海; 满洲,10
1678,1946,"October 17, 1946",北平接触与民盟人士沟通,马歇尔使团档案，第54-D270卷〔文件200〕 马歇尔将军与梁漱溟先生、叶笃义先生会谈记录 马歇尔将军寓所，南京，1946年10月17日下午4时20分。 张先生告诉他，第三方面集团成员，即无党派集团、中国青年党和民主同盟成员，今天上午开会讨论委员长的声明。,person,张君劢,梁漱溟; 张君劢; 周恩来; 马歇尔; 司徒雷登; 蒋介石,马歇尔调处; 第三方面; 北平接触; 民盟,中国民主同盟; 国民党; 中国共产党; 青年党; 民主社会党,北平; 南京; 上海,70
1679,1946,"October 22, 1946",围绕政协决议和政府改组的调处,马歇尔使团档案，第54-D270卷〔文件209〕 马歇尔将军、司徒雷登博士与第三方面成员会谈记录 大使官邸，南京，1946年10月22日上午10时45分。 出席方面：民主同盟、中国青年党、无党派人士。,person,张君劢,罗隆基; 张君劢; 周恩来; 马歇尔; 司徒雷登; 蒋介石,政协; 马歇尔调处; 第三方面; 民盟,中国民主同盟; 国民党; 中国共产党; 青年党; 政治协商会议; 国民大会,南京; 上海; 延安,80
1680,1946,"October 28, 1946",第三方面在国共之间寻求政治空间,马歇尔使团档案，Lot 54-D270〔文件225〕马歇尔将军、张君劢先生、罗隆基博士会谈记录，南京宁海路5号，1946年10月28日上午10时30分。 张君劢先生谈到昨日下午罗隆基先生参加的会议时说，他认为第三方面取得共产党参加国民大会代表名单，并将其提交政府，是最重要的事情。,person,张君劢,罗隆基; 张君劢; 马歇尔; 司徒雷登; 蒋介石,马歇尔调处; 第三方面,中国共产党; 行政院; 国民大会,南京; 满洲,50
1681,1946,"October 28, 1946",围绕政协决议和政府改组的调处,罗隆基博士强调，共产党主要希望按照政协程序执行政协决议，并保护政协决议，不允许作出不能接受的修改。 马歇尔将军强调，这正是他昨天谈到的问题，即程序。,person,张君劢,罗隆基; 张君劢; 马歇尔; 蒋介石,政协; 马歇尔调处; 第三方面; 联合政府; 民盟,中国民主同盟; 国民政府; 国民党; 中国共产党; 政治协商会议; 行政院; 国民大会,南京; 上海; 满洲,85
1682,1946,"October 29, 1946",围绕政协决议和政府改组的调处,"马歇尔任务档案,第54–D270号[第226号文件] 关于马歇尔将军和司徒雷登博士在美国大使馆会面的说明,南京,1946年10月29日,上午10时45分,南京,1946年10月29日,上午10时45分,司徒雷登博士报告说,第三方面集团向将军递交了下列提案:""第三方面集团提案和平是中央政府的一贯目标,停止敌对行动一直是它的希望. 全国的地方行政工作,应当由改组后的国务院根据政协及和平重建决议安排.",person,张君劢,罗隆基; 梁漱溟; 黄炎培; 章伯钧; 张君劢; 周恩来; 马歇尔; 司徒雷登,政协; 马歇尔调处; 第三方面,国民党; 中国共产党; 政治协商会议; 美国国务院; 美国驻华使馆; 行政院; 国民大会,南京; 上海; 满洲,25
1683,1946,"September 20, 1946","张君劢相关材料：Notes on Meeting Between General Marshall and Dr. Stuart at No. 5 Ning Hai Road, Nanking, September 20, 1946, 10:45 a.m.",司徒雷登博士告诉马歇尔将军，周恩来将军在上海发表新闻稿，称如果三人委员会不召开，他将公布过去各次会议纪要。 马歇尔将军说，他认为，如果这一行动发生，那将是周将军试图把谈判失败责任归咎于政府。,person,张君劢,张君劢; 周恩来; 马歇尔; 司徒雷登,马歇尔调处; 民盟,中国民主同盟; 国民党; 中国共产党,南京; 上海,40
1684,1946,1946-01-11,第三方面在国共之间寻求政治空间,** **希腊组建联合政府** 会议——即政治协商会议——的主要任务将是试图调和两大主要政党——中国国民党与中国共产党——之间的分歧，并解决其他重大的国家问题。 会议共有38名代表，其中包括：国民党代表八名，共产党代表七名，青年党代表五名，中国民主同盟代表九名，以及无党派社会贤达九名。,person,张东荪,罗隆基; 张澜; 梁漱溟; 沈钧儒; 黄炎培; 章伯钧; 张君劢; 张东荪,政协; 第三方面; 联合政府; 民盟,中国民主同盟; 国民党; 中国共产党; 青年党; 政治协商会议,重庆; 延安,65
1685,1949,1949-05-02,张东荪相关材料：CHINESE COMMUNIST VIEW CONCERNING THIRD WORLD WAR,中国民主同盟成员张东荪（Chang Tung-sun）从天津致函消息来源，称中共不仅不愿在取得彻底胜利之前结束当前内战，而且他们预期并已准备好应对即将爆发的第三次世界大战。 **注释**： - 原文中的“Beeetants League”应为“Democratic League”的OCR识别错误，根据统一术语表译为“中国民主同盟”。,person,张东荪,张东荪,民盟,中国民主同盟; 中国共产党,天津,40
1686,1949,1949-07-07,北平接触与民盟人士沟通,该同盟在重庆、南京、上海、北平以及海外设有支部，约有200名成员。 1945年，在我党提出建立联合政府的口号以及国民党第六次全国代表大会召开后，该联合会正式公开。,person,张东荪,罗隆基; 张澜; 黄炎培; 章伯钧; 张东荪; 蒋介石,政协; 马歇尔调处; 北平接触; 联合政府; 民盟,中国民主同盟; 国民党; 中国共产党; 政治协商会议,北平; 南京; 重庆; 上海; 香港,85
1687,1949,1949-08-10,北平接触与民盟人士沟通,**中央情报局报告** **信息来源：外国文件或无线电广播** **国家：** 中共控制区 **信息日期：** 1949年 **主题：** 人物志——中国左翼人士 **出版形式：** 日报 **出版地点：** 香港 **页数：** 4 **出版日期：** 1949年5月20日 **语言：** 中文 **本文件包含影响国家防务的信息** **此为未经评估的信息** **来源：** 《华商报》 **新,person,张东荪,罗隆基; 张澜; 沈钧儒; 黄炎培; 章伯钧; 史良; 张东荪; 周恩来,政协; 北平接触; 民盟,中国民主同盟; 国民党; 中国共产党; 政治协商会议,北平; 上海; 香港,85
1688,1949,1949-11-28,北平接触与民盟人士沟通,**机密** **中央情报局报告** **信息来源：** 外国文件或无线电广播 **国家：** 中共 **主题：** 政治 - 传记 **出版地：** 香港 **出版日期：** 1949年10月21日 **语言：** 中文 **信息日期：** 1949年 **分发日期：** 1949年11月 **页数：** 3 **来源：** 《文汇报》 **中央人民政府文化教育委员会** **主任委员：** 郭,person,张东荪,张东荪,北平接触; 民盟,中国民主同盟; 国民党; 中国共产党,北平; 南京; 香港,75
1689,1950,1950-03-22,北平接触与民盟人士沟通,**中国人民政治协商会议全国委员会** 该机构在全国政协闭会期间作为其常设委员会，负责监督政协决议的执行，向中央人民政府提出建议，协助政府动员人民参与国家建设，并指导统一战线工作。 同时，它负责筹备并召集下一届政协全体会议。,person,张东荪,罗隆基; 张澜; 沈钧儒; 黄炎培; 章伯钧; 史良; 张东荪; 周恩来,政协; 北平接触; 民盟,中国民主同盟; 国民党; 中国共产党; 政治协商会议,北平; 南京; 上海; 香港; 天津,65
1690,1947,29 July 1947,张东荪相关材料：Memorandum by Mr. Philip D. Sprouse to General Wedemeyer,以下为今天上午民盟代表（罗隆基、张东荪、黄炎培、章伯钧）结束与阁下会谈后向我表达意见的摘要： 中国唯一的解决办法是实现和平并组成联合政府。 在这种条件下，中国共产党会同意参加联合政府，可能按国民党、共产党、其他少数党派及无党派团体三方各占三分之一的方式组成。,person,张东荪,罗隆基; 黄炎培; 章伯钧; 张东荪; 蒋介石,马歇尔调处; 联合政府; 民盟,中国民主同盟; 国民党; 中国共产党,上海; 满洲,45
1691,1949,"August 31, 1949",北平接触与民盟人士沟通,00B/8-3149：电报［文件586］驻北平总领事柯乐博致国务卿。 北平，1949年8月31日下午5时。,person,张东荪,罗隆基; 张东荪; 周恩来,政协; 北平接触,国民党; 中国共产党; 政治协商会议; 美国国务院; 美国驻北平总领事馆,北平; 南京; 上海; 香港; 满洲,25
1692,1945,"December 26, 1945",围绕政协决议和政府改组的调处,我们的想法是，首先由政治协商会议拟定联合政府方案，联合政府再从实际方面推动召开国民大会，并通过国民大会制定宪法。 我们关于联合政府的想法是实际的。,person,张东荪,张东荪; 马歇尔,政协; 马歇尔调处; 联合政府; 民盟,中国民主同盟; 国民党; 政治协商会议; 国民大会,,75
1693,1949,"January 11, 1949",北平接触与民盟人士沟通,00/1-1149：电报〔文件33〕驻北平总领事（柯乐博）致国务卿。 北平，1949年1月11日下午2时〔1月12日下午12时47分收到〕。,person,张东荪,张东荪,马歇尔调处; 北平接触; 联合政府; 民盟,中国民主同盟; 国民党; 中国共产党; 美国国务院; 美国驻北平总领事馆,北平; 南京; 上海; 天津,70
1694,1947,"January 23, 1947",第三方面在国共之间寻求政治空间,第三方面团体的一些显著表现如下。 民主同盟发言人罗隆基1月21日在上海记者会上表示，民主同盟坚决反对在没有中国共产党参加的情况下改组政府的提议。,person,张东荪,罗隆基; 张澜; 张君劢; 张东荪; 司徒雷登; 蒋介石,政协; 第三方面; 联合政府; 民盟,中国民主同盟; 国民党; 中国共产党; 青年党; 民主社会党; 政治协商会议; 美国国务院,南京; 上海; 华盛顿,80
1695,1949,"July 18, 1949",北平接触与民盟人士沟通,莱顿：电报［文件937］驻北平总领事柯乐博致国务卿。 北平，1949年7月18日中午。,person,张东荪,罗隆基; 张东荪; 司徒雷登,北平接触; 民盟,中国民主同盟; 中国共产党; 美国国务院; 美国驻北平总领事馆,北平; 南京,80
1696,1949,"July 19, 1949",北平接触与民盟人士沟通,00/7-2049：电报 [文件505] 驻北平总领事（柯乐博）致国务卿 北平，1949年7月19日上午9时。 7月17日，应邀会见罗隆基、张东荪、周鲸文和约瑟夫·张。,person,张东荪,罗隆基; 张东荪; 周恩来; 马歇尔; 司徒雷登; 蒋介石,马歇尔调处; 北平接触; 民盟,中国民主同盟; 国民政府; 国民党; 中国共产党; 美国国务院; 美国驻北平总领事馆,北平; 南京; 上海; 天津,80
1697,1949,"July 29, 1949",北平接触与民盟人士沟通,［致北平：］上海总领馆今晨被前海军雇员闯入，这些人拒绝离开，直到其要求得到解决（见上海7月29日致北平第227号电）；他们使用力量阻止人员进出总领馆大楼。 发北平第306号，并转国务院第1651号、上海第918号。,person,张东荪,张东荪; 周恩来; 司徒雷登,北平接触; 民盟,中国民主同盟; 中国共产党; 美国国务院,北平; 南京; 上海,50
1698,1949,"July 3, 1949",北平接触与民盟人士沟通,蔡斯（注81）和托马斯（注82）于星期四晚上与民主同盟领导人韩明进行了一次有意义的谈话；协助安排此次会面的阿莫斯·王先生也参加了。 韩明（与范宣德、斯普鲁斯、弗里曼等外交官战时有过愉快交往，注83、84、85）显然属于民盟内部的亲美温和派；该派系包括罗隆基、张东荪和叶笃义。,person,张东荪,罗隆基; 张东荪,北平接触; 民盟,中国民主同盟; 国民党; 中国共产党; 美国国务院; 美国驻华使馆; 美国驻上海总领事馆,北平; 南京; 上海,80
1699,1949,"June 16, 1949",北平接触与民盟人士沟通,00/6-1649：电报 [文件459] 驻北平总领事（柯乐博）致国务卿 北平，1949年6月16日。 《光明日报》今天报道，中国民主同盟主席张澜及常务委员罗隆基、史良定于6月18日离开上海前往北平；他们抵达北平后，即可确定正在筹备中的第四次全体会议召开日期。,person,张东荪,罗隆基; 张澜; 黄炎培; 史良; 张东荪,北平接触; 民盟,中国民主同盟; 国民党; 美国国务院; 美国驻北平总领事馆,北平; 南京; 上海; 天津,80
1700,1949,"June 18, 1949",北平接触与民盟人士沟通,据报北平还将举行政治协商会议预备会议，我推测陈铭枢等人已北上参加。 （见北平6月9日第644号电，抄国务院第969号、广州第155号。,person,张东荪,张东荪; 司徒雷登,政协; 北平接触; 联合政府; 民盟,中国民主同盟; 中国共产党; 政治协商会议; 美国国务院,北平; 南京; 上海; 沈阳; 华盛顿,70
1701,1949,"June 2, 1949",北平接触与民盟人士沟通,"00/6–249:电讯[文件429] 驻北平(柯乐博)总领事致国务卿北平,1949年6月2日—下午6时[收到6月3日—4日凌晨21时] 928. 81 张东荪之子,民盟北平领袖.",person,张东荪,张东荪; 周恩来,北平接触; 民盟,中国民主同盟; 中国共产党; 美国国务院; 美国驻北平总领事馆,北平; 南京; 上海; 满洲,50
1702,1949,"June 9, 1949",北平接触与民盟人士沟通,00B/6-1040：电报〔文件446〕驻北平总领事（柯乐博）致国务卿。 北平，1949年6月9日下午3时〔6月10日上午9时23分收到〕。,person,张东荪,罗隆基; 张澜; 沈钧儒; 黄炎培; 章伯钧; 张东荪; 周恩来,政协; 北平接触; 联合政府; 民盟,中国民主同盟; 中国共产党; 政治协商会议; 美国国务院; 美国驻北平总领事馆,北平; 南京; 天津,80
1703,1949,"May 28, 1949",北平接触与民盟人士沟通,司徒雷登 注46：柯乐博，驻北平总领事。 注47：张东荪，北平民主同盟领导人。,person,张东荪,张东荪; 司徒雷登,北平接触; 民盟,中国民主同盟; 美国国务院; 美国驻北平总领事馆,北平; 南京; 上海; 华盛顿,50
1704,1948,"November 28, 1948",北平接触与民盟人士沟通,00/11-2849：电报〔文件698〕 驻北平总领事（柯乐博）致国务卿 北平，1948年11月28日下午2时。 他声称不知道根据东北-苏联贸易协定运出的粮食数量和其他业务情况，说没有人见过协定文本，北平也无人知道运出了什么、运进了什么；没有人见过据称从苏联换得的机器，也没有人知道执行协定时商品价值如何确定。,person,张东荪,张东荪,北平接触; 民盟,中国民主同盟; 中国共产党; 美国国务院; 美国驻北平总领事馆,北平; 上海; 满洲,50
1705,1949,"October 1, 1949",北平接触与民盟人士沟通,01/10-149：电报［文件619］驻北平总领事柯乐博致国务卿。 北平，1949年10月1日。,person,张东荪,张澜; 沈钧儒; 黄炎培; 章伯钧; 张东荪; 周恩来; 蒋介石,政协; 北平接触,国民党; 政治协商会议; 美国国务院; 美国驻北平总领事馆,北平; 南京; 上海; 天津,25
1706,1949,"September 27, 1949",北平接触与民盟人士沟通,陶还转达了罗隆基的一个建议：如果美国人避免公开宣布支持中国民主人士，将会有所帮助。 陶又说，原本曾拟设一个由周恩来主持、罗隆基和张东荪参加的外交关系委员会，但白皮书发表后，该计划已被放弃。,person,张东荪,罗隆基; 张东荪; 周恩来,政协; 北平接触,国民党; 中国共产党; 政治协商会议; 美国驻北平总领事馆,北平; 香港,70
1707,1945,19 December 1945,围绕政协决议和政府改组的调处,马歇尔使团档案，Lot 54–D270〔第560号文件〕谢普利先生（注39）致马歇尔将军备忘录。 马歇尔将军： 依据目前所掌握的情报，拜罗德上校（注40）与本人已就中国的政治局势作出一个初步判断。,person,周恩来,张澜; 周恩来; 马歇尔; 蒋介石,政协; 马歇尔调处; 联合政府; 民盟,中国民主同盟; 国民党; 中国共产党; 政治协商会议; 美国驻华使馆; 行政院; 国民大会,南京; 重庆; 延安,80
1708,1944,1944/11/15 ~ 1944/11/15,周恩来相关材料：李健生函蒋中正告以周恩来访沈钧儒张申府等表示国民党系因内外压力而与共党合作认为国民党若不改变态度将难挽回危局,李健生函蒋中正告以周恩来访沈钧儒张申府等表示国民党系因内外压力而与共党合作认为国民党若不改变态度将难挽回危局,person,周恩来,沈钧儒; 周恩来,,国民党,,5
1709,1945,1945-10-05,昆明暗杀事件引发的政治压力与外交关注,他们询问苏联对美国军队在天津和北平地区登陆的立场。,person,周恩来,周恩来; 蒋介石,昆明暗杀; 北平接触,国民党; 中国共产党,昆明; 北平; 重庆; 延安; 满洲; 天津,60
1710,1945,1945-10-10,"周恩来相关材料：Record of Conversation between Soviet Ambassador in China Apollon Petrov and Mao Zedong, Zhou Enlai and Wang Ruofei",**档案来源：** **国际史解密档案** **1945年10月10日** **苏联驻华大使阿波罗·彼得罗夫与毛泽东、周恩来及王若飞会谈记录** **引文：** 『苏联驻华大使阿波罗·彼得罗夫与毛泽东、周恩来及王若飞会谈记录』，1945年10月10日，历史与公共政策项目数字档案，AVPRF：全宗0100，目录40，案卷7，册248，第39-44页。由谢尔盖·拉琴科翻译。 **摘要：** 毛泽东讨论,person,周恩来,周恩来; 蒋介石,,国民党,,25
1711,1945,1945-10-10,"周恩来相关材料：Record of Conversation between Soviet Ambassador in China Apollon Petrov and Mao Zedong, Zhou Enlai and Wang Ruofei","**苏联驻华大使阿波罗·彼得罗夫与毛泽东、周恩来、王若飞谈话记录。1945年10月10日。** 10月10日，因毛泽东即将启程返回延安，我设宴为他饯行。周恩来和王若飞亦应邀出席。我方出席宴会的有：使馆参赞米克拉舍夫斯基同志、武官尼古拉·罗申少将、一等秘书费德林同志和列多夫斯基同志。宴会前后，双方就各种问题进行了交谈。 当我问及毛泽东同志如何评价蒋介石与中共代表之间的谈判结果时，毛泽东答道：""不能说",person,周恩来,周恩来; 蒋介石,,国民党; 中国共产党,重庆; 延安,25
1712,1945,1945-10-10,"周恩来相关材料：Record of Conversation between Soviet Ambassador in China Apollon Petrov and Mao Zedong, Zhou Enlai and Wang Ruofei",毛泽东回答说，中国共产党将为此努力，但并不指望成功。 随后我问及蒋介石从西昌返回后的行为。毛泽东回答说，蒋介石对他的态度明显好转：变得更加客气、温和、迁就，也更加真诚。这次蒋介石同意公布关于谈判初步结果的公报。 毛泽东接着说，在他与蒋介石单独会谈时，蒋介石宣称“国家的命运掌握在我们手中”（即蒋介石和毛泽东手中），并且“如果我们彼此之间无法达成协议，我们将愧对后世子孙”。在同一次谈话中，蒋介石宣称“,person,周恩来,周恩来; 蒋介石,,国民党; 中国共产党,满洲,25
1713,1945,1945/02/02 ~ 1945/02/02,周恩来相关材料：钱大钧等呈蒋中正有关沈钧儒等访周恩来询及中国国民党召开国民大会意见,钱大钧等呈蒋中正有关沈钧儒等访周恩来询及中国国民党召开国民大会意见,person,周恩来,沈钧儒; 周恩来,,国民党; 国民大会,,5
1714,1945,1945/12/04 ~ 1945/12/04,周恩来相关材料：李健生函蒋中正概陈周恩来对郭沫若阳翰笙表示中央政府召开政治协商会议问题谈话,李健生函蒋中正概陈周恩来对郭沫若阳翰笙表示中央政府召开政治协商会议问题谈话,person,周恩来,周恩来,政协,政治协商会议,,20
1715,1946,1946,围绕政协决议和政府改组的调处,马歇尔使团档案，第54-D270卷〔文件309〕 马歇尔将军与俞大维将军会谈记录 南京宁海路5号，1946年12月某日上午11时。 俞大维将军开始会谈时，把一份地图交给马歇尔将军，并说明该图标示了共产党攻击的地点和日期。,person,周恩来,周恩来; 马歇尔; 司徒雷登; 蒋介石,政协; 马歇尔调处; 民盟,中国民主同盟; 中国共产党; 政治协商会议; 行政院; 国民大会,南京; 延安,70
1716,1946,1946-01-11,第三方面在国共之间寻求政治空间,** **希腊组建联合政府** 会议——即政治协商会议——的主要任务将是试图调和两大主要政党——中国国民党与中国共产党——之间的分歧，并解决其他重大的国家问题。 会议共有38名代表，其中包括：国民党代表八名，共产党代表七名，青年党代表五名，中国民主同盟代表九名，以及无党派社会贤达九名。,person,周恩来,罗隆基; 张澜; 梁漱溟; 沈钧儒; 黄炎培; 章伯钧; 张君劢; 张东荪,政协; 第三方面; 联合政府; 民盟,中国民主同盟; 国民党; 中国共产党; 青年党; 政治协商会议,重庆; 延安,65
1717,1946,1946-01-29,周恩来相关材料：China Mail 1946-01-29 · 政协会议召开期间,民盟的罢工导致原定于今日举行的政治协商会议两个小组委员会会议被取消。 **重庆，1月28日** 中国民主同盟在抗议重庆警方搜查其部分成员住宅而退出24小时后，已将其代表派回中国的统一会议。,person,周恩来,周恩来,政协; 民盟,中国民主同盟; 国民党; 中国共产党; 政治协商会议,重庆; 延安,55
1718,1946,1946-02-01,北平接触与民盟人士沟通,其余700个名额将通过提名产生，分配如下：国民党220席，共产党190席，中国民主同盟120席，青年党100席，无党派人士70席。 中国民主同盟发言人引述中共二号人物周恩来的声明称，共产党主席毛泽东可能加入拟议中的各党派联合组成的国务委员会，并在该委员会于南京成立后前往南京。,person,周恩来,周恩来,政协; 马歇尔调处; 北平接触; 民盟,中国民主同盟; 国民党; 中国共产党; 青年党; 政治协商会议; 行政院; 国民大会,北平; 南京; 重庆; 延安; 天津,55
1719,1946,1946-09-21,围绕政协决议和政府改组的调处,马歇尔使团档案，第54-D270卷〔文件107〕 周恩来将军致马歇尔将军备忘录 上海，1946年9月21日。 亲爱的马歇尔将军： 你9月19日OSE 446号备忘录已经收到。,person,周恩来,周恩来; 马歇尔; 司徒雷登,政协; 马歇尔调处; 北平接触; 民盟,中国民主同盟; 国民政府; 国民党; 中国共产党; 政治协商会议,北平; 上海,70
1720,1946,1946-11-12,围绕政协决议和政府改组的调处,马歇尔使团档案，Lot 54-D270〔文件271〕 哈特·考吉上校致马歇尔将军 〔南京〕1946年11月12日。 由张君劢博士领导的民主同盟一组，以及由黄炎培先生领导的一组，大概也会参加；其想法是，他们将以个人身份签名，而不是代表民主同盟。,person,周恩来,黄炎培; 张君劢; 周恩来; 马歇尔; 司徒雷登; 蒋介石,政协; 马歇尔调处; 民盟,中国民主同盟; 中国共产党; 青年党; 政治协商会议; 国民大会,南京; 延安,70
1721,1946,1946/01/10 ~ 1946/01/10,周恩来相关材料：中国共产党代表周恩来于政治协商会议开幕式上致词,中国共产党代表周恩来于政治协商会议开幕式上致词,person,周恩来,周恩来,政协,中国共产党; 政治协商会议,,20
1722,1946,1946/05/22 ~ 1946/05/22,周恩来相关材料：张君劢黄炎培等电蒋中正周恩来毛泽东东北停战协议签字已逾五十余日但战事未已现吁请立刻停战共军撤出且不再进兵长春东北政务委员会进驻当地主持政务等,张君劢黄炎培等电蒋中正周恩来毛泽东东北停战协议签字已逾五十余日但战事未已现吁请立刻停战共军撤出且不再进兵长春东北政务委员会进驻当地主持政务等,person,周恩来,黄炎培; 张君劢; 周恩来,马歇尔调处,,,5
1723,1946,1946/06/12 ~ 1946/06/12,周恩来相关材料：薛藩滋电毛人凤得毛泽东电黄炎培沈钧儒章伯钧梁槎溟谓东北问题和平解决为该党一贯主张兹承电示原则上极表赞同一切当与周恩来面商,薛藩滋电毛人凤得毛泽东电黄炎培沈钧儒章伯钧梁槎溟谓东北问题和平解决为该党一贯主张兹承电示原则上极表赞同一切当与周恩来面商,person,周恩来,沈钧儒; 黄炎培; 章伯钧; 周恩来,,,,5
1724,1946,1946/09/17 ~ 1946/09/17,北平接触与民盟人士沟通,郑介民电蒋中正张家口第五小组被共方扣留我方已提出严重抗议并建议撤回北平，马歇尔谒蒋中正谓周恩来致备忘录三件要求共党与民主同盟须于国民政府委员名单占有十四席方…,person,周恩来,周恩来; 马歇尔,马歇尔调处; 北平接触; 民盟,中国民主同盟; 国民政府,北平,35
1725,1946,1946/10/27 ~ 1946/10/27,周恩来相关材料：皮宗敢电蒋中正明日鲁斯抵南京傅泾波告以马歇尔劝周恩来接受政府条件否则政府用兵共党无法幸胜另民盟谴责马帅失去调人立场并主张折衷方案继续调停等,皮宗敢电蒋中正明日鲁斯抵南京傅泾波告以马歇尔劝周恩来接受政府条件否则政府用兵共党无法幸胜另民盟谴责马帅失去调人立场并主张折衷方案继续调停等,person,周恩来,周恩来; 马歇尔,马歇尔调处; 民盟,中国民主同盟,南京,20
1726,1946,1946/10/27 ~ 1946/10/27,周恩来相关材料：皮宗敢电周宏涛转蒋中正明鲁斯抵京停三四日及闻马歇尔劝周恩来接受政府条件否则我将用兵而民盟甚焦急一部分主张仍提折衷方案继续调停等情,皮宗敢电周宏涛转蒋中正明鲁斯抵京停三四日及闻马歇尔劝周恩来接受政府条件否则我将用兵而民盟甚焦急一部分主张仍提折衷方案继续调停等情,person,周恩来,周恩来; 马歇尔,马歇尔调处; 民盟,中国民主同盟,,20
1727,1947,1947-07-26,第三方面在国共之间寻求政治空间,去年三月底至四月初，中国民主同盟介入调处，提议在满洲建立民主联合政府。 中央政府反对此议，坚称必须先由国军占领满洲，方可建立联合政府。,person,周恩来,张君劢; 周恩来; 蒋介石,政协; 马歇尔调处; 第三方面; 联合政府; 民盟,中国民主同盟; 国民政府; 国民党; 中国共产党; 青年党; 民主社会党; 政治协商会议; 美国驻上海总领事馆; 行政院; 国民大会,南京; 重庆; 上海; 满洲,75
1728,1949,1949-01-10,北平接触与民盟人士沟通,甚至连美国人也在试图与我们建立联系，更不用说许多美国记者（以及英国记者）在香港和从北平[北京]来到我们这里的人，都请求我们允许他们进入解放区看看——我们拒绝了所有人。,person,周恩来,周恩来; 司徒雷登; 蒋介石,北平接触,国民党; 中国共产党,北平; 上海; 香港; 满洲,40
1729,1949,1949-01-10,北平接触与民盟人士沟通,中共的主要要求是：傅作义允许中共军队通过他的部队进入北平，不得破坏城市。 毛泽东预计，攻克天津和消灭被围的杜聿明集团将在1月份进行，而夺取北平则在2月份。,person,周恩来,周恩来; 蒋介石,北平接触,中国共产党,北平; 延安; 天津,40
1730,1949,1949-01-31,北平接触与民盟人士沟通,1949年1月31日 米高扬与毛泽东会谈纪要 摘要：毛泽东讨论联合政府的组建及其最佳时机。 毛泽东讲述了以下内容： **关于联合政府组建的准备工作** 毛泽东说，组建政府的准备工作与清除北平[北京]敌对分子有关，这大约需要三周时间，此后便可在作为恢复后首都的北平组织联合政府。,person,周恩来,周恩来; 蒋介石,北平接触; 联合政府,国民党; 中国共产党,北平; 南京; 上海; 满洲; 天津,60
1731,1949,1949-02-03,周恩来相关材料：Memorandum of Conversation between Anastas Mikoyan and Mao Zedong,**关于国民党与中共谈判中的外国调停问题** 1949年2月3日晚，与毛泽东举行了又一次会谈。参加会谈的有中共中央政治局成员周恩来、刘少奇、任弼时和朱德，以及翻译师哲。我方出席的有伊·瓦·科瓦廖夫和[苏联中国问题专家]叶·弗·科瓦廖夫。 相互问候之后，会谈开始，我首先指出，我们获悉英国、美国和法国主张由它们承担起调停国民党与中共的职能。后来，这些大国不知通过何种途径了解到苏联和中共反对外国调停，它,person,周恩来,周恩来,,国民党; 中国共产党,香港,25
1732,1949,1949-02-03,周恩来相关材料：Memorandum of Conversation between Anastas Mikoyan and Mao Zedong,回到关于建立亚洲国家共产党情报局的问题，毛泽东告知，他们知道暹罗和印度支那的共产党已表示赞成建立这样一个机构。目前，先建立一个由部分亚洲国家（而非全部）共产党代表组成的情报局较为适宜，例如，可由中国、朝鲜、印度支那和菲律宾共产党的代表组成。至于日本共产党，其在共产主义运动中的分量尚不高，况且我们目前与日本共产党人尚无联系。关于日本共产党参与情报局的问题，毛泽东说，应事先与其交换意见并征得其同意。 ,person,周恩来,周恩来,,国民党; 中国共产党,,25
1733,1949,1949-02-04,周恩来相关材料：Memorandum of Conversation between Anastas Mikoyan and Mao Zedong,1949年2月4日，与毛泽东的又一次会晤在中共中央政治局成员周恩来、刘少奇、任弼时、朱德以及翻译师哲的陪同下举行。我方出席的有科瓦廖夫·伊[万]·V.和科瓦廖夫·E.F.。 **民族问题** 我向毛泽东转达，我党中央建议中国共产党在民族问题上不要过度，即不要通过给予少数民族独立地位来行事，以免因共产党接管政权而缩减中国国家的领土。应当给予少数民族自治权，而非独立。 毛泽东对这一建议表示高兴，但从其,person,周恩来,周恩来,,国民党; 中国共产党,,45
1734,1949,1949-02-04,北平接触与民盟人士沟通,毛泽东对科瓦廖夫同志听候他调遣表示感谢，并继续谈话说，当中共中央迁至北平时，我们之间的关系将在两个层面发展——外交层面和党的层面。,person,周恩来,周恩来,北平接触,中国共产党,北平; 重庆; 满洲,60
1735,1949,1949-02-04,周恩来相关材料：Memorandum of Conversation between Anastas Mikoyan and Mao Zedong,未来国民党将被解散，如果目前我们承认它是谈判的一方，它必然会要求在未来的联合政府中占有一席之地。,person,周恩来,周恩来,联合政府,国民党; 中国共产党,满洲,45
1736,1949,1949-02-05,北平接触与民盟人士沟通,他举了和平解决进军北平的例子，在那里傅作义的部队接受了投降条件。,person,周恩来,周恩来,北平接触,国民党; 中国共产党,北平; 南京; 上海,40
1737,1949,1949-04-13,北平接触与民盟人士沟通,他指出，中共代表团（以周恩来同志为首）与国民党代表团（以张治中为首）正在北平进行谈判。 周恩来同志详细介绍了谈判的具体细节，包括双方在战犯名单、军队改编、联合政府组成等问题上的分歧。,person,周恩来,周恩来,北平接触; 联合政府,国民党; 中国共产党,北平; 南京; 上海,40
1738,1949,1949-04-13,周恩来相关材料：Kovalev reports to Stalin on conversation with Mao Zedong,致菲利波夫同志： 兹报告如下： 4月9日，与毛泽东同志进行了长达三小时的会谈，出席者包括中共中央政治局成员朱德同志、周恩来同志和刘少奇同志。 会谈期间，毛泽东同志简要阐述了以下问题： 1. 对中共七届二中全会的工作及其决议的评价。 2. 关于苏联提供的贷款。 3. 关于中国的军事形势及对国民党军队作战的前景。 4. 关于上海市及其特殊性。 5. 关于与国民党代表进行和平谈判的进程。 6. 关于七届,person,周恩来,周恩来,,国民党; 中国共产党,上海,25
1739,1949,1949-04-13,北平接触与民盟人士沟通,关于以北平方式和平解放南京、上海和汉口一事，[我]提请你注意国民党政府和指挥部的某些行为事实： 1. 具体而言，北平至汉口段黄河上的吴川附近一座大桥被毁。,person,周恩来,周恩来,北平接触,国民党; 中国共产党,北平; 南京; 上海,40
1740,1949,1949-04-13,周恩来相关材料：Kovalev reports to Stalin on conversation with Mao Zedong,声称[他们]不会向共产党让步。然而，和平代表团中的某些派系在与共产党会面时（他们彼此隐瞒，执意试图安排这些会面），表现却截然不同，实际上完全同意中共提出的条件。 李宗仁、何应钦、白崇禧的行为也表明，他们一方面害怕蒋介石和美国人，因此公开推行强硬政策；但另一方面，他们又彼此隐瞒，与共产党调情，试图在国民党失败的情况下为自己保留特殊特权。 三、美帝国主义者试图与中共建立联系的企图，不仅体现在他们通过花,person,周恩来,周恩来; 蒋介石,,国民党; 中国共产党,上海; 香港,25
1741,1949,1949-06-03,第三方面在国共之间寻求政治空间,在广东，一位发言人今日表示，政府正严肃关注有关其他国家正在讨论承认中共的报道。 政府可能希望没有任何国家会承认中共政权，也没有任何国家集团能够就中国问题达成共同行动方针。 立法院周一拒绝批准国民党核心圈内年迈的成员居正，其资格审查委员会以决定性投票将其否决。 （中共）接受了中共提出的24项和平条件 （报道）以南京西南145英里处为例，说明如果战争继续，中共将会采取何种行动。 负责军事重组谈判的代表,person,周恩来,周恩来,第三方面,国民党; 中国共产党,南京; 香港,25
1742,1949,1949-07-04,"周恩来相关材料：Report from the Head of the Delegation of the CC of the Chinese Communist Party, 'The Current State of the Chinese Revolution'",海外华侨团体——共计23个组织，正共同筹备此次新政协会议。 目前，新政协筹备委员会业已成立。,person,周恩来,周恩来,政协,中国共产党; 政治协商会议,,40
1743,1949,1949-07-27,周恩来相关材料：Memorandum of Conversation between Liu Shaoqi and Stalin,**1949年 讲话/文件** **标题：刘少奇与斯大林会谈备忘录** **作者：** **日期：1949年7月27日** **来源：**《建国以来刘少奇文稿》（中共中央文献研究室与中央档案馆合编）第1卷（北京，2005年），第40-41页。由David Wolff自中文译出。发表于CWIHP《公报》第16期 **描述：** 斯大林、布尔加宁和维辛斯基为一方，刘少奇、高岗和王稼祥为另一方，讨论中国,person,周恩来,周恩来; 蒋介石,,国民党; 中国共产党,北平; 重庆,25
1744,1949,1949-08-10,北平接触与民盟人士沟通,**中央情报局报告** **信息来源：外国文件或无线电广播** **国家：** 中共控制区 **信息日期：** 1949年 **主题：** 人物志——中国左翼人士 **出版形式：** 日报 **出版地点：** 香港 **页数：** 4 **出版日期：** 1949年5月20日 **语言：** 中文 **本文件包含影响国家防务的信息** **此为未经评估的信息** **来源：** 《华商报》 **新,person,周恩来,罗隆基; 张澜; 沈钧儒; 黄炎培; 章伯钧; 史良; 张东荪; 周恩来,政协; 北平接触; 民盟,中国民主同盟; 国民党; 中国共产党; 政治协商会议,北平; 上海; 香港,85
1745,1949,1949-11-10,北平接触与民盟人士沟通,今年夏天刘少奇率领中国代表团赴莫斯科时，毛泽东本人曾想亲自率团，但当时中共领导层刚刚抵达北平，政府尚未组建，大量组织工作亟待处理，若无毛泽东则无法进行，故其留在了北平。,person,周恩来,周恩来,北平接触,国民党; 中国共产党,北平; 南京; 满洲,40
1746,1949,1949-12-02,北平接触与民盟人士沟通,交通部** * **部长：** * 章伯钧（Zhang Bojun），中国民主同盟成员。 * 李相符（Li Xiangfu），教授，中国民主同盟成员。,person,周恩来,黄炎培; 章伯钧; 史良; 周恩来,北平接触; 民盟,中国民主同盟; 国民党; 中国共产党,北平; 南京; 上海; 香港,55
1747,1949,1949-12-16,周恩来相关材料：Record of conversation between Stalin and Mao Zedong,反对帝国主义侵略。此外，中长铁路也是为中国培养铁路和工业干部的学校。 斯大林同志：撤军并不意味着苏联拒绝援助中国，如果中国需要这种援助的话。事实上，作为共产党人，我们对于在外国领土上驻扎军队，尤其是在友好国家的领土上，感到并不完全自在。在这种情况下，任何人都可以说，如果苏联军队可以驻扎在中国领土上，那么，举例来说，为什么英国军队不能驻扎在香港，或者美国军队不能驻扎在东京呢？ 如果经双方同意，苏联军,person,周恩来,周恩来; 蒋介石,,国民党; 中国共产党,香港,25
1748,1949,1949-12-18,周恩来相关材料：Telegram Mao Zedong to Liu Shaoqi about meeting with Stalin,**1949年 讲话/文件** **标题：致刘少奇电** **作者：毛泽东** **日期：1949年12月18日** **来源：** 参见裴坚章等编，《中华人民共和国外交史》（北京：世界知识出版社，1994年），第17-18页。 **内容描述：** （1）我于16日抵达莫斯科，当晚10时（北京时间）与斯大林会晤两小时。他的态度十分诚恳。所涉及的问题包括和平前景、条约、贷款、台湾以及我的选集出版事宜,person,周恩来,周恩来,,国民党,北平,25
1749,1949,1949-12-24,"周恩来相关材料：Report, Kovalev to Stalin",根据中共中央的数据，全体党员的80%由农民构成。在华东地区，34835个党支部中仅有414个是工厂党支部。在华北地区，党员中工人仅占4.1%，农民占85%。仅山东省党组织中就有超过一万名地主、富农和商人。 就党龄而言，超过一半的中共党员是在日本战败投降后加入的青年共产主义者。在华北地区，54%的党员是在1946年后入党的。 大多数中共党员的总体文化水平极低。在华北地区，60.9%的党员完全是文盲，,person,周恩来,周恩来,,中国共产党,北平; 满洲,25
1750,1949,1949-12-24,"周恩来相关材料：Report, Kovalev to Stalin",最后，就在最近，毛泽东前往莫斯科途中，在天津车站逮捕了数人，在其行李中发现了炸弹及其他爆炸物。 12. 关于外交政策，您曾建议新政府不应拒绝与资本主义国家（包括美国）建立外交关系，前提是这些国家正式放弃对蒋介石及整个国民党政权的军事、经济和政治支持。 尽管英国和美国积极支持并[继续]支持蒋介石，但中共中央领导层直至1949年11月仍抱有幻想，认为这些国家会迅速承认中华人民共和国。 作为这种情绪的反,person,周恩来,周恩来; 蒋介石,,国民党; 中国共产党,上海; 天津,25
1751,1950,1950-03-22,北平接触与民盟人士沟通,**中国人民政治协商会议全国委员会** 该机构在全国政协闭会期间作为其常设委员会，负责监督政协决议的执行，向中央人民政府提出建议，协助政府动员人民参与国家建设，并指导统一战线工作。 同时，它负责筹备并召集下一届政协全体会议。,person,周恩来,罗隆基; 张澜; 沈钧儒; 黄炎培; 章伯钧; 史良; 张东荪; 周恩来,政协; 北平接触; 民盟,中国民主同盟; 国民党; 中国共产党; 政治协商会议,北平; 南京; 上海; 香港; 天津,65
1752,1950,1950-09-12,第三方面在国共之间寻求政治空间,马利克先生说，这…… （注：原文包含大量与主题无关的碎片化信息，如关于南非史末资将军的冗长生平、萧伯纳手术、德国问题、希腊联合政府等，以及明显的OCR噪声和排版混乱。 根据任务要求，已忽略报纸版头、广告、栏目标识及无实质新闻意义的残缺字符块，仅提取并翻译了与“中国政情”及“中国民主同盟”可能相关的核心新闻片段。,person,周恩来,周恩来,马歇尔调处; 第三方面; 联合政府; 民盟,中国民主同盟; 中国共产党; 美国国务院,北平; 香港; 满洲,20
1753,1950,1950-11-09,北平接触与民盟人士沟通,"**中央情报局 · 情报报告** **国家：** 中国 **主题：** 非中共政党在北平的角色 **分发日期：** 1950 年 11 月 9 日 **页数：** 2 （本文件包含涉及美国国防安全的信息，受《间谍法》美国法典第 31 及 32 条及其修正案约束。 北平绝大多数知名自由派人士分属众多小党派之一，其中多数隶属于**中国民主同盟（China Democratic League, CDL，",person,周恩来,黄炎培; 周恩来,政协; 北平接触; 民盟,中国民主同盟; 国民党; 中国共产党; 政治协商会议,北平,75
1764,1946,22 July 1946,昆明暗杀事件引发的政治压力与外交关注,893/7-2246：电报〔文件698〕马歇尔将军致杜鲁门总统。 我也不同意他认为全部责任都在共产党一方的看法，并且我着重谈到昆明和平的民盟教授遭暗杀一事对世界舆论的影响；尤其是有关一个恐怖恐吓自由派人士的组织的传闻，直接指向一位最显著的国民党领导人。,person,周恩来,周恩来; 马歇尔; 司徒雷登; 蒋介石,昆明暗杀; 马歇尔调处; 民盟,中国民主同盟; 国民党; 中国共产党; 行政院,昆明; 南京; 牯岭,70
1765,1946,31 January 1946,围绕政协决议和政府改组的调处,马歇尔使团档案，第54-D270卷：电报〔文件41〕 马歇尔将军致杜鲁门总统 重庆，1946年1月31日。 周将军说，共产党中央执行委员会确认了他在政协中的谈判；他们认为政府扩大本来还可以走得更远，但总体上对各项协议感到满意，因为这些协议打开了中国民主化的大门。,person,周恩来,周恩来; 马歇尔; 蒋介石,政协; 马歇尔调处; 民盟,中国民主同盟; 国民政府; 国民党; 中国共产党; 青年党; 政治协商会议; 行政院; 国民大会,重庆; 延安,70
1766,1946,31 January 1946,围绕政协决议和政府改组的调处,周将军离开后，政府方面的军事代表要求我就军队国家化问题举行最后一次会议。委员长最后的迟疑已经消除，并同意采取以下程序：我已告诉周将军，政府方面已向我说明其提案的大体条件，而我也有自己的看法。如果政治协商会议的事务允许，他计划明天同我讨论此事。随后，我将把他的同意点、反对意见和建议向政府代表概述，并视情况决定我的方案应作何种修改。然后将安排一次正式会议，由两名中国委员交换意见。第一次会议后，我将按需,person,周恩来,周恩来; 马歇尔; 蒋介石,政协; 马歇尔调处,中国共产党; 政治协商会议; 美国国务院,重庆,60
1767,1946,4 May 1946,周恩来相关材料：Memorandum by General Chou En-lai to General Marshall,马歇尔使团文件，编号 Lot 54–D270 [文件第432号] 周恩来将军致马歇尔将军备忘录 南京，1946年5月4日 亲爱的马歇尔将军： 政府拒绝了中国民主同盟和中国共产党关于在东北立即停战的各项提议，并声明在政府军占领长春之前，政府将不就其他任何问题进行协商，这暴露了政府意图进一步扩大东北武装冲突的用心。,person,周恩来,周恩来; 马歇尔,马歇尔调处; 民盟,中国民主同盟; 中国共产党,南京; 延安; 满洲,35
1768,1946,5 June 1946,周恩来相关材料：General Marshall to President Truman,此外，还与宋子文博士、中国民主同盟代表、青年党代表、国民大会五百名代表组成的委员会以及其他各方举行了长时间会议。,person,周恩来,周恩来; 马歇尔; 蒋介石,马歇尔调处; 民盟,中国民主同盟; 中国共产党; 青年党; 国民大会,延安; 满洲,40
1769,1946,5 June 1946,周恩来相关材料：General Marshall to President Truman,今天下午早些时候，我将就延长至十五天一事面见委员长。上述情况主要涉及以下因素：委员长长期缺席，使中共领导人对我态度的公正性产生严重怀疑，加之美国支持政府军等活跃宣传，更助长了这种疑虑。委员长同时坚持，在国共代表意见分歧时，美方军官应拥有最终裁决权，这进一步加深了中共的猜疑，也使我处境微妙。我认为自己能够克服这些困难。供你参考，但希望不要作为新闻稿发布：我方海军舰艇或其他悬挂美国国旗的船只已不再参与,person,周恩来,周恩来; 马歇尔; 蒋介石,马歇尔调处,中国共产党; 美国国务院,延安,25
1770,1946,8 November 1946,围绕政协决议和政府改组的调处,马歇尔使团文件，编号 Lot 54–D270 [文件第252号] 马歇尔将军关于与蒋介石委员长数次会谈的备忘录 [南京，]1946年11月8日。 委员长询问我的看法，我详细描述了前一天上午我与三位中国民主同盟主要领导人的会面情况，[75] 他们正就次日三方（政府、共产党和第三方面）举行非正式会议进行一般性讨论一事向我征求意见。,person,周恩来,周恩来; 马歇尔; 司徒雷登; 蒋介石,政协; 马歇尔调处; 第三方面; 民盟,中国民主同盟; 国民党; 中国共产党; 政治协商会议; 国民大会,南京,70
1771,1946,8 October 1946,围绕政协决议和政府改组的调处,马歇尔使团档案，Lot 54-D270〔文件166〕马歇尔将军和司徒雷登大使公开声明。 10月1日上午，马歇尔将军经共产党代表王炳南先生之手，收到周恩来将军9月30日自上海发来的一份备忘录。,person,周恩来,周恩来; 马歇尔; 司徒雷登; 蒋介石,政协; 马歇尔调处; 民盟,中国民主同盟; 国民政府; 国民党; 中国共产党; 政治协商会议; 国民大会,南京; 上海; 延安,70
1772,1946,"April 27, 1946","周恩来相关材料：Notes of Conference Between General Marshall and General Chou En-lai at House 28, Chungking, April 27, 1946, 10:30 a.m.",马歇尔使团档案，Lot 54-D270〔文件421〕马歇尔将军与周恩来将军会谈记录，重庆28号住宅，1946年4月27日上午10时30分。 周将军表示，民盟代表提出的方案似乎比较表面；主要问题在于铁路控制。,person,周恩来,周恩来; 马歇尔; 蒋介石,马歇尔调处; 民盟,中国民主同盟; 国民政府; 中国共产党,南京; 重庆; 延安; 满洲,55
1773,1946,"April 27, 1946","周恩来相关材料：Notes of Conference Between General Marshall and General Chou En-lai at House 28, Chungking, April 27, 1946, 10:30 a.m.",马歇尔将军问周将军，他是否认为应向蒋介石提到这一点；也就是说，政治委员会改组对任何停火协议是否重要。 周将军说，随着马歇尔将军同蒋介石讨论的发展，此事由马歇尔将军酌定。,person,周恩来,周恩来; 马歇尔; 蒋介石,马歇尔调处,国民政府; 中国共产党; 美国国务院,重庆; 上海; 满洲,45
1774,1946,"April 28, 1946",周恩来相关材料：Draft Prepared by General Marshall for the Immediate Cessation of Hostilities in Manchuria,马歇尔使团文件，编号 Lot 54–D270 [文件423] 马歇尔将军起草的关于立即停止东北敌对行动之草案 32 [重庆，1946年4月28日] 我们，三人委员会，经委员长蒋介石和毛泽东主席批准，就东北局势达成以下协议： a. 32 马歇尔将军的边注：“已提交委员长但未被接受。,person,周恩来,周恩来; 马歇尔; 蒋介石,马歇尔调处; 民盟,中国民主同盟; 国民政府; 中国共产党,重庆; 满洲,35
1775,1946,"April 29, 1946","周恩来相关材料：Minutes of Meeting Between General Marshall and General Chou En-lai, at House 28, Chungking, April 29, 1946, 10:30 a.m.",马歇尔使团档案，Lot 54–D270 [文件第424号] 马歇尔将军与周恩来将军会谈纪要，重庆28号宅邸，1946年4月29日上午10时30分 重庆，1946年4月29日上午10时30分。 马歇尔将军首先告知周恩来将军，他将在未来数日内协助50名中共重要人员迁往南京，并提议在中共建立无线电通讯期间，可暂用美军信号通讯（使用中文密码）。,person,周恩来,周恩来; 马歇尔; 蒋介石,马歇尔调处; 民盟,中国民主同盟; 国民政府; 中国共产党; 美国国务院,南京; 重庆; 延安; 满洲,55
1776,1945,"April 30, 1945",周恩来相关材料：The Ambassador in China (Hurley) to the Secretary of State,较著名的非国民党成员包括毛泽东、周恩来、邓颖超（周恩来夫人）、林祖涵、董必武（共产党）；李璜、左舜生（青年党）；张君劢、张澜（国家社会党）；以及于斌主教、胡适、晏阳初（无党派）。,person,周恩来,张澜; 张君劢; 周恩来,,国民党; 中国共产党; 青年党; 美国国务院; 国民大会,重庆,10
1777,1946,"August 10, 1946",围绕政协决议和政府改组的调处,马歇尔使团文件，编号 Lot 54–D270 [文件第748号] 马歇尔将军、周恩来将军与司徒雷登博士会谈纪要 地点：南京宁海路5号 时间：1946年8月10日上午10时40分 周恩来将军：关于谈判事宜，昨日司徒雷登博士向我通报了当前局势。 如果委员长提出的要求——即共产党从陇海铁路以南的苏北地区、山东、山西、热河各省以及东北，加上北平-天津-山海关铁路沿线邻近区域撤出——不被共产党接受，那么战火,person,周恩来,周恩来; 马歇尔; 司徒雷登; 蒋介石,政协; 马歇尔调处; 北平接触; 民盟,中国民主同盟; 国民政府; 国民党; 中国共产党; 政治协商会议; 国民大会,北平; 南京; 上海; 满洲; 天津; 牯岭,70
1778,1946,"August 10, 1946","周恩来相关材料：Minutes of Meeting Between General Marshall, General Chou En-lai, and Dr. Stuart at No. 5 Ning Hai Road, Nanking, August 10, 1946, 10:40 a.m.",马歇尔将军：看来这就是我们今天上午所能做的全部。,person,周恩来,周恩来; 马歇尔; 司徒雷登,马歇尔调处,国民党; 中国共产党,南京; 延安,45
1779,1946,"August 16, 1946","周恩来相关材料：Notes of Meeting of General Marshall With Generalissimo Chiang Kai-shek at Kuling, August 16, 1946",马歇尔使团档案，Lot 54-D270［文件22］马歇尔将军与蒋介石委员长在牯岭会谈记录，1946年8月16日。 他说，他觉得共产党现在正同苏联政府密切配合，不会认真执行任何可能达成的组织联合政府安排；即使发布正式停止敌对行动命令，政府也无法确信他们会停止战斗。,person,周恩来,周恩来; 马歇尔; 司徒雷登; 蒋介石,马歇尔调处; 联合政府; 民盟,中国民主同盟; 中国共产党,南京; 重庆; 满洲; 牯岭,35
1780,1946,"August 22, 1946",围绕政协决议和政府改组的调处,马歇尔使团档案，Lot 54-D270〔文件34〕马歇尔将军与宋子文博士会谈纪要，南京宁海路5号，1946年8月22日上午10时。 马歇尔将军说，司徒雷登博士曾同周将军会谈，讨论司徒雷登博士关于国务委员会代表名额的原始提案。,person,周恩来,周恩来; 马歇尔; 司徒雷登; 蒋介石,政协; 马歇尔调处,国民政府; 中国共产党; 政治协商会议; 行政院,南京,55
1781,1946,"August 22, 1946","周恩来相关材料：Minutes of Conference Between General Marshall and Dr. T. V. Soong at No. 5 Ning Hai Road, Nanking, August 22, 1946, 10 a.m.",委员长评论说，共产党此前曾拒绝提名其参加国务委员会的人选；但马歇尔将军告诉委员长，共产党已经改变看法。 委员长询问马歇尔将军从何处得到这一消息。,person,周恩来,周恩来; 马歇尔; 司徒雷登; 蒋介石,马歇尔调处; 民盟,中国民主同盟; 中国共产党,南京; 满洲; 牯岭,60
1782,1946,"August 27, 1946",围绕政协决议和政府改组的调处,马歇尔使团档案，Lot 54-D270〔文件46〕 马歇尔将军与蒋介石在牯岭会谈纪要 牯岭，1946年8月27日中午。 随后他提到周恩来将军和民主同盟代表最近发表的公开声明，其大意是要求下令停火并重新召开政治协商会议。,person,周恩来,周恩来; 马歇尔; 司徒雷登; 蒋介石,政协; 马歇尔调处; 民盟,中国民主同盟; 中国共产党; 政治协商会议,牯岭,70
1783,1946,"August 27, 1946",围绕政协决议和政府改组的调处,我告诉委员长，我没有见到、因而也没有研究周将军和民主同盟代表最近发表的公开声明；但在我看来，他们的愿望很可能与其说是重新召开政协，不如说是要求明确承认对政协决议的承诺。 我说，前一个小组为讨论江苏地方政府问题而成立时，周将军坚持，无论达成什么协议，在形式上都应由政协指导委员会确认。,person,周恩来,周恩来; 马歇尔; 司徒雷登; 蒋介石,政协; 马歇尔调处; 民盟,中国民主同盟; 国民政府; 中国共产党; 青年党; 政治协商会议,南京; 满洲; 天津; 牯岭,75
1784,1946,"August 28, 1946",围绕政协决议和政府改组的调处,"马歇尔使团档案, Lot 54–D270 [文件47] 马歇尔将军和俞大维将军在南京宁海路5号的会谈纪要摘录 1946年8月28日 上午9:45 南京 1946年8月28日9:45 余将军：将军指示我与你们讨论最近与将军讨论的一切事宜,以及他最近对宋子文博士的指示. 马歇尔将军（按：原文此处为蒋介石委员长）:将军昨天作了初步发言,似乎解决了一切问题;事实上,这完全符合周将军几个月来作为他的建议所提",person,周恩来,周恩来; 马歇尔; 司徒雷登; 蒋介石,政协; 马歇尔调处; 民盟,中国民主同盟; 国民政府; 国民党; 中国共产党; 政治协商会议; 美国国务院,南京; 满洲; 牯岭,70
1785,1949,"August 31, 1949",北平接触与民盟人士沟通,00B/8-3149：电报［文件586］驻北平总领事柯乐博致国务卿。 北平，1949年8月31日下午5时。,person,周恩来,罗隆基; 张东荪; 周恩来,政协; 北平接触,国民党; 中国共产党; 政治协商会议; 美国国务院; 美国驻北平总领事馆,北平; 南京; 上海; 香港; 满洲,25
1786,1946,"August 8, 1946",昆明暗杀事件引发的政治压力与外交关注,马歇尔使团档案，第54-D270卷〔文件742〕 蒋介石委员长与马歇尔将军会谈记录 中国牯岭，1946年8月8日下午。 马歇尔将军说，他推迟到今天才返回南京，是为了等待司徒雷登博士从南京星期二晚间同周恩来将军会谈后返回并提交详细报告；司徒雷登在那次会谈中转达了委员长关于停止敌对行动的各项规定。,person,周恩来,周恩来; 马歇尔; 司徒雷登; 蒋介石,昆明暗杀; 政协; 马歇尔调处; 民盟,中国民主同盟; 国民政府; 国民党; 中国共产党; 政治协商会议; 美国国务院; 美国驻昆明领事馆,昆明; 南京; 满洲; 牯岭,70
1787,1946,"December 1, 1946",围绕政协决议和政府改组的调处,马歇尔使团档案，Lot 54-D270［文件303］马歇尔将军与巴特沃思先生会谈纪要，南京马歇尔将军官邸，1946年12月1日上午11时。 马歇尔将军开场说，他将会见委员长，并认为委员长要求此次会见的理由将涉及新宪法，或以新宪法为基础。,person,周恩来,周恩来; 马歇尔; 司徒雷登; 蒋介石,政协; 马歇尔调处; 民盟,中国民主同盟; 中国共产党; 政治协商会议; 行政院,南京; 延安,50
1788,1946,"December 12, 1946","周恩来相关材料：Notes on Meeting Between General Marshall and General C. P. Lee at No. 5 Ning Hai Road, Nanking, December 12, 1946, 11 a.m.",马歇尔使团档案，第54-D270卷〔文件327〕 马歇尔将军与李宗仁将军会谈记录 南京宁海路5号，1946年12月12日上午11时。 李将军告诉马歇尔将军，有报纸报道说，司徒雷登博士或马歇尔将军将陪同两名政府代表前往延安。,person,周恩来,罗隆基; 周恩来; 马歇尔; 司徒雷登; 蒋介石,马歇尔调处; 联合政府; 民盟,中国民主同盟; 国民党; 中国共产党; 行政院; 国民大会,南京; 延安,65
1789,1946,"December 18, 1946",围绕政协决议和政府改组的调处,马歇尔使团档案，Lot 54-D270 [文件334] 马歇尔将军与罗隆基博士会谈纪要 地点：南京宁海路5号 时间：1946年12月18日上午10时 罗隆基博士说，他明天将前往上海，民主同盟将在那里召开会议，以规划今后的党务活动。 他问马歇尔将军能否给民主同盟一些建议。,person,周恩来,罗隆基; 周恩来; 马歇尔; 司徒雷登,政协; 马歇尔调处; 联合政府; 民盟,中国民主同盟; 国民政府; 国民党; 中国共产党; 政治协商会议; 行政院; 国民大会,南京; 上海; 延安; 满洲,80
1790,1946,"December 21, 1946",围绕政协决议和政府改组的调处,马歇尔使团档案，Lot 54-D270 [文件343] 马歇尔将军与周谦冲教授会谈纪要 地点：南京 时间：1946年12月21日上午11时 周教授说，他前一天曾同董必武先生会谈。 周教授询问后，董先生表示，中共仍认为马歇尔将军是公正的，仍希望由他调停。,person,周恩来,罗隆基; 张君劢; 周恩来; 马歇尔; 司徒雷登; 蒋介石,政协; 马歇尔调处; 北平接触; 联合政府; 民盟,中国民主同盟; 国民政府; 国民党; 中国共产党; 青年党; 民主社会党; 政治协商会议; 国民大会,北平; 南京; 上海; 延安,80
1791,1946,"December 31, 1946",第三方面在国共之间寻求政治空间,"马歇尔使团档案, Lot 54–D270 [Document 357] 马歇尔将军,吴之椿教授和孙坦林先生在南京宁哈尔路5号的会谈记录,1946年12月31日5时30分南京,1946年12月31日5时30分教授 吴,为孙先生解说,孙先生曾任内务府大臣,吴佩孚先生的亲信,45岁孙先生严格为非党,对中国人民最敬重. 他希望马歇尔将军能对中国的未来发表意见.",person,周恩来,周恩来; 马歇尔; 蒋介石,马歇尔调处; 第三方面; 民盟,中国民主同盟; 国民党; 中国共产党,北平; 南京; 上海,35
1792,1948,"December 6, 1948",第三方面在国共之间寻求政治空间,若干消息来源，包括中国民主同盟的周鲸文、国民党革命委员会的李某，以及《新生晚报》的李孟，称中共已决定扩大人民政治协商会议，使其包括来自整个中共控制区的“选出”代表。 这样，政协将不再是一个人数较少的机构；此前估计人数从70人到200人不等，现在则将包括约一千多名代表。,person,周恩来,罗隆基; 沈钧儒; 章伯钧; 周恩来; 蒋介石,政协; 第三方面; 联合政府; 民盟,中国民主同盟; 国民党; 中国共产党; 政治协商会议; 美国国务院; 行政院,南京; 香港; 满洲,80
1793,1946,"December 7, 1946",围绕政协决议和政府改组的调处,马歇尔使团档案，Lot 54-D270［文件316］马歇尔将军与 C. 李将军告诉马歇尔将军，他昨天上午拜访了董必武先生。,person,周恩来,罗隆基; 张君劢; 周恩来; 马歇尔; 司徒雷登; 蒋介石,政协; 马歇尔调处; 联合政府; 民盟,中国民主同盟; 国民政府; 国民党; 中国共产党; 政治协商会议; 国民大会,南京; 延安,60
1794,1946,"February 23, 1946",周恩来相关材料：The Counselor of Embassy in China (Smyth) to the Secretary of State,游行学生通过后，约一百名暴徒组成的一群人捣毁了共产党《新华日报》和民主同盟《民主日报》的办公处。 最可靠的消息显示，学生并不应对暴力负责；示威被不满的国民党分子，如CC系，加以利用，以攻击政协协议支持者，并通过插入国家安全问题来转移人们对破坏政协方案执行行为的注意。,person,周恩来,周恩来,政协; 民盟,中国民主同盟; 国民党; 中国共产党; 政治协商会议; 美国国务院; 美国驻华使馆,重庆; 延安; 满洲,70
1795,1949,"February 26, 1949",北平接触与民盟人士沟通,00/2-2649：电报［文件180］驻北平总领事柯乐博致国务卿。 北平，1949年2月26日。,person,周恩来,沈钧儒; 章伯钧; 周恩来,北平接触,中国共产党; 美国国务院; 美国驻北平总领事馆,北平; 南京; 上海; 沈阳; 满洲,15
1796,1946,"January 24, 1946",围绕政协决议和政府改组的调处,马歇尔使团档案，Lot 54-D270〔文件74〕马歇尔将军与张群将军会谈纪要，重庆28号住宅，1946年1月24日上午11时。 张将军还说，民主同盟提出了一项方案，包括：一，统一的国家化军队；二，大规模复员，并设立一个各党均有代表参加的计划委员会来负责整编。,person,周恩来,周恩来; 马歇尔; 蒋介石,政协; 马歇尔调处; 民盟,中国民主同盟; 国民政府; 中国共产党; 青年党; 政治协商会议; 国民大会,重庆,70
1797,1949,"January 3, 1949",北平接触与民盟人士沟通,以下是本总领馆一名官员最近同罗隆基密切的民主同盟人士叶笃义进行一般谈话时，叶氏较有意思谈话内容的摘要： 1. 中国共产党坚决反对任何把李宗仁留在联合政府中的妥协安排；除张治中和邵力子外，几乎所有南京高级官员也同样不被接受。,person,周恩来,罗隆基; 张澜; 黄炎培; 周恩来; 蒋介石,政协; 第三方面; 北平接触; 联合政府; 民盟,中国民主同盟; 国民党; 中国共产党; 政治协商会议; 美国国务院; 美国驻上海总领事馆,北平; 南京; 上海; 香港; 满洲; 华盛顿,80
1798,1947,"January 7, 1947",第三方面在国共之间寻求政治空间,马歇尔使团档案，Lot 54-D270 [文件370] 马歇尔将军与 C. 李将军告诉马歇尔，他刚从上海返回，曾拜访许多民主同盟成员和无党派人士。,person,周恩来,罗隆基; 张澜; 周恩来; 马歇尔; 蒋介石,马歇尔调处; 第三方面; 民盟,中国民主同盟; 国民党; 中国共产党,南京; 上海; 延安; 满洲,65
1799,1946,"July 11, 1946",围绕政协决议和政府改组的调处,马歇尔使团档案，Lot 54-D270 [文件663] 马歇尔将军与俞大维将军会谈纪要，1946年7月11日上午9时，南京宁海路5号。 ” 马歇尔表示，局势似乎很危急，但眼前问题的答案在于政府和共产党代表特别会议能否取得结果。,person,周恩来,罗隆基; 周恩来; 马歇尔; 蒋介石,政协; 马歇尔调处; 民盟,中国民主同盟; 国民政府; 国民党; 中国共产党; 政治协商会议,南京; 上海,80
1800,1949,"July 12, 1949",北平接触与民盟人士沟通,随后，中华全国妇女联合会领导人，包括周恩来夫人和冯玉祥夫人、国民党革命委员会主席李济深以及民主同盟领导人，分别于6月6日给她发出三封电报，祝贺她迎来上海解放和共同“自由与民主”目标的接近实现，表示对她的高度敬重，并暗示希望在北平恢复同她的个人交往。 公开说法是为就医，但两个可靠消息来源称，其目的在于说服宋庆龄女士前往北平参加政协筹备会议。,person,周恩来,周恩来; 蒋介石,政协; 北平接触; 民盟,中国民主同盟; 国民党; 中国共产党; 政治协商会议; 美国国务院; 美国驻上海总领事馆,北平; 南京; 上海; 香港,50
1801,1946,"July 16, 1946",昆明暗杀事件引发的政治压力与外交关注,马歇尔使团档案，Lot 54-D270〔文件679〕周恩来将军致马歇尔将军备忘录。 亲爱的马歇尔将军： 我到上海后，认识到陈立夫特务人员的压迫，比我在南京时想象的严重得多。,person,周恩来,周恩来; 马歇尔; 司徒雷登; 蒋介石,昆明暗杀; 政协; 马歇尔调处; 民盟,中国民主同盟; 国民党; 中国共产党; 政治协商会议,南京; 上海,70
1802,1946,"July 17, 1946",昆明暗杀事件引发的政治压力与外交关注,马歇尔使团档案，Lot 54-D270 [文件682] 马歇尔将军与周恩来将军会谈纪要，1946年7月17日上午10时45分，南京宁海路5号。 马歇尔将军：我想先问你一个问题。,person,周恩来,罗隆基; 沈钧儒; 史良; 周恩来; 马歇尔; 司徒雷登; 蒋介石,昆明暗杀; 政协; 马歇尔调处; 民盟,中国民主同盟; 国民党; 中国共产党; 政治协商会议; 美国驻华使馆; 行政院,昆明; 南京; 重庆; 上海; 成都,80
1803,1946,"July 17, 1946","周恩来相关材料：Minutes of Meeting Between General Marshall and General Chou En-lai at No. 5 Ning Hai Road, Nanking, July 17, 1946, 10:45 a.m.",马歇尔将军：你昨天提到汤恩伯将军的命令，其中规定部队应于7月14日就位，以便15日发起进攻。 马歇尔将军：请你给我一份该命令副本，以便我酌情使用。,person,周恩来,周恩来; 马歇尔,马歇尔调处,国民党; 中国共产党,南京,45
1804,1946,"July 18, 1946",昆明暗杀事件引发的政治压力与外交关注,马歇尔使团档案，Lot 54-D270〔文件687〕 马歇尔将军与俞大维将军会谈纪要 南京，宁海路5号，1946年7月18日上午11时30分。 马歇尔将军向俞大维出示了一幅由共产党代表团制作的江苏省态势图。,person,周恩来,周恩来; 马歇尔,昆明暗杀; 马歇尔调处; 民盟,中国民主同盟; 国民政府; 中国共产党,昆明; 南京,70
1805,1949,"July 19, 1949",北平接触与民盟人士沟通,00/7-2049：电报 [文件505] 驻北平总领事（柯乐博）致国务卿 北平，1949年7月19日上午9时。 7月17日，应邀会见罗隆基、张东荪、周鲸文和约瑟夫·张。,person,周恩来,罗隆基; 张东荪; 周恩来; 马歇尔; 司徒雷登; 蒋介石,马歇尔调处; 北平接触; 民盟,中国民主同盟; 国民政府; 国民党; 中国共产党; 美国国务院; 美国驻北平总领事馆,北平; 南京; 上海; 天津,80
1806,1946,"July 26, 1946",昆明暗杀事件引发的政治压力与外交关注,马歇尔使团文件，Lot 54–D270 [文件706] 马歇尔将军与周恩来将军在南京宁海路5号会谈记录，1946年7月26日上午10时15分 南京，1946年7月26日上午10时15分 周恩来将军：非常感谢您提供的交通便利。 马歇尔将军：我发出询问电文是因为我急于请您回来，以便我们能与司徒雷登博士讨论当前局势。,person,周恩来,周恩来; 马歇尔; 司徒雷登; 蒋介石,昆明暗杀; 政协; 马歇尔调处; 民盟,中国民主同盟; 国民政府; 国民党; 中国共产党; 政治协商会议; 行政院,昆明; 南京; 上海; 满洲; 牯岭,70
1807,1949,"July 29, 1949",北平接触与民盟人士沟通,"00/7-2949:电讯[962号文件] 驻北平总领事(柯乐博)致国务卿北平,1949年7月29日——下午5时[收到7月29日——下午2时59分]1263. 注意罗隆基的领先问题(参见总领事馆电 1195, July 19 [20]) 40.",person,周恩来,罗隆基; 周恩来,北平接触,中国共产党; 美国国务院; 美国驻北平总领事馆,北平; 南京; 沈阳; 华盛顿,25
1808,1949,"July 29, 1949",北平接触与民盟人士沟通,［致北平：］上海总领馆今晨被前海军雇员闯入，这些人拒绝离开，直到其要求得到解决（见上海7月29日致北平第227号电）；他们使用力量阻止人员进出总领馆大楼。 发北平第306号，并转国务院第1651号、上海第918号。,person,周恩来,张东荪; 周恩来; 司徒雷登,北平接触; 民盟,中国民主同盟; 中国共产党; 美国国务院,北平; 南京; 上海,50
1809,1946,"July 30, 1946",昆明暗杀事件引发的政治压力与外交关注,马歇尔使团档案，第54-D270卷：电报〔文件716〕 马歇尔将军致杜鲁门总统 〔南京，〕1946年7月30日。 与此同时，民主同盟两名大学教授在昆明被暗杀，以及上海同类人士遭秘密警察严密监视，引起极大震动，并使自由派人士产生一种感觉：政府正在采用恐怖手段镇压任何口头或文字形式的反对意见。,person,周恩来,周恩来; 马歇尔; 司徒雷登; 蒋介石,昆明暗杀; 马歇尔调处; 第三方面; 北平接触; 联合政府; 民盟,中国民主同盟; 国民政府; 国民党; 中国共产党; 美国国务院,昆明; 北平; 南京; 上海; 满洲; 天津; 牯岭,70
1810,1946,"July 8, 1946",北平接触与民盟人士沟通,马歇尔使团档案，Lot 54-D270〔文件648〕 马歇尔将军与周恩来将军会谈纪要 南京，宁海路5号，1946年7月8日下午4时。 马歇尔将军：我从电话中得知，为解决地方民政问题而举行的会议几乎没有取得什么成果。,person,周恩来,周恩来; 马歇尔,马歇尔调处; 北平接触,国民政府; 国民党; 中国共产党,北平; 南京,55
1811,1946,"July 8, 1946",围绕政协决议和政府改组的调处,马歇尔将军：我会转达周将军的信息，让他的人下来。 马歇尔将军：我想先就周将军的发言作一点评论。,person,周恩来,周恩来; 马歇尔; 蒋介石,政协; 马歇尔调处,中国共产党; 政治协商会议,南京,60
1812,1946,"July 8, 1946","周恩来相关材料：Minutes of Meeting Between General Marshall and General Chou En-lai at No. 5 Ning Hai Road, Nanking, July 8, 1946, 4 p.m.",我的建议是：第一，削减共产党军队兵力；第二，关于难民问题，在各县组织委员会处理此事；第三，地方行政问题将在正式停战之后，或在政府改组为联合政府之后加以理顺。 马歇尔将军：我的理解是否正确，即这些谈判已经结束？ 周将军：这是我的理解。,person,周恩来,周恩来; 马歇尔; 蒋介石,马歇尔调处; 联合政府; 民盟,中国民主同盟; 中国共产党,南京; 上海; 延安,60
1813,1946,"July 8, 1946",围绕政协决议和政府改组的调处,马歇尔将军：在我看来，如果我们不触及地方政府问题，就会立即面临一种局面：共产党撤出后，政府会马上替换当地政府。 王博士承认，政协中确有这样的规定；因此，行政事务可以留待政府改组为联合政府之前或之后作整体解决。,person,周恩来,周恩来; 马歇尔; 蒋介石,政协; 马歇尔调处; 联合政府,中国共产党; 政治协商会议,南京,60
1814,1946,"July 9, 1946",围绕政协决议和政府改组的调处,马歇尔使团档案，Lot 54–D270〔第658号文件〕马歇尔将军、王（世杰）部长、邵（力子）先生与陈（诚）将军在外交部会谈记录，1946年7月9日下午3时。 他指出，政府并未要求中共在共军即将撤出的所有地区一并放弃地方行政权和军事控制权；除上述四个具体地区外，凡中共撤出地区的地方行政问题，均交由政治协商会议或政协综合小组讨论解决。,person,周恩来,罗隆基; 周恩来; 马歇尔; 蒋介石,政协; 马歇尔调处; 民盟,中国民主同盟; 中国共产党; 政治协商会议,南京; 上海; 延安; 满洲,80
1815,1946,"June 1, 1946",北平接触与民盟人士沟通,马歇尔使团档案，第54-D270卷〔文件494〕 马歇尔将军与罗隆基博士会谈记录 马歇尔将军寓所，1946年6月1日上午10时。 马歇尔将军告诉罗博士，由于委员长不在，要达成解决办法很困难；通过无线电通信进行谈判也非常困难。,person,周恩来,罗隆基; 周恩来; 马歇尔; 蒋介石,马歇尔调处; 北平接触; 民盟,中国民主同盟; 国民政府; 国民党; 中国共产党; 青年党,北平; 重庆; 延安; 满洲,80
1816,1946,"June 14, 1946",北平接触与民盟人士沟通,马歇尔使团档案，Lot 54-D270〔文件549〕 马歇尔将军与周恩来将军会谈纪要 1946年6月14日上午11时10分。 马歇尔将军开场告诉周恩来将军，他已同俞大维将军谈过交通通信问题，也谈到准备若干文件的问题。,person,周恩来,周恩来; 马歇尔,马歇尔调处; 北平接触,国民政府; 国民党; 中国共产党,北平; 满洲,55
1817,1946,"June 14, 1946",北平接触与民盟人士沟通,马歇尔将军同意，当前局势很严重。 谈到同北平，特别是同东北建立联系，周将军说，他不久前曾告诉拜罗德将军，希望拜罗德抵达长春后二三天内前往哈尔滨，同那里的共产党负责人建立联系。,person,周恩来,周恩来; 马歇尔; 蒋介石,马歇尔调处; 北平接触,中国共产党,北平; 南京; 延安; 沈阳; 满洲; 天津,60
1818,1946,"June 14, 1946","周恩来相关材料：Minutes of Meeting Between General Marshall and General Chou En-lai, June 14, 1946, 11:10 a.m.",马歇尔将军问周将军是否可以接受这一点。 周将军请马歇尔将军评价，在目前意见分歧情况下达成协议的可能性。,person,周恩来,周恩来; 马歇尔; 蒋介石,马歇尔调处,国民党; 中国共产党,满洲,45
1819,1946,"June 14, 1946","周恩来相关材料：Minutes of Meeting Between General Marshall and General Chou En-lai, June 14, 1946, 11:10 a.m.",现在他同马歇尔将军之间有两个数字：他提到五个，马歇尔将军说三个。 马歇尔将军曾同意这些建议，尽管委员长未予接受。,person,周恩来,周恩来; 马歇尔; 蒋介石,马歇尔调处; 民盟,中国民主同盟; 国民党; 中国共产党; 青年党,满洲,60
1820,1946,"June 14, 1946",围绕政协决议和政府改组的调处,马歇尔将军似乎不愿接受这一建议，但周将军认为仍可考虑。 由于马歇尔将军不想卷入政治事务，可以采取相当迂回的办法。,person,周恩来,周恩来; 马歇尔; 蒋介石,政协; 马歇尔调处; 联合政府,政治协商会议,满洲,60
1821,1946,"June 17, 1946",北平接触与民盟人士沟通,马歇尔使团档案，Lot 54-D270 [文件562] 马歇尔将军同罗隆基博士、张君劢博士会谈纪要，1946年6月17日下午5时30分，马歇尔将军寓所。 马歇尔说，现场小组不能把事项直接提交三人小组，因为那样耗时太久。,person,周恩来,罗隆基; 张君劢; 周恩来; 马歇尔; 蒋介石,马歇尔调处; 第三方面; 北平接触; 民盟,中国民主同盟; 中国共产党,北平; 南京,80
1822,1946,"June 18, 1946",北平接触与民盟人士沟通,马歇尔使团档案，Lot 54–D270 [文件第566号] 马歇尔将军与周恩来将军会谈记录 南京宁海路5号，1946年6月18日上午11时15分 马歇尔将军表示，他有两件事要谈。 马歇尔将军将中文副本交给周将军，并要求在两三天内归还。,person,周恩来,周恩来; 马歇尔; 蒋介石,马歇尔调处; 北平接触; 民盟,中国民主同盟; 国民党; 中国共产党,北平; 南京; 延安; 沈阳; 满洲; 天津,70
1823,1946,"June 18, 1946","周恩来相关材料：Minutes of Meeting Between General Marshall, General Hsu Yung-chang and General Yu Ta-wei at 5 Ning Hai Road, Nanking, June 18, 1946, 4:40 p.m.",马歇尔将军说，政府通过这一妥协获得的利益，超过拟议安排可能带来的不利。 马歇尔将军在地图上指出该省北纬46度线。,person,周恩来,周恩来; 马歇尔; 蒋介石,马歇尔调处,中国共产党,南京; 延安; 满洲,25
1824,1946,"June 18, 1946","周恩来相关材料：Minutes of Meeting Between General Marshall, General Hsu Yung-chang and General Yu Ta-wei at 5 Ning Hai Road, Nanking, June 18, 1946, 4:40 p.m.",马歇尔将军说，他不知道；他本来希望周恩来今天两点钟动身。 他说，周将军并未提出回延安，但他（马歇尔）认为周将军今天两点就应启程。,person,周恩来,周恩来; 马歇尔; 蒋介石,马歇尔调处,中国共产党,南京; 延安; 天津,25
1825,1946,"June 18, 1946","周恩来相关材料：Minutes of Meeting Between General Marshall, General Hsu Yung-chang and General Yu Ta-wei at 5 Ning Hai Road, Nanking, June 18, 1946, 4:40 p.m.","马歇尔将军说,他认为这样做的唯一办法就是在文件草案中有一个华北附件. 他说他以为他们提出了最重要的东西 他接着说,将军指示他问马歇尔将军的想法,但这是一个整体计划,不是讨价还价的计划。",person,周恩来,周恩来; 马歇尔; 蒋介石,马歇尔调处; 民盟,中国民主同盟; 中国共产党,南京; 延安; 满洲,40
1826,1946,"June 18, 1946","周恩来相关材料：Minutes of Meeting Between General Marshall, General Hsu Yung-chang and General Yu Ta-wei at 5 Ning Hai Road, Nanking, June 18, 1946, 4:40 p.m.",马歇尔将军说，他认为共产党不会同意。 马歇尔进一步解释说，这些并不是“他的”提议；它们“必须”是政府的提议，而不是“他的”提议。,person,周恩来,周恩来; 马歇尔; 蒋介石,马歇尔调处,中国共产党,南京,25
1827,1949,"June 2, 1949",北平接触与民盟人士沟通,"00/6–249:电讯[文件429] 驻北平(柯乐博)总领事致国务卿北平,1949年6月2日—下午6时[收到6月3日—4日凌晨21时] 928. 81 张东荪之子,民盟北平领袖.",person,周恩来,张东荪; 周恩来,北平接触; 民盟,中国民主同盟; 中国共产党; 美国国务院; 美国驻北平总领事馆,北平; 南京; 上海; 满洲,50
1828,1946,"June 21, 1946",第三方面在国共之间寻求政治空间,马歇尔使团档案，Lot 54–D270［文件第 579 号］ 马歇尔将军与罗隆基博士、张君劢博士会谈纪要 地点：马歇尔将军官邸 时间：1946 年 6 月 21 日上午 8 时 20 分 罗隆基表示，他与张君劢曾向周恩来将军建议，考虑授予军调小组美方代表实地调查的最终决定权。 罗隆基进一步指出，第三方面代表昨日会见政府方面代表，要求将十五日休战令予以延长。,person,周恩来,罗隆基; 张君劢; 周恩来; 马歇尔,马歇尔调处; 第三方面,国民政府; 中国共产党,延安,10
1829,1945,"June 23, 1945",周恩来相关材料：The Ambassador in China (Hurley) to the Secretary of State,）政府向我们提供了委员会各成员的简短背景说明： 黄炎培，江苏省人，民盟成员，教育家，教育会会长。 章伯钧，安徽省人，民盟成员，据认为曾为共产党党员，同共产党非常接近。,person,周恩来,黄炎培; 章伯钧; 周恩来,民盟,中国民主同盟; 国民政府; 国民党; 中国共产党; 青年党; 美国国务院,重庆; 延安,55
1830,1946,"June 27, 1946",围绕政协决议和政府改组的调处,马歇尔使团档案，Lot 54–D270 [文件604] 马歇尔将军与周恩来将军会谈记录 南京宁海路5号，1946年6月27日下午1时30分 南京，1946年6月27日下午1时30分 马歇尔将军：感谢周将军今天下午在如此仓促安排的时间前来。 我与他讨论了共产党军队沿平汉铁路（北平—汉口铁路）的部署问题，以及该铁路向南延伸至陇海铁路交汇处一段，涉及共产党部队在沿线城市的驻扎问题。,person,周恩来,周恩来; 马歇尔; 蒋介石,政协; 马歇尔调处; 北平接触,国民政府; 国民党; 中国共产党; 政治协商会议; 国民大会,北平; 南京; 重庆; 延安; 满洲,55
1831,1946,"June 27, 1946","周恩来相关材料：Minutes of Meeting Between General Marshall and General Chou En-lai at 5 Ning Hai Road, Nanking, June 27, 1946, 1:30 p.m.","当时马歇尔将军不在,由吉勒姆将军领导. 马歇尔将军:你挪用了哪些租金?",person,周恩来,周恩来; 马歇尔; 蒋介石,马歇尔调处; 民盟,中国民主同盟; 国民党; 中国共产党; 美国国务院; 行政院,南京; 上海; 延安; 满洲,60
1832,1946,"June 3, 1946","周恩来相关材料：Minutes of Meeting Between General Marshall and General Chou En-lai at 5 Ning Hai Road, Nanking, June 3, 1946, 10:15 a.m.",马歇尔使团档案，Lot 54-D270〔文件500〕 马歇尔将军与周恩来将军会谈纪要，南京宁海路5号，1946年6月3日上午10时15分。 周恩来将军在会谈开始时询问马歇尔将军，是否听说委员长什么时候回来。,person,周恩来,周恩来; 马歇尔; 蒋介石,马歇尔调处,,南京,40
1833,1946,"June 3, 1946",昆明暗杀事件引发的政治压力与外交关注,周恩来将军说，他愿先向马歇尔将军通报几件事。 马歇尔将军问“原定计划”指什么。,person,周恩来,周恩来; 马歇尔; 蒋介石,昆明暗杀; 马歇尔调处; 北平接触; 民盟,中国民主同盟; 国民党; 中国共产党,昆明; 北平; 南京; 重庆; 上海; 沈阳; 满洲; 天津,75
1834,1946,"June 3, 1946",北平接触与民盟人士沟通,马歇尔将军向周恩来将军详述这些细节，旨在让周将军明白，美国这项援华复兴计划，本质上是一个“要么做，要么不做”的选择。 马歇尔将军为促成中国获得沿海及内河航运能力付出了巨大努力，其投入程度几乎超过其他任何事项，因为若无此条件，中国便无法重新开放。,person,周恩来,罗隆基; 周恩来; 马歇尔,马歇尔调处; 北平接触,国民党; 中国共产党; 美国国务院,北平; 南京; 重庆; 上海; 满洲,70
1835,1946,"June 3, 1946","周恩来相关材料：Minutes of Meeting Between General Marshall and General Chou En-lai at 5 Ning Hai Road, Nanking, June 3, 1946, 10:15 a.m.",马歇尔将军说，谈到陈纳德将军这类个人的言论时，他只是回答说，陈纳德将军是一名退休军官，正试图通过同联合国善后救济总署签订合同来组织一支空运机队。 相反，总统在其对华政策中非常清楚地声明了愿望，并提出了实际上相当于建议的内容；据马歇尔将军理解，这将实现共产党所为之奋斗的目标。,person,周恩来,周恩来; 马歇尔,马歇尔调处,中国共产党,南京,45
1836,1946,"June 3, 1946",围绕政协决议和政府改组的调处,马歇尔将军把谈话拉回当前局势，说他对共产党进攻长春的行动深感苦恼和不安；同时，他也同样对中央政府在长春之外继续军事行动感到苦恼和不安。 马歇尔将军的目的，是尽其所能使当前局势得到解决。,person,周恩来,周恩来; 马歇尔; 蒋介石,政协; 马歇尔调处; 北平接触; 联合政府,国民党; 中国共产党; 政治协商会议,北平; 南京; 延安; 沈阳; 满洲,60
1837,1946,"June 3, 1946",北平接触与民盟人士沟通,马歇尔将军感谢周恩来的陈述。 他推想马歇尔会同意，在最初四个月中，共产党方面已经竭尽所能作出让步，以求解决东北问题。,person,周恩来,罗隆基; 周恩来; 马歇尔; 蒋介石,马歇尔调处; 北平接触; 民盟,中国民主同盟; 国民党; 中国共产党,北平; 南京; 延安; 满洲,85
1838,1946,"June 3, 1946",北平接触与民盟人士沟通,”马歇尔将军说，他交给周恩来的草案，只是把委员长作为规定提出、而马歇尔部分持有异议的各种事项写成文字。 马歇尔说，他把副本给罗隆基博士，可能是一个错误，因为他对罗博士的做事方式了解不多。,person,周恩来,罗隆基; 周恩来; 马歇尔; 蒋介石,马歇尔调处; 北平接触; 民盟,中国民主同盟; 国民政府; 国民党; 中国共产党; 青年党; 美国国务院,北平; 南京; 延安; 沈阳; 满洲,85
1839,1945,"June 30, 1945",周恩来相关材料：The Ambassador in China (Hurley) to the Secretary of State,他诚挚希望国民党、共产党、民主同盟以及其他各方现在能作为爱国中国人走到一起，努力创造一个自由、统一、民主的中国。,person,周恩来,周恩来; 蒋介石,民盟,中国民主同盟; 国民政府; 国民党; 中国共产党; 美国国务院; 国民大会,重庆; 延安,35
1840,1946,"June 6, 1946",北平接触与民盟人士沟通,马歇尔使团档案，Lot 54-D270 [文件515] 马歇尔将军与周恩来将军会谈纪要，1946年6月6日晚8时，南京宁海路5号。 马歇尔将军讨论了周恩来赴延安旅行的安排。,person,周恩来,罗隆基; 周恩来; 马歇尔; 蒋介石,马歇尔调处; 北平接触; 民盟,中国民主同盟; 国民党; 中国共产党,北平; 南京; 延安; 满洲,80
1841,1946,"June 9, 1946",围绕政协决议和政府改组的调处,马歇尔使团档案，第54-D270卷〔文件523〕 马歇尔将军与徐永昌将军会谈记录 南京宁海路5号，1946年6月9日下午4时。 马歇尔将军说，他正准备给徐永昌将军打电话时，收到了徐将军前来拜访的消息。,person,周恩来,周恩来; 马歇尔; 蒋介石,政协; 马歇尔调处; 民盟,中国民主同盟; 国民党; 中国共产党; 青年党; 政治协商会议,南京; 延安; 满洲,70
1842,1946,"June 9, 1946",北平接触与民盟人士沟通,马歇尔将军告诉他们，他与政治部分毫无关系，他们的委员会也不是以政治委员会的方式运作。 马歇尔将军只是想把这个想法转达给徐将军。,person,周恩来,周恩来; 马歇尔; 蒋介石,马歇尔调处; 北平接触,国民党; 中国共产党,北平; 南京; 延安; 满洲,60
1843,1946,"June 9, 1946","周恩来相关材料：Minutes of Meeting Between General Marshall and General Hsu Yung-chang at 5 Ning Hai Road, Nanking, June 9, 1946, 4 p.m.",许将军感谢马歇尔将军关于州政府问题的解释。 马歇尔将军说，他认为政治上的复杂局面不可避免。,person,周恩来,周恩来; 马歇尔; 蒋介石,马歇尔调处,国民政府; 国民党; 中国共产党; 美国国务院; 行政院,南京; 满洲,45
1844,1949,"June 9, 1949",北平接触与民盟人士沟通,00B/6-1040：电报〔文件446〕驻北平总领事（柯乐博）致国务卿。 北平，1949年6月9日下午3时〔6月10日上午9时23分收到〕。,person,周恩来,罗隆基; 张澜; 沈钧儒; 黄炎培; 章伯钧; 张东荪; 周恩来,政协; 北平接触; 联合政府; 民盟,中国民主同盟; 中国共产党; 政治协商会议; 美国国务院; 美国驻北平总领事馆,北平; 南京; 天津,80
1845,1947,"March 14, 1947",周恩来相关材料：The Ambassador in China (Stuart) to the Secretary of State,截至目前，共产党、民主同盟或左翼舆论机关如上海《文汇报》等尚无反应。 几天前，民主同盟发言人罗隆基向使馆一位可靠消息来源透露了民主同盟所代表圈子可能作何反应。,person,周恩来,罗隆基; 周恩来; 马歇尔; 司徒雷登,马歇尔调处; 民盟,中国民主同盟; 国民党; 中国共产党; 美国国务院,南京; 上海; 延安,65
1846,1946,"March 9, 1946",围绕政协决议和政府改组的调处,在中国，这种好感甚至扩展到许多国民党成员，尤其在民主同盟内部更是如此。 目前，共产党人似乎正在因其对俄国在东北活动保持沉默而疏离这种好感，并且直接落入CC系或其他对政协和军事整编方案不满的中国势力手中。,person,周恩来,周恩来; 马歇尔,政协; 马歇尔调处; 北平接触; 民盟,中国民主同盟; 国民党; 中国共产党; 政治协商会议; 美国驻华使馆,北平; 延安; 满洲,75
1847,1946,"May 10, 1946",周恩来相关材料：Memorandum by General Marshall to Generalissimo Chiang Kai-shek,马歇尔使团档案，Lot 54–D270 [文件第441号] 马歇尔将军致蒋介石委员长的备忘录 OSE 27 [南京，]1946年5月10日。,person,周恩来,周恩来; 马歇尔; 蒋介石,马歇尔调处,中国共产党,南京; 重庆; 满洲,20
1848,1946,"May 10, 1946",周恩来相关材料：Memorandum by General Marshall to Generalissimo Chiang Kai-shek,"从民主同盟代表与我本人以及周恩来将军与我本人已经进行的对话来看,在东北改组政治委员会和经济委员会似乎会促进所有其他谈判。 马歇尔",person,周恩来,周恩来; 马歇尔; 蒋介石,马歇尔调处; 民盟,中国民主同盟; 国民政府; 中国共产党,沈阳; 满洲,40
1849,1946,"May 17, 1946",北平接触与民盟人士沟通,马歇尔使团档案，Lot 54-D270〔文件458〕 周恩来将军与马歇尔将军会谈纪要 南京，马歇尔将军官邸，1946年5月17日上午10时。 周将军前天从考吉上校处得知，政府方面现在似乎并不热心前往；如果马歇尔将军坚持，他们才会去。,person,周恩来,周恩来; 马歇尔,马歇尔调处; 北平接触,国民政府; 国民党; 中国共产党,北平; 南京; 满洲,55
1850,1946,"May 17, 1946",围绕政协决议和政府改组的调处,周将军说，这对他来说并非要紧问题；但他在想，如果今天能去，明晚便可同马歇尔将军谈话，因此他宁愿今天去。 马歇尔将军说，考伊上校认为，那个小组还没有乘吉普车从南通回来。,person,周恩来,周恩来; 马歇尔,政协; 马歇尔调处; 北平接触; 民盟,中国民主同盟; 国民党; 中国共产党; 政治协商会议,北平; 南京; 重庆; 延安; 满洲,75
1851,1946,"May 17, 1946",北平接触与民盟人士沟通,马歇尔将军表示，广播称淮安方面与执行小组失去联系。 马歇尔将军就此情况征求周将军的意见。,person,周恩来,罗隆基; 张君劢; 周恩来; 马歇尔; 蒋介石,马歇尔调处; 北平接触; 民盟,中国民主同盟; 国民政府; 国民党; 中国共产党,北平; 南京; 重庆; 满洲; 天津,85
1852,1946,"May 23, 1946","周恩来相关材料：Minutes of Meeting Between General Marshall and General Chou En-lai at 5 Ning Hai Road, Nanking, May 23, 1946, 6 p.m.",马歇尔使团档案，第54-D270卷〔文件471〕 马歇尔将军与周恩来将军会谈记录 南京宁海路5号，1946年5月23日下午6时。 马歇尔将军说，很抱歉迟到，因为他先同外交部长王世杰博士会谈，随后又会见了比利时大使。,person,周恩来,周恩来; 马歇尔; 蒋介石,马歇尔调处; 民盟,中国民主同盟,南京; 延安; 沈阳; 满洲,55
1853,1946,"May 23, 1946","周恩来相关材料：Minutes of Meeting Between General Marshall and General Chou En-lai at 5 Ning Hai Road, Nanking, May 23, 1946, 6 p.m.",委员长并未就长春以及马歇尔将军所提出的军事方面作出明确表态。 不过，马歇尔的印象是，委员长并不持敌对态度。,person,周恩来,周恩来; 马歇尔; 蒋介石,马歇尔调处,,南京; 延安; 沈阳,45
1854,1946,"May 23, 1946","周恩来相关材料：Minutes of Meeting Between General Marshall and General Chou En-lai at 5 Ning Hai Road, Nanking, May 23, 1946, 6 p.m.",马歇尔将军随后询问周将军，是否准备告诉他共产党是否会按马歇尔将军所提出的长春安排概要执行；也就是共产党部队撤出、军事调处执行部进入，以及中央政府军停止前进。 他说，他还必须知道，对于委员长提出并向马歇尔将军特别明确说明的三个条件，周将军能够作何答复。,person,周恩来,周恩来; 马歇尔; 蒋介石,马歇尔调处,中国共产党,南京,45
1855,1946,"May 29, 1946",第三方面在国共之间寻求政治空间,马歇尔使团档案，Lot 54-D270〔文件489〕马歇尔将军与张君劢博士会谈纪要，马歇尔将军寓所，1946年5月29日下午5时。 马歇尔将军表示，双方对彼此都极度怀疑，而且这种怀疑在过去十天里有所增加。,person,周恩来,张君劢; 周恩来; 马歇尔; 蒋介石,马歇尔调处; 第三方面; 联合政府; 民盟,中国民主同盟; 国民党; 中国共产党; 青年党; 国民大会,满洲,55
1856,1946,"May 30, 1946",北平接触与民盟人士沟通,马歇尔使团档案，Lot 54-D270〔文件491〕马歇尔将军与周恩来将军会谈纪要，南京宁海路5号，1946年5月30日下午6时。 马歇尔将军说，他中午收到委员长一封信，答复他前几天的来信。,person,周恩来,周恩来; 马歇尔; 蒋介石,马歇尔调处; 北平接触,中国共产党,北平; 南京; 沈阳,55
1857,1946,"May 30, 1946",北平接触与民盟人士沟通,马歇尔将军表示，他想重申，他并不期望周恩来将军在这次会议上对他的草案作出答复。 委员长只是就美国军官问题做了一个笼统的陈述，其范围之广，马歇尔将军无法接受，并且他已向委员长指出，这给相关的美国人带来了一个非常棘手的问题。,person,周恩来,周恩来; 马歇尔; 蒋介石,马歇尔调处; 北平接触; 民盟,中国民主同盟; 国民政府; 国民党; 中国共产党; 青年党,北平; 南京; 重庆; 上海; 延安; 沈阳; 满洲,75
1858,1946,"May 30, 1946","周恩来相关材料：Minutes of Meeting Between General Marshall and General Chou En-lai at 5 Ning Hai Road, Nanking, May 30, 1946, 6 p.m.",关于周将军同马歇尔将军的关系，二人接触频繁，因此周将军了解马歇尔将军。 过去，马歇尔将军提出的要点，在周将军听取马歇尔将军说明其真实意图且该意图出于善意之后，大多可以接受。,person,周恩来,周恩来; 马歇尔; 蒋介石,马歇尔调处,国民党; 中国共产党,南京; 满洲,45
1859,1946,"May 4, 1946",周恩来相关材料：Memorandum by General Chou En-lai to General Marshall,马歇尔使团文件，编号 Lot 54–D270 [文件第430号] 周恩来将军致马歇尔将军备忘录 南京，1946年5月4日 亲爱的马歇尔将军： 我获悉，委员长西安行营发言人在1946年5月1日17时，就委员长抵达该市一事向中央社发表了一项声明。 1946年4月29日，即您启程前夕，您向我传达了委员长的意见，即：（1）中国民主同盟的提议[39]他无法接受；（2）停火取决于中共军队撤出长春并由政府军占领,person,周恩来,周恩来; 马歇尔; 蒋介石,马歇尔调处; 民盟,中国民主同盟; 中国共产党; 美国国务院,南京,35
1860,1946,"November 12, 1946",周恩来相关材料：The Ambassador in China (Stuart) to the Secretary of State,马歇尔将军的三人委员会昨天上午非正式会晤两小时，唯一结果是周恩来同意向延安请示，并亲自认真考虑一个军事方面无法同政治方面分割的问题。 过去十天交涉背后，是政府方面试图争取民主同盟和青年党参加国民大会，作为可能争取共产党也参加的第一步；相反，周恩来领导的共产党则竭力使这些党派保持在自己的影响范围内。,person,周恩来,周恩来; 马歇尔; 司徒雷登; 蒋介石,马歇尔调处; 民盟,中国民主同盟; 中国共产党; 青年党; 美国国务院; 国民大会,南京; 延安,35
1861,1946,"November 13, 1946",周恩来相关材料：The Ambassador in China (Stuart) to the Secretary of State,先生：兹报告，自我上一封函件（1946年10月31日第232号）以来，所谓第三集团（由民主同盟、青年党及无党派领导人组成）一直积极试图在政府和共产党之间调停。 他们同马歇尔将军或我保持经常联系，我们也尽力鼓励他们。,person,周恩来,周恩来; 马歇尔; 司徒雷登,马歇尔调处; 民盟,中国民主同盟; 中国共产党; 青年党; 美国国务院; 国民大会,南京,55
1862,1946,"November 13, 1946",围绕政协决议和政府改组的调处,当晚，他又以同样方式拜访了马歇尔将军。 要么政府完全接受原政协决议作为程序基础，要么就什么也没有。,person,周恩来,周恩来; 马歇尔; 司徒雷登,政协; 马歇尔调处,国民党; 中国共产党; 政治协商会议,南京; 延安,60
1863,1946,"November 14, 1946",围绕政协决议和政府改组的调处,马歇尔使团档案，Lot 54-D270〔文件276〕马歇尔将军与周鲠生教授会谈纪要，南京宁海路5号，1946年11月14日上午10时。 具体说，如果共产党不参加，会发生什么？ 马歇尔将军：我很难估计中国方面的反应。,person,周恩来,周恩来; 马歇尔; 司徒雷登; 蒋介石,政协; 马歇尔调处,国民政府; 国民党; 中国共产党; 青年党; 政治协商会议; 行政院; 国民大会,南京; 重庆; 上海,55
1864,1946,"November 19, 1946",第三方面在国共之间寻求政治空间,马歇尔使团档案，Lot 54-D270［文件285］马歇尔将军与罗忠恕、吴其玉、易教授会谈记录，南京马歇尔将军官邸，1946年11月19日上午11时。 马歇尔将军评论说，必须迅速建立某种组织，作为国民党和共产党之间的平衡力量。,person,周恩来,周恩来; 马歇尔; 蒋介石,马歇尔调处; 第三方面; 民盟,中国民主同盟; 国民党; 中国共产党; 青年党,南京,35
1865,1946,"November 3, 1946",第三方面在国共之间寻求政治空间,马歇尔使团档案，Lot 54-D270［文件240］马歇尔将军与张君劢先生、罗隆基博士、叶笃义先生会谈记录，南京宁海路5号，1946年11月3日下午3时30分。 张先生向马歇尔将军报告说，他昨天下午见过委员长。,person,周恩来,罗隆基; 张君劢; 周恩来; 马歇尔; 蒋介石,马歇尔调处; 第三方面,国民党; 中国共产党; 行政院; 国民大会,南京; 上海; 满洲,10
1866,1946,"November 8, 1946","周恩来相关材料：Minutes of Meeting Between General Marshall and Dr. Stuart at Dr. Stuart’s Residence, Nanking, November 8, 1946, 9:30 a.m.",马歇尔使团档案，Lot 54-D270〔文件250〕 马歇尔将军与司徒雷登博士会谈纪要 南京，司徒雷登博士寓所，1946年11月8日上午9时30分。 司徒雷登博士开场说，民主同盟成员曾拜访他并报告称，昨晚同周恩来将军会谈时，周将军表示对蒋介石本人完全轻蔑，并进一步表示，他认为共产党不应就蒋介石的八点提出答复。,person,周恩来,周恩来; 马歇尔; 司徒雷登; 蒋介石,马歇尔调处; 民盟,中国民主同盟; 中国共产党; 国民大会,南京,55
1867,1946,"November 8, 1946","周恩来相关材料：Minutes of Meeting Between General Marshall and Dr. Stuart at Dr. Stuart’s Residence, Nanking, November 8, 1946, 9:30 a.m.",此时，马歇尔将军和司徒雷登博士仔细修改了此前为蒋介石起草的一份声明草案，并就一个改写本达成一致。 注66：周恩来，中国共产党同马歇尔将军谈判代表团负责人。,person,周恩来,周恩来; 马歇尔; 司徒雷登; 蒋介石,马歇尔调处,国民党; 中国共产党; 美国国务院,南京; 华盛顿,45
1868,1946,"November 8, 1946",围绕政协决议和政府改组的调处,马歇尔使团档案，Lot 54–D270：电报〔第254号文件〕马歇尔将军致杜鲁门总统（注81）。 次日上午，民盟代表来访，征询我对当日下午会议议程的意见。,person,周恩来,周恩来; 马歇尔; 司徒雷登; 蒋介石,政协; 马歇尔调处; 第三方面; 民盟,中国民主同盟; 国民党; 中国共产党; 政治协商会议; 美国国务院; 国民大会,南京,70
1869,1949,"October 1, 1949",北平接触与民盟人士沟通,01/10-149：电报［文件619］驻北平总领事柯乐博致国务卿。 北平，1949年10月1日。,person,周恩来,张澜; 沈钧儒; 黄炎培; 章伯钧; 张东荪; 周恩来; 蒋介石,政协; 北平接触,国民党; 政治协商会议; 美国国务院; 美国驻北平总领事馆,北平; 南京; 上海; 天津,25
1870,1946,"October 10, 1946","周恩来相关材料：Notes on Meeting Between General Marshall and General Yu Ta-wei at No. 5 Ning Hai Road, Nanking, October 10, 1946, 10:45 a.m.",马歇尔使团档案，Lot 54-D270〔文件174〕 马歇尔将军与俞大维将军会谈记录 南京，宁海路5号，1946年10月10日上午10时45分。 俞大维将军提到，他听说马歇尔将军到上海会见周恩来将军，但结果并不理想。,person,周恩来,周恩来; 马歇尔; 司徒雷登,马歇尔调处; 民盟,中国民主同盟; 青年党,南京; 上海,55
1871,1946,"October 10, 1946",围绕政协决议和政府改组的调处,马歇尔使团文件，Lot 54–D270：电报 [文件175] 马歇尔将军致杜鲁门总统 39 [南京，]1946年10月10日。 此外，讨论不应受限制，并且尚未对委员长10月2日的来函作出答复，因为中共一直希望马歇尔将军和司徒雷登博士能提供一些澄清局势的消息，最后表示，最新提议暗示局势没有太大变化。,person,周恩来,周恩来; 马歇尔; 司徒雷登; 蒋介石,政协; 马歇尔调处; 民盟,中国民主同盟; 国民政府; 国民党; 中国共产党; 青年党; 政治协商会议; 行政院; 国民大会,南京; 上海; 满洲,70
1872,1949,"October 11, 1949",北平接触与民盟人士沟通,01/10-1149：电报〔文件134〕 驻北平总领事（柯乐博）致国务卿 北平，1949年10月11日下午5时。 共产党人可能认为，这一争取承认本身在政治策略上已构成重要让步；可参见7月19日本馆第848号电中罗隆基关于共产党不会请求承认的说法。,person,周恩来,罗隆基; 周恩来,北平接触,中国共产党; 美国国务院; 美国驻北平总领事馆,北平,25
1873,1946,"October 14, 1946",周恩来相关材料：The Ambassador in China (Stuart) to the Secretary of State,10月13日南京报载，民主同盟秘书长梁漱溟于10月12日前往上海，试图说服周恩来将军接受一项妥协方案。 ” 陪同梁漱溟前往的政协主席团成员蒋匀田也声明，梁的说法也代表他的意见，因为政府已经发布召开国民大会的明令，而共产党不会派出代表。,person,周恩来,梁漱溟; 周恩来; 司徒雷登,政协; 民盟,中国民主同盟; 中国共产党; 政治协商会议; 美国国务院; 国民大会,南京; 上海,70
1874,1946,"October 15, 1946",围绕政协决议和政府改组的调处,〕 先生：谨提及我10月9日第182号公函，并简要报告马歇尔将军已详细报告过的我们调停努力的最新发展。 马歇尔将军前往上海会见周恩来将军，就其直接目的而言并无成果；但此举确使公众看到，他愿意在劝说努力中不惜走到任何程度。,person,周恩来,周恩来; 马歇尔; 司徒雷登,政协; 马歇尔调处; 民盟,中国民主同盟; 中国共产党; 政治协商会议; 美国国务院; 国民大会,南京; 上海,50
1875,1946,"October 17, 1946",周恩来相关材料：General Marshall to President Truman,马歇尔使团档案，第54-D270卷〔文件199〕 马歇尔将军致杜鲁门总统 〔南京，〕1946年10月17日。 总统先生： 自我10月10日第1627号电以来，司徒雷登博士频繁会见政府官员、民主同盟主要成员、中国青年党主要成员，以及著名无党派人士。,person,周恩来,周恩来; 马歇尔; 司徒雷登; 蒋介石,马歇尔调处; 民盟,中国民主同盟; 国民政府; 国民党; 中国共产党; 青年党; 美国国务院; 国民大会,南京; 上海; 满洲,55
1876,1946,"October 17, 1946",北平接触与民盟人士沟通,马歇尔使团档案，第54-D270卷〔文件200〕 马歇尔将军与梁漱溟先生、叶笃义先生会谈记录 马歇尔将军寓所，南京，1946年10月17日下午4时20分。 张先生告诉他，第三方面集团成员，即无党派集团、中国青年党和民主同盟成员，今天上午开会讨论委员长的声明。,person,周恩来,梁漱溟; 张君劢; 周恩来; 马歇尔; 司徒雷登; 蒋介石,马歇尔调处; 第三方面; 北平接触; 民盟,中国民主同盟; 国民党; 中国共产党; 青年党; 民主社会党,北平; 南京; 上海,70
1877,1949,"October 17, 1949",北平接触与民盟人士沟通,633/10-1749：电报〔文件1217〕驻北平总领事（柯乐博）致国务卿。 北平，1949年10月17日上午1时〔上午5时32分收到〕。,person,周恩来,罗隆基; 周恩来,北平接触; 民盟,中国民主同盟; 国民党; 中国共产党; 美国国务院; 美国驻北平总领事馆,北平; 南京; 沈阳,80
1878,1946,"October 2, 1946",周恩来相关材料：Memorandum by Generalissimo Chiang Kai-shek to General Marshall,马歇尔使团档案，Lot 54-D270［文件140］蒋介石委员长致马歇尔将军备忘录［译文］。,person,周恩来,周恩来; 马歇尔; 蒋介石,马歇尔调处,中国共产党,南京,40
1879,1946,"October 2, 1946",围绕政协决议和政府改组的调处,马歇尔使团档案，第54-D270卷〔文件172〕 周恩来将军致马歇尔将军备忘录 上海，1946年10月9日。 亲爱的马歇尔将军： 你1946年10月2日的 OSE 479 号备忘录已经收到。,person,周恩来,周恩来; 马歇尔; 司徒雷登; 蒋介石,政协; 马歇尔调处; 民盟,中国民主同盟; 中国共产党; 政治协商会议; 行政院; 国民大会,上海; 满洲,70
1880,1946,"October 2, 1946",围绕政协决议和政府改组的调处,如果相反，政府当局只是空谈政治解决和执行政协决议，实际上却把一切导向军事解决和推翻政协决议，甚至不惜诉诸内战和独裁来强迫全国分裂，那么中国共产党将感到自己被迫进行坚决反对，直至最后。,person,周恩来,周恩来; 马歇尔,政协; 马歇尔调处,中国共产党; 政治协商会议,,60
1881,1946,"October 20, 1946",第三方面在国共之间寻求政治空间,马歇尔使团档案，Lot 54-D270［文件205］马歇尔将军与王世杰博士会谈纪要，南京宁海路5号，1946年10月20日晚7时。 王博士开场告诉马歇尔将军，周恩来将军和第三方面成员已决定星期一返回南京。,person,周恩来,周恩来; 马歇尔; 蒋介石,马歇尔调处; 第三方面; 民盟,中国民主同盟; 中国共产党; 美国驻华使馆; 国民大会,南京; 上海; 延安; 满洲,35
1882,1946,"October 22, 1946",围绕政协决议和政府改组的调处,马歇尔使团档案，第54-D270卷〔文件209〕 马歇尔将军、司徒雷登博士与第三方面成员会谈记录 大使官邸，南京，1946年10月22日上午10时45分。 出席方面：民主同盟、中国青年党、无党派人士。,person,周恩来,罗隆基; 张君劢; 周恩来; 马歇尔; 司徒雷登; 蒋介石,政协; 马歇尔调处; 第三方面; 民盟,中国民主同盟; 国民党; 中国共产党; 青年党; 政治协商会议; 国民大会,南京; 上海; 延安,80
1883,1946,"October 25, 1946",围绕政协决议和政府改组的调处,马歇尔使团档案，Lot 54-D270 [文件218] 马歇尔将军、司徒雷登博士、缪云台先生、曾琦先生、罗隆基博士和李先生在南京美国大使馆会谈纪要，1946年10月25日上午10时45分。 罗博士开会时说，第三方面集团现在已经取得政府方面（来自孙科博士和王世杰博士）对共产党就政府八项建议所提出七个政治要点或问题的反应。,person,周恩来,罗隆基; 周恩来; 马歇尔; 司徒雷登; 蒋介石,政协; 马歇尔调处; 第三方面; 民盟,中国民主同盟; 国民党; 中国共产党; 政治协商会议; 美国驻华使馆; 行政院; 国民大会,南京; 满洲,80
1884,1946,"October 25, 1946",第三方面在国共之间寻求政治空间,罗隆基博士随后询问马歇尔将军，委员长何时返回南京。 马歇尔将军说，他前一天已同陈诚将军谈过此事，并且相当确信委员长会按原定计划在星期六或星期日返回。,person,周恩来,罗隆基; 周恩来; 马歇尔; 司徒雷登; 蒋介石,马歇尔调处; 第三方面,中国共产党; 青年党; 美国驻华使馆,南京,55
1885,1946,"October 26, 1946",第三方面在国共之间寻求政治空间,马歇尔使团档案，Lot 54-D270〔文件222〕 马歇尔将军致杜鲁门总统 〔南京〕1946年10月26日。 总统先生：自我10月17日第1663号电以来，由民主同盟、中国青年党和政治上活跃的无党派人士组成的所谓第三方面集团，已派出一个重要代表团到南京，充当谈判中介。,person,周恩来,周恩来; 马歇尔; 司徒雷登; 蒋介石,马歇尔调处; 第三方面; 民盟,中国民主同盟; 中国共产党; 青年党; 国民大会,南京; 上海,55
1886,1946,"October 26, 1946",第三方面在国共之间寻求政治空间,司徒雷登博士和我本周实际上避开谈判，努力把第三方面和孙科博士推到公众前台。 与此同时，第三方面成员一直向我们报告并同我们磋商。,person,周恩来,周恩来; 马歇尔; 司徒雷登; 蒋介石,马歇尔调处; 第三方面,中国共产党,南京; 延安; 满洲,45
1887,1946,"October 27, 1946",第三方面在国共之间寻求政治空间,马歇尔使团档案，Lot 54-D270［文件224］马歇尔将军与三名第三方面代表罗隆基、缪云台、李璜会谈纪要，南京宁海路5号，1946年10月27日下午5时20分。 罗隆基先生告诉马歇尔将军，由于国民党军队最近攻占安东，第三方面的谈判目前正面临危机。,person,周恩来,罗隆基; 周恩来; 马歇尔; 蒋介石,马歇尔调处; 第三方面,国民党; 中国共产党,南京; 上海; 延安,10
1888,1946,"October 29, 1946",围绕政协决议和政府改组的调处,"马歇尔任务档案,第54–D270号[第226号文件] 关于马歇尔将军和司徒雷登博士在美国大使馆会面的说明,南京,1946年10月29日,上午10时45分,南京,1946年10月29日,上午10时45分,司徒雷登博士报告说,第三方面集团向将军递交了下列提案:""第三方面集团提案和平是中央政府的一贯目标,停止敌对行动一直是它的希望. 全国的地方行政工作,应当由改组后的国务院根据政协及和平重建决议安排.",person,周恩来,罗隆基; 梁漱溟; 黄炎培; 章伯钧; 张君劢; 周恩来; 马歇尔; 司徒雷登,政协; 马歇尔调处; 第三方面,国民党; 中国共产党; 政治协商会议; 美国国务院; 美国驻华使馆; 行政院; 国民大会,南京; 上海; 满洲,25
1889,1946,"October 3, 1946","周恩来相关材料：Notes on Meeting Between General Marshall and Dr. Stuart at No. 5 Ning Hai Road, Nanking, October 3, 1946, 10 a.m.",马歇尔将军告知司徒雷登博士，自今晨收到司徒雷登博士的信息以来，他一直在考虑究竟应告诉王炳南先生什么。 马歇尔将军认为，政府已经利用美国调停为自己谋利，而且只要他允许政府这样蒙混过去，政府就会继续把美国调停作为其军事行动的遮盖。,person,周恩来,周恩来; 马歇尔; 司徒雷登; 蒋介石,马歇尔调处; 民盟,中国民主同盟; 中国共产党; 国民大会,南京; 上海,60
1890,1949,"October 3, 1949",北平接触与民盟人士沟通,00/10-349：电报〔文件621〕 驻北平总领事（柯乐博）致国务卿 北平，1949年10月3日。 9月30日，政治协商会议最后一次会议一致选举毛泽东为中华人民共和国中央人民政府主席，并选举张澜、朱德、高岗、李济深、刘少奇和孙中山夫人为六名副主席。,person,周恩来,张澜; 沈钧儒; 周恩来,政协; 北平接触,政治协商会议; 美国国务院; 美国驻北平总领事馆,北平; 上海; 天津,25
1891,1949,"October 30, 1949",北平接触与民盟人士沟通,安格斯·沃德：电报〔文件1228〕 驻北平总领事（柯乐博）致国务卿 北平，1949年10月30日中午。,person,周恩来,周恩来,北平接触,美国国务院; 美国驻北平总领事馆,北平,15
1892,1949,"October 30, 1949",北平接触与民盟人士沟通,昨晚会见某人，据其报告，罗隆基曾担心直接同周恩来提出沈阳问题，但通过间接询问取得若干信息；这些信息被某人认为可靠，显示关于沈阳的政策已经确定，几乎无法改变。 该人说（无疑以罗隆基为背景），周恩来在中国本部和东北所行使的权力有所不同。,person,周恩来,罗隆基; 周恩来,北平接触,中国共产党; 美国国务院; 美国驻北平总领事馆,北平; 沈阳; 满洲,30
1893,1946,"October 5, 1946",周恩来相关材料：The Ambassador in China (Stuart) to the Secretary of State,3月期间，官方新闻发布和中文报刊关于政协协议的社论讨论曾暗示，政府可能依据政协条款主张由其提名国务委员会全体成员；该条款称，“国务委员会将由国民政府主席从国民党员及非国民党人士中遴选。 这项协议也许更适合称为一种“谅解”，同政协协议中一节相一致；该节称，“国民政府主席任命国务委员，将根据有关各党提名办理。,person,周恩来,周恩来; 司徒雷登; 蒋介石,政协; 马歇尔调处; 民盟,中国民主同盟; 国民政府; 国民党; 中国共产党; 青年党; 政治协商会议; 美国国务院,南京,70
1894,1946,"October 5, 1946",围绕政协决议和政府改组的调处,马歇尔使团档案，Lot 54-D270［文件153］马歇尔将军与司徒雷登博士会谈记录，南京宁海路5号，1946年10月5日下午6时10分。 关于第一点，即国务委员会席位问题，周恩来将军认为，共产党和民主同盟两党原本有权合计取得14名委员，两党之间如何安排应由他们自己决定。,person,周恩来,周恩来; 马歇尔; 司徒雷登; 蒋介石,政协; 马歇尔调处; 民盟,中国民主同盟; 中国共产党; 政治协商会议; 国民大会,南京; 延安,70
1895,1946,"October 9, 1946","周恩来相关材料：Minutes of Meeting Between General Marshall and General Chou En-lai at General Gillem’s Residence, Shanghai, October 9, 1946, 11:30 a.m.",马歇尔使团档案，Lot 54-D270［文件170］马歇尔将军与周恩来将军会谈纪要，上海吉勒姆将军寓所，1946年10月9日上午11时30分。 马歇尔将军：我安排以这种方式同你会面，是为了避免任何公开宣传。,person,周恩来,周恩来; 马歇尔; 司徒雷登; 蒋介石,马歇尔调处,中国共产党,上海,40
1896,1946,"October 9, 1946",围绕政协决议和政府改组的调处,第一点规定，国府委员会若干席位分配给共产党和民主同盟，但这同在国府委员会中拥有略多于三分之一票数的要求并不相容。 同时，把一名无党派成员计入这些席位，也不符合政协决议。,person,周恩来,周恩来; 马歇尔; 司徒雷登; 蒋介石,政协; 马歇尔调处; 民盟,中国民主同盟; 国民党; 中国共产党; 政治协商会议; 国民大会,上海,75
1897,1946,"October 9, 1946",北平接触与民盟人士沟通,委员长提出关于国务委员会若干席位的建议，看起来非常荒唐，无法获得民盟同意。 这一点已由新闻界和北平政府军事领导人承认。,person,周恩来,周恩来; 马歇尔; 司徒雷登; 蒋介石,马歇尔调处; 北平接触; 民盟,中国民主同盟; 国民党; 中国共产党,北平; 南京; 上海; 延安; 满洲,75
1898,1946,"October 9, 1946",围绕政协决议和政府改组的调处,同日下午，彭先生发表声明，委员长随即向马歇尔将军送交备忘录，其中避开了回答进攻张家口的问题。 如果有十天喘息，委员长便可利用这段时间通过海路和空运把部队调往北平、天津地区；至少，他可以运去大量武器弹药。,person,周恩来,周恩来; 马歇尔; 司徒雷登; 蒋介石,政协; 马歇尔调处; 北平接触; 民盟,中国民主同盟; 国民政府; 国民党; 中国共产党; 政治协商会议; 行政院; 国民大会,北平; 上海; 满洲; 天津,75
1899,1946,"October 9, 1946",围绕政协决议和政府改组的调处,更简要地说，可以这样表述：为避免全国性分裂，应无限期停止对张家口的进攻，以便召开三人小组、非正式五人小组和政治协商会议指导委员会，讨论停战以及政协决议的实施。 马歇尔将军：我会把这份八点清单交给政府，但我建议你自己向政府作出正式答复。,person,周恩来,周恩来; 马歇尔; 司徒雷登; 蒋介石,政协; 马歇尔调处; 北平接触,国民政府; 国民党; 中国共产党; 政治协商会议,北平; 南京; 上海,60
1900,1946,"September 11, 1946",周恩来相关材料：The Ambassador in China (Stuart) to the Secretary of State,"以下是上海第956号电文（9月7日），供国务院参考： ""中国民主同盟的罗隆基批评了由司徒雷登大使主持的新设小组委员会，理由如下：（一）民盟未获代表权；（二）此举降低了政治协商会议的重要性；（三）意味着美国干涉中国内政。 9月3日《联合日报》晚刊刊登了一篇相关新闻文章，引述民盟政协代表沈钧儒的话，对美国当局的诚意表示怀疑，并指责其蒙蔽公众，使公众相信和谈正在进行，而美国却奉行'野蛮政策，继续在中国煽",person,周恩来,罗隆基; 沈钧儒; 周恩来; 司徒雷登,政协; 民盟,中国民主同盟; 中国共产党; 政治协商会议; 美国国务院,南京; 上海,80
1901,1946,"September 11, 1946","周恩来相关材料：Minutes of Meeting Between General Marshall and General Chou En-lai at No. 5 Ning Hai Road, Nanking, September 11, 1946, 10:35 a.m.",马歇尔使团档案，Lot 54-D270〔文件83〕马歇尔将军与周恩来将军会谈纪要，南京宁海路5号，1946年9月11日上午10时35分。 你还有什么要补充的吗？ 马歇尔将军：目前我想不到有什么。,person,周恩来,周恩来; 马歇尔; 蒋介石,马歇尔调处,中国共产党,南京; 满洲,40
1902,1946,"September 11, 1946","周恩来相关材料：Minutes of Meeting Between General Marshall and General Chou En-lai at No. 5 Ning Hai Road, Nanking, September 11, 1946, 10:35 a.m.",你还应明白，在导致这项声明的全部过程中，我一直在努力寻找结束敌对行动的办法，换言之，寻找达成协议的基础。我费了很大力气才说服蒋介石推进司徒雷登小组立即组成国务委员会的方案。做到这一点后，我最近又遭遇或被困扰于一种指责，即共产党并不愿意这样做。因此，我不得不反驳这种论点。 你已经向我解释了你为何对推进司徒雷登小组有所犹豫，我也了解你的理由。但事实仍然是，在我努力寻找结束敌对行动基础的过程中，你们的这,person,周恩来,周恩来; 马歇尔; 司徒雷登; 蒋介石,马歇尔调处,中国共产党,南京,45
1903,1946,"September 11, 1946",围绕政协决议和政府改组的调处,马歇尔将军：这几乎就是他所说的原话，我自己也不太理解。 马歇尔将军：据我理解，你又回到了6月30日的僵局，而我一直试图打破这个僵局。,person,周恩来,周恩来; 马歇尔; 司徒雷登; 蒋介石,政协; 马歇尔调处; 北平接触; 民盟,中国民主同盟; 国民党; 中国共产党; 政治协商会议; 行政院; 国民大会,北平; 南京; 上海; 延安; 满洲,75
1904,1946,"September 12, 1946",围绕政协决议和政府改组的调处,马歇尔使团档案，Lot 54-D270［文件86］马歇尔将军与司徒雷登博士会谈纪要，南京宁海路5号，1946年9月12日晚7时。 司徒雷登博士说，他此次来访的目的，是向马歇尔将军通报当天午后同周将军会谈的结果。,person,周恩来,罗隆基; 周恩来; 马歇尔; 司徒雷登; 蒋介石,政协; 马歇尔调处,中国共产党; 政治协商会议; 行政院,南京,25
1905,1946,"September 18, 1946","周恩来相关材料：Minutes of Meeting Between General Marshall and General C. P. Lee at No. 5 Ning Hai Road, Nanking, September 18, 1946, Noon",马歇尔使团档案，Lot 54-D270［文件97］马歇尔将军与 C. 马歇尔将军说，他不十分理解共产党为什么拖延司徒雷登博士小组的工作。,person,周恩来,周恩来; 马歇尔; 司徒雷登; 蒋介石,马歇尔调处; 联合政府; 民盟,中国民主同盟; 中国共产党; 青年党,南京; 满洲,55
1906,1946,"September 20, 1946","周恩来相关材料：Notes on Meeting Between General Marshall and Dr. Stuart at No. 5 Ning Hai Road, Nanking, September 20, 1946, 10:45 a.m.",马歇尔使团档案，Lot 54–D270 [文件105] 马歇尔将军与司徒雷登博士会谈纪要 地点：南京宁海路5号 时间：1946年9月20日上午10时45分 马歇尔将军向司徒雷登博士展示了一份备忘录副本（OSE 446 80），该备忘录是他应王炳南先生请求，就周恩来将军关于早日召开三人小组会议的备忘录所撰写的书面答复。 马歇尔将军表示，他只能猜测王先生的具体意图，尽管他怀疑对方可能意在用于新闻发布，,person,周恩来,周恩来; 马歇尔; 司徒雷登,马歇尔调处,中国共产党,南京,20
1907,1946,"September 20, 1946","周恩来相关材料：Notes on Meeting Between General Marshall and Dr. Stuart at No. 5 Ning Hai Road, Nanking, September 20, 1946, 10:45 a.m.",司徒雷登博士告诉马歇尔将军，周恩来将军在上海发表新闻稿，称如果三人委员会不召开，他将公布过去各次会议纪要。 马歇尔将军说，他认为，如果这一行动发生，那将是周将军试图把谈判失败责任归咎于政府。,person,周恩来,张君劢; 周恩来; 马歇尔; 司徒雷登,马歇尔调处; 民盟,中国民主同盟; 国民党; 中国共产党,南京; 上海,40
1908,1946,"September 22, 1946","周恩来相关材料：Notes on Meeting Between General Marshall and Mr. “Wang Ping-nan at General Marshall’s Residence, Nanking, September 22, 1946, 9:45 a.m.",马歇尔使团档案，Lot 54-D270〔文件108〕 马歇尔将军与王炳南先生会谈记录 南京，马歇尔将军官邸，1946年9月22日上午9时45分。 王炳南先生带来周恩来将军致马歇尔将军的一份备忘录；该备忘录今天上午刚收到，并附有立即送交的指示。,person,周恩来,周恩来; 马歇尔,马歇尔调处,,南京,20
1909,1946,"September 22, 1946","周恩来相关材料：Notes on Meeting Between General Marshall and Mr. “Wang Ping-nan at General Marshall’s Residence, Nanking, September 22, 1946, 9:45 a.m.","马歇尔将军答复说,三者委员会会议的筹备通常涉及与政府和共产党代表进行个别讨论,以确保达成协议的合理可能性。 目前,马歇尔将军看不出达成这种协议的可能性。",person,周恩来,周恩来; 马歇尔; 司徒雷登; 蒋介石,马歇尔调处; 民盟,中国民主同盟; 中国共产党; 美国国务院,南京,40
1910,1946,"September 23, 1946",周恩来相关材料：General Marshall to President Truman,马歇尔使团档案，第54-D270卷：电报〔文件109〕 马歇尔将军致杜鲁门总统 〔南京，〕1946年9月23日。 民主同盟一直同共产党结盟；其拟派代表加上共产党人在国民政府委员会中可能构成否决力量。,person,周恩来,周恩来; 马歇尔; 司徒雷登; 蒋介石,马歇尔调处; 民盟,中国民主同盟; 国民政府; 中国共产党; 美国国务院; 国民大会,南京; 上海; 牯岭,55
1911,1946,"September 23, 1946","周恩来相关材料：Minutes of Meeting Between General Marshall and General Yu Ta-wei at No. 5 Ning Hai Road, Nanking, September 23, 1946, 10 a.m.",马歇尔使团档案，Lot 54-D270［文件110］马歇尔将军与俞大维将军会谈纪要，南京宁海路5号，1946年9月23日上午10时。 俞大维将军开场问马歇尔将军，他认为共产党阻止五人委员会开会的目的是什么。,person,周恩来,周恩来; 马歇尔; 蒋介石,马歇尔调处; 民盟,中国民主同盟; 国民政府; 中国共产党,南京; 延安,35
1912,1949,"September 24, 1949",北平接触与民盟人士沟通,毛泽东（中国共产党中央委员会主席）、朱德（中国共产党军队总司令）、李济深（国民党革命委员会领导人）、李立三（中华全国总工会副主席）、沈钧儒（中国民主同盟领导人）、沈雁冰（笔名茅盾，小说家）、周恩来（中国共产党中央委员会委员及政治局委员，中国人民革命军事委员会副主席）、林祖涵（又名林伯渠，中国共产党中央委员会委员）、马寅初（作家及中央研究院院士）、马叙伦（前中华民国教育部次长）、乌兰夫（云泽，内蒙古,person,周恩来,张澜; 沈钧儒; 黄炎培; 章伯钧; 周恩来,政协; 北平接触; 民盟,中国民主同盟; 国民党; 中国共产党; 政治协商会议; 美国国务院; 美国驻北平总领事馆,北平; 上海,85
1913,1949,"September 27, 1949",北平接触与民盟人士沟通,陶还转达了罗隆基的一个建议：如果美国人避免公开宣布支持中国民主人士，将会有所帮助。 陶又说，原本曾拟设一个由周恩来主持、罗隆基和张东荪参加的外交关系委员会，但白皮书发表后，该计划已被放弃。,person,周恩来,罗隆基; 张东荪; 周恩来,政协; 北平接触,国民党; 中国共产党; 政治协商会议; 美国驻北平总领事馆,北平; 香港,70
1914,1946,"September 29, 1946",周恩来相关材料：The Ambassador in China (Stuart) to the Secretary of State,这封信是邀请周恩来返回南京，实际上也由马歇尔将军签署。 王补充说，如进行政府改组，共产党和民主同盟应在国务委员会中至少取得十四席，以确保否决权。,person,周恩来,周恩来; 马歇尔; 司徒雷登,马歇尔调处; 民盟,中国民主同盟; 中国共产党; 美国国务院,南京; 上海,35
