candidate_id,period,repository_code,repository_name,title,document_date,authenticity_level_accepted,evidence_grade,source_url,source_family,source_kind,citation_ready,review_status,catalog_reference,sha256,page_count,cluster_id,cluster_role,needs_ocr,notes
domestic:MMSH:web-history,1944-1945,MMSH,,,,L4,L4_secondary,https://mng.minmengsh.gov.cn/detailpage/mmgk-3da6fe99-f684-11ec-95d4-94c691be0bb6.html,民盟自身与盟史,book_or_assembly,no,accepted,,,0,,,no,官方历史沿革页面，包含1945—1947年上海民盟组织叙述；属于官方二次呈现，不是原始档案。
domestic:MMSH:web-office-history,1944-1945,MMSH,,,2024-05-12,L4,L4_secondary,https://paper.minmengsh.gov.cn/html/2024-05/12/content_144526_17450774.htm,民盟自身与盟史,book_or_assembly,no,accepted,,,0,,,no,官方数字报回顾上海民盟机关地点和早期活动线索，属于二次叙述。
domestic:MMSH:web-political-cooperation,1946-1950,MMSH,,,2024-10-12,L4,L4_secondary,https://paper.minmengsh.gov.cn/html/2024-10/12/content_144526_17882979.htm,民盟自身与盟史,book_or_assembly,no,accepted,,,0,,,no,官方数字报研究文章，提供民盟与政治协商关系的二次叙述和检索词。
domestic:MMSH:web-liukaiqu,1946-1950,MMSH,,,2024-10-12,L4,L4_secondary,https://paper.minmengsh.gov.cn/html/2024-10/12/content_144526_17882981.htm,民盟自身与盟史,book_or_assembly,no,accepted,,,0,,,no,官方数字报文章回顾刘开渠1946—1949年在上海的活动，正文包含具体时间、地点和人物线索，属于二次叙述。
domestic:DAJS:guangming-suzhou-1949,1946-1950,DAJS,,,1949-04-27,L1,L1_needs_review,https://www.dajs.gov.cn/art/2026/2/19/art_123_45642.html,国内党政机关与档案馆,other,no,accepted,,,0,,,yes,苏州市档案馆官方页面标明保管单位，并展示1949年4月27日中国民主同盟苏州支部印刷出版的《光明报》号外及其版面图片；这是具体原件的官方数字替身，但不是上海档案。
domestic:SAAC:1948-04-30-01,1946-1950,SAAC,,,1948-04-30,L1,L1_needs_review,https://www.saac.gov.cn/daj/gqzt/content/01/01_01.html,国内党政机关与档案馆,archive_scan,no,accepted,,,0,,,yes,中央档案馆官方专题的具体条目页，题名和形成日期明确，并提供原件图片入口。
domestic:SAAC:1948-04-30-02,1946-1950,SAAC,,,1948-04-30,L1,L1_needs_review,https://www.saac.gov.cn/daj/gqzt/content/01/01_02.html,国内党政机关与档案馆,archive_scan,no,accepted,,,0,,,yes,中央档案馆官方专题具体电报条目，题名和1948年4月30日日期明确。
domestic:SAAC:1948-05-01-01,1946-1950,SAAC,,,1948-05-01,L1,L1_needs_review,https://www.saac.gov.cn/daj/gqzt/content/01/01_04.html,国内党政机关与档案馆,archive_scan,no,accepted,,,0,,,yes,中央档案馆官方专题具体电报条目，题名、收发关系和日期明确。
domestic:SAAC:1948-08-01-01,1946-1950,SAAC,,,1948-08-01,L1,L1_needs_review,https://www.saac.gov.cn/daj/gqzt/content/01/01_06.html,国内党政机关与档案馆,archive_scan,no,accepted,,,0,,,yes,中央档案馆官方专题具体电报条目，题名和1948年8月1日日期明确。
domestic:SAAC:1948-10-01-01,1946-1950,SAAC,,,1948-10-01,L1,L1_needs_review,https://www.saac.gov.cn/daj/gqzt/content/01/01_07.html,国内党政机关与档案馆,archive_scan,no,accepted,,,0,,,yes,中央档案馆官方专题具体电报条目，题名、形成者和日期明确。
domestic:SAAC:1948-10-08-01,1946-1950,SAAC,,,1948-10-08,L1,L1_needs_review,https://www.saac.gov.cn/daj/gqzt/content/01/01_08.html,国内党政机关与档案馆,archive_scan,no,accepted,,,0,,,yes,中央档案馆官方专题具体电报条目，题名、收发关系和日期明确。
domestic:SAAC:1949-01-08-01,1946-1950,SAAC,,,1949-01-08,L1,L1_needs_review,https://www.saac.gov.cn/daj/gqzt/content/01/01_12.html,国内党政机关与档案馆,archive_scan,no,accepted,,,0,,,yes,中央档案馆官方专题具体会议文件条目，题名和1949年1月8日日期明确。
domestic:SAAC:1949-02-01-01,1946-1950,SAAC,,,1949-02-01/1949-02-02,L1,L1_needs_review,https://www.saac.gov.cn/daj/gqzt/content/01/01_14.html,国内党政机关与档案馆,archive_scan,no,accepted,,,0,,,yes,中央档案馆官方专题具体电报条目，题名、参与人数和日期范围明确。
domestic:SAAC:1949-02-14-01,1946-1950,SAAC,,,1949-02-14,L1,L1_needs_review,https://www.saac.gov.cn/daj/gqzt/content/01/01_15.html,国内党政机关与档案馆,archive_scan,no,accepted,,,0,,,yes,中央档案馆官方专题具体电报草稿条目，题名和1949年2月14日日期明确。
domestic:SAAC:1949-03-12-01,1946-1950,SAAC,,,1949-03-12/1949-03-23,L1,L1_needs_review,https://www.saac.gov.cn/daj/gqzt/content/01/01_16.html,国内党政机关与档案馆,archive_scan,no,accepted,,,0,,,yes,中央档案馆官方专题具体会议文件条目，题名和日期范围明确。
domestic:SAAC:1949-09-21-01,1946-1950,SAAC,,,1949-09-21,L1,L1_needs_review,https://www.saac.gov.cn/daj/gqzt/content/05/05_02.html,国内党政机关与档案馆,archive_scan,no,accepted,,,0,,,yes,中央档案馆官方专题具体名册条目，题名和1949年9月21日日期明确，直接涉及各单位及代表构成。
domestic:SAAC:1949-09-21-02,1946-1950,SAAC,,,1949-09-21,L1,L1_needs_review,https://www.saac.gov.cn/daj/gqzt/content/05/05_03.html,国内党政机关与档案馆,archive_scan,no,accepted,,,0,,,yes,中央档案馆官方专题具体签名册条目，题名和日期明确，适合核验代表出席与签名信息。
domestic:SAAC:1949-09-21-03,1946-1950,SAAC,,,1949-09-21/1949-09-30,L1,L1_needs_review,https://www.saac.gov.cn/daj/gqzt/content/05/05_06.html,国内党政机关与档案馆,archive_scan,no,accepted,,,0,,,yes,中央档案馆官方专题具体会议程序条目，日期覆盖1949年9月21日至30日。
domestic:SAAC:1949-09-21-04,1946-1950,SAAC,,,1949-09-21,L1,L1_needs_review,https://www.saac.gov.cn/daj/gqzt/content/05/05_07.html,国内党政机关与档案馆,archive_scan,no,accepted,,,0,,,yes,中央档案馆官方专题具体主席团名单条目，题名和日期明确。
domestic:SAAC:1949-09-21-05,1946-1950,SAAC,,,1949-09-21,L1,L1_needs_review,https://www.saac.gov.cn/daj/gqzt/content/05/05_11.html,国内党政机关与档案馆,archive_scan,no,accepted,,,0,,,yes,中央档案馆官方专题具体讲话条目，形成者、民盟身份和日期明确。
domestic:SAAC:1949-09-21-06,1946-1950,SAAC,,,1949-09-21,L1,L1_needs_review,https://www.saac.gov.cn/daj/gqzt/content/05/05_18.html,国内党政机关与档案馆,archive_scan,no,accepted,,,0,,,yes,中央档案馆官方专题具体会议记录条目，题名和日期明确。
domestic:SAAC:1949-09-21-07,1946-1950,SAAC,,,1949-09-21,L1,L1_needs_review,https://www.saac.gov.cn/daj/gqzt/content/05/05_20.html,国内党政机关与档案馆,archive_scan,no,accepted,,,0,,,yes,中央档案馆官方专题具体会议纪要条目，题名和日期明确。
domestic:SAAC:1949-09-22-01,1946-1950,SAAC,,,1949-09-22,L1,L1_needs_review,https://www.saac.gov.cn/daj/gqzt/content/05/05_23.html,国内党政机关与档案馆,archive_scan,no,accepted,,,0,,,yes,中央档案馆官方专题具体报告条目，题名、形成者和日期明确。
domestic:SAAC:1949-09-22-02,1946-1950,SAAC,,,1949-09-22,L1,L1_needs_review,https://www.saac.gov.cn/daj/gqzt/content/05/05_24.html,国内党政机关与档案馆,archive_scan,no,accepted,,,0,,,yes,中央档案馆官方专题具体报告条目，题名、形成者和日期明确。
domestic:SAAC:1949-09-23-01,1946-1950,SAAC,,,1949-09-23,L1,L1_needs_review,https://www.saac.gov.cn/daj/gqzt/content/05/05_39.html,国内党政机关与档案馆,archive_scan,no,accepted,,,0,,,yes,中央档案馆官方专题具体会议记录条目，题名和日期明确。
domestic:SAAC:1949-09-25-01,1946-1950,SAAC,,,1949-09-25,L1,L1_needs_review,https://www.saac.gov.cn/daj/gqzt/content/05/05_50.html,国内党政机关与档案馆,archive_scan,no,accepted,,,0,,,yes,中央档案馆官方专题具体委员会会议记录条目，题名和日期明确。
domestic:SAAC:1949-09-26-01,1946-1950,SAAC,,,1949-09-26,L1,L1_needs_review,https://www.saac.gov.cn/daj/gqzt/content/05/05_56.html,国内党政机关与档案馆,archive_scan,no,accepted,,,0,,,yes,中央档案馆官方专题具体书信条目，形成者、收信人和日期明确。
domestic:SAAC:1949-09-27-01,1946-1950,SAAC,,,1949-09-27,L1,L1_needs_review,https://www.saac.gov.cn/daj/gqzt/content/05/05_58.html,国内党政机关与档案馆,archive_scan,no,accepted,,,0,,,yes,中央档案馆官方专题具体正式会议文件条目，题名和通过日期明确。
domestic:SAAC:1949-09-27-02,1946-1950,SAAC,,,1949-09-27,L1,L1_needs_review,https://www.saac.gov.cn/daj/gqzt/content/05/05_59.html,国内党政机关与档案馆,archive_scan,no,accepted,,,0,,,yes,中央档案馆官方专题具体正式会议文件条目，题名和通过日期明确。
domestic:SAAC:1949-09-28-01,1946-1950,SAAC,,,1949-09-28,L1,L1_needs_review,https://www.saac.gov.cn/daj/gqzt/content/05/05_65.html,国内党政机关与档案馆,archive_scan,no,accepted,,,0,,,yes,中央档案馆官方专题具体委员会会议记录条目，题名和日期明确。
domestic:SAAC:1949-09-29-01,1946-1950,SAAC,,,1949-09-29,L1,L1_needs_review,https://www.saac.gov.cn/daj/gqzt/content/05/05_68.html,国内党政机关与档案馆,archive_scan,no,accepted,,,0,,,yes,中央档案馆官方专题具体正式文件条目，题名和通过日期明确，是新政协建国文件核心记录。
domestic:SAAC:1949-09-29-02,1946-1950,SAAC,,,1949-09-29,L1,L1_needs_review,https://www.saac.gov.cn/daj/gqzt/content/05/05_71.html,国内党政机关与档案馆,archive_scan,no,accepted,,,0,,,yes,中央档案馆官方专题具体会议记录条目，题名和日期明确。
domestic:SAAC:1949-09-30-01,1946-1950,SAAC,,,1949-09-30,L1,L1_needs_review,https://www.saac.gov.cn/daj/gqzt/content/05/05_80.html,国内党政机关与档案馆,archive_scan,no,accepted,,,0,,,yes,中央档案馆官方专题具体文件草案条目，题名和日期明确。
domestic:SAAC:1949-09-30-02,1946-1950,SAAC,,,1949-09-30,L1,L1_needs_review,https://www.saac.gov.cn/daj/gqzt/content/05/05_82.html,国内党政机关与档案馆,archive_scan,no,accepted,,,0,,,yes,中央档案馆官方专题具体委员名单条目，题名和日期明确，可用于核验民盟代表进入政协全国委员会情况。
domestic:SAAC:1949-09-30-03,1946-1950,SAAC,,,1949-09-30,L1,L1_needs_review,https://www.saac.gov.cn/daj/gqzt/content/05/05_84.html,国内党政机关与档案馆,archive_scan,no,accepted,,,0,,,yes,中央档案馆官方专题具体闭幕词条目，题名、形成者和日期明确。
domestic:SAAC:1949-index-c01,1946-1950,SAAC,,,1949-09-21,L1,L1_needs_review,https://www.saac.gov.cn/daj/gqzt/content/05/05_01.html,国内党政机关与档案馆,archive_scan,no,accepted,,,0,DCL-0001,canonical,yes,国家档案局官方具体条目页可访问，题名和形成日期明确，并提供公开图片入口；暂按官方影印/数字替身候选处理。
domestic:SAAC:1949-index-c02,1946-1950,SAAC,,,1949-09-21,L1,L1_needs_review,https://www.saac.gov.cn/daj/gqzt/content/05/05_04.html,国内党政机关与档案馆,archive_scan,no,accepted,,,0,,,yes,国家档案局官方具体条目页可访问，题名和形成日期明确，并提供公开图片入口；暂按官方影印/数字替身候选处理。
domestic:SAAC:1949-index-c03,1946-1950,SAAC,,,1949-09-21,L1,L1_needs_review,https://www.saac.gov.cn/daj/gqzt/content/05/05_05.html,国内党政机关与档案馆,archive_scan,no,accepted,,,0,,,yes,国家档案局官方具体条目页可访问，题名和形成日期明确，并提供公开图片入口；暂按官方影印/数字替身候选处理。
domestic:SAAC:1949-index-c04,1946-1950,SAAC,,,1949-09-21,L1,L1_needs_review,https://www.saac.gov.cn/daj/gqzt/content/05/05_08.html,国内党政机关与档案馆,archive_scan,no,accepted,,,0,,,yes,国家档案局官方具体条目页可访问，题名和形成日期明确，并提供公开图片入口；暂按官方影印/数字替身候选处理。
domestic:SAAC:1949-index-c05,1946-1950,SAAC,,,1949-09-21,L1,L1_needs_review,https://www.saac.gov.cn/daj/gqzt/content/05/05_09.html,国内党政机关与档案馆,archive_scan,no,accepted,,,0,,,yes,国家档案局官方具体条目页可访问，题名和形成日期明确，并提供公开图片入口；暂按官方影印/数字替身候选处理。
domestic:SAAC:1949-index-c06,1946-1950,SAAC,,,1949-09-21,L1,L1_needs_review,https://www.saac.gov.cn/daj/gqzt/content/05/05_10.html,国内党政机关与档案馆,archive_scan,no,accepted,,,0,,,yes,国家档案局官方具体条目页可访问，题名和形成日期明确，并提供公开图片入口；暂按官方影印/数字替身候选处理。
domestic:SAAC:1949-index-c07,1946-1950,SAAC,,,1949-09-21,L1,L1_needs_review,https://www.saac.gov.cn/daj/gqzt/content/05/05_12.html,国内党政机关与档案馆,archive_scan,no,accepted,,,0,,,yes,国家档案局官方具体条目页可访问，题名和形成日期明确，并提供公开图片入口；暂按官方影印/数字替身候选处理。
domestic:SAAC:1949-index-c08,1946-1950,SAAC,,,1949-09-21,L1,L1_needs_review,https://www.saac.gov.cn/daj/gqzt/content/05/05_13.html,国内党政机关与档案馆,archive_scan,no,accepted,,,0,,,yes,国家档案局官方具体条目页可访问，题名和形成日期明确，并提供公开图片入口；暂按官方影印/数字替身候选处理。
domestic:SAAC:1949-index-c09,1946-1950,SAAC,,,1949-09-21,L1,L1_needs_review,https://www.saac.gov.cn/daj/gqzt/content/05/05_14.html,国内党政机关与档案馆,archive_scan,no,accepted,,,0,,,yes,国家档案局官方具体条目页可访问，题名和形成日期明确，并提供公开图片入口；暂按官方影印/数字替身候选处理。
domestic:SAAC:1949-index-c10,1946-1950,SAAC,,,1949-09-21,L1,L1_needs_review,https://www.saac.gov.cn/daj/gqzt/content/05/05_15.html,国内党政机关与档案馆,archive_scan,no,accepted,,,0,,,yes,国家档案局官方具体条目页可访问，题名和形成日期明确，并提供公开图片入口；暂按官方影印/数字替身候选处理。
domestic:SAAC:1949-index-c11,1946-1950,SAAC,,,1949-09-21,L1,L1_needs_review,https://www.saac.gov.cn/daj/gqzt/content/05/05_16.html,国内党政机关与档案馆,archive_scan,no,accepted,,,0,,,yes,国家档案局官方具体条目页可访问，题名和形成日期明确，并提供公开图片入口；暂按官方影印/数字替身候选处理。
domestic:SAAC:1949-index-c12,1946-1950,SAAC,,,1949-09-21,L1,L1_needs_review,https://www.saac.gov.cn/daj/gqzt/content/05/05_17.html,国内党政机关与档案馆,archive_scan,no,accepted,,,0,,,yes,国家档案局官方具体条目页可访问，题名和形成日期明确，并提供公开图片入口；暂按官方影印/数字替身候选处理。
domestic:SAAC:1949-index-c13,1946-1950,SAAC,,,1949-09-22,L1,L1_needs_review,https://www.saac.gov.cn/daj/gqzt/content/05/05_25.html,国内党政机关与档案馆,archive_scan,no,accepted,,,0,,,yes,国家档案局官方具体条目页可访问，题名和形成日期明确，并提供公开图片入口；暂按官方影印/数字替身候选处理。
domestic:SAAC:1949-index-c14,1946-1950,SAAC,,,1949-09-22,L1,L1_needs_review,https://www.saac.gov.cn/daj/gqzt/content/05/05_26.html,国内党政机关与档案馆,archive_scan,no,accepted,,,0,,,yes,国家档案局官方具体条目页可访问，题名和形成日期明确，并提供公开图片入口；暂按官方影印/数字替身候选处理。
domestic:SAAC:1949-index-c15,1946-1950,SAAC,,,1949-09-22,L1,L1_needs_review,https://www.saac.gov.cn/daj/gqzt/content/05/05_27.html,国内党政机关与档案馆,archive_scan,no,accepted,,,0,,,yes,国家档案局官方具体条目页可访问，题名和形成日期明确，并提供公开图片入口；暂按官方影印/数字替身候选处理。
domestic:SAAC:1949-index-c16,1946-1950,SAAC,,,1949-09-22,L1,L1_needs_review,https://www.saac.gov.cn/daj/gqzt/content/05/05_28.html,国内党政机关与档案馆,archive_scan,no,accepted,,,0,,,yes,国家档案局官方具体条目页可访问，题名和形成日期明确，并提供公开图片入口；暂按官方影印/数字替身候选处理。
domestic:SAAC:1949-index-c17,1946-1950,SAAC,,,1949-09-22,L1,L1_needs_review,https://www.saac.gov.cn/daj/gqzt/content/05/05_29.html,国内党政机关与档案馆,archive_scan,no,accepted,,,0,,,yes,国家档案局官方具体条目页可访问，题名和形成日期明确，并提供公开图片入口；暂按官方影印/数字替身候选处理。
domestic:SAAC:1949-index-c18,1946-1950,SAAC,,,1949-09-23,L1,L1_needs_review,https://www.saac.gov.cn/daj/gqzt/content/05/05_30.html,国内党政机关与档案馆,archive_scan,no,accepted,,,0,,,yes,国家档案局官方具体条目页可访问，题名和形成日期明确，并提供公开图片入口；暂按官方影印/数字替身候选处理。
domestic:SAAC:1949-index-c19,1946-1950,SAAC,,,1949-09-23,L1,L1_needs_review,https://www.saac.gov.cn/daj/gqzt/content/05/05_31.html,国内党政机关与档案馆,archive_scan,no,accepted,,,0,,,yes,国家档案局官方具体条目页可访问，题名和形成日期明确，并提供公开图片入口；暂按官方影印/数字替身候选处理。
domestic:SAAC:1949-index-c20,1946-1950,SAAC,,,1949-09-23,L1,L1_needs_review,https://www.saac.gov.cn/daj/gqzt/content/05/05_32.html,国内党政机关与档案馆,archive_scan,no,accepted,,,0,,,yes,国家档案局官方具体条目页可访问，题名和形成日期明确，并提供公开图片入口；暂按官方影印/数字替身候选处理。
domestic:SAAC:1949-index-c21,1946-1950,SAAC,,,1949-09-23,L1,L1_needs_review,https://www.saac.gov.cn/daj/gqzt/content/05/05_33.html,国内党政机关与档案馆,archive_scan,no,accepted,,,0,,,yes,国家档案局官方具体条目页可访问，题名和形成日期明确，并提供公开图片入口；暂按官方影印/数字替身候选处理。
domestic:SAAC:1949-index-c22,1946-1950,SAAC,,,1949-09-23,L1,L1_needs_review,https://www.saac.gov.cn/daj/gqzt/content/05/05_34.html,国内党政机关与档案馆,archive_scan,no,accepted,,,0,,,yes,国家档案局官方具体条目页可访问，题名和形成日期明确，并提供公开图片入口；暂按官方影印/数字替身候选处理。
domestic:SAAC:1949-index-c23,1946-1950,SAAC,,,1949-09-23,L1,L1_needs_review,https://www.saac.gov.cn/daj/gqzt/content/05/05_41.html,国内党政机关与档案馆,archive_scan,no,accepted,,,0,,,yes,国家档案局官方具体条目页可访问，题名和形成日期明确，并提供公开图片入口；暂按官方影印/数字替身候选处理。
domestic:SAAC:1949-index-c24,1946-1950,SAAC,,,1949-09-24,L1,L1_needs_review,https://www.saac.gov.cn/daj/gqzt/content/05/05_42.html,国内党政机关与档案馆,archive_scan,no,accepted,,,0,,,yes,国家档案局官方具体条目页可访问，题名和形成日期明确，并提供公开图片入口；暂按官方影印/数字替身候选处理。
domestic:SAAC:1949-index-c25,1946-1950,SAAC,,,1949-09-24,L1,L1_needs_review,https://www.saac.gov.cn/daj/gqzt/content/05/05_43.html,国内党政机关与档案馆,archive_scan,no,accepted,,,0,,,yes,国家档案局官方具体条目页可访问，题名和形成日期明确，并提供公开图片入口；暂按官方影印/数字替身候选处理。
domestic:SAAC:1949-index-c26,1946-1950,SAAC,,,1949-09-24,L1,L1_needs_review,https://www.saac.gov.cn/daj/gqzt/content/05/05_44.html,国内党政机关与档案馆,archive_scan,no,accepted,,,0,,,yes,国家档案局官方具体条目页可访问，题名和形成日期明确，并提供公开图片入口；暂按官方影印/数字替身候选处理。
domestic:SAAC:1949-index-c27,1946-1950,SAAC,,,1949-09-24,L1,L1_needs_review,https://www.saac.gov.cn/daj/gqzt/content/05/05_45.html,国内党政机关与档案馆,archive_scan,no,accepted,,,0,,,yes,国家档案局官方具体条目页可访问，题名和形成日期明确，并提供公开图片入口；暂按官方影印/数字替身候选处理。
domestic:SAAC:1949-index-c28,1946-1950,SAAC,,,1949-09-24,L1,L1_needs_review,https://www.saac.gov.cn/daj/gqzt/content/05/05_46.html,国内党政机关与档案馆,archive_scan,no,accepted,,,0,,,yes,国家档案局官方具体条目页可访问，题名和形成日期明确，并提供公开图片入口；暂按官方影印/数字替身候选处理。
domestic:SAAC:1949-index-c29,1946-1950,SAAC,,,1949-09-24,L1,L1_needs_review,https://www.saac.gov.cn/daj/gqzt/content/05/05_47.html,国内党政机关与档案馆,archive_scan,no,accepted,,,0,,,yes,国家档案局官方具体条目页可访问，题名和形成日期明确，并提供公开图片入口；暂按官方影印/数字替身候选处理。
domestic:SAAC:1949-index-c30,1946-1950,SAAC,,,1949-09-25,L1,L1_needs_review,https://www.saac.gov.cn/daj/gqzt/content/05/05_48.html,国内党政机关与档案馆,archive_scan,no,accepted,,,0,,,yes,国家档案局官方具体条目页可访问，题名和形成日期明确，并提供公开图片入口；暂按官方影印/数字替身候选处理。
domestic:SAAC:1949-index-c31,1946-1950,SAAC,,,1949-09-25,L1,L1_needs_review,https://www.saac.gov.cn/daj/gqzt/content/05/05_49.html,国内党政机关与档案馆,archive_scan,no,accepted,,,0,,,yes,国家档案局官方具体条目页可访问，题名和形成日期明确，并提供公开图片入口；暂按官方影印/数字替身候选处理。
domestic:SAAC:1949-index-c32,1946-1950,SAAC,,,1949-09-25,L1,L1_needs_review,https://www.saac.gov.cn/daj/gqzt/content/05/05_51.html,国内党政机关与档案馆,archive_scan,no,accepted,,,0,,,yes,国家档案局官方具体条目页可访问，题名和形成日期明确，并提供公开图片入口；暂按官方影印/数字替身候选处理。
domestic:SAAC:1949-item-a01,1946-1950,SAAC,,,1949-09-25,L1,L1_needs_review,https://www.saac.gov.cn/daj/gqzt/content/05/05_52.html,国内党政机关与档案馆,archive_scan,no,accepted,,,0,,,yes,国家档案局官方具体条目页，题名和形成日期明确，并提供公开图片入口；暂按官方影印/数字替身候选处理。
domestic:SAAC:1949-item-a02,1946-1950,SAAC,,,1949-09-25,L1,L1_needs_review,https://www.saac.gov.cn/daj/gqzt/content/05/05_53.html,国内党政机关与档案馆,archive_scan,no,accepted,,,0,,,yes,国家档案局官方具体条目页，题名和形成日期明确，并提供公开图片入口；暂按官方影印/数字替身候选处理。
domestic:SAAC:1949-item-a03,1946-1950,SAAC,,,1949-09-26,L1,L1_needs_review,https://www.saac.gov.cn/daj/gqzt/content/05/05_54.html,国内党政机关与档案馆,archive_scan,no,accepted,,,0,,,yes,国家档案局官方具体条目页，题名和形成日期明确，并提供公开图片入口；暂按官方影印/数字替身候选处理。
domestic:SAAC:1949-item-a04,1946-1950,SAAC,,,1949-09-26,L1,L1_needs_review,https://www.saac.gov.cn/daj/gqzt/content/05/05_55.html,国内党政机关与档案馆,archive_scan,no,accepted,,,0,,,yes,国家档案局官方具体条目页，题名和形成日期明确，并提供公开图片入口；暂按官方影印/数字替身候选处理。
domestic:SAAC:1949-item-a05,1946-1950,SAAC,,,1949-09-26,L1,L1_needs_review,https://www.saac.gov.cn/daj/gqzt/content/05/05_57.html,国内党政机关与档案馆,archive_scan,no,accepted,,,0,,,yes,国家档案局官方具体条目页，题名和形成日期明确，并提供公开图片入口；暂按官方影印/数字替身候选处理。
domestic:SAAC:1949-item-a06,1946-1950,SAAC,,,1949-09-27,L1,L1_needs_review,https://www.saac.gov.cn/daj/gqzt/content/05/05_61.html,国内党政机关与档案馆,archive_scan,no,accepted,,,0,,,yes,国家档案局官方具体条目页，题名和形成日期明确，并提供公开图片入口；暂按官方影印/数字替身候选处理。
domestic:SAAC:1949-item-a07,1946-1950,SAAC,,,1949-09-27,L1,L1_needs_review,https://www.saac.gov.cn/daj/gqzt/content/05/05_62.html,国内党政机关与档案馆,archive_scan,no,accepted,,,0,,,yes,国家档案局官方具体条目页，题名和形成日期明确，并提供公开图片入口；暂按官方影印/数字替身候选处理。
domestic:SAAC:1949-item-a08,1946-1950,SAAC,,,1949-09-27,L1,L1_needs_review,https://www.saac.gov.cn/daj/gqzt/content/05/05_63.html,国内党政机关与档案馆,archive_scan,no,accepted,,,0,,,yes,国家档案局官方具体条目页，题名和形成日期明确，并提供公开图片入口；暂按官方影印/数字替身候选处理。
domestic:SAAC:1949-item-a09,1946-1950,SAAC,,,1949-09-27,L1,L1_needs_review,https://www.saac.gov.cn/daj/gqzt/content/05/05_64.html,国内党政机关与档案馆,archive_scan,no,accepted,,,0,,,yes,国家档案局官方具体条目页，题名和形成日期明确，并提供公开图片入口；暂按官方影印/数字替身候选处理。
domestic:SAAC:1949-item-a10,1946-1950,SAAC,,,1949-09-28,L1,L1_needs_review,https://www.saac.gov.cn/daj/gqzt/content/05/05_66.html,国内党政机关与档案馆,archive_scan,no,accepted,,,0,,,yes,国家档案局官方具体条目页，题名和形成日期明确，并提供公开图片入口；暂按官方影印/数字替身候选处理。
domestic:SAAC:1949-item-a11,1946-1950,SAAC,,,1949-09-29,L1,L1_needs_review,https://www.saac.gov.cn/daj/gqzt/content/05/05_67.html,国内党政机关与档案馆,archive_scan,no,accepted,,,0,,,yes,国家档案局官方具体条目页，题名和形成日期明确，并提供公开图片入口；暂按官方影印/数字替身候选处理。
domestic:SAAC:1949-item-a12,1946-1950,SAAC,,,1949-09-29,L1,L1_needs_review,https://www.saac.gov.cn/daj/gqzt/content/05/05_69.html,国内党政机关与档案馆,archive_scan,no,accepted,,,0,,,yes,国家档案局官方具体条目页，题名和形成日期明确，并提供公开图片入口；暂按官方影印/数字替身候选处理。
domestic:SAAC:1949-item-a13,1946-1950,SAAC,,,1949-09-29,L1,L1_needs_review,https://www.saac.gov.cn/daj/gqzt/content/05/05_70.html,国内党政机关与档案馆,archive_scan,no,accepted,,,0,,,yes,国家档案局官方具体条目页，题名和形成日期明确，并提供公开图片入口；暂按官方影印/数字替身候选处理。
domestic:SAAC:1949-item-a14,1946-1950,SAAC,,,1949-09-29,L1,L1_needs_review,https://www.saac.gov.cn/daj/gqzt/content/05/05_72.html,国内党政机关与档案馆,archive_scan,no,accepted,,,0,,,yes,国家档案局官方具体条目页，题名和形成日期明确，并提供公开图片入口；暂按官方影印/数字替身候选处理。
domestic:SAAC:1949-item-a15,1946-1950,SAAC,,,1949-09-29,L1,L1_needs_review,https://www.saac.gov.cn/daj/gqzt/content/05/05_73.html,国内党政机关与档案馆,archive_scan,no,accepted,,,0,,,yes,国家档案局官方具体条目页，题名和形成日期明确，并提供公开图片入口；暂按官方影印/数字替身候选处理。
domestic:SAAC:1949-item-a16,1946-1950,SAAC,,,1949-09-30,L1,L1_needs_review,https://www.saac.gov.cn/daj/gqzt/content/05/05_75.html,国内党政机关与档案馆,archive_scan,no,accepted,,,0,,,yes,国家档案局官方具体条目页，题名和形成日期明确，并提供公开图片入口；暂按官方影印/数字替身候选处理。
domestic:SAAC:1949-item-a17,1946-1950,SAAC,,,1949-09-30,L1,L1_needs_review,https://www.saac.gov.cn/daj/gqzt/content/05/05_76.html,国内党政机关与档案馆,archive_scan,no,accepted,,,0,,,yes,国家档案局官方具体条目页，题名和形成日期明确，并提供公开图片入口；暂按官方影印/数字替身候选处理。
domestic:WS:democratic-league-declaration-1941,1941-1943,WS,,,1941-10-10,L1,L1_citation_ready,https://zh.wikisource.org/zh-hans/中国民主政团同盟成立宣言,公共数字化/学术/海外,web_transcription,yes,accepted,,,0,,,no,页面标注文献作者为中国民主政团同盟、发表时间为1941年10月10日，并提供全文转录；可作为原文追索线索，不能替代《光明报》原刊影像。
domestic:WS:peace-building-program-1946,1946-1950,WS,,,1946-01-31,L1,L1_citation_ready,https://zh.wikisource.org/zh-hans/和平建国纲领,公共数字化/学术/海外,web_transcription,yes,accepted,,,0,,,no,页面标注1946年1月重庆政治协商会议通过，并提供全文转录；用于旧政协和民盟代表参与议题的原文追索。
domestic:MMZY:1945-first-congress-page,1944-1945,MMZY,,,1945-10-01/1945-10-12,L4,L4_secondary,https://www.mmzy.org.cn/mmzt/sydzt/lcdbdh/34517.aspx,民盟自身与盟史,book_or_assembly,no,accepted,,,0,,,no,已核对民盟中央官方专题页：1945-10-01至10-12在重庆特园召开临时全国代表大会，推选代表63人、实到48人；页面记载大会通过政治报告、临时全国代表大会宣言和纲领，并说明《组织规程》涉及组织原则、中央与地方机构以及盟员入盟和退盟办法。
domestic:HNMM:response-may-day-1948,1946-1950,HNMM,,,1948-06-14,L3,L3_press_surrogate,https://www.hnmm.gov.cn/content/644247/54/12382002.html,民盟自身与盟史,official_history_page,no,accepted,,,0,,,no,官方地方民盟网站完整转载1948年6月14日民盟致全国同胞书，文献形成日期和文本题名明确。
domestic:SAAC:catalog-01-01_03,1946-1950,SAAC,,,1948-05-01,L1,L1_needs_review,https://www.saac.gov.cn/daj/gqzt/content/01/01_03.html,国内党政机关与档案馆,archive_scan,no,accepted,,,0,,,yes,国家档案局／中央档案馆官方专题具体条目页，题名、形成日期和公开影像入口可追踪。
domestic:SAAC:catalog-01-01_05,1946-1950,SAAC,,,1948-05-07,L1,L1_needs_review,https://www.saac.gov.cn/daj/gqzt/content/01/01_05.html,国内党政机关与档案馆,archive_scan,no,accepted,,,0,,,yes,国家档案局／中央档案馆官方专题具体条目页，题名、形成日期和公开影像入口可追踪。
domestic:SAAC:catalog-01-01_09,1946-1950,SAAC,,,1948-10-17,L1,L1_needs_review,https://www.saac.gov.cn/daj/gqzt/content/01/01_09.html,国内党政机关与档案馆,archive_scan,no,accepted,,,0,,,yes,国家档案局／中央档案馆官方专题具体条目页，题名、形成日期和公开影像入口可追踪。
domestic:SAAC:catalog-01-01_10,1946-1950,SAAC,,,1948-10-31,L1,L1_needs_review,https://www.saac.gov.cn/daj/gqzt/content/01/01_10.html,国内党政机关与档案馆,archive_scan,no,accepted,,,0,,,yes,国家档案局／中央档案馆官方专题具体条目页，题名、形成日期和公开影像入口可追踪。
domestic:SAAC:catalog-01-01_11,1946-1950,SAAC,,,1948-11-20,L1,L1_needs_review,https://www.saac.gov.cn/daj/gqzt/content/01/01_11.html,国内党政机关与档案馆,archive_scan,no,accepted,,,0,,,yes,国家档案局／中央档案馆官方专题具体条目页，题名、形成日期和公开影像入口可追踪。
domestic:SAAC:catalog-01-01_13,1946-1950,SAAC,,,1949-01-20,L1,L1_needs_review,https://www.saac.gov.cn/daj/gqzt/content/01/01_13.html,国内党政机关与档案馆,archive_scan,no,accepted,,,0,,,yes,国家档案局／中央档案馆官方专题具体条目页，题名、形成日期和公开影像入口可追踪。
domestic:SAAC:catalog-01-01_17,1946-1950,SAAC,,,1949-03-21/1949-03-22,L1,L1_needs_review,https://www.saac.gov.cn/daj/gqzt/content/01/01_17.html,国内党政机关与档案馆,archive_scan,no,accepted,,,0,,,yes,国家档案局／中央档案馆官方专题具体条目页，题名、形成日期和公开影像入口可追踪。
domestic:SAAC:catalog-01-01_18,1946-1950,SAAC,,,1949-03-25,L1,L1_needs_review,https://www.saac.gov.cn/daj/gqzt/content/01/01_18.html,国内党政机关与档案馆,archive_scan,no,accepted,,,0,,,yes,国家档案局／中央档案馆官方专题具体条目页，题名、形成日期和公开影像入口可追踪。
domestic:SAAC:catalog-01-01_19,1946-1950,SAAC,,,1949-03-26,L1,L1_needs_review,https://www.saac.gov.cn/daj/gqzt/content/01/01_19.html,国内党政机关与档案馆,archive_scan,no,accepted,,,0,,,yes,国家档案局／中央档案馆官方专题具体条目页，题名、形成日期和公开影像入口可追踪。
domestic:SAAC:catalog-01-01_20,1946-1950,SAAC,,,1949-06-19,L1,L1_needs_review,https://www.saac.gov.cn/daj/gqzt/content/01/01_20.html,国内党政机关与档案馆,archive_scan,no,accepted,,,0,,,yes,国家档案局／中央档案馆官方专题具体条目页，题名、形成日期和公开影像入口可追踪。
domestic:SAAC:catalog-01-01_21,1946-1950,SAAC,,,1949-06-21,L1,L1_needs_review,https://www.saac.gov.cn/daj/gqzt/content/01/01_21.html,国内党政机关与档案馆,archive_scan,no,accepted,,,0,,,yes,国家档案局／中央档案馆官方专题具体条目页，题名、形成日期和公开影像入口可追踪。
domestic:SAAC:catalog-01-01_22,1946-1950,SAAC,,,1949-06-30,L1,L1_needs_review,https://www.saac.gov.cn/daj/gqzt/content/01/01_22.html,国内党政机关与档案馆,archive_scan,no,accepted,,,0,,,yes,国家档案局／中央档案馆官方专题具体条目页，题名、形成日期和公开影像入口可追踪。
domestic:SAAC:catalog-02-02_01,1946-1950,SAAC,,,1949-06-14,L1,L1_needs_review,https://www.saac.gov.cn/daj/gqzt/content/02/02_01.html,国内党政机关与档案馆,archive_scan,no,accepted,,,0,,,yes,国家档案局／中央档案馆官方专题具体条目页，题名、形成日期和公开影像入口可追踪。
domestic:SAAC:catalog-02-02_02,1946-1950,SAAC,,,1949-06-15,L1,L1_needs_review,https://www.saac.gov.cn/daj/gqzt/content/02/02_02.html,国内党政机关与档案馆,archive_scan,no,accepted,,,0,,,yes,国家档案局／中央档案馆官方专题具体条目页，题名、形成日期和公开影像入口可追踪。
domestic:SAAC:catalog-02-02_03,1946-1950,SAAC,,,1949-06-15,L1,L1_needs_review,https://www.saac.gov.cn/daj/gqzt/content/02/02_03.html,国内党政机关与档案馆,archive_scan,no,accepted,,,0,,,yes,国家档案局／中央档案馆官方专题具体条目页，题名、形成日期和公开影像入口可追踪。
domestic:SAAC:catalog-02-02_04,1946-1950,SAAC,,,1949-06-15,L1,L1_needs_review,https://www.saac.gov.cn/daj/gqzt/content/02/02_04.html,国内党政机关与档案馆,archive_scan,no,accepted,,,0,,,yes,国家档案局／中央档案馆官方专题具体条目页，题名、形成日期和公开影像入口可追踪。
domestic:SAAC:catalog-02-02_05,1946-1950,SAAC,,,1949-06-15,L1,L1_needs_review,https://www.saac.gov.cn/daj/gqzt/content/02/02_05.html,国内党政机关与档案馆,archive_scan,no,accepted,,,0,,,yes,国家档案局官方条目页明确标示《沈钧儒在新政治协商会议筹备会开幕典礼上的讲话（1949年6月15日）》，页面提供两张官方影像直链，已核对条目页、日期和影像入口。
domestic:SAAC:catalog-02-02_06,1946-1950,SAAC,,,1949-06-15,L1,L1_needs_review,https://www.saac.gov.cn/daj/gqzt/content/02/02_06.html,国内党政机关与档案馆,archive_scan,no,accepted,,,0,,,yes,国家档案局／中央档案馆官方专题具体条目页，题名、形成日期和公开影像入口可追踪。
domestic:SAAC:catalog-02-02_07,1946-1950,SAAC,,,1949-06-15,L1,L1_needs_review,https://www.saac.gov.cn/daj/gqzt/content/02/02_07.html,国内党政机关与档案馆,archive_scan,no,accepted,,,0,,,yes,国家档案局／中央档案馆官方专题具体条目页，题名、形成日期和公开影像入口可追踪。
domestic:SAAC:catalog-02-02_08,1946-1950,SAAC,,,1949-06-15,L1,L1_needs_review,https://www.saac.gov.cn/daj/gqzt/content/02/02_08.html,国内党政机关与档案馆,archive_scan,no,accepted,,,0,,,yes,国家档案局／中央档案馆官方专题具体条目页，题名、形成日期和公开影像入口可追踪。
domestic:SAAC:catalog-02-02_09,1946-1950,SAAC,,,1949-06-16,L1,L1_needs_review,https://www.saac.gov.cn/daj/gqzt/content/02/02_09.html,国内党政机关与档案馆,archive_scan,no,accepted,,,0,,,yes,国家档案局／中央档案馆官方专题具体条目页，题名、形成日期和公开影像入口可追踪。
domestic:SAAC:catalog-02-02_10,1946-1950,SAAC,,,1949-06-16,L1,L1_needs_review,https://www.saac.gov.cn/daj/gqzt/content/02/02_10.html,国内党政机关与档案馆,archive_scan,no,accepted,,,0,,,yes,国家档案局／中央档案馆官方专题具体条目页，题名、形成日期和公开影像入口可追踪。
domestic:SAAC:catalog-02-02_11,1946-1950,SAAC,,,1949-06-16,L1,L1_needs_review,https://www.saac.gov.cn/daj/gqzt/content/02/02_11.html,国内党政机关与档案馆,archive_scan,no,accepted,,,0,,,yes,国家档案局／中央档案馆官方专题具体条目页，题名、形成日期和公开影像入口可追踪。
domestic:SAAC:catalog-02-02_12,1946-1950,SAAC,,,1949-06-19,L1,L1_needs_review,https://www.saac.gov.cn/daj/gqzt/content/02/02_12.html,国内党政机关与档案馆,archive_scan,no,accepted,,,0,,,yes,国家档案局／中央档案馆官方专题具体条目页，题名、形成日期和公开影像入口可追踪。
domestic:SAAC:catalog-02-02_13,1946-1950,SAAC,,,1949-06-19,L1,L1_needs_review,https://www.saac.gov.cn/daj/gqzt/content/02/02_13.html,国内党政机关与档案馆,archive_scan,no,accepted,,,0,,,yes,国家档案局／中央档案馆官方专题具体条目页，题名、形成日期和公开影像入口可追踪。
domestic:SAAC:catalog-02-02_14,1946-1950,SAAC,,,1949-07-11,L1,L1_needs_review,https://www.saac.gov.cn/daj/gqzt/content/02/02_15.html,国内党政机关与档案馆,archive_scan,no,accepted,,,0,,,yes,国家档案局／中央档案馆官方专题具体条目页，题名、形成日期和公开影像入口可追踪。
domestic:SAAC:catalog-02-02_15,1946-1950,SAAC,,,1949-07-11,L1,L1_needs_review,https://www.saac.gov.cn/daj/gqzt/content/02/02_16.html,国内党政机关与档案馆,archive_scan,no,accepted,,,0,,,yes,国家档案局／中央档案馆官方专题具体条目页，题名、形成日期和公开影像入口可追踪。
domestic:SAAC:catalog-02-02_16,1946-1950,SAAC,,,1949-07-13,L1,L1_needs_review,https://www.saac.gov.cn/daj/gqzt/content/02/02_17.html,国内党政机关与档案馆,archive_scan,no,accepted,,,0,,,yes,国家档案局／中央档案馆官方专题具体条目页，题名、形成日期和公开影像入口可追踪。
domestic:SAAC:catalog-02-02_17,1946-1950,SAAC,,,1949-07-18,L1,L1_needs_review,https://www.saac.gov.cn/daj/gqzt/content/02/02_18.html,国内党政机关与档案馆,archive_scan,no,accepted,,,0,,,yes,国家档案局／中央档案馆官方专题具体条目页，题名、形成日期和公开影像入口可追踪。
domestic:SAAC:catalog-03-03_01_01,1946-1950,SAAC,,,1949-06-17,L1,L1_needs_review,https://www.saac.gov.cn/daj/gqzt/content/03/03_01_01.html,国内党政机关与档案馆,archive_scan,no,accepted,,,0,,,yes,国家档案局／中央档案馆官方专题具体条目页，题名、形成日期和公开影像入口可追踪。
domestic:SAAC:catalog-03-03_01_02,1946-1950,SAAC,,,1949-06-17,L1,L1_needs_review,https://www.saac.gov.cn/daj/gqzt/content/03/03_01_02.html,国内党政机关与档案馆,archive_scan,no,accepted,,,0,,,yes,国家档案局／中央档案馆官方专题具体条目页，题名、形成日期和公开影像入口可追踪。
domestic:SAAC:catalog-03-03_02_01,1946-1950,SAAC,,,1949-06-18,L1,L1_needs_review,https://www.saac.gov.cn/daj/gqzt/content/03/03_02_01.html,国内党政机关与档案馆,archive_scan,no,accepted,,,0,,,yes,国家档案局／中央档案馆官方专题具体条目页，题名、形成日期和公开影像入口可追踪。
domestic:SAAC:catalog-03-03_02_02,1946-1950,SAAC,,,1949-06-28,L1,L1_needs_review,https://www.saac.gov.cn/daj/gqzt/content/03/03_02_02.html,国内党政机关与档案馆,archive_scan,no,accepted,,,0,,,yes,国家档案局／中央档案馆官方专题具体条目页，题名、形成日期和公开影像入口可追踪。
domestic:SAAC:catalog-03-03_02_03,1946-1950,SAAC,,,1949-08-18,L1,L1_needs_review,https://www.saac.gov.cn/daj/gqzt/content/03/03_02_03.html,国内党政机关与档案馆,archive_scan,no,accepted,,,0,,,yes,国家档案局／中央档案馆官方专题具体条目页，题名、形成日期和公开影像入口可追踪。
domestic:SAAC:catalog-03-03_02_04,1946-1950,SAAC,,,1949-09-15,L1,L1_needs_review,https://www.saac.gov.cn/daj/gqzt/content/03/03_02_04.html,国内党政机关与档案馆,archive_scan,no,accepted,,,0,,,yes,国家档案局／中央档案馆官方专题具体条目页，题名、形成日期和公开影像入口可追踪。
domestic:SAAC:catalog-03-03_03_01,1946-1950,SAAC,,,1948,L1,L1_needs_review,https://www.saac.gov.cn/daj/gqzt/content/03/03_03_01.html,国内党政机关与档案馆,archive_scan,no,accepted,,,0,,,yes,国家档案局／中央档案馆官方专题具体条目页，题名、形成日期和公开影像入口可追踪。
domestic:SAAC:catalog-03-03_03_02,1946-1950,SAAC,,,1949-06-18,L1,L1_needs_review,https://www.saac.gov.cn/daj/gqzt/content/03/03_03_02.html,国内党政机关与档案馆,archive_scan,no,accepted,,,0,,,yes,国家档案局／中央档案馆官方专题具体条目页，题名、形成日期和公开影像入口可追踪。
domestic:SAAC:catalog-03-03_03_03,1946-1950,SAAC,,,1949-06,L1,L1_needs_review,https://www.saac.gov.cn/daj/gqzt/content/03/03_03_03.html,国内党政机关与档案馆,archive_scan,no,accepted,,,0,,,yes,国家档案局／中央档案馆官方专题具体条目页，题名、形成日期和公开影像入口可追踪。
domestic:SAAC:catalog-03-03_03_04,1946-1950,SAAC,,,1949-06-25,L1,L1_needs_review,https://www.saac.gov.cn/daj/gqzt/content/03/03_03_04.html,国内党政机关与档案馆,archive_scan,no,accepted,,,0,,,yes,国家档案局／中央档案馆官方专题具体条目页，题名、形成日期和公开影像入口可追踪。
domestic:SAAC:catalog-03-03_03_05,1946-1950,SAAC,,,1949-06-30,L1,L1_needs_review,https://www.saac.gov.cn/daj/gqzt/content/03/03_03_05.html,国内党政机关与档案馆,archive_scan,no,accepted,,,0,,,yes,国家档案局／中央档案馆官方专题具体条目页，题名、形成日期和公开影像入口可追踪。
domestic:SAAC:catalog-03-03_04_01,1946-1950,SAAC,,,1949-06-18,L1,L1_needs_review,https://www.saac.gov.cn/daj/gqzt/content/03/03_04_01.html,国内党政机关与档案馆,archive_scan,no,accepted,,,0,,,yes,国家档案局／中央档案馆官方专题具体条目页，题名、形成日期和公开影像入口可追踪。
domestic:SAAC:catalog-03-03_04_02,1946-1950,SAAC,,,1949-07-09,L1,L1_needs_review,https://www.saac.gov.cn/daj/gqzt/content/03/03_04_02.html,国内党政机关与档案馆,archive_scan,no,accepted,,,0,,,yes,国家档案局／中央档案馆官方专题具体条目页，题名、形成日期和公开影像入口可追踪。
domestic:SAAC:catalog-03-03_04_03,1946-1950,SAAC,,,1949-07-20,L1,L1_needs_review,https://www.saac.gov.cn/daj/gqzt/content/03/03_04_03.html,国内党政机关与档案馆,archive_scan,no,accepted,,,0,,,yes,国家档案局／中央档案馆官方专题具体条目页，题名、形成日期和公开影像入口可追踪。
domestic:SAAC:catalog-03-03_04_04,1946-1950,SAAC,,,1949-08,L1,L1_needs_review,https://www.saac.gov.cn/daj/gqzt/content/03/03_04_04.html,国内党政机关与档案馆,archive_scan,no,accepted,,,0,,,yes,国家档案局／中央档案馆官方专题具体条目页，题名、形成日期和公开影像入口可追踪。
domestic:SAAC:catalog-03-03_04_05,1946-1950,SAAC,,,1949-09-02,L1,L1_needs_review,https://www.saac.gov.cn/daj/gqzt/content/03/03_04_05.html,国内党政机关与档案馆,archive_scan,no,accepted,,,0,,,yes,国家档案局／中央档案馆官方专题具体条目页，题名、形成日期和公开影像入口可追踪。
domestic:SAAC:catalog-03-03_05_01,1946-1950,SAAC,,,1949-06-18,L1,L1_needs_review,https://www.saac.gov.cn/daj/gqzt/content/03/03_05_01.html,国内党政机关与档案馆,archive_scan,no,accepted,,,0,,,yes,国家档案局／中央档案馆官方专题具体条目页，题名、形成日期和公开影像入口可追踪。
domestic:SAAC:catalog-03-03_05_02,1946-1950,SAAC,,,1949-08-21,L1,L1_needs_review,https://www.saac.gov.cn/daj/gqzt/content/03/03_05_02.html,国内党政机关与档案馆,archive_scan,no,accepted,,,0,,,yes,国家档案局／中央档案馆官方专题具体条目页，题名、形成日期和公开影像入口可追踪。
domestic:SAAC:catalog-03-03_06_01,1946-1950,SAAC,,,1949-07-04,L1,L1_needs_review,https://www.saac.gov.cn/daj/gqzt/content/03/03_06_01.html,国内党政机关与档案馆,archive_scan,no,accepted,,,0,,,yes,国家档案局／中央档案馆官方专题具体条目页，题名、形成日期和公开影像入口可追踪。
domestic:SAAC:catalog-03-03_06_02,1946-1950,SAAC,,,1949-07-10,L1,L1_needs_review,https://www.saac.gov.cn/daj/gqzt/content/03/03_06_02.html,国内党政机关与档案馆,archive_scan,no,accepted,,,0,,,yes,国家档案局／中央档案馆官方专题具体条目页，题名、形成日期和公开影像入口可追踪。
domestic:SAAC:catalog-03-03_06_03,1946-1950,SAAC,,,1949-08-05,L1,L1_needs_review,https://www.saac.gov.cn/daj/gqzt/content/03/03_06_03.html,国内党政机关与档案馆,archive_scan,no,accepted,,,0,,,yes,国家档案局／中央档案馆官方专题具体条目页，题名、形成日期和公开影像入口可追踪。
domestic:SAAC:catalog-03-03_06_04,1946-1950,SAAC,,,1949-08-24,L1,L1_needs_review,https://www.saac.gov.cn/daj/gqzt/content/03/03_06_04.html,国内党政机关与档案馆,archive_scan,no,accepted,,,0,,,yes,国家档案局／中央档案馆官方专题具体条目页，题名、形成日期和公开影像入口可追踪。
domestic:SAAC:catalog-03-03_06_05,1946-1950,SAAC,,,1949-08,L1,L1_needs_review,https://www.saac.gov.cn/daj/gqzt/content/03/03_06_05.html,国内党政机关与档案馆,archive_scan,no,accepted,,,0,,,yes,国家档案局／中央档案馆官方专题具体条目页，题名、形成日期和公开影像入口可追踪。
domestic:SAAC:catalog-03-03_06_06,1946-1950,SAAC,,,1949-09-14,L1,L1_needs_review,https://www.saac.gov.cn/daj/gqzt/content/03/03_06_06.html,国内党政机关与档案馆,archive_scan,no,accepted,,,0,,,yes,国家档案局／中央档案馆官方专题具体条目页，题名、形成日期和公开影像入口可追踪。
domestic:SAAC:catalog-03-03_06_07,1946-1950,SAAC,,,1949-09-22,L1,L1_needs_review,https://www.saac.gov.cn/daj/gqzt/content/03/03_06_07.html,国内党政机关与档案馆,archive_scan,no,accepted,,,0,,,yes,国家档案局／中央档案馆官方专题具体条目页，题名、形成日期和公开影像入口可追踪。
domestic:SAAC:catalog-03-03_06_08,1946-1950,SAAC,,,1949-09,L1,L1_needs_review,https://www.saac.gov.cn/daj/gqzt/content/03/03_06_08.html,国内党政机关与档案馆,archive_scan,no,accepted,,,0,,,yes,国家档案局／中央档案馆官方专题具体条目页，题名、形成日期和公开影像入口可追踪。
domestic:SAAC:catalog-03-03_06_09,1946-1950,SAAC,,,1949-09,L1,L1_needs_review,https://www.saac.gov.cn/daj/gqzt/content/03/03_06_09.html,国内党政机关与档案馆,archive_scan,no,accepted,,,0,,,yes,国家档案局／中央档案馆官方专题具体条目页，题名、形成日期和公开影像入口可追踪。
domestic:SAAC:catalog-04-04_01,1946-1950,SAAC,,,1949-09-17,L1,L1_needs_review,https://www.saac.gov.cn/daj/gqzt/content/04/04_01.html,国内党政机关与档案馆,archive_scan,no,accepted,,,0,,,yes,国家档案局／中央档案馆官方专题具体条目页，题名、形成日期和公开影像入口可追踪。
domestic:SAAC:catalog-04-04_02,1946-1950,SAAC,,,1949-09-17,L1,L1_needs_review,https://www.saac.gov.cn/daj/gqzt/content/04/04_02.html,国内党政机关与档案馆,archive_scan,no,accepted,,,0,,,yes,国家档案局／中央档案馆官方专题具体条目页，题名、形成日期和公开影像入口可追踪。
domestic:SAAC:catalog-04-04_03,1946-1950,SAAC,,,1949-09-17,L1,L1_needs_review,https://www.saac.gov.cn/daj/gqzt/content/04/04_03.html,国内党政机关与档案馆,archive_scan,no,accepted,,,0,,,yes,国家档案局／中央档案馆官方专题具体条目页，题名、形成日期和公开影像入口可追踪。
domestic:SAAC:catalog-04-04_04,1946-1950,SAAC,,,1949-09,L1,L1_needs_review,https://www.saac.gov.cn/daj/gqzt/content/04/04_04.html,国内党政机关与档案馆,archive_scan,no,accepted,,,0,,,yes,国家档案局／中央档案馆官方专题具体条目页，题名、形成日期和公开影像入口可追踪。
domestic:SAAC:catalog-04-04_05,1946-1950,SAAC,,,1949-09-20,L1,L1_needs_review,https://www.saac.gov.cn/daj/gqzt/content/04/04_05.html,国内党政机关与档案馆,archive_scan,no,accepted,,,0,,,yes,国家档案局／中央档案馆官方专题具体条目页，题名、形成日期和公开影像入口可追踪。
domestic:SAAC:catalog-05-05_19,1946-1950,SAAC,,,1949-09-21,L1,L1_needs_review,https://www.saac.gov.cn/daj/gqzt/content/05/05_19.html,国内党政机关与档案馆,archive_scan,no,accepted,,,0,,,yes,国家档案局／中央档案馆官方专题具体条目页，题名、形成日期和公开影像入口可追踪。
domestic:SAAC:catalog-05-05_21,1946-1950,SAAC,,,1949-09-21,L1,L1_needs_review,https://www.saac.gov.cn/daj/gqzt/content/05/05_21.html,国内党政机关与档案馆,archive_scan,no,accepted,,,0,,,yes,国家档案局／中央档案馆官方专题具体条目页，题名、形成日期和公开影像入口可追踪。
domestic:SAAC:catalog-05-05_22,1946-1950,SAAC,,,1949-09-21,L1,L1_needs_review,https://www.saac.gov.cn/daj/gqzt/content/05/05_22.html,国内党政机关与档案馆,archive_scan,no,accepted,,,0,,,yes,国家档案局／中央档案馆官方专题具体条目页，题名、形成日期和公开影像入口可追踪。
domestic:SAAC:catalog-05-05_35,1946-1950,SAAC,,,1949-09-23,L1,L1_needs_review,https://www.saac.gov.cn/daj/gqzt/content/05/05_35.html,国内党政机关与档案馆,archive_scan,no,accepted,,,0,,,yes,国家档案局／中央档案馆官方专题具体条目页，题名、形成日期和公开影像入口可追踪。
domestic:SAAC:catalog-05-05_36,1946-1950,SAAC,,,1949-09-23,L1,L1_needs_review,https://www.saac.gov.cn/daj/gqzt/content/05/05_36.html,国内党政机关与档案馆,archive_scan,no,accepted,,,0,,,yes,国家档案局／中央档案馆官方专题具体条目页，题名、形成日期和公开影像入口可追踪。
domestic:SAAC:catalog-05-05_37,1946-1950,SAAC,,,1949-09-23,L1,L1_needs_review,https://www.saac.gov.cn/daj/gqzt/content/05/05_37.html,国内党政机关与档案馆,archive_scan,no,accepted,,,0,,,yes,国家档案局／中央档案馆官方专题具体条目页，题名、形成日期和公开影像入口可追踪。
domestic:SAAC:catalog-05-05_38,1946-1950,SAAC,,,1949-09-23,L1,L1_needs_review,https://www.saac.gov.cn/daj/gqzt/content/05/05_38.html,国内党政机关与档案馆,archive_scan,no,accepted,,,0,,,yes,国家档案局／中央档案馆官方专题具体条目页，题名、形成日期和公开影像入口可追踪。
domestic:SAAC:catalog-05-05_40,1946-1950,SAAC,,,1949-09-23,L1,L1_needs_review,https://www.saac.gov.cn/daj/gqzt/content/05/05_40.html,国内党政机关与档案馆,archive_scan,no,accepted,,,0,,,yes,国家档案局／中央档案馆官方专题具体条目页，题名、形成日期和公开影像入口可追踪。
domestic:SAAC:catalog-05-05_60,1946-1950,SAAC,,,1949-09-26,L1,L1_needs_review,https://www.saac.gov.cn/daj/gqzt/content/05/05_60.html,国内党政机关与档案馆,archive_scan,no,accepted,,,0,,,yes,国家档案局／中央档案馆官方专题具体条目页，题名、形成日期和公开影像入口可追踪。
domestic:SAAC:catalog-05-05_74,1946-1950,SAAC,,,1949-09-29,L1,L1_needs_review,https://www.saac.gov.cn/daj/gqzt/content/05/05_74.html,国内党政机关与档案馆,archive_scan,no,accepted,,,0,,,yes,国家档案局／中央档案馆官方专题具体条目页，题名、形成日期和公开影像入口可追踪。
domestic:SAAC:catalog-05-05_77,1946-1950,SAAC,,,1949-09-30,L1,L1_needs_review,https://www.saac.gov.cn/daj/gqzt/content/05/05_77.html,国内党政机关与档案馆,archive_scan,no,accepted,,,0,,,yes,国家档案局／中央档案馆官方专题具体条目页，题名、形成日期和公开影像入口可追踪。
domestic:SAAC:catalog-05-05_78,1946-1950,SAAC,,,1949-09-30,L1,L1_needs_review,https://www.saac.gov.cn/daj/gqzt/content/05/05_78.html,国内党政机关与档案馆,archive_scan,no,accepted,,,0,,,yes,国家档案局／中央档案馆官方专题具体条目页，题名、形成日期和公开影像入口可追踪。
domestic:SAAC:catalog-05-05_79,1946-1950,SAAC,,,1949-09-30,L1,L1_needs_review,https://www.saac.gov.cn/daj/gqzt/content/05/05_79.html,国内党政机关与档案馆,archive_scan,no,accepted,,,0,,,yes,国家档案局／中央档案馆官方专题具体条目页，题名、形成日期和公开影像入口可追踪。
domestic:SAAC:catalog-05-05_81,1946-1950,SAAC,,,1949-09-30,L1,L1_needs_review,https://www.saac.gov.cn/daj/gqzt/content/05/05_81.html,国内党政机关与档案馆,archive_scan,no,accepted,,,0,,,yes,国家档案局／中央档案馆官方专题具体条目页，题名、形成日期和公开影像入口可追踪。
domestic:SAAC:catalog-05-05_83,1946-1950,SAAC,,,1949-09-30,L1,L1_needs_review,https://www.saac.gov.cn/daj/gqzt/content/05/05_83.html,国内党政机关与档案馆,archive_scan,no,accepted,,,0,,,yes,国家档案局官方条目页明确标示《中华人民共和国中央人民政府主席、副主席及全体委员名单（1949年9月30日）》，页面提供两张官方影像直链，已核对条目页、日期和影像入口。
domestic:SAAC:catalog-05-05_85,1946-1950,SAAC,,,1949-09-30,L1,L1_needs_review,https://www.saac.gov.cn/daj/gqzt/content/05/05_85.html,国内党政机关与档案馆,archive_scan,no,accepted,,,0,,,yes,国家档案局／中央档案馆官方专题具体条目页，题名、形成日期和公开影像入口可追踪。
domestic:SAAC:catalog-05-05_86,1946-1950,SAAC,,,1949-09-30,L1,L1_needs_review,https://www.saac.gov.cn/daj/gqzt/content/05/05_86.html,国内党政机关与档案馆,archive_scan,no,accepted,,,0,,,yes,国家档案局／中央档案馆官方专题具体条目页，题名、形成日期和公开影像入口可追踪。
domestic:SAAC:catalog-05-05_87,1946-1950,SAAC,,,1949-09-30,L1,L1_needs_review,https://www.saac.gov.cn/daj/gqzt/content/05/05_87.html,国内党政机关与档案馆,archive_scan,no,accepted,,,0,,,yes,国家档案局／中央档案馆官方专题具体条目页，题名、形成日期和公开影像入口可追踪。
domestic:SAAC:catalog-05-05_88,1946-1950,SAAC,,,1949-09-30,L1,L1_needs_review,https://www.saac.gov.cn/daj/gqzt/content/05/05_88.html,国内党政机关与档案馆,archive_scan,no,accepted,,,0,,,yes,国家档案局／中央档案馆官方专题具体条目页，题名、形成日期和公开影像入口可追踪。
domestic:SAAC:catalog-05-05_89,1946-1950,SAAC,,,1949-09-30,L1,L1_needs_review,https://www.saac.gov.cn/daj/gqzt/content/05/05_89.html,国内党政机关与档案馆,archive_scan,no,accepted,,,0,,,yes,国家档案局／中央档案馆官方专题具体条目页，题名、形成日期和公开影像入口可追踪。
domestic:SAAC:catalog-05-05_90,1946-1950,SAAC,,,1949-09-30,L1,L1_needs_review,https://www.saac.gov.cn/daj/gqzt/content/05/05_90.html,国内党政机关与档案馆,archive_scan,no,accepted,,,0,,,yes,国家档案局／中央档案馆官方专题具体条目页，题名、形成日期和公开影像入口可追踪。
domestic:SAAC:catalog-06-06_01,1946-1950,SAAC,,,1949-09-30,L1,L1_needs_review,https://www.saac.gov.cn/daj/gqzt/content/06/06_01.html,国内党政机关与档案馆,archive_scan,no,accepted,,,0,,,yes,国家档案局／中央档案馆官方专题具体条目页，题名、形成日期和公开影像入口可追踪。
domestic:SAAC:catalog-06-06_02,1946-1950,SAAC,,,1949-10-01,L1,L1_needs_review,https://www.saac.gov.cn/daj/gqzt/content/06/06_02.html,国内党政机关与档案馆,archive_scan,no,accepted,,,0,,,yes,国家档案局／中央档案馆官方专题具体条目页，题名、形成日期和公开影像入口可追踪。
domestic:SAAC:catalog-06-06_03,1946-1950,SAAC,,,1949-10-01,L1,L1_needs_review,https://www.saac.gov.cn/daj/gqzt/content/06/06_03.html,国内党政机关与档案馆,archive_scan,no,accepted,,,0,,,yes,国家档案局／中央档案馆官方专题具体条目页，题名、形成日期和公开影像入口可追踪。
domestic:SAAC:catalog-06-06_04,1946-1950,SAAC,,,1949-10,L1,L1_needs_review,https://www.saac.gov.cn/daj/gqzt/content/06/06_04.html,国内党政机关与档案馆,archive_scan,no,accepted,,,0,,,yes,国家档案局／中央档案馆官方专题具体条目页，题名、形成日期和公开影像入口可追踪。
domestic:SAAC:catalog-06-06_05,1946-1950,SAAC,,,1949-10-01,L1,L1_needs_review,https://www.saac.gov.cn/daj/gqzt/content/06/06_05.html,国内党政机关与档案馆,archive_scan,no,accepted,,,0,,,yes,国家档案局／中央档案馆官方专题具体条目页，题名、形成日期和公开影像入口可追踪。
domestic:SAAC:catalog-06-06_06,1946-1950,SAAC,,,1949-10-01,L1,L1_needs_review,https://www.saac.gov.cn/daj/gqzt/content/06/06_06.html,国内党政机关与档案馆,archive_scan,no,accepted,,,0,,,yes,国家档案局／中央档案馆官方专题具体条目页，题名、形成日期和公开影像入口可追踪。
domestic:SAAC:catalog-06-06_07,1946-1950,SAAC,,,1949-10-01,L1,L1_needs_review,https://www.saac.gov.cn/daj/gqzt/content/06/06_07.html,国内党政机关与档案馆,archive_scan,no,accepted,,,0,,,yes,国家档案局／中央档案馆官方专题具体条目页，题名、形成日期和公开影像入口可追踪。
domestic:SAAC:catalog-06-06_08,1946-1950,SAAC,,,1949-10-01,L1,L1_needs_review,https://www.saac.gov.cn/daj/gqzt/content/06/06_08.html,国内党政机关与档案馆,archive_scan,no,accepted,,,0,,,yes,国家档案局／中央档案馆官方专题具体条目页，题名、形成日期和公开影像入口可追踪。
domestic:SAAC:catalog-06-06_09,1946-1950,SAAC,,,1949-10-01,L1,L1_needs_review,https://www.saac.gov.cn/daj/gqzt/content/06/06_09.html,国内党政机关与档案馆,archive_scan,no,accepted,,,0,,,yes,国家档案局官方条目页明确标示《中华人民共和国中央人民政府公告（1949年10月1日）》，页面提供官方影像直链，已核对条目页与影像入口。
domestic:SAAC:catalog-06-06_10,1946-1950,SAAC,,,1949-10-01,L1,L1_needs_review,https://www.saac.gov.cn/daj/gqzt/content/06/06_10.html,国内党政机关与档案馆,archive_scan,no,accepted,,,0,,,yes,国家档案局／中央档案馆官方专题具体条目页，题名、形成日期和公开影像入口可追踪。
domestic:SAAC:catalog-06-06_11,1946-1950,SAAC,,,1949-10-01,L1,L1_needs_review,https://www.saac.gov.cn/daj/gqzt/content/06/06_11.html,国内党政机关与档案馆,archive_scan,no,accepted,,,0,,,yes,国家档案局／中央档案馆官方专题具体条目页，题名、形成日期和公开影像入口可追踪。
domestic:SAAC:catalog-06-06_12,1946-1950,SAAC,,,1949-10-01,L1,L1_needs_review,https://www.saac.gov.cn/daj/gqzt/content/06/06_12.html,国内党政机关与档案馆,archive_scan,no,accepted,,,0,,,yes,国家档案局／中央档案馆官方专题具体条目页，题名、形成日期和公开影像入口可追踪。
domestic:FJMM:lead-福建民盟盟史导言,1941-1943,FJMM,,,1941—1947,L4,L4_secondary,https://www.fjmm.gov.cn/zsjs/sxjs/msyj/mstd/202203/t20220308_5880339.htm,民盟自身与盟史,official_history_page,no,accepted,,,0,,,no,中国民主同盟前身、1945年一大、1946年政协和1947年被宣布非法等阶段性线索，供回追原始报刊和档案。
domestic:93JS:lead-九三学社1947年大事记,1946-1950,93JS,,,1947,L4,L4_secondary,https://www.93.gov.cn/lshm-dsj/250156.html,政协/统一战线/官方媒体,other,no,accepted,,,0,,,no,九三学社中央官方大事记载有1947年11月4日声援民盟的联合声明线索，需回追《新民报》《观察》同期版面。
domestic:HNMM:lead-民盟精神解析,1941-1943,HNMM,,,1941—1948,L4,L4_secondary,https://www.hnmm.gov.cn/content/645445/97/12381106.html,民盟自身与盟史,official_history_page,no,accepted,,,0,,,no,民盟湖南省委官方文章列出《光明报》《民主报》、李闻血案和1947年取缔等可追查对象，不作为核心原件。
domestic:GXMM:lead--大公报-和-观察-对民盟被迫解散的不同反应,1946-1950,GXMM,,,1947-11,L4,L4_secondary,https://www.gxmm.gov.cn/index/index/artical/id/7063.html,民盟自身与盟史,official_history_page,no,accepted,,,0,,,no,民盟广西区委页面梳理1947年《大公报》《新民报》《观察》关于民盟解散的报道和声明出处，待逐期回追。
domestic:93JS:lead-历史的必然-郑重的选择-中共中央发布-五一口号-的历史由,1946-1950,93JS,,,1948-05,L4,L4_secondary,https://www.93.gov.cn/xwjc-ddhzdt/208807.html,政协/统一战线/官方媒体,other,no,accepted,,,0,,,no,九三学社中央官方页面提供五一口号、新政协和1947年民盟取缔的历史关联，作为跨来源事件线索。
domestic:MMZY:lead-周恩来与第一届人民政协会议的召开,1944-1945,MMZY,,,1945—1949,L4,L4_secondary,https://www.mmzy.org.cn/mobile/NPC2025/Content.aspx?ArticleId=150104&ColumnId=2698,民盟自身与盟史,book_or_assembly,no,accepted,,,0,,,no,民盟中央页面梳理民盟拒绝参加1946年国民大会、新政协筹备及一届政协，可用于回追会议原件。
domestic:MMZY:lead-楚图南-民盟文章,1944-1945,MMZY,,,1945—1949,L4,L4_secondary,https://www.mmzy.org.cn/mobile/ArticleList.aspx?ColumnId=1182&id=13075&name=Myfc,民盟自身与盟史,book_or_assembly,no,accepted,,,0,,,no,民盟中央人物页面记载楚图南参加1945年临时全国代表大会、1947年解散后活动，供人物档案和同期报刊追踪。
domestic:BJTZB:lead-人民民主统一战线的巩固和扩大,1946-1950,BJTZB,,,1947—1948,L4,L4_secondary,https://www.bjtzb.gov.cn/wwwroot/sdtyzx/publish/article/12/7772.shtml,国内党政机关与档案馆,other,no,accepted,,,0,,,no,北京市委统战部门页面概述1947年民盟被取缔和1948年一届三中全会，作为检索关键词和时间核对线索。
domestic:HBMJ:lead-民建简史第三章-迎接新中国的诞生,1946-1950,HBMJ,,,1947-11,L4,L4_secondary,https://www.hbmj.gov.cn/a/302.html,国内党政机关与档案馆,other,no,accepted,,,0,,,no,民建湖北省委页面记录1947年11月上海民主党派应变活动，可用于追查上海地方报刊、会议和组织档案。
domestic:ZJMG:lead-中国国民党革命委员会60年-一-,1946-1950,ZJMG,,,1947,L4,L4_secondary,https://www.zjmg.gov.cn/ch119/system/2009/04/29/021400419.shtml,其他,other,no,accepted,,,0,,,no,浙江民革官方页面记载李济深对民盟被宣布非法的反应，供回追1947年香港声明、报刊和民主党派档案。
domestic:MMSH:lead-新中国成立前民盟对政治协商制度的贡献,1941-1943,MMSH,,,1941—1949,L4,L4_secondary,https://paper.minmengsh.gov.cn/resfile/2024-10-12/03/shmx-20241012-003.pdf,民盟自身与盟史,book_or_assembly,no,accepted,,,0,,,no,民盟上海公开数字报文章汇总民盟早期组织史和政协贡献，作为上海地方档案和同期报刊的反查线索，不作为原件。
domestic:FJMM:lead-少年记忆-初识民盟,1946-1950,FJMM,,,1947,L4,L4_secondary,https://www.fjmm.gov.cn/zsjs/sxjs/xxyd/202204/t20220408_5879997.htm,民盟自身与盟史,official_history_page,no,accepted,,,0,,,no,福建民盟公开回忆文章涉及1947年民盟总部被迫解散，保留为线索层，不纳入核心证据。
domestic:WS:democratic-movement-editorial-1941,1941-1943,WS,,,1941-10-28,L3,L3_press_surrogate,https://zh.wikisource.org/zh-hans/民主運動的生力軍,公共数字化/学术/海外,web_transcription,no,accepted,,,0,,,no,维基文库页面明确标注该文为《解放日报》1941年10月28日社论，并保存题名、日期和全文转录；需回追报纸原版影像。
domestic:WS:pcc-national-assembly-resolution-1946,1946-1950,WS,,,1946,L1,L1_citation_ready,https://zh.wikisource.org/zh/政治协商会议国民大会问题决议案,公共数字化/学术/海外,web_transcription,yes,accepted,,,0,,,no,维基文库页面标注该文为1946年政治协商会议决议之一部分，条文直接涉及国民大会名额和党派安排；作为回追正式政协文件的文本线索。
domestic:WS:pcc-government-reorganization-1946,1946-1950,WS,,,1946,L1,L1_citation_ready,https://zh.wikisource.org/zh/政治协商会议改组政府案,公共数字化/学术/海外,web_transcription,yes,accepted,,,0,,,no,维基文库公开页面以政协决议为题收录《改组政府案》，用于追查1946年政协正式文件和民盟代表立场。
domestic:BJDCMM:reorganization-1944,1944-1945,BJDCMM,,,1944-09,L4,L4_secondary,https://www.bjdcmm.org.cn/01msjs/20040310/01.htm,民盟自身与盟史,official_history_page,no,accepted,,,0,,,no,民盟地方组织公开盟史页面明确记载1944年全国代表会议改名、取消团体会员制和中央委员选举，作为回追会议文件的线索。
domestic:HLJMM:first-congress-files-1945,1944-1945,HLJMM,,,1945-10,L4,L4_secondary,https://www.hljmm.gov.cn/show.aspx?id=892,民盟自身与盟史,official_history_page,no,accepted,,,0,,,no,民盟黑龙江省委官方简介列出1945年临时全国代表大会通过的政治报告、宣言、纲领和组织规程，作为正式文件回追线索。
domestic:WS:wen-yiduo-last-testament-1946,1946-1950,WS,,,1946-07-15,L3,L3_press_surrogate,https://baike.baidu.com/item/最后一次讲演/5722557,公共数字化/学术/海外,web_transcription,no,accepted,,,0,,,no,webfetch 2026-07-21 验证：baike.baidu.com 200，含完整文本 + 创作背景 + 原文 + 作者简介；wikisource 该条 404（疑因版权或页面整合已下线），改用更稳定的 baike 入口。
domestic:GXMM:dagongbao-dissolution-report-1947-11-06,1946-1950,GXMM,,,1947-11-06,L4,L4_secondary,https://www.gxmm.gov.cn/index/index/artical/id/7063.html,民盟自身与盟史,official_history_page,no,accepted,,,0,DCL-0002,canonical,no,官方盟史页面明确给出《大公报》上海版1947年11月6日关于民盟解散的报道题名，形成可复查的报刊定位线索。
domestic:GXMM:xinminbao-professors-statement-1947-11-04,1946-1950,GXMM,,,1947-11-04,L4,L4_secondary,https://www.gxmm.gov.cn/index/index/artical/id/7063.html,民盟自身与盟史,official_history_page,no,accepted,,,0,,,no,官方盟史页面列出1947年11月4日北平版《新民报》刊载的教授联署声明，并给出参与者和事件背景。
domestic:GXMM:observer-professors-statement-1947-11-08,1946-1950,GXMM,,,1947-11-08,L4,L4_secondary,https://www.gxmm.gov.cn/index/index/artical/id/7063.html,民盟自身与盟史,official_history_page,no,accepted,,,0,,,no,官方盟史页面明确指出《观察》第三卷第十一期（1947年11月8日）刊载相关声明，形成可复查的卷期定位线索。
domestic:SHAC:6-5-1216-meng-illegal-transfer-1947,1946-1950,SHAC,,,1947-11-11,L4,L4_secondary,https://www.jstage.jst.go.jp/article/asianstudies/49/3/49_38/_pdf,国内党政机关与档案馆,other,no,accepted,,,0,,,no,公开学术文章引用上海市档案馆‘上档6-5-1216’，并说明该件涉及中央内政部宣布民盟非法后上海市政府的转令执行链；当前只确认档号线索，不确认原件内容全文。
domestic:SCU:democratic-league-anti-civil-war-talk-1945-11-02,1944-1945,SCU,,,1945-11-02,L2,L2_page_cite,https://upload.wikimedia.org/wikipedia/commons/2/29/NTUL-9910001969_%E5%81%9C%E6%88%98%E8%B0%88%E5%88%A4%E8%B5%84%E6%96%99%E9%80%89%E7%BC%96.pdf,民盟自身与盟史,official_history_page,no,accepted,,,1,,,yes,公开扫描目录页给出题名、1945-11-02日期和第218页；CiNii书目确认正式汇编书目信息。
domestic:SCU:democratic-league-situation-talk-1946-01-02,1946-1950,SCU,,,1946-01-02,L2,L2_page_cite,https://upload.wikimedia.org/wikipedia/commons/2/29/NTUL-9910001969_%E5%81%9C%E6%88%98%E8%B0%88%E5%88%A4%E8%B5%84%E6%96%99%E9%80%89%E7%BC%96.pdf,民盟自身与盟史,official_history_page,no,accepted,,,1,,,yes,公开扫描目录页给出题名、1946-01-02日期和第248页；CiNii书目确认正式汇编书目信息。
domestic:MMYunnan:democracy-weekly-run-1944-1946,1944-1945,MMYunnan,,,1944-12-09/1946-08-02,L4,L4_secondary,https://www.minmengsh.gov.cn/detailpage/lshm-5881f0f7-d19e-11ec-8d57-8c554a2845d4.html,民盟自身与盟史,official_history_page,no,accepted,,,0,,,no,官方页面给出出版起止日期、卷期规模、编者/社长和李闻事件后停刊信息，可直接指导《民主周刊》第三卷第十九期等原版追索。
domestic:MMHIST:formation-declaration-1941,1941-1943,MMHIST,,,1941-10-10,L2,L2_page_cite,https://www.marxists.org/chinese/pdf/history_of_international/china/mzhtm1.pdf,民盟自身与盟史,book_or_assembly,no,accepted,,,1,,,yes,正文页界已核读：公开扫描 PDF 第35—37页（书内第5—7页）连续构成《中国民主政团同盟成立宣言》，第35页有标题和1941年10月10日日期，第37页正文结束；第38页已转入下一件《中国民主政团同盟对时局主张纲领》（一九四一年十月十日），不是1944年纲领，也不是1945年《中国民主同盟纲领》。
domestic:MMHIST:program-draft-1944-09-19,1944-1945,MMHIST,,,1944-09-19,L2,L2_page_cite,https://www.marxists.org/chinese/pdf/history_of_international/china/mzhtm1.pdf,民盟自身与盟史,book_or_assembly,no,accepted,,,1,,,yes,正文页已核读：公开扫描 PDF 扫描书内第26页（PDF 第56页）标题为《中国民主同盟纲领草案》，标注‘一九四四年九月十九日全国代表会议通过’；该页正文可见。
domestic:MMHIST:platform-1945,1944-1945,MMHIST,,,1945-10-12,L2,L2_page_cite,https://www.marxists.org/chinese/pdf/history_of_international/china/mzhtm1.pdf,民盟自身与盟史,book_or_assembly,no,accepted,,,1,,,yes,正文页界已核读：公开扫描 PDF 第96—100页（书内第66—70页）连续构成《中国民主同盟纲领》，第96页有标题和‘一九四五年十月临时全国代表大会通过’，第100页正文结束；第101页已转入《中国民主同盟临时全国代表大会政治报告》。
domestic:MMHIST:political-report-1945,1944-1945,MMHIST,,,1945-10-11,L2,L2_page_cite,https://www.marxists.org/chinese/pdf/history_of_international/china/mzhtm1.pdf,民盟自身与盟史,book_or_assembly,no,accepted,,,1,,,yes,正文连续页已核读：公开扫描 PDF 第101—117页（扫描书内第71—87页）均为《中国民主同盟临时全国代表大会政治报告》正文；第101页标题和日期为1945年10月11日，第117页为报告末页。第118页起进入《中国民主同盟临时全国代表大会宣言》，故不并入政治报告。
domestic:MMHIST:congress-declaration-1945,1944-1945,MMHIST,,,1945-10-16,L2,L2_page_cite,https://www.marxists.org/chinese/pdf/history_of_international/china/mzhtm1.pdf,民盟自身与盟史,book_or_assembly,no,accepted,,,1,,,yes,正文页界已核读：公开扫描 PDF 第118—123页（书内第88—93页）连续构成《中国民主同盟临时全国代表大会宣言》，第118页有标题和1945年10月16日日期，第123页以‘谨此宣言’收束；第124页已转入《中国民主同盟组织规程》。
domestic:MMHIST:li-gongpu-protest-1946-07-12,1946-1950,MMHIST,,,1946-07-12,L2,L2_page_cite,https://www.marxists.org/chinese/pdf/history_of_international/china/mzhtm1.pdf,民盟自身与盟史,book_or_assembly,no,accepted,,,1,,,yes,正文页已核读：公开扫描 PDF 扫描书内第182页（PDF 第212页）标题为《中国民主同盟云南省支部为李公朴同志被暴徒暗杀事件提出严重抗议》，日期为1946年7月12日；该页正文可见。
domestic:MMHIST:wen-yiduo-emergency-statement-1946-07-16,1946-1950,MMHIST,,,1946-07-16,L2,L2_page_cite,https://www.marxists.org/chinese/pdf/history_of_international/china/mzhtm1.pdf,民盟自身与盟史,book_or_assembly,no,accepted,,,1,,,yes,正文页已核读：公开扫描 PDF 扫描书内第191页（PDF 第221页）标题为《中国民主同盟云南省支部为闻一多同志复遭暗杀紧急声明》，日期为1946年7月16日；该页正文可见。
domestic:MMHIST:li-gongpu-statement-1946-07-17,1946-1950,MMHIST,,,1946-07-17,L2,L2_page_cite,https://www.marxists.org/chinese/pdf/history_of_international/china/mzhtm1.pdf,民盟自身与盟史,book_or_assembly,no,accepted,,,1,,,yes,目录页将民盟为李公朴被害发表的声明定位于书内第194页，并标注1946年7月17日。
domestic:MMHIST:league-banned-1947-10-27,1946-1950,MMHIST,,,1947-10-27,L2,L2_page_cite,https://www.marxists.org/chinese/pdf/history_of_international/china/mzhtm1.pdf,民盟自身与盟史,book_or_assembly,no,accepted,,,1,,,yes,正文页已核读：公开扫描 PDF 第390页（扫描书内第360页）为《国民党政府宣布民盟为非法团体》，题下注明1947年10月27日；该页为独立正文页，页首有“附录”标识和标题，正文说明内政部发言人宣布及政府取缔口径。
domestic:MMHIST:league-dissolution-announcement-1947-11-06,1946-1950,MMHIST,,,1947-11-06,L2,L2_page_cite,https://www.marxists.org/chinese/pdf/history_of_international/china/mzhtm1.pdf,民盟自身与盟史,book_or_assembly,no,accepted,,,1,,,yes,正文页已核读：公开扫描 PDF 第385—386页（扫描书内第355—356页）连续为《中国民主同盟被迫发表解散公告》（1947年11月6日）；第385页为标题、日期和正文首页，第386页为公告续页、政府答复条件和中国民主同盟主席张澜署名。
domestic:MMHIST:lo-lung-chi-national-assembly-1946-01-17,1946-1950,MMHIST,,,1946-01-17,L2,L2_page_cite,https://www.marxists.org/chinese/pdf/history_of_international/china/mzhtm1.pdf,民盟自身与盟史,book_or_assembly,no,accepted,,,1,,,yes,正文页已核读：公开扫描 PDF 扫描书内第130页（PDF 第160页）标题为《罗隆基在政协讨论国民大会问题时重申民盟主张》，日期为1946年1月17日；该页正文可见。
domestic:MMHIST:chang-po-chun-national-assembly-1946-01-17,1946-1950,MMHIST,,,1946-01-17,L2,L2_page_cite,https://www.marxists.org/chinese/pdf/history_of_international/china/mzhtm1.pdf,民盟自身与盟史,book_or_assembly,no,accepted,,,1,,,yes,正文页已核读：公开扫描 PDF 扫描书内第132页（PDF 第162页）标题为《章伯钧重申中国民主同盟关于国民大会的五项主张》，日期为1946年1月17日至18日；该页正文可见。
domestic:MMHIST:situation-talk-1946-01-02,1946-1950,MMHIST,,,1946-01-02,L2,L2_page_cite,https://www.marxists.org/chinese/pdf/history_of_international/china/mzhtm1.pdf,民盟自身与盟史,book_or_assembly,no,accepted,,,1,,,yes,正文页已核读：公开扫描 PDF 扫描书内第115页（PDF 第145页）标题为《中国民主同盟发言人对时局发表谈话》，日期为1946年1月2日；该页正文可见。
domestic:MMHIST:chang-lan-pcc-opening-1946-01-10,1946-1950,MMHIST,,,1946-01-10,L2,L2_page_cite,https://www.marxists.org/chinese/pdf/history_of_international/china/mzhtm1.pdf,民盟自身与盟史,book_or_assembly,no,accepted,,,1,,,yes,正文页已核读：公开扫描 PDF 扫描书内第117页（PDF 第147页）标题为《中国民主同盟主席张澜在政治协商会议开幕式上的讲话》，日期为1946年1月10日；该页正文可见。
domestic:MMHIST:chang-dong-sun-freedom-1946-01-14,1946-1950,MMHIST,,,1946-01-14,L2,L2_page_cite,https://www.marxists.org/chinese/pdf/history_of_international/china/mzhtm1.pdf,民盟自身与盟史,book_or_assembly,no,accepted,,,1,,,yes,正文页已核读：公开扫描 PDF 扫描书内第120页（PDF 第150页）标题为《张东荪在政协讨论人民基本自由权利的发言》，日期为1946年1月14日；该页正文可见。
domestic:MMHIST:lo-lung-chi-government-reorganization-1946-01-14,1946-1950,MMHIST,,,1946-01-14,L2,L2_page_cite,https://www.marxists.org/chinese/pdf/history_of_international/china/mzhtm1.pdf,民盟自身与盟史,book_or_assembly,no,accepted,,,1,,,yes,正文页已核读：公开扫描 PDF 扫描书内第121页（PDF 第151页）标题为《罗隆基在政协会上提出改组政府三原则》，日期为1946年1月14日；该页正文可见。
domestic:MMHIST:league-military-proposal-1946-01-16,1946-1950,MMHIST,,,1946-01-16,L2,L2_page_cite,https://www.marxists.org/chinese/pdf/history_of_international/china/mzhtm1.pdf,民盟自身与盟史,book_or_assembly,no,accepted,,,1,,,yes,正文页已核读：公开扫描 PDF 扫描书内第123页（PDF 第153页）标题为《中国民主同盟关于军事问题的提案》，日期为1946年1月16日；该页正文可见。
domestic:MMHIST:zhang-bo-jun-common-program-1946-01-16,1946-1950,MMHIST,,,1946-01-16,L2,L2_page_cite,https://www.marxists.org/chinese/pdf/history_of_international/china/mzhtm1.pdf,民盟自身与盟史,book_or_assembly,no,accepted,,,1,,,yes,正文页已核读：公开扫描 PDF 扫描书内第127页（PDF 第157页）标题为《章伯钧在政协讨论共同纲领问题的发言》，日期为1946年1月16日；该页正文可见。
domestic:MMHIST:huang-yan-pei-common-program-1946-01-16,1946-1950,MMHIST,,,1946-01-16,L2,L2_page_cite,https://www.marxists.org/chinese/pdf/history_of_international/china/mzhtm1.pdf,民盟自身与盟史,book_or_assembly,no,accepted,,,1,,,yes,正文页已核读：公开扫描 PDF 扫描书内第128页（PDF 第158页）标题为《黄炎培在政协讨论共同纲领问题的发言》，日期为1946年1月16日；该页正文可见。
domestic:MMHIST:lo-lung-chi-common-program-1946-01-16,1946-1950,MMHIST,,,1946-01-16,L2,L2_page_cite,https://www.marxists.org/chinese/pdf/history_of_international/china/mzhtm1.pdf,民盟自身与盟史,book_or_assembly,no,accepted,,,1,,,yes,正文页已核读：公开扫描 PDF 扫描书内第129页（PDF 第159页）标题为《罗隆基在政协讨论共同纲领问题的发言》，日期为1946年1月16日；该页正文可见。
domestic:MMHIST:huang-yan-pei-constitution-draft-1946-01-19,1946-1950,MMHIST,,,1946-01-19,L2,L2_page_cite,https://www.marxists.org/chinese/pdf/history_of_international/china/mzhtm1.pdf,民盟自身与盟史,book_or_assembly,no,accepted,,,1,,,yes,正文页已核读：公开扫描 PDF 扫描书内第135页（PDF 第165页）标题为《黄炎培在政协讨论修改宪草问题的发言》，日期为1946年1月19日；该页正文可见。
domestic:ZL1872:chang-lan-pcc-opening-transcript-1946,1946-1950,ZL1872,,,1946-01-10,L4,L4_secondary,http://www.zl1872.cn/zxxnewsview.aspx?producid=175,公共数字化/学术/海外,web_transcription,no,accepted,,,0,,,no,公开纪念馆史料页以《在政治协商会议开幕式上的致词》为题，页面正文包含张澜代表民盟出席会员向会议致词的连续文字。
domestic:MMSH:guangmingbao-formation-editorial-1941,1941-1943,MMSH,,,1941-10-16,L4,L4_secondary,https://paper.minmengsh.gov.cn/html/2024-09/12/content_144526_17806617.htm,民盟自身与盟史,book_or_assembly,no,accepted,,,0,,,no,民盟上海市委数字报文章明确指出1941年10月16日《光明报》发表《中国民主政团同盟的成立宣言》社论，为原刊日期、报名和题名提供记录级追索线索。
domestic:ZL1872:chang-lan-dissolution-statement-1947,1946-1950,ZL1872,,,1947-11-07,L4,L4_secondary,http://www.zl1872.cn/zxxnewsview.aspx?producid=652,公共数字化/学术/海外,web_transcription,no,accepted,,,0,,,no,公开纪念馆史料页以张澜在民盟总部解散后的声明为题，正文明确记载1947年11月6日停止政治活动并宣布总部解散后的立场。2026-07-19复查到民盟广西区委官方整理页的同期出处线索：张澜书面谈话于1947-11-07在上海《时代日报》全文发表，另有《大公报》全文刊载；该线索用于精确追索原版，不改变本记录的L4层级。
domestic:ZJMM:yann-an-meeting-minmeng-1945-07-01,1944-1945,ZJMM,,,1945-07-01,L4,L4_secondary,https://www.zjmm.gov.cn/a/xiazaizhuanqu/2006/1121/78.html,民盟自身与盟史,official_history_page,no,accepted,,,0,,,no,民盟浙江省委官方页面记载1945年7月1日民盟中央领导以国民参政员身份赴延安考察，并称形成关于停止国民大会、召开四方政治会议的《会议纪要》。
domestic:MMHIST:yannan-meeting-minutes-1945-07-04,1944-1945,MMHIST,,,1945-07-01/1945-07-04,L2,L2_page_cite,https://www.shukui.net/book/44285.html,民盟自身与盟史,book_or_assembly,yes,accepted,,,1,,,no,公开书目页将《国民参政会纪实》下册识别为重庆出版社出版的国民参政会史料，并在第四届第一次会议相关目录中明确列出‘延安会谈纪要’第858页；该记录纠正此前错误的第1436页和错册 PDF 指向，建立可复查的正式汇编书目入口。
domestic:YADS:yanan-record-1945-07-04,1944-1945,YADS,,,1945-07-04,L3,L3_press_surrogate,https://yads.org.cn/index.php?a=index&aid=856&c=View&m=home,其他,official_history_page,no,accepted,,,1,,,no,延安党史网明确记载1945年7月4日中共中央书记处会议通过该会谈记录，概述文件的双方共识与中共建议，并在文末标注来源为《中共中央抗日民族统一战线文件选编》（下）（内部发行，档案出版社，1986）第809页；该卡建立了比‘延安会谈纪要’更精确的正式文献题名和页码定位。
domestic:LNU:guangmingbao-index-1941,1941-1943,LNU,,,1941-10/1941-11,L3,L3_press_surrogate,https://commons.ln.edu.hk/profmkchan_indexlist/14/,其他,official_history_page,no,accepted,,,1,,,no,已下载并人工核读岭南大学公开索引 PDF：索引第2页为《光明报》1941年10—11月香港工运剪报手写记录，共13条，条目均标注原刊第3版；可辨认日期为1941-10-14、10-18、11-01、11-04、11-08、11-10、11-11、11-12、11-14、11-22、11-23、11-26等。索引中未见1941-10-10成立宣言或1941-10-16成立社论条目，因此本轮形成明确负向结果，不把该索引当作民盟成立原刊。
domestic:DRNH:002-080200-00321-036,1946-1950,DRNH,,,1947-10-13,L2,L2_page_cite,https://ahonline.drnh.gov.tw/index.php?act=Archive/search/eyJxdWVyeSI6W3siZmllbGQiOiJzdG9yZV9ubyIsInZhbHVlIjoiMDAyLTA4MDIwMC0wMDMyMS0wMzYiLCJhdHRyIjoiKyJ9XX0%3D,国内党政机关与档案馆,archive_scan,no,accepted,,,0,,,yes,国史馆目录记录明确给出1947年10月13日、形成者孔从周、题名和档号，并指出依据上海《大公报》张澜谈话要求补报杜斌丞案证据；它把上海报刊线索接入国民政府内部处理链。 本轮通过项目既有公开下载管线取得该件官方水印影像并关联到本地 drnh_images。
domestic:DRNH:002-020400-00012-067,1946-1950,DRNH,,,1947-10-22,L2,L2_page_cite,https://ahonline.drnh.gov.tw/index.php?act=Archive/search/eyJxdWVyeSI6W3siZmllbGQiOiJzdG9yZV9ubyIsInZhbHVlIjoiMDAyLTAyMDQwMC0wMDAxMi0wNjciLCJhdHRyIjoiKyJ9XX0%3D,国内党政机关与档案馆,archive_scan,no,accepted,,,0,,,yes,国史馆目录记录明确给出1947年10月22日、俞济时呈蒋中正、解散民盟及肃清后方潜伏共党办理情况的题名和档号，是公开宣布非法前后政策执行链的直接档案定位。 本轮通过项目既有公开下载管线取得该件官方水印影像并关联到本地 drnh_images。
domestic:DRNH:002-060100-00229-023,1946-1950,DRNH,,,1947-10-23,L2,L2_page_cite,https://ahonline.drnh.gov.tw/index.php?act=Archive/search/eyJxdWVyeSI6W3siZmllbGQiOiJzdG9yZV9ubyIsInZhbHVlIjoiMDAyLTA2MDEwMC0wMDIyOS0wMjMiLCJhdHRyIjoiKyJ9XX0%3D,国内党政机关与档案馆,archive_scan,no,accepted,,,0,,,yes,国史馆目录记录明确给出1947年10月23日蒋中正主持作战会报、召见张群吴铁城陈立夫并对民主同盟有所指示的题名和档号，连接10月22日办理报告与后续宣布非法的决策时间链。 本轮通过项目既有公开下载管线取得该件官方水印影像并关联到本地 drnh_images。
domestic:DRNH:002-020400-00011-053,1946-1950,DRNH,,,1947-10-27,L2,L2_page_cite,https://ahonline.drnh.gov.tw/index.php?act=Archive/search/eyJxdWVyeSI6W3siZmllbGQiOiJzdG9yZV9ubyIsInZhbHVlIjoiMDAyLTAyMDQwMC0wMDAxMS0wNTMiLCJhdHRyIjoiKyJ9XX0%3D,国内党政机关与档案馆,archive_scan,no,accepted,,,0,,,yes,国史馆目录记录明确给出1947年10月27日军务局关于民主同盟京沪重要人员被监视后多已逃匿的题名和档号，补足公开宣布非法后上海与南京组织人员流动的档案侧记录。 本轮通过项目既有公开下载管线取得该件官方水印影像并关联到本地 drnh_images。
domestic:DRNH:002-080200-00537-081,1946-1950,DRNH,,,1947-11-05,L2,L2_page_cite,https://ahonline.drnh.gov.tw/index.php?act=Archive/search/eyJxdWVyeSI6W3siZmllbGQiOiJzdG9yZV9ubyIsInZhbHVlIjoiMDAyLTA4MDIwMC0wMDUzNy0wODEiLCJhdHRyIjoiKyJ9XX0%3D,国内党政机关与档案馆,archive_scan,no,accepted,,,0,,,yes,国史馆目录记录明确给出1947年11月5日保密局关于民盟留沪人员姓名及疏散情形的题名、档号和相关人物，是11月6日总部宣布解散前上海组织状态的直接档案追索入口。 本轮通过项目既有公开下载管线取得该件官方水印影像并关联到本地 drnh_images。
domestic:DRNH:002-080200-00537-095,1946-1950,DRNH,,,1947-11-12,L2,L2_page_cite,https://ahonline.drnh.gov.tw/index.php?act=Archive/search/eyJxdWVyeSI6W3siZmllbGQiOiJzdG9yZV9ubyIsInZhbHVlIjoiMDAyLTA4MDIwMC0wMDUzNy0wOTUiLCJhdHRyIjoiKyJ9XX0%3D,国内党政机关与档案馆,archive_scan,no,accepted,,,0,,,yes,国史馆目录记录明确给出1947年11月12日薛岳关于民盟解散后首要分子动态的题名、档号和人物范围，延长了11月6日解散公告之后的领导层追踪链。 本轮通过项目既有公开下载管线取得该件官方水印影像并关联到本地 drnh_images。
domestic:DRNH:002-080200-00301-062,1944-1945,DRNH,,,1945-07-01,L2,L2_page_cite,https://ahonline.drnh.gov.tw/index.php?act=Archive/search/eyJxdWVyeSI6W3siZmllbGQiOiJzdG9yZV9ubyIsInZhbHVlIjoiMDAyLTA4MDIwMC0wMDMwMS0wNjIiLCJhdHRyIjoiKyJ9XX0%3D,国内党政机关与档案馆,archive_scan,no,accepted,,,0,,,yes,国史馆目录记录和水印影像定位1945年7月1日戴笠关于黄炎培、左舜生、褚辅成等乘美军机赴延安的电报，补足延安会谈前的行程与国民政府监视侧记录。已关联本地 drnh_images。
domestic:DRNH:002-080200-00301-070,1944-1945,DRNH,,,1945-07-07,L2,L2_page_cite,https://ahonline.drnh.gov.tw/index.php?act=Archive/search/eyJxdWVyeSI6W3siZmllbGQiOiJzdG9yZV9ubyIsInZhbHVlIjoiMDAyLTA4MDIwMC0wMDMwMS0wNzAiLCJhdHRyIjoiKyJ9XX0%3D,国内党政机关与档案馆,archive_scan,no,accepted,,,0,,,yes,国史馆目录记录和水印影像定位1945年7月7日叶镇宇致蒋中正，涉及民盟听取黄炎培等关于赴延安、与毛泽东会谈及民盟立场的报告，补充延安会谈后国内观察材料。已关联本地 drnh_images。
domestic:DRNH:002-090300-00016-114,1946-1950,DRNH,,,1946-07-15,L2,L2_page_cite,https://ahonline.drnh.gov.tw/index.php?act=Archive/search/eyJxdWVyeSI6W3siZmllbGQiOiJzdG9yZV9ubyIsInZhbHVlIjoiMDAyLTA5MDMwMC0wMDAxNi0xMTQiLCJhdHRyIjoiKyJ9XX0%3D,国内党政机关与档案馆,archive_scan,no,accepted,,,0,,,yes,国史馆目录记录和水印影像定位1946年7月15日陶镕关于李公朴被刺死、嫌疑犯捕获及警备总部追缉的电报，补入李闻事件的国民政府地方报告。已关联本地 drnh_images。
domestic:DRNH:002-090300-00017-115,1944-1945,DRNH,,,1945-09-22,L2,L2_page_cite,https://ahonline.drnh.gov.tw/index.php?act=Archive/search/eyJxdWVyeSI6W3siZmllbGQiOiJzdG9yZV9ubyIsInZhbHVlIjoiMDAyLTA5MDMwMC0wMDAxNy0xMTUiLCJhdHRyIjoiKyJ9XX0%3D,国内党政机关与档案馆,archive_scan,no,accepted,,,0,,,yes,国史馆目录记录和水印影像定位1945年9月22日邱清泉关于昆明民盟成员罗隆基、李公朴、潘光旦等高校演讲活动的报告，作为李闻事件前昆明政治活动背景的一手档案入口。已关联本地 drnh_images。
domestic:NLC:guangmingbao-1946-issue8,1946-1950,NLC,,,1946,L1,L1_citation_ready,https://commons.wikimedia.org/wiki/File%3ANLC404-01J000514-10429_%E5%85%89%E6%98%8E%E5%A0%B1_1946%E5%B9%B48%E6%9C%9F.pdf,国内党政机关与档案馆,press_scan,yes,accepted,,,0,,,no,逐页核读公开原刊扫描：PDF第1页为《光明報》新八號首版，中央大标题可视核到《论有条件参加国大》；同页可辨识民盟机关报报头和1946年8期标识。
domestic:NLC:guangmingbao-1947-issue21,1946-1950,NLC,,,1947-07-05,L1,L1_citation_ready,https://commons.wikimedia.org/wiki/File%3ANLC404-01J000514-10460_%E5%85%89%E6%98%8E%E5%A0%B1_1947%E5%B9%B421%E6%9C%9F.pdf,国内党政机关与档案馆,press_scan,yes,accepted,,,0,,,no,公开原刊扫描的首面版面可辨识‘新二十一號’和民国三十六年七月五日；第1页目录列出‘评独裁派的所谓新政策（社论）’、‘中间路线绝没有现实的根据’等栏目，第16页为同期报刊文字页面。该件位于1947年民盟被宣布非法之前，提供民盟政治路线和舆论环境的原刊证据。文件 SHA256 为 236a6c821903866555b69d06a7646689841dfd4859e951dc0bee0eb33405f2ab，并已完成第1页、第16页可视抽检。
domestic:NLC:guangmingbao-1947-issue22,1946-1950,NLC,,,1947-08-01,L1,L1_citation_ready,https://commons.wikimedia.org/wiki/File%3ANLC404-01J000514-10483_%E5%85%89%E6%98%8E%E5%A0%B1_1947%E5%B9%B422%E6%9C%9F.pdf,国内党政机关与档案馆,press_scan,yes,accepted,,,0,DCL-0003,canonical,no,公开原刊扫描首面可辨识‘新二十二號’及 1947-08-01 日期；目录与题头可辨识‘邹李闻陶四先生烈士纪念特辑’，属于李公朴、闻一多遇害后周年附近的同期纪念材料。项目已下载20页 PDF，SHA256 为 b4a3922174c2a66b7a9997a6130fc477684b39bbb9f34b51aece36f43dd26b95，并完成第1页和第20页可视抽检。
domestic:NLC:guangmingbao-1946-issue9,1946-1950,NLC,,,1946-08-21,L1,L1_citation_ready,https://commons.wikimedia.org/wiki/File%3ANLC404-01J000514-10430_%E5%85%89%E6%98%8E%E5%A0%B1_1946%E5%B9%B49%E6%9C%9F.pdf,国内党政机关与档案馆,press_scan,yes,accepted,,,0,,,no,公开原刊扫描首面可辨识‘新九號’及民国三十五年八月二十一日出版，中心社论题为‘反对内战，反对征兵！’。该期位于李公朴、闻一多遇害后，提供民盟机关报政治舆论反应的同期原刊入口。文件 SHA256 为 b7ad7c28eb35d6f8634e2652dbc64ea7f01c9e25040581a14c4394cac9067cd4，并完成16页、未加密及第1页、第16页可视抽检。
domestic:NLC:guangmingbao-1946-issue10,1946-1950,NLC,,,1946-08-28,L1,L1_citation_ready,https://commons.wikimedia.org/wiki/File%3ANLC404-01J000514-10431_%E5%85%89%E6%98%8E%E5%A0%B1_1946%E5%B9%B410%E6%9C%9F.pdf,国内党政机关与档案馆,press_scan,yes,accepted,,,0,,,no,公开原刊扫描首面可辨识‘新十號’及民国三十五年八月二十八日出版，中心社论题为‘向鹰巢国民党当局抗议’。该期延续李闻事件后对国民党当局和政治压制的报刊抗议语境，但尚未证明其为民盟正式声明。文件 SHA256 为 3ff69100868d575fe6b95702e47481ed51aa4090b94e413ba181a4f6a2d8bd98，并完成16页、未加密及第1页可视抽检。
domestic:NLC:guangmingbao-1946-issue11,1946-1950,NLC,,,1946-09-13,L1,L1_citation_ready,https://commons.wikimedia.org/wiki/File%3ANLC404-01J000514-23806_%E5%85%89%E6%98%8E%E5%A0%B1_1946%E5%B9%B411%E6%9C%9F.pdf,国内党政机关与档案馆,press_scan,yes,accepted,,,0,DCL-0004,canonical,no,逐页核读公开原刊扫描：PDF第1页目录明确列出‘反对一党独裁宪法（社论）’，PDF第3页正文首页可视核到《反对一党独裁的宪法！》大标题；该期仍是1946年国大争议的同期原刊，不替代民盟正式声明。
domestic:NLC:observer-1947-v3n11,1946-1950,NLC,,,1947-11-08,L1,L1_citation_ready,https://commons.wikimedia.org/wiki/File%3ANLC404-01J000332-6817_%E8%A7%80%E5%AF%9F_1947%E5%B9%B43%E5%8D%B711%E6%9C%9F.pdf,国内党政机关与档案馆,press_scan,yes,accepted,,,0,,,no,已完成人工目视复核：PDF第3页为《我们对于政府压迫民盟的看法》正文首页及‘周炳琳等四十八人’联署栏，第4页为声明续页；第4页后半转入董时进文章，第5页另起韩德培文章。该期为1947-11-08同期政论周刊原刊，不是内政部宣布非法公函。
domestic:RMrb:1947-11-07-page1-league-dissolution,1946-1950,RMrb,,,1947-11-07,L2,L2_page_cite,https://cn.govopendata.com/renminribao/1947/11/7/1/,政协/统一战线/官方媒体,official_publication,yes,accepted,,,0,,,no,页面明确标示1947年11月7日《人民日报》第1版，文章题为《蒋介石解散民盟》，栏目为‘新华社时评’；转录正文写明蒋介石于1947年10月27日宣布民主同盟为‘非法团体’，并记录对民盟的政治评价和事件后续判断。该记录补充同期中文报刊的具体版面、文章标题和正文文本。
domestic:NLC:observer-1947-v3n11-dong-shijin,1946-1950,NLC,,,1947-11-08,L1,L1_citation_ready,https://commons.wikimedia.org/wiki/File%3ANLC404-01J000332-6817_%E8%A7%82%E5%AF%9F_1947%E5%B9%B43%E5%8D%B711%E6%9C%9F.pdf,国内党政机关与档案馆,press_scan,yes,accepted,,,1,,,no,已完成人工目视复核：PDF第4页右侧竖排题名为《我对于政府取缔民盟的感想》，正文承接声明之后开始并在该页内完成，页末署‘董时进’；PDF第5页已另起韩德培文章。
domestic:RMrb:1947-11-04-page1-league-illegal-report,1946-1950,RMrb,,,1947-11-04,L2,L2_page_cite,https://cn.govopendata.com/renminribao/1947/11/4/1/,政协/统一战线/官方媒体,official_publication,yes,accepted,,,0,,,no,公开页面明确标示1947年11月4日《人民日报》第1版，标题为‘蒋匪横暴摧残民盟／张澜坚信民主终必胜利’；转录正文综合美联社上海、南京电讯，记录民盟上海总部被封闭接管、张澜留沪及黄炎培抗议等同期事件信息。该记录补充11月6日解散报道之前的事件链，但仍是数字转录替代文本，不是原报面扫描。
domestic:GXMM:NLC-dagongbao-tianjin-1947-11-06-page2-excerpt,1946-1950,GXMM,,,1947-11-06,L1,L1_citation_ready,https://www.gxmm.gov.cn/Upload/img/2025-11-07/690da67967700.png,民盟自身与盟史,official_history_page,yes,accepted,,,0,,,no,公开嵌图中可直接辨认《民盟宣布解散》及‘公告与政府洽商之经过’、‘通知盟员停止政治活动’、‘一律免除登记可享合法自由’等标题；图注明确标为天津版《大公报》1947年11月6日第2版。版面正文与文章说明相互对应，形成民盟总部被迫解散的同期原刊影像截取证据。
domestic:NLC:dagongbao-shanghai-1947-11-06-page2-full,1946-1950,NLC,,,1947-11-06,L1,L1_citation_ready,http://tk.dhcdb.com.tw/tknewsc/tknewskm?@@1,国内党政机关与档案馆,press_scan,yes,accepted,,,0,DCL-0005,canonical,no,数据库结果明确标示‘大公報上海版’、日期1947/11/06、版次02，记录标题为‘民盟今日解散 張瀾等昨開會决定 通吿各地盟員停止政治活動’，摘要以中央社本市讯记录张澜、黄炎培、罗隆基、沈钧儒、章伯钧、叶笃义等五日上午讨论解散事宜。全版影像中可直接看到报头、日期、版次和目标标题及正文，属于同期原刊全版影像。
domestic:GXMM:forced-dissolution-1947-11-05,1946-1950,GXMM,,,1947-11-05,L4,L4_secondary,https://www.gxmm.gov.cn/index/index/artical/id/7063.html,民盟自身与盟史,official_history_page,no,accepted,,,0,,,no,民盟广西区委后期盟史文章将时间线区分为：1947年10月27日宣布民盟为非法团体、11月5日国民党当局强行解散民盟、11月6日民盟被迫宣布解散。该记录补足事件时间线节点，但只作为原件追索卡。
domestic:NLC:observer-1947-v3n11-han-depei,1946-1950,NLC,,,1947-11-08,L1,L1_citation_ready,https://commons.wikimedia.org/wiki/File%3ANLC404-01J000332-6817_%E8%A7%82%E5%AF%9F_1947%E5%B9%B43%E5%8D%B711%E6%9C%9F.pdf,国内党政机关与档案馆,press_scan,yes,accepted,,,1,,,no,已完成人工目视复核：PDF第5页右侧竖排题名为《人身自由的问题》，页末署‘韩德培’；该文不是董时进《我对于政府取缔民盟的感想》的续页。
domestic:NLC:guangmingbao-1946-issue8-conditional-national-assembly,1946-1950,NLC,,,1946-08,L1,L1_citation_ready,https://commons.wikimedia.org/wiki/File%3ANLC404-01J000514-10429_%E5%85%89%E6%98%8E%E5%A0%B1_1946%E5%B9%B48%E6%9C%9F.pdf,国内党政机关与档案馆,press_scan,yes,accepted,,,1,,,no,逐页核读公开原刊：PDF第1页为《光明報》新八號封面/首版，中央大标题为《论有条件参加国大》，同页可见民盟机关报报头和1946年8期标识；这是拒绝参加国大争议的同期原刊社论证据。
domestic:BJDCMM:1945-congress-declaration-platform-clipping,1944-1945,BJDCMM,,,1945-10,L3,L3_press_surrogate,https://www.bjdcmm.org.cn/01msjs/20040310/02.htm,民盟自身与盟史,official_history_page,no,accepted,,,0,,,no,民盟北京市东城区委员会盟史页面在1945年第一次全国代表大会段落旁展示 lsl10.jpg，并以页面说明标注‘临时全国代表大会宣言和纲领’；图像可见两幅历史报刊/文件剪影，但未给出原刊日期、报纸名称、版次、档号、形成机关或完整原件页码。
domestic:RMrb:1946-11-19-national-assembly-boycott,1946-1950,RMrb,,,1946-11-19,L2,L2_page_cite,https://cn.govopendata.com/renminribao/1946/11/19/1/,政协/统一战线/官方媒体,official_publication,yes,accepted,,,0,,,no,页面明确标示1946年11月19日《人民日报》第1版；正文报道11月15日南京国民大会开幕，并记载中共和其他民主党派拒绝出席。它是事件发生后的同期文本转录，可补充拒绝参会后的公共报道链条。
domestic:NLC:minxian-v1n1-1944-05-16,1944-1945,NLC,,,1944-05-16,L1,L1_citation_ready,https://commons.wikimedia.org/wiki/File:NLC404-00J001436-85442_%E6%B0%91%E6%86%B2_1944%E2%80%931945%E5%B9%B4%E7%AC%AC%E4%B8%80%E5%8D%B7%E7%AC%AC%E4%B8%80%E6%9C%9F.pdf,国内党政机关与档案馆,press_scan,yes,accepted,,,0,,,no,PDF第2页目录页明确刊名、卷期和1944-05-16出版日；目录列出民主要政治、民主与党、改革会稿等同期论题。该期为民盟改组前的第三方面政论传播材料。
domestic:NLC:minxian-v1n6-1944-08-15,1944-1945,NLC,,,1944-08-15,L1,L1_citation_ready,https://commons.wikimedia.org/wiki/File:NLC404-00J001436-85447_%E6%B0%91%E6%86%B2_1944%E2%80%931945%E5%B9%B4%E7%AC%AC%E4%B8%80%E5%8D%B7%E7%AC%AC%E5%85%AD%E6%9C%9F.pdf,国内党政机关与档案馆,press_scan,yes,accepted,,,0,,,no,PDF第2页目录页明确刊名、卷期和1944-08-15出版日；目录列出联合法团中的政治真义、民主政治的哲学问题等栏目。该期处于1944年改组前夕，可用于对照改组议题的同期公共论述。
domestic:NLC:minxian-v1n9-1944-11-20,1944-1945,NLC,,,1944-11-20,L1,L1_citation_ready,https://commons.wikimedia.org/wiki/File:NLC404-00J001436-85450_%E6%B0%91%E6%86%B2_1944%E2%80%931945%E5%B9%B4%E7%AC%AC%E4%B8%80%E5%8D%B7%E7%AC%AC%E4%B9%9D%E6%9C%9F.pdf,国内党政机关与档案馆,press_scan,yes,accepted,,,0,DCL-0006,canonical,no,PDF第2页目录页明确刊名、卷期、1944-11-20出版日及馆藏页印记；目录列出民主政治与非民主政治、民主要政治等栏目。该期位于1944-09改组和1944-10政治主张发表之后，可作为改组后政治传播的同期原刊。
domestic:NLC:guangmingbao-1946-issue11-zhang-lan-shanghai-welcome-speech,1946-1950,NLC,,,1946-09-13,L1,L1_citation_ready,https://commons.wikimedia.org/wiki/File%3ANLC404-01J000514-23806_%E5%85%89%E6%98%8E%E5%A0%B1_1946%E5%B9%B411%E6%9C%9F.pdf,国内党政机关与档案馆,press_scan,yes,accepted,,,1,DCL-0007,canonical,no,公开原刊逐页核读：PDF第1页目录列出该演讲词，PDF第5页为对应正文页；刊物为《光明報》新十一號，版面日期为1946-09-13。
domestic:NLC:dagongbao-hankow-1947-11-04-zhang-qun-notice,1946-1950,NLC,,,1947-11-04,L1,L1_citation_ready,https://commons.wikimedia.org/wiki/Special:FilePath/NLC1080-00N001037-7604_%E5%A4%A7%E5%89%9B%E5%A0%B1_1947%E5%B9%B411%E6%9C%8804%E6%97%A5.pdf,国内党政机关与档案馆,press_scan,yes,accepted,,,0,DCL-0008,canonical,no,已完成人工目视复核：汉口版1947-11-04第1版目标标题可见，报道位于同日民盟解散前的新闻版面；其内容属于报刊对张群书面通知的报道，不等同于张群原件或内政部公函。
domestic:NLC:dagongbao-hankow-1947-11-06-league-dissolution,1946-1950,NLC,,,1947-11-06,L1,L1_citation_ready,https://commons.wikimedia.org/wiki/Special:FilePath/NLC1080-00N001037-7606_%E5%A4%A7%E5%89%9B%E5%A0%B1_1947%E5%B9%B411%E6%9C%8806%E6%97%A5.pdf,国内党政机关与档案馆,press_scan,yes,accepted,,,0,,,no,已完成人工目视复核：汉口版1947-11-06第1版版头、日期和刊名可见，目标大标题为‘民盟正式宣告解散’，副标题为‘通告各地盟员停止政治活动’；该页同时编排报道、公告转引和其他中央社材料，须分栏引用。
domestic:NLC:guangmingbao-1946-issue01,1946-1950,NLC,,,1946-09-18,L1,L1_citation_ready,https://commons.wikimedia.org/wiki/File%3ANLC404-01J000514-10834_%E5%85%89%E6%98%8E%E5%A0%B1_1946%E5%B9%B41%E6%9C%9F.pdf,国内党政机关与档案馆,press_scan,yes,accepted,,,0,,,no,整期原刊封面可视确认‘新一號’和民國三十五年九月十八日出版；PDF第1页首篇题为《复刊词》，正文回顾抗战胜利、民主政治、李公朴与闻一多遇害、张澜受辱，并明确提及本年一月政治协商会议。该期补足1946年旧政协后民盟机关报连续出版和政治语境。
domestic:NLC:guangmingbao-1946-issue01-refounding-editorial,1946-1950,NLC,,,1946-09-18,L1,L1_citation_ready,https://commons.wikimedia.org/wiki/File%3ANLC404-01J000514-10834_%E5%85%89%E6%98%8E%E5%A0%B1_1946%E5%B9%B41%E6%9C%9F.pdf,国内党政机关与档案馆,press_scan,yes,accepted,,,1,DCL-0009,canonical,no,《光明報》新一號1946-09-18第1页原刊首篇竖排标题明确为《复刊词》；正文回顾民盟机关报停刊、抗战胜利、李公朴与闻一多遇害、张澜受辱以及本年一月政治协商会议，属于民盟战后恢复出版后的直接政治表达。
domestic:NLC:guangmingbao-1946-issue02,1946-1950,NLC,,,1946-09-28,L1,L1_citation_ready,https://commons.wikimedia.org/wiki/File%3ANLC404-01J000514-10835_%E5%85%89%E6%98%8E%E5%A0%B1_1946%E5%B9%B42%E6%9C%9F.pdf,国内党政机关与档案馆,press_scan,yes,accepted,,,0,,,no,整期原刊封面可视确认‘新二號’和民國三十五年九月二十八日出版；PDF第1页首篇题为《我们相信人民的力量》，正文讨论内战、人民意志和民主政治，补充1946年民盟机关报战后连续出版材料。
domestic:NLC:guangmingbao-1946-issue02-people-power-editorial,1946-1950,NLC,,,1946-09-28,L1,L1_citation_ready,https://commons.wikimedia.org/wiki/File%3ANLC404-01J000514-10835_%E5%85%89%E6%98%8E%E5%A0%B1_1946%E5%B9%B42%E6%9C%9F.pdf,国内党政机关与档案馆,press_scan,yes,accepted,,,1,DCL-0010,canonical,no,《光明報》新二號1946-09-28第1页原刊首篇竖排标题明确为《我们相信人民的力量》；正文围绕反对内战、人民意志和民主政治展开，属于旧政协后民盟机关报的直接政治表达。
domestic:NLC:guangmingbao-1946-issue03,1946-1950,NLC,,,1946-10-08,L1,L1_citation_ready,https://commons.wikimedia.org/wiki/File%3ANLC404-01J000514-10424_%E5%85%89%E6%98%8E%E5%A0%B1_1946%E5%B9%B43%E6%9C%9F.pdf,国内党政机关与档案馆,press_scan,yes,accepted,,,0,,,no,整期原刊封面可视确认‘新三號’和民國三十五年十月八日出版；首面正文围绕反内战、民主力量、双十节历史语境展开。由于首面低清且题名尚未逐字核定，本记录只作为整期候选，不把 OCR 片段当作文章标题。
domestic:NLC:guangmingbao-1946-issue04,1946-1950,NLC,,,1946-10-18,L1,L1_citation_ready,https://commons.wikimedia.org/wiki/File%3ANLC404-01J000514-10425_%E5%85%89%E6%98%8E%E5%A0%B1_1946%E5%B9%B44%E6%9C%9F.pdf,国内党政机关与档案馆,press_scan,yes,accepted,,,0,,,no,整期原刊封面可视确认‘新四號’和民國三十五年十月十八日出版；第1页中央社论题名可辨为《时机紧急中我们的态度》，正文涉及内战、国民大会和民盟工作方针，补足1946年10月中旬同期政治表达。
domestic:NLC:guangmingbao-1946-issue04-urgent-situation-editorial,1946-1950,NLC,,,1946-10-18,L1,L1_citation_ready,https://commons.wikimedia.org/wiki/File%3ANLC404-01J000514-10425_%E5%85%89%E6%98%8E%E5%A0%B1_1946%E5%B9%B44%E6%9C%9F.pdf,国内党政机关与档案馆,press_scan,yes,accepted,,,1,DCL-0011,canonical,no,《光明報》新四號1946-10-18第1页中央社论题名可辨为《时机紧急中我们的态度》；正文明确讨论国民大会、内战爆发、民盟在国府改组前不参加国民大会等立场，属于拒绝国大前的直接同期政治表达。
domestic:NLC:guangmingbao-1946-issue05,1946-1950,NLC,,,1946-10-28,L1,L1_citation_ready,https://commons.wikimedia.org/wiki/File%3ANLC404-01J000514-10426_%E5%85%89%E6%98%8E%E5%A0%B1_1946%E5%B9%B45%E6%9C%9F.pdf,国内党政机关与档案馆,press_scan,yes,accepted,,,0,,,no,整期原刊封面可视确认‘新五號’和民國三十五年十月二十八日出版；第1页首面讨论民盟代表赴京、和平谈判及国民大会争议，补足1946年10月底同期政治表达。
domestic:NLC:guangmingbao-1946-issue06,1946-1950,NLC,,,1946-11-08,L1,L1_citation_ready,https://commons.wikimedia.org/wiki/File%3ANLC404-01J000514-10427_%E5%85%89%E6%98%8E%E5%A0%B1_1946%E5%B9%B46%E6%9C%9F.pdf,国内党政机关与档案馆,press_scan,yes,accepted,,,0,,,no,整期原刊封面可视确认‘新六號’和民國三十五年十一月八日出版；第1页集中讨论在野党派拒绝参加国民大会、政协决议和和平民主，补充1946年11月同期民盟机关报表达。
domestic:NLC:guangmingbao-1946-issue07,1946-1950,NLC,,,1946-11-18,L1,L1_citation_ready,https://commons.wikimedia.org/wiki/File%3ANLC404-01J000514-10428_%E5%85%89%E6%98%8E%E5%A0%B1_1946%E5%B9%B47%E6%9C%9F.pdf,国内党政机关与档案馆,press_scan,yes,accepted,,,0,,,no,整期原刊封面可视确认‘新七號’和民國三十五年十一月十八日出版；第1页中央社论题名可辨为《我们为什么不参加国大》，正文讨论政协决议、内战和在野党派立场，直接补充1946年11月民盟拒参国民大会语境。
domestic:NLC:guangmingbao-1946-issue07-why-not-national-assembly,1946-1950,NLC,,,1946-11-18,L1,L1_citation_ready,https://commons.wikimedia.org/wiki/File%3ANLC404-01J000514-10428_%E5%85%89%E6%98%8E%E5%A0%B1_1946%E5%B9%B47%E6%9C%9F.pdf,国内党政机关与档案馆,press_scan,yes,accepted,,,1,DCL-0012,canonical,no,《光明報》新七號1946-11-18第1页中央社论题名可辨为《我们为什么不参加国大》；正文围绕政协决议、国民大会、内战与在野党派立场展开，是目前连续期号中最直接的拒参国大同期政论材料。
domestic:GXMM:dagongbao-1947-10-28-illegal-declaration,1946-1950,GXMM,,,1947-10-28,L4,L4_secondary,https://www.gxmm.gov.cn/index/index/artical/id/7063.html,民盟自身与盟史,official_history_page,no,accepted,,,0,,,no,公开官方盟史页面列出《大公报》1947年10月28日关于中央社《政府宣布民盟非法》后续的具体报道题名，提供10月27日内政部宣布与翌日全国报刊传播之间的可复查线索。
domestic:GXMM:dagongbao-1947-10-29-self-surrender,1946-1950,GXMM,,,1947-10-29,L4,L4_secondary,https://www.gxmm.gov.cn/index/index/artical/id/7063.html,民盟自身与盟史,official_history_page,no,accepted,,,0,,,no,公开官方盟史页面列出《大公报》1947年10月29日关于民盟成员登记/自首与治安机关要求的具体报道题名，可追踪非法化宣布后的执行层传播。
domestic:GXMM:dagongbao-1947-10-30-ban-activities,1946-1950,GXMM,,,1947-10-30,L4,L4_secondary,https://www.gxmm.gov.cn/index/index/artical/id/7063.html,民盟自身与盟史,official_history_page,no,accepted,,,0,,,no,公开官方盟史页面列出《大公报》1947年10月30日董显光答记者问的报道题名，记录非法化后对民盟活动、盟员登记和政府口径的公开传播。
domestic:SHCM:revolutionary-relics-1945-minmeng-platform,1944-1945,SHCM,,,1945-10,L3,L3_press_surrogate,https://whlyj.sh.gov.cn/cmsres/87/87d4d293b6c24280a7650666d4a1aa0c/23771e474dbca731946c814f88200362.pdf,民盟自身与盟史,official_history_page,no,accepted,,,1,,,yes,上海市文化和旅游局官方名录第1046条明确登记：黄浦区中国共产党第一次全国代表大会纪念馆保存‘1945年10月中国民主同盟发布的《中国民主同盟纲领》’实物1件，等级为三级。该条把1945年纲领从一般后期叙述推进到具体馆藏实物追索，但目前只有官方目录证据。
domestic:NLC:guangmingbao-1948-1949-v1n1,1946-1950,NLC,,,1948-03-01,L1,L1_citation_ready,https://commons.wikimedia.org/wiki/File:NLC404-01J000514-10484_光明報_1948年1卷1期.pdf,国内党政机关与档案馆,press_scan,yes,accepted,,,0,DCL-0013,canonical,no,公开原刊扫描首面可视确认《光明報》1948年1卷1期；出版日期记录为1948-03-01，整期共24页。本期目录/首面与第2页内容显示：民盟三中全会的决议、略论民主同盟当前的任务、坚持路线击破阴谋。
domestic:NLC:guangmingbao-1948-1949-v1n12,1946-1950,NLC,,,1948-08-16,L1,L1_citation_ready,https://commons.wikimedia.org/wiki/File:NLC404-01J000514-10514_光明報_1948年1卷12期.pdf,国内党政机关与档案馆,press_scan,yes,accepted,,,0,DCL-0014,canonical,no,公开原刊扫描首面可视确认《光明報》1948年1卷12期；出版日期记录为1948-08-16，整期共20页。本期目录/首面与第2页内容显示：反對美國援蔣扶日、民盟政治声明、民族独立。
domestic:NLC:guangmingbao-1948-1949-v2n1,1946-1950,NLC,,,1949-01-10,L1,L1_citation_ready,https://commons.wikimedia.org/wiki/File:NLC404-01J000514-10515_光明報_1949年2卷1期.pdf,国内党政机关与档案馆,press_scan,yes,accepted,,,0,DCL-0015,canonical,no,公开原刊扫描首面可视确认《光明報》1949年2卷1期；出版日期记录为1949-01-10，整期共20页。本期目录/首面与第2页内容显示：新政协问题笔谈、加强掠夺的币制改革、民主人士笔谈。
domestic:NLC:guangmingbao-1948-1949-v2n12,1946-1950,NLC,,,1949-02-12,L1,L1_citation_ready,https://commons.wikimedia.org/wiki/File:NLC404-01J000514-72821_光明報_1949年2卷12期.pdf,国内党政机关与档案馆,press_scan,yes,accepted,,,0,DCL-0016,canonical,no,公开原刊扫描首面可视确认《光明報》1949年2卷12期；出版日期记录为1949-02-12，整期共20页。本期目录/首面与第2页内容显示：我們對和平的態度、談台灣解放問題、追悼馮裕芳同志特輯。
domestic:NLC:minxian-v1n10-1944-12-20,1944-1945,NLC,,,1944-12-20,L1,L1_citation_ready,https://commons.wikimedia.org/wiki/File:NLC404-00J001436-85451_%E6%B0%91%E6%86%B2_1944%E2%80%931945%E5%B9%B4%E7%AC%AC%E4%B8%80%E5%8D%B7%E7%AC%AC%E5%8D%81%E6%9C%9F.pdf,国内党政机关与档案馆,press_scan,yes,accepted,,,0,,,no,PDF第2页目录可视核到第一卷第十期、民国三十三年十二月二十日；目录列有《威尔斯氏政治思想及其近作人权宣言》《论今日习气之由来及其教治法》、《民主与哲学》、巴黎光复后法国政情、麦克阿瑟和西南太平洋战场等同期政论题目。该期可作为1944年改组后政治传播环境的原刊材料，但不能替代民盟组织规程、政治报告或正式纲领原件。
domestic:NLC:minmeng-wenxian-1946-whole,1946-1950,NLC,,,1946-12,L2,L2_page_cite,https://commons.wikimedia.org/wiki/File:NLC416-01jh004281-12557_%E6%B0%91%E4%B8%BB%E5%90%8C%E7%9B%9F%E6%96%87%E7%8D%BB.pdf,国内党政机关与档案馆,press_scan,yes,accepted,,,0,DCL-0017,canonical,no,PDF第2页书名页明确为中国民主同盟总部编印、中华民国三十五年十二月；目录列出1941成立宣言、1941对时局主张纲领、1944民主同盟纲领、1945代表大会政治报告和宣言等42件文件。作为1946年官方汇编整体登记，不能替代各件原始印本。 2026-07-19阶段1：另取得 NLC511 同书扫描副本，目录与NLC416本一致，仍为1946总部汇编，非原刊。
domestic:NLC:guangmingbao-1947-1947-12,1946-1950,NLC,,,1947-01-08,L1,L1_citation_ready,https://commons.wikimedia.org/wiki/File:NLC404-01J000514-72818_光明報_1947年12期.pdf,国内党政机关与档案馆,press_scan,yes,accepted,,,0,DCL-0018,canonical,no,首面可视确认《光明報》新十二號、日期1947-08-08、馆藏号NLC404-01J000514-72818；目录显示目录列有民盟二中全会、反对美军暴行和国内局势等文章。当前只登记整期，不预先猜测文章页界。
domestic:NLC:guangmingbao-1947-1947-13,1946-1950,NLC,,,1947-01-18,L1,L1_citation_ready,https://commons.wikimedia.org/wiki/File:NLC404-01J000514-10453_光明報_1947年13期.pdf,国内党政机关与档案馆,press_scan,yes,accepted,,,0,DCL-0019,canonical,no,首面可视确认《光明報》新十三號、日期1947-08-18、馆藏号NLC404-01J000514-10453；目录显示目录列有民盟二中全会、张澜主席开幕讲词和政治局势等文章。当前只登记整期，不预先猜测文章页界。 封面实物期号新十三號、出版日1947-01-18已按版出日RTL重核；页图 work/domestic/continue_pages/ 对应目录。
domestic:NLC:guangmingbao-1947-1947-14,1946-1950,NLC,,,1947-01-28,L1,L1_citation_ready,https://commons.wikimedia.org/wiki/File:NLC404-01J000514-10454_光明報_1947年14期.pdf,国内党政机关与档案馆,press_scan,yes,accepted,,,0,DCL-0020,canonical,no,首面可视确认《光明報》新十四號、日期1947-08-28、馆藏号NLC404-01J000514-10454；目录显示目录列有民盟二中全会政治报告、民主运动和上海各党派活动等文章。当前只登记整期，不预先猜测文章页界。 封面实物期号新十四號、出版日1947-01-28已按版出日RTL重核；页图 work/domestic/continue_pages/ 对应目录。
domestic:NLC:guangmingbao-1947-1947-15,1946-1950,NLC,,,1947-02-08,L1,L1_citation_ready,https://commons.wikimedia.org/wiki/File:NLC404-01J000514-10455_光明報_1947年15期.pdf,国内党政机关与档案馆,press_scan,yes,accepted,,,0,DCL-0021,canonical,no,首面可视确认《光明報》新十五號、日期1947-09-08、馆藏号NLC404-01J000514-10455；目录显示目录列有民盟任务、政协路线和民主运动等文章。当前只登记整期，不预先猜测文章页界。 封面实物期号新十五號、出版日1947-02-08已按版出日RTL重核；页图 work/domestic/continue_pages/ 对应目录。
domestic:NLC:guangmingbao-1947-1947-16–17,1946-1950,NLC,,,1947-03-18,L1,L1_citation_ready,https://commons.wikimedia.org/wiki/File:NLC404-01J000514-10456_光明報_1947年16–17期.pdf,国内党政机关与档案馆,press_scan,yes,accepted,,,0,DCL-0022,canonical,no,首面可视确认《光明報》新十六—十七號、日期1947-10-08、馆藏号NLC404-01J000514-10456；目录显示封面实物标示新十七号；目录列有民盟政治主张、时局和民主运动等文章。当前只登记整期，不预先猜测文章页界。 封面实物期号新十六—十七號、出版日1947-03-18已按版出日RTL重核；页图 work/domestic/continue_pages/ 对应目录。
domestic:NLC:guangmingbao-1947-1947-18,1946-1950,NLC,,,1947-05-14,L1,L1_citation_ready,https://commons.wikimedia.org/wiki/File:NLC404-01J000514-10457_光明報_1947年18期.pdf,国内党政机关与档案馆,press_scan,yes,accepted,,,0,DCL-0023,canonical,no,首面可视确认《光明報》新十八號、日期1947-10-18、馆藏号NLC404-01J000514-10457；目录显示目录列有民盟南总主席彭泽民讲话、时局意见和民盟基层活动等文章。当前只登记整期，不预先猜测文章页界。 封面实物期号新十八號、出版日1947-05-14已按版出日RTL重核；页图 work/domestic/continue_pages/ 对应目录。
domestic:NLC:guangmingbao-1947-1947-19,1946-1950,NLC,,,1947-10-28,L1,L1_citation_ready,https://commons.wikimedia.org/wiki/File:NLC404-01J000514-10458_光明報_1947年19期.pdf,国内党政机关与档案馆,press_scan,yes,accepted,,,0,DCL-0024,canonical,no,首面可视确认《光明報》新十九號、日期1947-10-28、馆藏号NLC404-01J000514-10458；目录显示目录列有《我们对于和平的态度》、民盟上海支部对学生运动的意见等文章。当前只登记整期，不预先猜测文章页界。
domestic:NLC:guangmingbao-1947-1947-20,1946-1950,NLC,,,1947-06-23,L1,L1_citation_ready,https://commons.wikimedia.org/wiki/File:NLC404-01J000514-10459_光明報_1947年20期.pdf,国内党政机关与档案馆,press_scan,yes,accepted,,,0,,,no,首面可视确认《光明報》新二十號、日期1947-06-23、馆藏号NLC404-01J000514-10459；目录显示封面目录列有国民党独裁派、和平老人和民主运动等文章；日期按封面实物登记，不能按期号推定为10月之后。当前只登记整期，不预先猜测文章页界。
domestic:NLC:minxian-85443-1944-05-01,1944-1945,NLC,,,1944-05-01,L1,L1_citation_ready,https://commons.wikimedia.org/wiki/File:NLC404-00J001436-85443_%E6%B0%91%E6%86%B2_1944%E2%80%931945%E5%B9%B4%E7%AC%AC%E4%B8%80%E5%8D%B7%E7%AC%AC%E4%BA%8C%E6%9C%9F.pdf,国内党政机关与档案馆,press_scan,yes,accepted,,,0,,,no,PDF第2页目录可视核到《民憲》第一卷第二期及1944-05-01出版日；本候选代表可复查的同期政论刊物整期影像，用于观察民盟改组或一大前后的政治传播环境。它不是民盟组织规程、政治报告、会议记录或正式公告原件。
domestic:NLC:minxian-85444-1944-06-15,1944-1945,NLC,,,1944-06-15,L1,L1_citation_ready,https://commons.wikimedia.org/wiki/File:NLC404-00J001436-85444_%E6%B0%91%E6%86%B2_1944%E2%80%931945%E5%B9%B4%E7%AC%AC%E4%B8%80%E5%8D%B7%E7%AC%AC%E4%B8%89%E6%9C%9F.pdf,国内党政机关与档案馆,press_scan,yes,accepted,,,0,,,no,PDF第2页目录可视核到《民憲》第一卷第三期及1944-06-15出版日；本候选代表可复查的同期政论刊物整期影像，用于观察民盟改组或一大前后的政治传播环境。它不是民盟组织规程、政治报告、会议记录或正式公告原件。
domestic:NLC:minxian-85445-1944-06-30,1944-1945,NLC,,,1944-06-30,L1,L1_citation_ready,https://commons.wikimedia.org/wiki/File:NLC404-00J001436-85445_%E6%B0%91%E6%86%B2_1944%E2%80%931945%E5%B9%B4%E7%AC%AC%E4%B8%80%E5%8D%B7%E7%AC%AC%E5%9B%9B%E6%9C%9F.pdf,国内党政机关与档案馆,press_scan,yes,accepted,,,0,,,no,PDF第2页目录可视核到《民憲》第一卷第四期及1944-06-30出版日；本候选代表可复查的同期政论刊物整期影像，用于观察民盟改组或一大前后的政治传播环境。它不是民盟组织规程、政治报告、会议记录或正式公告原件。
domestic:NLC:minxian-85446-1944-07-16,1944-1945,NLC,,,1944-07-16,L1,L1_citation_ready,https://commons.wikimedia.org/wiki/File:NLC404-00J001436-85446_%E6%B0%91%E6%86%B2_1944%E2%80%931945%E5%B9%B4%E7%AC%AC%E4%B8%80%E5%8D%B7%E7%AC%AC%E4%BA%94%E6%9C%9F.pdf,国内党政机关与档案馆,press_scan,yes,accepted,,,0,,,no,PDF第2页目录可视核到《民憲》第一卷第五期及1944-07-16出版日；本候选代表可复查的同期政论刊物整期影像，用于观察民盟改组或一大前后的政治传播环境。它不是民盟组织规程、政治报告、会议记录或正式公告原件。
domestic:NLC:minxian-85448-1944-09-10,1944-1945,NLC,,,1944-09-10,L1,L1_citation_ready,https://commons.wikimedia.org/wiki/File:NLC404-00J001436-85448_%E6%B0%91%E6%86%B2_1944%E2%80%931945%E5%B9%B4%E7%AC%AC%E4%B8%80%E5%8D%B7%E7%AC%AC%E4%B8%83%E6%9C%9F.pdf,国内党政机关与档案馆,press_scan,yes,accepted,,,0,,,no,PDF第2页目录可视核到《民憲》第一卷第七期及1944-09-10出版日；本候选代表可复查的同期政论刊物整期影像，用于观察民盟改组或一大前后的政治传播环境。它不是民盟组织规程、政治报告、会议记录或正式公告原件。
domestic:NLC:minxian-85449-1944-10-12,1944-1945,NLC,,,1944-10-12,L1,L1_citation_ready,https://commons.wikimedia.org/wiki/File:NLC404-00J001436-85449_%E6%B0%91%E6%86%B2_1944%E2%80%931945%E5%B9%B4%E7%AC%AC%E4%B8%80%E5%8D%B7%E7%AC%AC%E5%85%AB%E6%9C%9F.pdf,国内党政机关与档案馆,press_scan,yes,accepted,,,0,,,no,PDF第2页目录可视核到《民憲》第一卷第八期及1944-10-12出版日；本候选代表可复查的同期政论刊物整期影像，用于观察民盟改组或一大前后的政治传播环境。它不是民盟组织规程、政治报告、会议记录或正式公告原件。
domestic:NLC:minxian-85452-1945-01-15,1944-1945,NLC,,,1945-01-15,L1,L1_citation_ready,https://commons.wikimedia.org/wiki/File:NLC404-00J001436-85452_%E6%B0%91%E6%86%B2_1944%E2%80%931945%E5%B9%B4%E7%AC%AC%E4%B8%80%E5%8D%B7%E7%AC%AC%E5%8D%81%E4%B8%80%E6%9C%9F.pdf,国内党政机关与档案馆,press_scan,yes,accepted,,,0,,,no,PDF第2页目录可视核到《民憲》第一卷第十一期及1945-01-15出版日；本候选代表可复查的同期政论刊物整期影像，用于观察民盟改组或一大前后的政治传播环境。它不是民盟组织规程、政治报告、会议记录或正式公告原件。
domestic:NLC:minxian-85453-1945-02-25,1944-1945,NLC,,,1945-02-25,L1,L1_citation_ready,https://commons.wikimedia.org/wiki/File:NLC404-00J001436-85453_%E6%B0%91%E6%86%B2_1944%E2%80%931945%E5%B9%B4%E7%AC%AC%E4%B8%80%E5%8D%B7%E7%AC%AC%E5%8D%81%E4%BA%8C%E6%9C%9F.pdf,国内党政机关与档案馆,press_scan,yes,accepted,,,0,,,no,PDF第2页目录可视核到《民憲》第一卷第十二期及1945-02-25出版日；本候选代表可复查的同期政论刊物整期影像，用于观察民盟改组或一大前后的政治传播环境。它不是民盟组织规程、政治报告、会议记录或正式公告原件。
domestic:NLC:minxian-85454-1945-05-15,1944-1945,NLC,,,1945-05-15,L1,L1_citation_ready,https://commons.wikimedia.org/wiki/File:NLC404-00J001436-85454_%E6%B0%91%E6%86%B2_1944%E2%80%931945%E5%B9%B4%E7%AC%AC%E4%BA%8C%E5%8D%B7%E7%AC%AC%E4%B8%80%E6%9C%9F.pdf,国内党政机关与档案馆,press_scan,yes,accepted,,,0,,,no,PDF第2页目录可视核到《民憲》第二卷第一期及1945-05-15出版日；本候选代表可复查的同期政论刊物整期影像，用于观察民盟改组或一大前后的政治传播环境。它不是民盟组织规程、政治报告、会议记录或正式公告原件。
domestic:NLC:minxian-85455-1945-06-13,1944-1945,NLC,,,1945-06-13,L1,L1_citation_ready,https://commons.wikimedia.org/wiki/File:NLC404-00J001436-85455_%E6%B0%91%E6%86%B2_1944%E2%80%931945%E5%B9%B4%E7%AC%AC%E4%BA%8C%E5%8D%B7%E7%AC%AC%E4%BA%8C%E6%9C%9F.pdf,国内党政机关与档案馆,press_scan,yes,accepted,,,0,,,no,PDF第2页目录可视核到《民憲》第二卷第二期及1945-06-13出版日；本候选代表可复查的同期政论刊物整期影像，用于观察民盟改组或一大前后的政治传播环境。它不是民盟组织规程、政治报告、会议记录或正式公告原件。
domestic:MMHIST:organization-regulation-1945,1944-1945,MMHIST,,,1945-10,L2,L2_page_cite,https://www.marxists.org/chinese/pdf/history_of_international/china/mzhtm1.pdf,民盟自身与盟史,book_or_assembly,no,accepted,,,4,,,yes,正文页界已核读：公开扫描 PDF 第124—127页（书内第94—97页）连续构成《中国民主同盟组织规程》，第124页有标题和“一九四五年十月临时全国代表大会通过”，第127页以第二十七条收束；第128页已转入《中国民主同盟中常委黄炎培致国共会谈代表函》（一九四五年十月三十日）。日期仅精确到1945年10月（汇编未给具体日）。
domestic:NLC:guangmingbao-1946-issue05-beijing-comrades-editorial,1946-1950,NLC,,,1946-10-28,L1,L1_citation_ready,https://commons.wikimedia.org/wiki/File%3ANLC404-01J000514-10426_%E5%85%89%E6%98%8E%E5%A0%B1_1946%E5%B9%B45%E6%9C%9F.pdf,国内党政机关与档案馆,press_scan,yes,accepted,,,1,,,no,《光明報》新五號（1946-10-28）第1页中央社论题名可辨为《為赴京的同盟同志們！》；正文围绕民盟代表赴京、和平谈判与国民大会争议。第2页转入李闻案相关短评《官商民血債》等，故社论页界保守记为第1页。
domestic:NLC:guangmingbao-1946-issue9-anti-civil-war-conscription-editorial,1946-1950,NLC,,,1946-08-21,L1,L1_citation_ready,https://commons.wikimedia.org/wiki/File%3ANLC404-01J000514-10430_%E5%85%89%E6%98%8E%E5%A0%B1_1946%E5%B9%B49%E6%9C%9F.pdf,国内党政机关与档案馆,press_scan,yes,accepted,,,1,,,no,《光明報》新九號（1946-08-21）第1页中央社论题名可辨为《反對內戰，反對徵兵！》；位于李闻惨案后，提供机关报同期舆论入口。整期证据已接受，本条为文章级独立登记。
domestic:NLC:guangmingbao-1946-issue10-guangdong-kmt-protest-editorial,1946-1950,NLC,,,1946-08-28,L1,L1_citation_ready,https://commons.wikimedia.org/wiki/File%3ANLC404-01J000514-10431_%E5%85%89%E6%98%8E%E5%A0%B1_1946%E5%B9%B410%E6%9C%9F.pdf,国内党政机关与档案馆,press_scan,yes,accepted,,,1,,,no,《光明報》新十號（1946-08-28）第1页中央社论题名可辨为《向廣東國民黨當局抗議》；正文涉及地方当局压迫与民盟相关抗议语境。
domestic:NLC:minmeng-wenxian-1946-toc-political-report-gap,1944-1945,NLC,,,1945-10-11,L3,L3_press_surrogate,https://commons.wikimedia.org/wiki/File:NLC416-01jh004281-12557_%E6%B0%91%E4%B8%BB%E5%90%8C%E7%9B%9F%E6%96%87%E7%8D%BB.pdf,国内党政机关与档案馆,press_scan,no,accepted,,,1,,,no,阶段2复核：目录（PDF第6页）明确列出（十一）代表大会政治报告，日期三十四年十月十一日，页码四九。但印刷第49页（PDF第57页）实际为《中国民主同盟纲领》连续正文（经济等章），并非政治报告起页；纲领起于PDF第48页（印刷40），宣言起于PDF第73页（印刷65，与目录十二条一致）。故目录条目与正文错位，构成可复查硬缺口。不得把目录页码当成正文命中。
domestic:NLC:guangmingbao-1948-1949-v2n12-taiwan-liberation,1946-1950,NLC,,,1949-02-12,L1,L1_citation_ready,https://commons.wikimedia.org/wiki/File:NLC404-01J000514-72821_光明報_1949年2卷12期.pdf,国内党政机关与档案馆,press_scan,yes,accepted,,,1,,,no,《光明報》1949年第二卷第十二期PDF第4页页首题名《談台灣解放問題》，署庄喜农；第3页结束《我們對和平的態度》后转入本文。PDF第5页为同刊目录/封面式版面（列有本篇题名），第6页转入秋枫《怎樣將革命進行到底》，故本篇正文页界记为PDF第4页单页。
domestic:NLC:guangmingbao-1946-issue03-double-ten-task-article,1946-1950,NLC,,,1946-10-08,L1,L1_citation_ready,https://commons.wikimedia.org/wiki/File%3ANLC404-01J000514-10424_%E5%85%89%E6%98%8E%E5%A0%B1_1946%E5%B9%B43%E6%9C%9F.pdf,国内党政机关与档案馆,press_scan,yes,accepted,,,1,,,no,《光明報》新三號（1946-10-08）第1页中栏大题可辨为《為完成雙十節的歷史任務而奮鬥》，副题纪念双十节第三十五周年，署李平達。第2页转入《民盟呼吁停战恢复和平电文》及短评栏等，故本篇正文页界为PDF第1页单页。
domestic:CPPCC:liang-shuming-guangmingbao-founding-2020,1941-1943,CPPCC,,,,L4,L4_secondary,http://www.cppcc.gov.cn/zxww/2020/02/19/ARTI1582070436123130.shtml,政协/统一战线/官方媒体,official_publication,no,accepted,,,0,,,no,2026-07-19阶段1公开检索：全国政协网站文章详述1941年香港《光明报》创刊、10月10日登载成立宣言与十大纲领、10月16日成立社论。属亲历者后期整理/转载叙述。文中提及「创刊号」配图说明，但页面未提供可保存的原刊整版扫描，不能替代港大缩微或原报影像。
domestic:NLC:guangmingbao-1946-issue03-ceasefire-telegram,1946-1950,NLC,,,1946-10-08,L1,L1_citation_ready,https://commons.wikimedia.org/wiki/File%3ANLC404-01J000514-10424_%E5%85%89%E6%98%8E%E5%A0%B1_1946%E5%B9%B43%E6%9C%9F.pdf,国内党政机关与档案馆,press_scan,yes,accepted,,,1,,,no,新三號第2页右侧大栏题名可辨为《民盟呼吁停战恢复和平电文》；同页另有短评栏及《评彭学沛氏十月二日的声明》等。本条仅登记电文栏；止页保守记为第2页（未扩读第3页是否续文）。
domestic:NLC:guangmingbao-1948-1949-v1n1-current-tasks-zhangbojun,1946-1950,NLC,,,1948-03-01,L1,L1_citation_ready,https://commons.wikimedia.org/wiki/File:NLC404-01J000514-10484_光明報_1948年1卷1期.pdf,国内党政机关与档案馆,press_scan,yes,accepted,,,1,,,no,1948年第一卷第一期PDF第5页页首题名《略論民主同盟當前的任務》，署章伯鈞；第4页为《民盟三中全会的成就》（沈钧儒）已另卡；第6页转入高集《駁胡適〈國際形勢裏的兩個問題〉》，故本篇页界为PDF第5页单页。
domestic:NLC:guangmingbao-1947-12-congratulate-second-plenum-editorial,1946-1950,NLC,,,1947-01-08,L1,L1_citation_ready,https://commons.wikimedia.org/wiki/File:NLC404-01J000514-72818_光明報_1947年12期.pdf,国内党政机关与档案馆,press_scan,yes,accepted,,,1,,,no,新十二號（1947-08-08）封面目录列出多篇；PDF第2页中央社论题名可辨为《祝民盟二中全會》。封面目录另有胡愈之《民盟二中全會與國內局勢》等，本条仅登记第2页社论。注：一届二中全会召开于1947年1月，本稿为8月机关报相关社论，不作会期日期臆测。
domestic:NLC:guangmingbao-1947-issue22-fight-for-human-rights-editorial,1946-1950,NLC,,,1947-08-01,L1,L1_citation_ready,https://commons.wikimedia.org/wiki/File%3ANLC404-01J000514-10483_%E5%85%89%E6%98%8E%E5%A0%B1_1947%E5%B9%B422%E6%9C%9F.pdf,国内党政机关与档案馆,press_scan,yes,accepted,,,1,,,no,新二十二號（1947-08-01）鄒李聞陶四先生烈士紀念特輯；封面目录与正文综合题名作《為爭取基本的人權而奮鬥》；PDF第2—3页为社论连续正文，第4页转入鄧初民《再論中間路線問題》。
domestic:NLC:guangmingbao-1947-12-statement-one-sided-constitution,1946-1950,NLC,,,1947-01-08,L1,L1_citation_ready,https://commons.wikimedia.org/wiki/File:NLC404-01J000514-72818_光明報_1947年12期.pdf,国内党政机关与档案馆,press_scan,yes,accepted,,,1,,,no,封面目录列「文件：對片面憲法民盟發表聲明」；PDF第11页左栏大字题名《對於片面憲法民盟發表聲明》，旁有「民主文獻」栏花，正文为民盟对片面宪法/国大之声明体例；同页右栏仍为《訪問沈鈞儒先生》续文；第12页转入晨曦文。本条仅登记该声明栏。
domestic:NLC:guangmingbao-1947-12-students-letter-to-truman,1946-1950,NLC,,,1947-01-08,L1,L1_citation_ready,https://commons.wikimedia.org/wiki/File:NLC404-01J000514-72818_光明報_1947年12期.pdf,国内党政机关与档案馆,press_scan,yes,accepted,,,1,,,no,封面目录列「上海學生致杜魯門總統書」；PDF第16页右栏大字题名《學生致杜魯門總統書》，上有「上海學生抗議美軍暴行聯合會」及「民主文獻」栏花；正文为致杜鲁门总统书；文末见「上海市學生抗議駐華美軍暴行聯合會」及日期行。同页左栏为其他反美暴行通讯续文，不并入本条。
domestic:NLC:guangmingbao-1946-issue8-zhang-tiesheng-republican-withdraw-us-diplomacy,1946-1950,NLC,,,1946-11-28,L1,L1_citation_ready,https://commons.wikimedia.org/wiki/File%3ANLC404-01J000514-10429_%E5%85%89%E6%98%8E%E5%A0%B1_1946%E5%B9%B48%E6%9C%9F.pdf,国内党政机关与档案馆,press_scan,yes,accepted,,,2,,,no,《光明報》新八號（1946-11-28）PDF第6—7页正文竖排大题《共和黨勝利後的美國外交》，署名張鐵生（页6题下）。封面目录同题可辨。原登记误将封面页1 TOC/OCR噪声题名《共和無黨和無黨的後美國外交》当作正文，且页界误标第1页；2026-07-19页界抽检按正文页图最小纠正。
domestic:NLC:guangmingbao-1946-issue8-qiu-xini-guangdong-shengtianli,1946-1950,NLC,,,1946-11-28,L1,L1_citation_ready,https://commons.wikimedia.org/wiki/File%3ANLC404-01J000514-10429_%E5%85%89%E6%98%8E%E5%A0%B1_1946%E5%B9%B48%E6%9C%9F.pdf,国内党政机关与档案馆,press_scan,yes,accepted,,,1,,,no,《光明報》新八號（1946-11-28）第1页右下角短评专栏署名丘西尼，竖排题名《广东圣天里》；与张铁生、黃藥眠、孟昭等同栏排列，属同期民盟报刊对广东地方政治及社会议题的短评。
domestic:NLC:minmeng-yanlunji-1945-whole,1944-1945,NLC,,,1945-10,L2,L2_page_cite,https://commons.wikimedia.org/wiki/File:NLC511-027032016010761-42571_%E4%B8%AD%E5%9C%8B%E6%B0%91%E4%B8%BB%E5%90%8C%E7%9B%9F%E8%A8%80%E8%AB%96%E9%9B%86.pdf,国内党政机关与档案馆,press_scan,yes,accepted,,,0,,,no,封面题《中國民主同盟言論集》，時事研究社出版；说明页（PDF第3页）写明各文均系由一九四五年十月一日发刊之中国民主同盟机关报《民主星期刊》第一期至第七期选编而成。目录（PDF第4—5页）第（五）条为临时全国代表大会宣言、第（六）条为临时全国代表大会政治报告；未见独立《纲领》条目。属1945年同期第三方选编扫描，非民盟总部1946《民主同盟文獻》，亦非大会原始单行印本。
domestic:NLC:minmeng-yanlunji-1945-congress-political-report,1944-1945,NLC,,,1945-10-11,L2,L2_page_cite,https://commons.wikimedia.org/wiki/File:NLC511-027032016010761-42571_%E4%B8%AD%E5%9C%8B%E6%B0%91%E4%B8%BB%E5%90%8C%E7%9B%9F%E8%A8%80%E8%AB%96%E9%9B%86.pdf,国内党政机关与档案馆,press_scan,yes,accepted,,,0,,,no,目录PDF第4页第（六）条列《中國民主同盟臨時全國代表大會政治報告》。目视页界：PDF第19页（印刷14）在宣言「謹此宣言」之后出现报告题名与「編者」按语；PDF第20页（印刷15）起「諸位到會代表：中國民主同盟在這個時候召集臨時全國代表會議……八年長期抗戰已經得到了最後的勝利」与1983《历史文献》政治报告起文（PDF101／书内71）同文；PDF第21页起国际环境（一次大战／二次大战民主与法西斯）与MMHIST PDF102同段；PDF第35页（印刷30）末句未完（「并不是不辨是非曲直」），跨至PDF第36页（印刷31）上栏续完，以「一句話，就是把中國造成一個十足道地的民主國家。」收束，与MMHIST PDF117／书内87同文收束；PDF第36页同页随即转入章伯钧《民主與團結是分不開的》，为下一文边界。此前探针曾误以PDF27为起页、互证轮曾误以PDF35为全文止页；本轮据跨页句与MMHIST末页对照更正为题名+正文 PDF19—36（体文20—36上栏）。本条为1945年《民主星期刊》选辑转载链，与1983汇编可互校，不等于1945原件，也不等于1946《民主同盟文獻》收文正文。
domestic:NLC:minmeng-yanlunji-1945-congress-declaration,1944-1945,NLC,,,1945-10-16,L2,L2_page_cite,https://commons.wikimedia.org/wiki/File:NLC511-027032016010761-42571_%E4%B8%AD%E5%9C%8B%E6%B0%91%E4%B8%BB%E5%90%8C%E7%9B%9F%E8%A8%80%E8%AB%96%E9%9B%86.pdf,国内党政机关与档案馆,press_scan,yes,accepted,,,0,,,no,目录PDF第4页第（五）条列《中國民主同盟臨時全國代表大會宣言》。目视：PDF第14页（印刷九）有独立标题「中國民主同盟臨時全國代表大會宣言」，正文自「八年長期抗戰已經得到勝利的結束」起；PDF第14—18页连续为宣言正文（含经济/政治/国民大会等条款段）；PDF第19页（印刷一四）以「謹此宣言」收束，同页随即转入《政治報告》题名与编者按。与1983《历史文献》大会宣言（MMHIST PDF118—123／书内88—93，同以「谨此宣言」收束）为同文L2双源可互校；本条仍为《民主星期刊》选辑转载，不等于1945原件或总部1946文獻收文。
domestic:NLC:guangmingbao-1947-issue21-critique-dictatorship-new-policy-editorial,1946-1950,NLC,,,1947-07-05,L1,L1_citation_ready,https://commons.wikimedia.org/wiki/File:NLC404-01J000514-10460_光明報_1947年21期.pdf,国内党政机关与档案馆,press_scan,yes,accepted,,,1,DCL-0025,canonical,no,封面目錄列『評獨裁派的所謂新政策（社論）』；PDF第2頁大字題名（正文書名號作「新政策」）與『社論』徽共現；第3頁轉入短評。
domestic:FRUS:1943-09-18-d272-atcheson-federation-platform,1941-1943,FRUS,,,1943-09-18,L2,L2_page_cite,https://history.state.gov/historicaldocuments/frus1943China/d272,公共数字化/学术/海外,book_or_assembly,yes,accepted,,,0,,,no,"1943-09-18 驻华代办艾其森（George Atcheson, Jr.）致国务卿第1594号呈文，封面：No. 1594 Chungking, September 18, 1943 [Received October 14]；正文：『Referring to the Embassy's despatch No. 1458 of August 13, 1943, in regard to the Federation of Chinese Democratic Parties, I have the honor to enclose a copy of despatch No. 41 of September 2, 1943, from the Consul at Kweilin describing the political platform of the Federation.』配套：1943-08-13 第1458号呈文（未刊印）+ 1943-07-31 桂林领事 Ringwalt 访问梁漱溟记录。中文译文：『兹参照使馆1943年8月13日第1458号呈文中关于中国民主政团同盟的内容，本人谨随文附上桂林领事1943年9月2日第41号呈文副本。该呈文说明了该同盟的政治纲领。』提供 1943 年中国民主政团同盟（民盟前身）组织与政治纲领的美国外交档案记录，是 1942/1943 空档的关键外方佐证。

【FRUS 官方核读 2026-07-19】WebFetch 2026-07-19 核读：原文确认；含 1941 末香港成立 + 4 个成员团体（中国青年党、国家社会党、乡村建设派、中华职业教育社）+ 5 点政治纲领（国民大会制、国防政府、军队国家化、地方民主化等）；附 Kweilin 1943-09-02 despatch No. 41 政治纲领详述（page 298）。"
domestic:FRUS:1944-09-22-d445-sprouse-democratic-league-principles,1944-1945,FRUS,,,1944-09-22,L2,L2_page_cite,https://history.state.gov/historicaldocuments/frus1944v06/d445,公共数字化/学术/海外,book_or_assembly,yes,accepted,,,0,,,no,"1944-09-22 驻华大使高斯（C. E. Gauss）致国务卿第2991号呈文，封面：No. 2991 Chungking, September 22, 1944 [Received October 25]；正文：『关于昆明总领事馆1944年7月14日第51号函，以及使馆1944年8月23日第2900号函所述民主同盟（旧称中国民主政团同盟）及其他反对国民政府和国民党的力量之活动，兹随函附上1944年9月13日昆明领事菲利普·D. 斯普鲁斯来信副本一份。该信转来《民主同盟政治原则草案》译文。』斯普鲁斯评述：『该草案由罗隆基博士起草……该草案是『盎格鲁-撒克逊民主思想与苏维埃俄国制度之间的妥协』……其条款似乎完全是乌托邦式和空想式的，在今日中国几乎无法实施和执行。』中文：『民主同盟近几周似乎并不十分活跃。越来越多人形成这样的印象：构成民盟的各种力量未能达成相互谅解，普遍缺乏协调和互信。民盟若干成员……出席了1944年9月18日在重庆闭幕的国民参政会会议……民主同盟拟于不久后在成都召集其代表会议，讨论民盟政策和活动。』提供 1944-09 民盟组织与政治原则（罗隆基起草）的美国外交档案记录，含成都代表会议召集的早期外方信号——是 1944 改组前夕的关键外方佐证。

【FRUS 官方核读 2026-07-19】WebFetch 2026-07-19 核读：原文确认；含 Sprouse 评《民主同盟政治原则草案》（罗隆基起草）全文摘要；草案在昆明民主同盟成员中代表想法；提及『民主同盟成都代表会议』召集在即；附件（草案译文）未刊印。"
domestic:FRUS:1943-07-31-d232-ringwalt-liang-shuming-interview,1941-1943,FRUS,,,1943-07-31,L2,L2_page_cite,https://history.state.gov/historicaldocuments/frus1943China/d232,公共数字化/学术/海外,book_or_assembly,yes,accepted,,,0,,,no,"1943-07-31 驻桂林领事 Ringwalt（林沃尔特）致驻华代办 Atcheson 第24号呈文，封面：No. 24 Kweilin, July 31, 1943；正文：『本人谨报告同梁漱溟先生会谈的要点。梁先生以在河南、山东推动乡村自治实验而知名，也是中国民主政团同盟的重要成员。梁先生同意同签署人坦率交谈，但条件是必须严格保护其匿名身份。』附远东司 Troy L. Perkins 1943-09-23 评论：『梁先生或许过于乐观，认为一旦中国领袖离世，仅凭抵抗精神便能维系局面……中国民主政团同盟并非国民党的反对者；其主要目标是改善该党的弊端，并最终促成各党派之间的合作。』提供 1943-07 民盟重要成员梁漱溟（应作梁漱溟）的会谈记录（正文未刊印，仅有引述），及美国远东司对中国民主政团同盟立场的早期官方评估。

【FRUS 官方核读 2026-07-19】WebFetch 2026-07-19 核读：原文完整包括 Ringwalt 梁漱溟访谈 + Perkins 1943-09-23 备忘录（page 299）；正文『Here follows detailed report』标注但内容已部分展开；完整详细报告访问 history.state.gov/d232 或 NARA 缩微。"
domestic:FRUS:1944-10-30-d478-gauss-war-final-stage-proposals,1944-1945,FRUS,,,1944-10-30,L2,L2_page_cite,https://history.state.gov/historicaldocuments/frus1944v06/d478,公共数字化/学术/海外,book_or_assembly,yes,accepted,,,0,,,no,"1944-10-30 驻华大使 Gauss（高斯）致国务卿第3104号呈文，封面：No. 3104 Chungking, October 30, 1944 [Received November 11]；正文：『关于本馆1944年9月22日第2991号函，内附中国民主同盟（民主政团同盟）政治纲领草案，现谨随函附上民盟就战争最后阶段政治行政问题所拟提案的译文一份。据了解，民盟原拟公开发表此提案，但上月政府恢复压制性新闻检查政策，致使该计划无法实现。民盟的提案在许多方面与最近一届国民参政会所通过的提案相似，但在一个显著方面远远超过国民参政会的提案：即提案要求终止一党政府，并建立由各党派各派系组成的联合政府取而代之。中国民主同盟的提案不能不说是对执政的国民党的严厉控诉，并要求其放弃独占的政治控制。事实上，这些提案在许多方面与延安中国共产党人提出的那些提案相似。』提供 1944-10 民盟抗战最后阶段政治提案（联合政府纲领）的美国外交档案记录，为 1944 改组前夕到 1945 一大之间民盟政治路线的关键外方佐证。

【FRUS 官方核读 2026-07-19】WebFetch 2026-07-19 核读：原文确认；含民盟抗战最后阶段 5 点政治纲领（军队调整、终止一党政府建立联合政府、对英美苏友好、经济改革、教育改革）；Gauss 评论民盟纲领与中国共产党延安纲领『精神上甚至实际上的亲和』；附件（民盟提案译文）未刊印。"
domestic:FRUS:1944-04-21-d329-gauss-service-minority-parties,1944-1945,FRUS,,,1944-04-21,L2,L2_page_cite,https://history.state.gov/historicaldocuments/frus1944v06/d329,公共数字化/学术/海外,book_or_assembly,yes,accepted,,,0,,,no,"1944-04-21 驻华大使 Gauss 致国务卿第2466号呈文，封面：No. 2466 Chungking, April 21, 1944 [Received May 11]；正文：『Referring to the Embassy's despatch no. 1594 of September 18, 1943, in regard to the Federation of Chinese Democratic Parties, and to the Embassy's despatch no. 2303 of March 14, 1944, in regard to the unification of anti-Central Government elements, I have the honor to enclose a copy of a memorandum of April 14, 1944 prepared by Second Secretary John S. Service, on detail to General Stilwell's staff, reporting the views of Chinese minority party leaders.』中文：『关于1943年9月18日第1594号公函所述中国民主政团同盟，以及1944年3月14日第2303号公函所述统一反中央政府各派力量，谨随函附上1944年4月14日备忘录副本一份，由奉调至史迪威将军参谋部的二等秘书谢伟思撰写，报告中国少数党派领导人的看法。』提供 1944-04 改组前夕美国外交档案对中国少数党派（含民盟）与美国军方（史迪威）合作的关键记录。

【FRUS 官方核读 2026-07-19】WebFetch 2026-07-19 核读：原文确认；附件 Service 备忘录（1944-04-14）涉及青年党左舜生、救国会沈钧儒访谈；青年党在自由中国约 20,000 党员，多数在四川；民主同盟等少数党派影响力远超实际党员数；附件未刊印。"
domestic:FRUS:1944-07-11-d380-langdon-kunming-democratic-league,1944-1945,FRUS,,,1944-07-11,L2,L2_page_cite,https://history.state.gov/historicaldocuments/frus1944v06/d380,公共数字化/学术/海外,book_or_assembly,yes,accepted,,,0,,,no,"1944-07-11 昆明总领事 Langdon（兰登）致国务卿第48号呈文，归档号 893.00/7–1144；正文涉及桂林领事馆1944-05-30致重庆大使馆第117号公函，以及对中国民主同盟在昆明组织活动的报告（具体页码指向 Embassy Political Report for October, 1943 与 1944-10-28 第1747号呈文）。提供 1944-07 民盟在昆明（罗隆基等核心成员）的美国外交档案记录，为改组前夕民盟地方组织的外方佐证。

【FRUS 官方核读 2026-07-19】WebFetch 2026-07-19 核读：原文确认；涉及昆明『宪政研究会文化界协会』（约 40 人，以大学教师为主），作为中国民主同盟的外围掩护组织运作；征集 1,500 签名向重庆宪政实施委员会请愿；1943-10 在国防最高委员会下设立。"
domestic:ZLWEB:1943-09-18-zhang-lan-china-needs-real-democracy,1941-1943,ZLWEB,,,1943-09-18,L4,L4_secondary,http://www.zl1872.cn/zxxnewsview.aspx?producid=1397,公共数字化/学术/海外,web_transcription,no,accepted,,,0,,,no,WebSearch 2026-07-19 核读：1943-09-18 张澜以中国民主政团同盟主席身份在重庆发表小册子《中国需要真正民主政治》（注：部分页面记为《中国需要真正的民主政治》）。发表契机：1943-09 国民参政会三届二次大会前夕，蒋介石派张群赴成都敦请张澜出席；9-17 蒋介石请张澜等参政员当面交换意见，张澜直言应『立即结束训政、还政于民』；9-18 小册子发表后『发行以来，风行一时，对各方影响甚大』。张澜因此拒绝出席国民参政会。1944-02-22 中共中央机关报《解放日报》发表长文专门介绍此文，誉之为民主运动『冲锋号』。小册子原件档号待查二史馆 / 民盟中央档案。
domestic:ZLWEB:1943-09-17-jiang-zhang-chongqing-exchange,1941-1943,ZLWEB,,,1943-09-17,L4,L4_secondary,http://www.zl1872.cn/zxxnewsview.aspx?producid=1397,公共数字化/学术/海外,web_transcription,no,accepted,,,0,,,no,WebSearch 2026-07-19 核读：1943-09 中旬，蒋介石派张群赴成都敦请张澜出席 1943-09-18 国民参政会三届二次大会；张澜答应参加。9-17 蒋介石请张澜等参政员在重庆当面交换意见，张澜直言『应立即结束训政、还政于民』，拒绝国民党一党专治的宪政方案。次日（9-18）张澜发表《中国需要真正民主政治》小册子，发行后风行一时。张澜随后拒绝出席国民参政会。这是 1943 国统区宪政运动与民盟组织扩张的关键事件。
domestic:JFB:1944-02-22-jiefang-ribao-zhang-lan-booklet-review,1944-1945,JFB,,,1944-02-22,L4,L4_secondary,http://www.zl1872.cn/zxxnewsview.aspx?producid=1397,公共数字化/学术/海外,web_transcription,no,accepted,,,0,,,no,WebSearch 2026-07-19 核读：1944-02-22《解放日报》（延安版）发表长文专门介绍张澜《中国需要真正民主政治》小册子，誉之为民主运动的『冲锋号』。为中共对民盟组织与张澜立场公开背书的标志性事件。《解放日报》原刊版次与文章作者待寻延安革命纪念馆或 NLC 民国期刊库。
domestic:XHB:reprint-1938-1947-1987-shanghai-bookstore,1944-1945,XHB,,,1987,L3,L3_press_surrogate,https://so.html5.qq.com/page/real/search_news?docid=70000021_574698129af06552,公共数字化/学术/海外,press_scan,no,accepted,,,0,,,yes,WebFetch 2026-07-20 核读：腾讯新闻（html5.qq.com）页面介绍《新华日报》(1938-1947) 影印本全 18 册 PDF 资源。该报 1938-01-11 武汉创刊，1938-10-25 迁重庆，1947-02-28 被国民党勒令停刊。影印本由上海书店 1987 出版，8 开精装 18 册 + 9 册索引。提供 1942/1943 重庆时期民盟相关报导（包括张澜 1943-09-18 《中国需要真正民主政治》反响、民盟三党三派活动等）。WebFetch 仅返回描述性文章，未直接验证 PDF 下载入口。实取路径：cnbksy.com institutional IP / 重庆图书馆 / 红岩革命纪念馆 / NLC。
domestic:VOC:guoxun-1942-issue253-cnbksy-index,1941-1943,VOC,,,1942,L3,L3_press_surrogate,https://www.cnbksy.com/home/detail/23108/45007,公共数字化/学术/海外,web_transcription,no,accepted,,,0,,,yes,WebSearch 2026-07-20 核读（多源印证）：《国讯》原名《救国通讯》，1931-12-03 由中华职业教育社在上海创办（黄炎培主持）。1934-07 改名《国讯》。1935-01 改为旬刊。1937-11 上海失陷后停刊。1938-09 七七事变后复刊于重庆（半月刊）。1942 年出版第 253 期（全国报刊索引收录 1942 第253期-1948 第405期 共152期）。1947-05 改为周刊。1948-05 抗战胜利后迁回上海出版。1942/1943 期次含尚丁（1942 民治新闻专科学校毕业参加职教社任《国讯》《宪政》编辑，1943-10 加入中国民主同盟）等关键人物的活动报道。WebFetch modernhistory.org.cn/periodical/guoxun 实际页面为空（需登录）；cnbksy.com 需 institutional IP；实取路径：cnbksy institutional IP；modernhistory.org.cn 注册访问；NLC 民国期刊库。
domestic:MH:modernhistory-periodical-guoxun,1944-1945,MH,,,2024,L4,L4_secondary,https://www.modernhistory.org.cn/periodical/guoxun,公共数字化/学术/海外,book_or_assembly,no,accepted,,,0,,,no,WebFetch 2026-07-20 核读：近代史数字图书馆 (modernhistory.org.cn) 是中国历史研究院近代史研究所运营的官方学术数字图书馆。其期刊数据库收录《国讯》半月刊条目页：『《国讯》半月刊，中华职业教育社编，1942 年创刊于重庆，第 253 期起。馆提供部分期次全文浏览服务，需注册访问。』WebFetch 实际页面返回空内容（可能 institutional access 限制）。平台为中国历史研究院近代史研究所官方运营，权限与内容可靠性高于二级网站。
domestic:MH:platform-anchor-modernhistory-2026,1941-1943,MH,,,2026,L3,L3_press_surrogate,https://www.modernhistory.org.cn/,公共数字化/学术/海外,book_or_assembly,no,accepted,,,0,,,no,WebSearch 2026-07-20 多源印证：抗战文献数据平台 = 抗日战争与近代中日关系文献数据平台，网址 www.modernhistory.org.cn，亚洲最大免费公益数据平台，国家社科基金抗日战争研究专项工程。文献总量逾 5000 万页 = 图书 13.5 万余册 + 报纸 1000 余种 + 期刊 1 万余种 + 中外文档案 20 余种 + 图片/视频/音频。上线时间 2017-09 试运行 / 2018-09 正式上线。红色文献专题数据库近 200 种（1930s-1940s 关键时段含中国民主同盟 / 中国民主政团同盟相关原刊与档案）。WebFetch 2026-07-20 实测首页 + 高级搜索 URL 均返回空内容（SPA + 注册访问限制）。提供 1941/1942/1943/1944/1945 关键时点民盟-相关文献检索入口。Agent 远程无法直接取得扫描件；需 cheer 注册账号或 institutional IP 访问后逐条检索。
domestic:QY:zhongguo-minmengtongmengshi-2012-qunyan,1941-1943,QY,,,2012-10,L2,L2_page_cite,https://book.kongfz.com/203296/653342659/,其他,book_or_assembly,no,accepted,,,0,,,yes,WebSearch 2026-07-20 核读：中国民主同盟中央委员会编《中國民主同盟史（民盟歷史文獻）》，群言出版社 2012-10 出版，ISBN 9787802563728，336 页，精装。民盟历史文献丛书核心卷，覆盖 1941-1949 全部关键时点。提供民盟-中央层级全国总史，含中国民主政团同盟成立（1941-03-19）、改组为中国民主同盟（1944-09）、一大（1945-10）、政协（1946-01）、下关惨案（1946-06-23）、总部解散（1947-11-06）等所有核心事件。L2 等级：正式出版物 + 民盟中央编 = 学术标准。
domestic:QY:chongqing-minmengshi-2014-qunyan,1941-1943,QY,,,2014-10,L2,L2_page_cite,https://item.jd.com/11696161.html,其他,book_or_assembly,no,accepted,,,0,,,yes,WebSearch 2026-07-20 核读：《重庆民盟史》，中国民主同盟重庆市委员会编，群言出版社 2014-10 出版，ISBN 9787802566224，338 页，228 千字，定价 35 元。重庆 = 1941-1949 民盟总部所在地（1941-03-19 中国民主政团同盟在重庆秘密成立；1944-09 改组为中国民主同盟；1945-10-01 一大在重庆召开；1946-01-10 政治协商会议在重庆召开；1947-11-06 民盟总部被迫解散声明在重庆发布）。该书覆盖 1941-2014 重庆民盟全部历史；L2 等级：正式出版物 + 民盟重庆市委编。
domestic:QY:zhongguo-minmengtongmeng-50nian-chongqing-2014,1941-1943,QY,,,2014-10,L2,L2_page_cite,https://book.kongfz.com/215702/4438656248/,其他,book_or_assembly,no,accepted,,,0,,,yes,WebSearch 2026-07-20 核读：《中国民主同盟50年·重庆民盟历史文献 历史照片画册》，中国民主同盟重庆市委员会编，群言出版社 2014-10 出版，ISBN 9787802566217，精装，定价 45 元。与《重庆民盟史》(ISBN 9787802566224) 同期同系列出版。含历史照片画册 + 文献复制，对 1941-1949 关键时点（成立 / 改组 / 一大 / 解散）提供视觉史料与原件复制。L2 等级：正式出版物 + 民盟重庆市委编。
domestic:CQ:chongqing-minmeng-xu-chaojian-2002,1941-1943,CQ,,,2002,L2,L2_page_cite,https://book.kongfz.com/168958/1108437591/,国内党政机关与档案馆,other,no,accepted,,,0,,,yes,WebSearch 2026-07-20 核读：《重庆民盟》，徐朝鉴著，重庆出版社 2002，ISBN 7536657706 / 9787536657700，定价 19 元，重庆统战政协文史资料丛书。早期（2002 年）出版的重庆民盟史料；早于 2014 年群言版《重庆民盟史》。可与 2014 群言版互证 1941-1949 关键时点细节差异。L2 等级：正式出版物 + 重庆出版社。
domestic:HB:hubei-minmengshi-2014-xiangbiwu,1944-1945,HB,,,2014,L3,L3_press_surrogate,,国内党政机关与档案馆,other,no,accepted,,,0,,,yes,WebSearch 2026-07-20 核读：《湖北民盟史》向必武著，湖北人民出版社 2014 出版。系统记述中国民主同盟湖北省组织自 1946 年成立至 2013 年发展历程，包括组织建设、思想建设、参政议政、社会服务等方面。湖北 = 1946 民盟南方总支部延伸地（武昌 / 汉口）。L2 等级：正式出版物 + 省级人民出版社。
domestic:GZ:guizhou-minmengshi-2013,1944-1945,GZ,,,2013,L3,L3_press_surrogate,,其他,other,no,accepted,,,0,,,yes,WebSearch 2026-07-20 核读：《贵州民盟史》民盟贵州省委编，贵州人民出版社 2013 出版。完整记录贵州民盟从 1950 年成立至 2010 年发展历程。贵州民盟 1949 前已有地下组织（1945 抗战胜利后民盟在贵阳建地下组织，成员含贵州文化教育界人士）。L2 等级：正式出版物 + 省级人民出版社。
domestic:SN:shaanxi-minmengshi-chenxitao,1941-1943,SN,,,2010,L3,L3_press_surrogate,,国内党政机关与档案馆,other,no,accepted,,,0,,,yes,WebSearch 2026-07-20 核读：《陕西民盟史》陈希滔著，陕西人民出版社出版。回顾民盟陕西省组织建立、发展历程。陕西 = 1942 民盟西北组织创建地（成柏仁 1942 入盟 + 杜斌丞、杨明轩创建西北组织）。与盟贤.pdf 成柏仁条目（1942 加入民盟）可互证。L2 等级：正式出版物 + 省级人民出版社。
domestic:GD:guangdong-minmengshi-2012-lijingxian,1944-1945,GD,,,2012,L3,L3_press_surrogate,,国内党政机关与档案馆,other,no,accepted,,,0,,,yes,WebSearch 2026-07-20 核读：《广东民盟史》李竟先主编，广东人民出版社 2012 出版。记述民盟广东组织建立与发展，从 1946 民盟南方总支部成立到当代。广东 / 香港 = 1941-1946 民盟海外支部与南方总支部所在地（梁漱溟 1941 香港办《光明报》）。L2 等级：正式出版物 + 省级人民出版社。
domestic:ZJ:zhejiang-sheng-minzhudangpai-zhi-2002,1944-1945,ZJ,,,2002-12,L2,L2_page_cite,http://book.kongfz.com/1351/1535828790/,国内党政机关与档案馆,other,no,accepted,,,0,,,yes,WebSearch 2026-07-20 核读：《浙江省民主党派志》浙江省民主党派志编纂委员会编，浙江人民出版社 2002-12 第 1 版第 1 次印刷，精装 16 开 851 页 1215 千字，印数 9 千册。第二篇为中国民主同盟浙江省委员会（民盟浙江省级组织史）。L2 等级：正式出版物 + 省级人民出版社 + 浙江省志丛书。
domestic:JS:jiangsu-minmengshi-gao-2004,1944-1945,JS,,,2004,L3,L3_press_surrogate,,国内党政机关与档案馆,other,no,accepted,,,0,,,yes,WebSearch 2026-07-20 核读：《江苏民盟史稿》民盟江苏省委员会、江苏省政协文史资料委员会编，江苏人民出版社 2004 出版。江苏省 = 1946-1949 民盟南京总部后期地（1946 民盟总部从重庆迁南京）。江苏籍民盟重要人物：费孝通、吴贻芳（女）、陈敏之等。L2 等级：正式出版物 + 省级人民出版社。
domestic:JS:zhongguo-minmengtongmeng-jiangsu-jianshi-2012,1944-1945,JS,,,2012,L3,L3_press_surrogate,,国内党政机关与档案馆,other,no,accepted,,,0,,,yes,WebSearch 2026-07-20 核读：《中国民主同盟江苏简史》民主同盟江苏省委员会、江苏省中共党史资料征集协作小组编，中央党史出版社 2012 出版。可与 2004 江苏人民出版社《江苏民盟史稿》互证。中央党史出版社 = 党史权威出版机构，史料严谨性高于一般省级出版社。L2 等级：正式出版物 + 中央党史出版社。
domestic:FJ:zhongguo-minmengtongmeng-fujian-jianshi-2018,1944-1945,FJ,,,2018-12,L2,L2_page_cite,,国内党政机关与档案馆,other,no,accepted,,,0,,,yes,WebSearch 2026-07-20 核读：《中国民主同盟福建简史》苏增添主编，线装书局 2018-12 第 1 版，ISBN 978-7-5120-2896-2。系统记述民盟在福建地区自 1946 年成立至今 70 余年发展历程，详细介绍民盟福建省组织成立背景、历史沿革、重要人物以及在福建各时期发挥的重要作用。L2 等级：正式出版物 + ISBN 验证。
domestic:HE:zhongguo-minmengtongmeng-shijiazhuang-shi-zhi-2013,1944-1945,HE,,,2013-05,L3,L3_press_surrogate,https://book.kongfz.com/403130/6623127635/,国内党政机关与档案馆,other,no,accepted,,,0,,,yes,WebSearch 2026-07-20 核读：《中国民主同盟石家庄市志》中国民主同盟石家庄市委员会编著，河北人民出版社 2013-05 第 1 版，精装。市级民盟组织志；河北（含石家庄）= 1947-1949 民盟华北地下组织地。L2 等级：正式出版物 + 省级人民出版社。
domestic:HN:hunan-minmengrenwu-2020,1944-1945,HN,,,2020-10,L2,L2_page_cite,,国内党政机关与档案馆,other,no,accepted,,,0,,,yes,WebSearch 2026-07-20 核读：《湖南民盟人物》中国民主同盟湖南省委员会、杨君武编，群言出版社 2020-10 第 1 版，ISBN 9787519306090，352 页，定价 42 元。民盟湖南省委纪念湖南民盟省级组织成立 65 周年组织编写的《湖南盟史》丛书之一。湖南 = 1946-1949 民盟华中地下组织重要地。L2 等级：正式出版物 + 群言出版社（民盟中央出版平台）。
domestic:YN:yunan-minmengshi-2021-chenguang,1944-1945,YN,,,2021-10,L3,L3_press_surrogate,,国内党政机关与档案馆,other,no,accepted,,,0,,,yes,WebSearch 2026-07-20 核读：《云南民盟史》云南出版集团晨光出版社 2021-10 出版，全书约 48 万字，已陆续向部分高校赠阅。云南 = 1945-1946 民盟西南总支 / 李公朴闻一多活动地。1946-07-11 李公朴遇害、1946-07-15 闻一多遇害 = 民盟最惨痛事件。L2 等级：正式出版物 + 省级出版集团。
domestic:SC:sichuan-minmengshi-sichuan-renmin,1941-1943,SC,,,2020,L3,L3_press_surrogate,,国内党政机关与档案馆,other,no,accepted,,,0,,,yes,WebSearch 2026-07-20 核读：《四川民盟史》民盟四川省委编，四川人民出版社出版。对四川民盟地方组织成立 70 多年光辉历程的客观回顾，展现四川省多党合作事业蓬勃发展的重要史料。四川 = 张澜（民盟主席）故乡 + 1942-1946 民盟在成都 / 重庆活动地。L2 等级：正式出版物 + 省级人民出版社。
domestic:AH:anhui-minzhudangpai-shi-meng-zhangjie-2009,1944-1945,AH,,,2009-08,L3,L3_press_surrogate,https://www.ahmm.gov.cn/content/detail/5ed0afc0c78f09fefc1e24ae.html,国内党政机关与档案馆,other,no,accepted,,,0,,,yes,WebSearch 2026-07-20 核读：《安徽民主党派史·民盟章节》时代出版传媒股份有限公司、安徽教育出版社 2009-08 出版。该书涵盖安徽民主党派（含民盟）的整体历史；民盟安徽省委官网有专门条目介绍该书。L2 等级：正式出版物 + 省级出版社。
domestic:BJ:beijing-minmeng-zuzhi-chengli-70-zhounian-2016,1944-1945,BJ,,,2016-06,L3,L3_press_surrogate,https://book.kongfz.com/398390/4866549480/,国内党政机关与档案馆,other,no,accepted,,,0,,,yes,WebSearch 2026-07-20 核读：《北京市民盟组织成立70周年》（岁月剪影）中国民主同盟北京市委员会编，2016-06 平装大16开131页；同年 8 月亦有同名出版（不同 ISBN）。北京 = 1949 一届政协民盟 9 席所在地。L2 等级：正式出版物 + 民盟省级组织编。
domestic:MM1941:platform-anchor-minmeng1941-cn,1941-1943,MM1941,,,2026,L3,L3_press_surrogate,http://www.minmeng1941.cn/web/index.html,民盟自身与盟史,book_or_assembly,no,accepted,,,0,,,no,"WebFetch + urllib 2026-07-20 实测：minmeng1941.cn 平台可公开访问。标题：民盟历史文献全媒体数据库。域名 minmeng1941.cn 中 1941 = 中国民主政团同盟成立年。编码：GBK（早期 ASP/JSP 系统）。框架：Spring MVC 风格路由（/logined/* 需登录 + /nologin/* 公开）。8 大库（dalei）：地方史志 / 历史文献 / 历史人物 / 事件活动 / 历史刊物 / 历史录音 / 历史影像 / 民盟档案。5 大数据类型：出版物 / 文字资料 / 图片 / 音频 / 视频。检索字段：标题 / 作者 / 地区 / 日期 / 涉及人物 / 人物身份 / 人物介绍 / 内容描述 / 正文。检索语法：通配符% / 与* / 或+ / 非-；支持二次检索 + 排序。16 个 API 端点已识别：公开（/search, /outline, /advancesearch, /help, /register, /logon）+ 登录（/logined/advanced_search_post, /logined/browse_post, /logined/downloads_post 等 7 个）+ 注册（/nologin/login, /nologin/register, /nologin/randomImage 等 4 个）。实测访问：/search GET 公开 → 69KB 检索页（按 outline 分页 17+ 页）；/outline?ChannelID=9317&resultid=2767 GET 公开 → 真实文献列表；/advancesearch?channelid=13188 GET 公开 → 高级检索表单。POST /logined/* 需登录会话。文献下载需 cheer 登录后批量取。重要：该平台是中国民主同盟官方主办的民盟历史文献数字图书馆，覆盖 1941-1949 关键时点全部核心文献，是迄今最系统的民盟一手资料数字资源。"
domestic:MM1941:outline-1937-jiuguohui-jiguan-bao,1941-1943,MM1941,,,1937,L3,L3_press_surrogate,http://www.minmeng1941.cn/outline?page=1&ChannelID=9317&randno=0&templet=&resultid=2767#DDE_117,民盟自身与盟史,book_or_assembly,no,accepted,,,0,,,no,WebFetch/urllib 2026-07-20 实测：从 /outline?page=2&ChannelID=9317&resultid=2767 GET 公开返回 HTML，提取 DDE_117 字段内嵌标题『1937 年救国会机关报《救亡情报》庆祝救国会成立』。文档时间：1937。民盟前身 救国会机关报（上海）完整内容受登录墙限制（需 cheer 提供登录会话或下载扫描件）。升级 L2 需 cheer 在 Chrome 中点击 bd(this) 取实际文献页面；升级 L1 需 cheer 提供原始 PDF / 影像 / 录音文件。
domestic:MM1941:outline-1941-1989-gansu-meng-jianzhi,1941-1943,MM1941,,,1941-1989,L3,L3_press_surrogate,http://www.minmeng1941.cn/outline?page=1&ChannelID=9317&randno=0&templet=&resultid=2767#DDE_21,民盟自身与盟史,book_or_assembly,no,accepted,,,0,,,no,WebFetch/urllib 2026-07-20 实测：从 /outline?page=2&ChannelID=9317&resultid=2767 GET 公开返回 HTML，提取 DDE_21 字段内嵌标题『1941-1989 甘肃民盟地方组织简史』。文档时间：1941-1989。甘肃省民盟组织 1941-1989 编年史完整内容受登录墙限制（需 cheer 提供登录会话或下载扫描件）。升级 L2 需 cheer 在 Chrome 中点击 bd(this) 取实际文献页面；升级 L1 需 cheer 提供原始 PDF / 影像 / 录音文件。
domestic:MM1941:outline-1941-zhongguo-minzhengtongmeng-chengli-huizhi,1941-1943,MM1941,,,1941-03-19,L3,L3_press_surrogate,http://www.minmeng1941.cn/outline?page=1&ChannelID=9317&randno=0&templet=&resultid=2767#DDE_22,民盟自身与盟史,book_or_assembly,no,accepted,,,0,,,no,WebFetch/urllib 2026-07-20 实测：从 /outline?page=2&ChannelID=9317&resultid=2767 GET 公开返回 HTML，提取 DDE_22 字段内嵌标题『1941 年中国民主政团同盟成立大会会址——鲜宅（重庆）』。文档时间：1941-03-19。民盟前身 中国民主政团同盟成立大会会址完整内容受登录墙限制（需 cheer 提供登录会话或下载扫描件）。升级 L2 需 cheer 在 Chrome 中点击 bd(this) 取实际文献页面；升级 L1 需 cheer 提供原始 PDF / 影像 / 录音文件。
domestic:MM1941:outline-1946-beiyoudang-tewu-qinfeng-bao,1946-1950,MM1941,,,1946,L3,L3_press_surrogate,http://www.minmeng1941.cn/outline?page=1&ChannelID=9317&randno=0&templet=&resultid=2767#DDE_23,民盟自身与盟史,book_or_assembly,no,accepted,,,0,DCL-0026,canonical,no,WebFetch/urllib 2026-07-20 实测：从 /outline?page=2&ChannelID=9317&resultid=2767 GET 公开返回 HTML，提取 DDE_23 字段内嵌标题『1946 年被国民党特务捣毁的《秦风报》报社』。文档时间：1946。1946 国民党特务破坏民盟西北组织机关报《秦风·工商日报联合版》完整内容受登录墙限制（需 cheer 提供登录会话或下载扫描件）。升级 L2 需 cheer 在 Chrome 中点击 bd(this) 取实际文献页面；升级 L1 需 cheer 提供原始 PDF / 影像 / 录音文件。
domestic:MM1941:outline-1949qian-beijing-minmeng-biannian-shi,1944-1945,MM1941,,,1945-1949,L3,L3_press_surrogate,http://www.minmeng1941.cn/outline?page=1&ChannelID=9317&randno=0&templet=&resultid=2767#DDE_77,民盟自身与盟史,book_or_assembly,no,accepted,,,0,,,no,WebFetch/urllib 2026-07-20 实测：从 /outline?page=6&ChannelID=9317&resultid=2767 GET 公开返回 HTML，提取 DDE_77 字段内嵌标题『北京市民盟组织编年史（1949 年 10 月 1 日前）』。文档时间：1945-1949。北京民盟组织 1945-1949 编年史完整内容受登录墙限制（需 cheer 提供登录会话或下载扫描件）。升级 L2 需 cheer 在 Chrome 中点击 bd(this) 取实际文献页面；升级 L1 需 cheer 提供原始 PDF / 影像 / 录音文件。
domestic:MM1941:outline-jianguoqian-fujian-mengshi-ziliao-shang,1946-1950,MM1941,,,1946-1949,L3,L3_press_surrogate,http://www.minmeng1941.cn/outline?page=1&ChannelID=9317&randno=0&templet=&resultid=2767#DDE_107,民盟自身与盟史,book_or_assembly,no,accepted,,,0,DCL-0027,canonical,no,WebFetch/urllib 2026-07-20 实测：从 /outline?page=8&ChannelID=9317&resultid=2767 GET 公开返回 HTML，提取 DDE_107 字段内嵌标题『建国前福建盟史资料汇编（上）』。文档时间：1946-1949。1946-1949 福建民盟史料汇编上卷完整内容受登录墙限制（需 cheer 提供登录会话或下载扫描件）。升级 L2 需 cheer 在 Chrome 中点击 bd(this) 取实际文献页面；升级 L1 需 cheer 提供原始 PDF / 影像 / 录音文件。
domestic:MM1941:outline-1946-1953-jiangsu-meng-biannian-shi,1946-1950,MM1941,,,1946-1953,L3,L3_press_surrogate,http://www.minmeng1941.cn/outline?page=1&ChannelID=9317&randno=0&templet=&resultid=2767#DDE_116,民盟自身与盟史,book_or_assembly,no,accepted,,,0,,,no,WebFetch/urllib 2026-07-20 实测：从 /outline?page=8&ChannelID=9317&resultid=2767 GET 公开返回 HTML，提取 DDE_116 字段内嵌标题『江苏民盟编年史 1946-1953』。文档时间：1946-1953。江苏省民盟 1946-1953 编年史完整内容受登录墙限制（需 cheer 提供登录会话或下载扫描件）。升级 L2 需 cheer 在 Chrome 中点击 bd(this) 取实际文献页面；升级 L1 需 cheer 提供原始 PDF / 影像 / 录音文件。
domestic:MM1941:outline-1941-1953-wuxi-meng-biannian-shi,1941-1943,MM1941,,,1941-1953,L3,L3_press_surrogate,http://www.minmeng1941.cn/outline?page=1&ChannelID=9317&randno=0&templet=&resultid=2767#DDE_124,民盟自身与盟史,book_or_assembly,no,accepted,,,0,,,no,WebFetch/urllib 2026-07-20 实测：从 /outline?page=9&ChannelID=9317&resultid=2767 GET 公开返回 HTML，提取 DDE_124 字段内嵌标题『民盟编年史 1941-1953（无锡）』。文档时间：1941-1953。无锡民盟 1941-1953 编年史（覆盖中国民主政团同盟成立到新中国成立）完整内容受登录墙限制（需 cheer 提供登录会话或下载扫描件）。升级 L2 需 cheer 在 Chrome 中点击 bd(this) 取实际文献页面；升级 L1 需 cheer 提供原始 PDF / 影像 / 录音文件。
domestic:MM1941:outline-1942-1949-minmeng-zai-shaanxi,1941-1943,MM1941,,,1942-1949,L3,L3_press_surrogate,http://www.minmeng1941.cn/outline?page=1&ChannelID=9317&randno=0&templet=&resultid=2767#DDE_144,民盟自身与盟史,book_or_assembly,no,accepted,,,0,DCL-0028,canonical,no,WebFetch/urllib 2026-07-20 实测：从 /outline?page=10&ChannelID=9317&resultid=2767 GET 公开返回 HTML，提取 DDE_144 字段内嵌标题『民盟在陕西』。文档时间：1942-1949。1942-1949 民盟在陕西（民盟西北组织核心史料）完整内容受登录墙限制（需 cheer 提供登录会话或下载扫描件）。升级 L2 需 cheer 在 Chrome 中点击 bd(this) 取实际文献页面；升级 L1 需 cheer 提供原始 PDF / 影像 / 录音文件。
domestic:MM1941:outline-1944-1946-minmeng-zongbu-chongqing,1944-1945,MM1941,,,1944-1946,L3,L3_press_surrogate,http://www.minmeng1941.cn/outline?page=1&ChannelID=9317&randno=0&templet=&resultid=2767#DDE_148,民盟自身与盟史,book_or_assembly,no,accepted,,,0,,,no,WebFetch/urllib 2026-07-20 实测：从 /outline?page=10&ChannelID=9317&resultid=2767 GET 公开返回 HTML，提取 DDE_148 字段内嵌标题『民盟总部所在地——重庆国府路 300 号』。文档时间：1944-1946。1944 改组后中国民主同盟总部所在地完整内容受登录墙限制（需 cheer 提供登录会话或下载扫描件）。升级 L2 需 cheer 在 Chrome 中点击 bd(this) 取实际文献页面；升级 L1 需 cheer 提供原始 PDF / 影像 / 录音文件。
domestic:MM1941:outline-1942-2012-shaanxi-meng-70nian,1941-1943,MM1941,,,1942-2012,L3,L3_press_surrogate,http://www.minmeng1941.cn/outline?page=1&ChannelID=9317&randno=0&templet=&resultid=2767#DDE_158,民盟自身与盟史,book_or_assembly,no,accepted,,,0,DCL-0029,canonical,no,WebFetch/urllib 2026-07-20 实测：从 /outline?page=11&ChannelID=9317&resultid=2767 GET 公开返回 HTML，提取 DDE_158 字段内嵌标题『陕西民盟 70 年』。文档时间：1942-2012。1942-2012 陕西民盟组织史完整内容受登录墙限制（需 cheer 提供登录会话或下载扫描件）。升级 L2 需 cheer 在 Chrome 中点击 bd(this) 取实际文献页面；升级 L1 需 cheer 提供原始 PDF / 影像 / 录音文件。
domestic:MM1941:outline-1942-shaanxi-tongzhanbu-meng-zhibu-renxuan,1941-1943,MM1941,,,1942,L3,L3_press_surrogate,http://www.minmeng1941.cn/outline?page=1&ChannelID=9317&randno=0&templet=&resultid=2767#DDE_161,民盟自身与盟史,book_or_assembly,no,accepted,,,0,DCL-0030,canonical,no,WebFetch/urllib 2026-07-20 实测：从 /outline?page=11&ChannelID=9317&resultid=2767 GET 公开返回 HTML，提取 DDE_161 字段内嵌标题『陕西省委统战部关于民盟陕西省支部委员人选文件』。文档时间：1942。中共陕西省委对民盟陕西支部人事安排档案完整内容受登录墙限制（需 cheer 提供登录会话或下载扫描件）。升级 L2 需 cheer 在 Chrome 中点击 bd(this) 取实际文献页面；升级 L1 需 cheer 提供原始 PDF / 影像 / 录音文件。
domestic:MM1941:outline-shanghai-minmeng-biannian-shi,1944-1945,MM1941,,,1945-2018,L3,L3_press_surrogate,http://www.minmeng1941.cn/outline?page=1&ChannelID=9317&randno=0&templet=&resultid=2767#DDE_168,民盟自身与盟史,book_or_assembly,no,accepted,,,0,,,no,WebFetch/urllib 2026-07-20 实测：从 /outline?page=12&ChannelID=9317&resultid=2767 GET 公开返回 HTML，提取 DDE_168 字段内嵌标题『上海民盟编年史』。文档时间：1945-2018。上海民盟 1945-2018 编年史完整内容受登录墙限制（需 cheer 提供登录会话或下载扫描件）。升级 L2 需 cheer 在 Chrome 中点击 bd(this) 取实际文献页面；升级 L1 需 cheer 提供原始 PDF / 影像 / 录音文件。
domestic:MM1941:outline-1939-1950-sichuan-meng-biannian-shi,1941-1943,MM1941,,,1939-1950,L3,L3_press_surrogate,http://www.minmeng1941.cn/outline?page=1&ChannelID=9317&randno=0&templet=&resultid=2767#DDE_178,民盟自身与盟史,book_or_assembly,no,accepted,,,0,,,no,WebFetch/urllib 2026-07-20 实测：从 /outline?page=12&ChannelID=9317&resultid=2767 GET 公开返回 HTML，提取 DDE_178 字段内嵌标题『四川民盟编年史 1939-1950』。文档时间：1939-1950。四川省民盟 1939-1950 编年史（覆盖中国民主政团同盟成立到新中国成立）完整内容受登录墙限制（需 cheer 提供登录会话或下载扫描件）。升级 L2 需 cheer 在 Chrome 中点击 bd(this) 取实际文献页面；升级 L1 需 cheer 提供原始 PDF / 影像 / 录音文件。
domestic:MM1941:outline-1943-xibei-ju-ierkuozhang-huiyi,1941-1943,MM1941,,,1943,L3,L3_press_surrogate,http://www.minmeng1941.cn/outline?page=1&ChannelID=9317&randno=0&templet=&resultid=2767#DDE_185,民盟自身与盟史,book_or_assembly,no,accepted,,,0,,,no,WebFetch/urllib 2026-07-20 实测：从 /outline?page=13&ChannelID=9317&resultid=2767 GET 公开返回 HTML，提取 DDE_185 字段内嵌标题『西北局关于第二次扩大会议情况报告』。文档时间：1943。民盟西北总支部第二次扩大会议报告完整内容受登录墙限制（需 cheer 提供登录会话或下载扫描件）。升级 L2 需 cheer 在 Chrome 中点击 bd(this) 取实际文献页面；升级 L1 需 cheer 提供原始 PDF / 影像 / 录音文件。
domestic:MM1941:outline-1947-1949-zhongyang-zongzhanhui-lianhehuiyi,1946-1950,MM1941,,,1947-1949,L3,L3_press_surrogate,http://www.minmeng1941.cn/outline?page=1&ChannelID=9317&randno=0&templet=&resultid=2767#DDE_233,民盟自身与盟史,book_or_assembly,no,accepted,,,0,,,no,WebFetch/urllib 2026-07-20 实测：从 /outline?page=16&ChannelID=9317&resultid=2767 GET 公开返回 HTML，提取 DDE_233 字段内嵌标题『中央全会联合会议筹备委员会关于在若干大城市文件』。文档时间：1947-1949。民盟中央全会联合会议档案完整内容受登录墙限制（需 cheer 提供登录会话或下载扫描件）。升级 L2 需 cheer 在 Chrome 中点击 bd(this) 取实际文献页面；升级 L1 需 cheer 提供原始 PDF / 影像 / 录音文件。
domestic:MM1941:outline-1941-2014-chongqing-meng-shi-jing,1941-1943,MM1941,,,1941-2014,L3,L3_press_surrogate,http://www.minmeng1941.cn/outline?page=1&ChannelID=9317&randno=0&templet=&resultid=2767#DDE_240,民盟自身与盟史,book_or_assembly,no,accepted,,,0,,,no,WebFetch/urllib 2026-07-20 实测：从 /outline?page=16&ChannelID=9317&resultid=2767 GET 公开返回 HTML，提取 DDE_240 字段内嵌标题『重庆民盟史（精）』。文档时间：1941-2014。1941-2014 重庆民盟组织史 精装本完整内容受登录墙限制（需 cheer 提供登录会话或下载扫描件）。升级 L2 需 cheer 在 Chrome 中点击 bd(this) 取实际文献页面；升级 L1 需 cheer 提供原始 PDF / 影像 / 录音文件。
domestic:SAAC:album-51koukou-kaoguodadian,1946-1950,SAAC,,,2019-09,L2,L2_page_cite,https://www.saac.gov.cn/daj/gqzt/index.html,国内党政机关与档案馆,archive_scan,yes,accepted,,,0,,,no,"WebFetch 2026-07-20 实测：saac.gov.cn/daj/gqzt/ 公开访问 6 子页。页 01 (22件)：毛泽东修改的""五一""口号 (1948-04-30)、毛泽东给李济深沈钧儒电报 (1948-05-01)、沈钧儒谭平山贺电 (1948-10)、中央邀请张澜黄炎培北上电报 (1949-01-20)、毛泽东给宋庆龄的信 (1949-06-19)、周恩来给宋庆龄的信 (1949-06-21)。页 02 (17件)：新政协筹备会各小组 (6 个) 工作报告 (1949-06-19 起)。页 03 (5件)：周恩来李维汉讲话 + 政协一届全体会议通知 (1949-09-17/20)。页 04 (17件)：新政协筹备会成立会 + 毛泽东/朱德/李济深/沈钧儒/郭沫若/陈叔通/陈嘉庚讲话 (1949-06-15)。页 05 (20件)：政协一届全体会议单位及代表名单 + 张澜讲话 (民盟主席) + 黄炎培讲话 + 宋庆龄讲话 (1949-09-21)。页 06 (12件)：开国大典原始影像 + 中央人民政府公告 + 周恩来任政务院总理通知 (1949-10-01)。L2 等级依据：中央档案馆官方公布 = 官方一手档案。"
domestic:MG:minge-gov-cn-history-1948-hongkong,1946-1950,MG,,,1948-01-01,L2,L2_page_cite,https://www.minge.gov.cn,国内党政机关与档案馆,other,yes,accepted,,,0,,,no,WebSearch 2026-07-20 核读 minge.gov.cn + 各高校统战部条目：1947-11-12 民联、民促、国民党民主派第一次联合会议在香港举行；1948-01-01 中国国民党革命委员会在香港成立；名誉主席宋庆龄、主席李济深、何香凝为中央常委；通过《成立宣言》《行动纲领》《告本党同志书》；1949-09 参加政协一届全体会议，参与制定《共同纲领》；1949-11 民革、民联、民促统一为新的民革。L2 等级：民革中央官网 + 各高校统战部多源印证 = 官方一手。
domestic:CJD:cndca-gov-cn-history-1945-chongqing,1944-1945,CJD,,,1945-12-16,L2,L2_page_cite,https://www.cndca.org.cn,其他,other,yes,accepted,,,0,,,no,WebSearch 2026-07-20 核读 + 澎湃【会史撷萃(7)】：1945-12-16 民建在重庆白象街西南实业大厦成立；出席 93 人；主席团黄炎培胡厥文黄墨涵；通过民建政纲、章程、组织原则、成立宣言；推举胡厥文章乃器黄炎培等理事；中华职业教育社 + 迁川工厂联合会联合；中共周恩来董必武王若飞邓颖超毛泽东影响帮助。L2 等级：民建中央官网 + 多源印证。
domestic:MJ:minj-gov-cn-history-1945-shanghai,1944-1945,MJ,,,1945-12-30,L2,L2_page_cite,https://www.minj.in,国内党政机关与档案馆,other,yes,accepted,,,0,,,no,WebSearch 2026-07-20 核读 + 徐州政协专题：1945-12-30 民进在上海爱麦虞限路（今绍兴路）中国科学社成立；宗旨：发扬民主精神，推进中国民主政治之实践；第一届常务理事：马叙伦陈巳生王绍鏊林汉达等；1946-06-23 民进参与上海人民反内战大会，马叙伦雷洁琼等赴南京请愿代表团在南京下关车站遭国民党特务殴打（六·二三下关事件）。L2 等级：民进中央官网 + 多源印证。
domestic:NGD:ngd-org-cn-history-1930-shanghai,1946-1950,NGD,,,1930-08-09,L2,L2_page_cite,http://www.ngd.org.cn/gs/jj/index.htm,政协/统一战线/官方媒体,official_publication,yes,accepted,,,0,,,no,WebSearch 2026-07-20 核读：1927-05 邓演达鉴于武汉中央已决意背叛革命，酝酿组织新政党；1930-08-09 上海淡水路 332 弄花园住宅召开第一次全国干部会议，正式成立中国国民党临时行动委员会（农工党前身），通过《我们的政治主张》（解放中国民族、建立平民政权、实现社会主义）；邓演达任中央干部会总干事；1931-08 邓演达因叛徒告密被捕，1931-11-29 在南京麒麟门外被秘密杀害；1935-11-10 九龙召开第二次全国干部会议，响应中共《八一宣言》，改党名为中华民族解放行动委员会，黄琪翔任总书记；1947-02 上海第四次全国干部会议改党名为中国农工民主党，章伯钧任主席；1948-05 响应中共五一口号；1949-09 参加政协一届会议。L2 等级：农工党中央官网 + 中南大学统战部 + 多源印证。
domestic:ZG:zg-org-cn-history-1925-america,1946-1950,ZG,,,1925-10,L2,L2_page_cite,https://www.zg.org.cn,其他,other,yes,accepted,,,0,,,no,WebSearch 2026-07-20 核读：1925-10 中国致公党由洪门致公堂改组成立于美洲旧金山；前身：旧金山洪门筹饷局（洪门民治党）；1947-05 在上海召开第三次代表大会，宣告中国致公党从旧式侨民党转变为现代政党，参加中国共产党领导的人民民主统一战线；历任领导：司徒美堂、陈其尤、黄鼎臣；现有成员约 6 万人，以归侨、侨眷中的中上层人士为主。L2 等级：致公党中央官网 + 多源印证。
domestic:93:93-gov-cn-history-1945-chongqing,1944-1945,93,,,1945-09-03,L2,L2_page_cite,https://www.93.gov.cn,政协/统一战线/官方媒体,official_publication,yes,accepted,,,0,,,no,WebSearch 2026-07-20 核读：1945-09-03 毛泽东参加重庆谈判期间，许德珩等以 9 月 3 日日本投降为名成立民主科学座谈会（九三学社前身）；1946-05-04 正式改名为九三学社；主要创始人为许德珩、潘菽、张西曼、涂长望、梁希等；九三学社纪念 1945-09-03 抗战胜利日 + 五四运动；1949-09 参加政协一届会议。L2 等级：九三学社中央官网 + 多源印证。
domestic:TM:taimeng-org-cn-history-1947-hongkong,1946-1950,TM,,,1947-11-12,L2,L2_page_cite,https://www.taimeng.org.cn,政协/统一战线/官方媒体,official_publication,yes,accepted,,,0,,,no,WebSearch 2026-07-20 核读：1947-02-28 台北发生二二八事件（国民党政府镇压台湾人民）；1947-11-12 谢雪红等在香港成立台湾民主自治同盟（台盟）；宗旨：反对国民党独裁统治，争取台湾民主自治；1949-09 参加政协一届会议。L2 等级：台盟中央官网 + 多源印证。
domestic:CQ:Teyuan-China-Democratic-Parties-Museum-2024,1941-1943,CQ,,,2024-04-29,L3,L3_press_surrogate,https://www.teyuan.org.cn,国内党政机关与档案馆,other,no,accepted,,,0,,,yes,"WebSearch 2026-07-20 核读 + 光明网 + 重庆市政府网：中国民主党派历史陈列馆位于重庆市渝中区上清寺（依托特园旧址）；2024-04-29 扩容升级后全新开放；主题展：共画同心圆 共圆中国梦；展出 1300+ 历史图片 + 2200+ 件（套）文物实物；含 8 大民主党派及无党派人士展厅；镇馆之宝：范朴斋日记手稿 + 冯玉祥题写""民主之家""匾额；接待游客超 800 万人次；L3 等级：实物展品需现场或扫描件；L1 升级需具体展品原件影像。"
domestic:NJSH:2nd-Historical-Archives-1912-1949-220w-juan,1946-1950,NJSH,,,2025-04,L3,L3_press_surrogate,https://www.shac.net.cn,国内党政机关与档案馆,other,no,accepted,,,0,,,yes,WebSearch 2026-07-20 核读 + 故纸堆 https://www.guzhidui.com/gzd/6150.html + 二史馆公告 https://www.shac.net.cn/tzgg/content/202504/202504231638001.html + 知乎概览 https://zhuanlan.zhihu.com/p/113048019：中国第二历史档案馆集中典藏中华民国时期（1912-1949）历届中央政府档案；898 个全宗 + 220 万卷宗；重要全宗：南京国民政府、五院、各部委、地方派系档案；含各民主党派档案；2025-04-23 公开征集中国共产党及民主党派档案资料公告；档案利用：需现场 + 学术申请。L3 等级：档案馆实体需 cheer 现场查阅；L1 升级需具体档案数字化件。
domestic:SAAC:51koukou-p01-dde04,1946-1950,SAAC,,,1948-05-01,L2,L2_page_cite,https://www.saac.gov.cn/daj/gqzt/01_04.html,国内党政机关与档案馆,archive_scan,yes,accepted,,,0,,,no,"WebFetch 2026-07-20 实测 saac.gov.cn/daj/gqzt/01.html；提取页 01 第 4 件档案：毛泽东给李济深、沈钧儒电报（1948-05-01）（1948-05-01）。上下文：邀请各民主党派响应五一口号。属于 saac.gov.cn 中央档案馆《从""五一口号""到开国大典》档案文献专辑（共 93 件，6 子页，200+ 珍贵档案部分首次公开）。L2 等级依据：中央档案馆官方公布 = 官方一手档案。"
domestic:SAAC:51koukou-p01-dde07,1946-1950,SAAC,,,1948-10-01,L2,L2_page_cite,https://www.saac.gov.cn/daj/gqzt/01_07.html,国内党政机关与档案馆,archive_scan,yes,accepted,,,0,,,no,"WebFetch 2026-07-20 实测 saac.gov.cn/daj/gqzt/01.html；提取页 01 第 7 件档案：沈钧儒、谭平山等给毛泽东电报（1948-10-01）（1948-10-01）。上下文：民盟主席沈钧儒响应新政协。属于 saac.gov.cn 中央档案馆《从""五一口号""到开国大典》档案文献专辑（共 93 件，6 子页，200+ 珍贵档案部分首次公开）。L2 等级依据：中央档案馆官方公布 = 官方一手档案。"
domestic:SAAC:51koukou-p01-dde13,1946-1950,SAAC,,,1949-01-20,L2,L2_page_cite,https://www.saac.gov.cn/daj/gqzt/01_013.html,国内党政机关与档案馆,archive_scan,yes,accepted,,,0,,,no,"WebFetch 2026-07-20 实测 saac.gov.cn/daj/gqzt/01.html；提取页 01 第 13 件档案：中央关于邀请张澜、黄炎培北上的电报（1949-01-20）（1949-01-20）。上下文：邀请民盟主席张澜、民建创始人黄炎培北上解放区。属于 saac.gov.cn 中央档案馆《从""五一口号""到开国大典》档案文献专辑（共 93 件，6 子页，200+ 珍贵档案部分首次公开）。L2 等级依据：中央档案馆官方公布 = 官方一手档案。"
domestic:SAAC:51koukou-p01-dde14,1946-1950,SAAC,,,1949-02-01,L2,L2_page_cite,https://www.saac.gov.cn/daj/gqzt/01_014.html,国内党政机关与档案馆,archive_scan,yes,accepted,,,0,,,no,"WebFetch 2026-07-20 实测 saac.gov.cn/daj/gqzt/01.html；提取页 01 第 14 件档案：56 名民主人士贺电及毛泽东、朱德复电（1949-02-01 至 02）（1949-02-01）。上下文：56 名到达解放区民主人士联名贺电。属于 saac.gov.cn 中央档案馆《从""五一口号""到开国大典》档案文献专辑（共 93 件，6 子页，200+ 珍贵档案部分首次公开）。L2 等级依据：中央档案馆官方公布 = 官方一手档案。"
domestic:SAAC:51koukou-p01-dde20,1946-1950,SAAC,,,1949-06-19,L2,L2_page_cite,https://www.saac.gov.cn/daj/gqzt/01_020.html,国内党政机关与档案馆,archive_scan,yes,accepted,,,0,,,no,"WebFetch 2026-07-20 实测 saac.gov.cn/daj/gqzt/01.html；提取页 01 第 20 件档案：毛泽东给宋庆龄的信（1949-06-19）（1949-06-19）。上下文：邀请宋庆龄（民革名誉主席）参加政协。属于 saac.gov.cn 中央档案馆《从""五一口号""到开国大典》档案文献专辑（共 93 件，6 子页，200+ 珍贵档案部分首次公开）。L2 等级依据：中央档案馆官方公布 = 官方一手档案。"
domestic:SAAC:51koukou-p01-dde21,1946-1950,SAAC,,,1949-06-21,L2,L2_page_cite,https://www.saac.gov.cn/daj/gqzt/01_021.html,国内党政机关与档案馆,archive_scan,yes,accepted,,,0,,,no,"WebFetch 2026-07-20 实测 saac.gov.cn/daj/gqzt/01.html；提取页 01 第 21 件档案：周恩来给宋庆龄的信（1949-06-21）（1949-06-21）。上下文：周恩来邀请宋庆龄北上。属于 saac.gov.cn 中央档案馆《从""五一口号""到开国大典》档案文献专辑（共 93 件，6 子页，200+ 珍贵档案部分首次公开）。L2 等级依据：中央档案馆官方公布 = 官方一手档案。"
domestic:SAAC:51koukou-p04-dde04,1946-1950,SAAC,,,1949-06-15,L2,L2_page_cite,https://www.saac.gov.cn/daj/gqzt/04_04.html,国内党政机关与档案馆,archive_scan,yes,accepted,,,0,,,no,"WebFetch 2026-07-20 实测 saac.gov.cn/daj/gqzt/04.html；提取页 04 第 4 件档案：李济深在新政治协商会议筹备会开幕典礼上的讲话（1949-06-15）（1949-06-15）。上下文：民革主席李济深讲话。属于 saac.gov.cn 中央档案馆《从""五一口号""到开国大典》档案文献专辑（共 93 件，6 子页，200+ 珍贵档案部分首次公开）。L2 等级依据：中央档案馆官方公布 = 官方一手档案。"
domestic:SAAC:51koukou-p04-dde05,1946-1950,SAAC,,,1949-06-15,L2,L2_page_cite,https://www.saac.gov.cn/daj/gqzt/04_05.html,国内党政机关与档案馆,archive_scan,yes,accepted,,,0,,,no,"WebFetch 2026-07-20 实测 saac.gov.cn/daj/gqzt/04.html；提取页 04 第 5 件档案：沈钧儒在新政治协商会议筹备会开幕典礼上的讲话（1949-06-15）（1949-06-15）。上下文：民盟代表沈钧儒讲话。属于 saac.gov.cn 中央档案馆《从""五一口号""到开国大典》档案文献专辑（共 93 件，6 子页，200+ 珍贵档案部分首次公开）。L2 等级依据：中央档案馆官方公布 = 官方一手档案。"
domestic:SAAC:51koukou-p04-dde07,1946-1950,SAAC,,,1949-06-15,L2,L2_page_cite,https://www.saac.gov.cn/daj/gqzt/04_07.html,国内党政机关与档案馆,archive_scan,yes,accepted,,,0,,,no,"WebFetch 2026-07-20 实测 saac.gov.cn/daj/gqzt/04.html；提取页 04 第 7 件档案：陈叔通在新政治协商会议筹备会开幕典礼上的讲话（1949-06-15）（1949-06-15）。上下文：民建代表陈叔通讲话。属于 saac.gov.cn 中央档案馆《从""五一口号""到开国大典》档案文献专辑（共 93 件，6 子页，200+ 珍贵档案部分首次公开）。L2 等级依据：中央档案馆官方公布 = 官方一手档案。"
domestic:SAAC:51koukou-p04-dde12,1946-1950,SAAC,,,1949-06-19,L2,L2_page_cite,https://www.saac.gov.cn/daj/gqzt/04_012.html,国内党政机关与档案馆,archive_scan,yes,accepted,,,0,,,no,"WebFetch 2026-07-20 实测 saac.gov.cn/daj/gqzt/04.html；提取页 04 第 12 件档案：新政治协商会议筹备会关于参加新政治协商会议的单位及其代表名额的规定（1949-06-19）（1949-06-19）。上下文：规定 8 大民主党派代表名额。属于 saac.gov.cn 中央档案馆《从""五一口号""到开国大典》档案文献专辑（共 93 件，6 子页，200+ 珍贵档案部分首次公开）。L2 等级依据：中央档案馆官方公布 = 官方一手档案。"
domestic:SAAC:51koukou-p05-dde02,1946-1950,SAAC,,,1949-09-21,L2,L2_page_cite,https://www.saac.gov.cn/daj/gqzt/05_02.html,国内党政机关与档案馆,archive_scan,yes,accepted,,,0,,,no,"WebFetch 2026-07-20 实测 saac.gov.cn/daj/gqzt/05.html；提取页 05 第 2 件档案：政协一届全体会议单位及代表名单（1949-09-21）（1949-09-21）。上下文：8 大民主党派 + 特邀 + 区域代表正式名单。属于 saac.gov.cn 中央档案馆《从""五一口号""到开国大典》档案文献专辑（共 93 件，6 子页，200+ 珍贵档案部分首次公开）。L2 等级依据：中央档案馆官方公布 = 官方一手档案。"
domestic:SAAC:51koukou-p05-dde11,1946-1950,SAAC,,,1949-09-21,L2,L2_page_cite,https://www.saac.gov.cn/daj/gqzt/05_011.html,国内党政机关与档案馆,archive_scan,yes,accepted,,,0,,,no,"WebFetch 2026-07-20 实测 saac.gov.cn/daj/gqzt/05.html；提取页 05 第 11 件档案：张澜在政协一届全体会议上讲话（1949-09-21，民盟主席）（1949-09-21）。上下文：民盟主席张澜讲话。属于 saac.gov.cn 中央档案馆《从""五一口号""到开国大典》档案文献专辑（共 93 件，6 子页，200+ 珍贵档案部分首次公开）。L2 等级依据：中央档案馆官方公布 = 官方一手档案。"
domestic:SAAC:51koukou-p05-dde10,1946-1950,SAAC,,,1949-09-21,L2,L2_page_cite,https://www.saac.gov.cn/daj/gqzt/05_010.html,国内党政机关与档案馆,archive_scan,yes,accepted,,,0,,,no,"WebFetch 2026-07-20 实测 saac.gov.cn/daj/gqzt/05.html；提取页 05 第 10 件档案：宋庆龄在政协一届全体会议上讲话（1949-09-21，特邀代表）（1949-09-21）。上下文：民革名誉主席宋庆龄讲话。属于 saac.gov.cn 中央档案馆《从""五一口号""到开国大典》档案文献专辑（共 93 件，6 子页，200+ 珍贵档案部分首次公开）。L2 等级依据：中央档案馆官方公布 = 官方一手档案。"
domestic:SAAC:51koukou-p05-dde16,1946-1950,SAAC,,,1949-09-21,L2,L2_page_cite,https://www.saac.gov.cn/daj/gqzt/05_016.html,国内党政机关与档案馆,archive_scan,yes,accepted,,,0,,,no,"WebFetch 2026-07-20 实测 saac.gov.cn/daj/gqzt/05.html；提取页 05 第 16 件档案：何香凝、陈毅、黄炎培在政协一届全体会议上讲话照片（1949-09-21）（1949-09-21）。上下文：民革何香凝 + 中共陈毅 + 民建黄炎培讲话合影。属于 saac.gov.cn 中央档案馆《从""五一口号""到开国大典》档案文献专辑（共 93 件，6 子页，200+ 珍贵档案部分首次公开）。L2 等级依据：中央档案馆官方公布 = 官方一手档案。"
domestic:SAAC:51koukou-p05-dde15,1946-1950,SAAC,,,1949-09-21,L2,L2_page_cite,https://www.saac.gov.cn/daj/gqzt/05_015.html,国内党政机关与档案馆,archive_scan,yes,accepted,,,0,,,no,"WebFetch 2026-07-20 实测 saac.gov.cn/daj/gqzt/05.html；提取页 05 第 15 件档案：司徒美堂在政协一届全体会议上讲话（1949-09-21，华侨代表）（1949-09-21）。上下文：致公党元老司徒美堂讲话。属于 saac.gov.cn 中央档案馆《从""五一口号""到开国大典》档案文献专辑（共 93 件，6 子页，200+ 珍贵档案部分首次公开）。L2 等级依据：中央档案馆官方公布 = 官方一手档案。"
domestic:WM:1946-zhonggong-weituo-minmeng-daiguanfangchan-xin,1946-1950,WM,,,1946,L2,L2_page_cite,https://upload.wikimedia.org/wikipedia/commons/7/70/%E4%B8%AD%E5%85%B1%E4%BB%A3%E8%A1%A8%E5%9B%A2%E6%92%A4%E7%A6%BB%E5%89%8D%E5%A7%94%E6%89%98%E6%B0%91%E7%9B%9F%E4%BB%A3%E7%AE%A1%E6%88%BF%E4%BA%A7%E7%9A%84%E4%BF%A1.jpg,公共数字化/学术/海外,press_scan,yes,accepted,,,0,,,no,WebFetch 2026-07-20 实测 Wikimedia Commons /wiki/File:中共代表团撤离前委托民盟代管房产的信.jpg；文件元数据：日期 1946；来源 cppcc.people.com.cn/BIG5/35948/9974422.html（中国政协官方页面）；公有领域 PD-China；JPEG 64KB 220×308；L2 等级：公有领域 + 中国政协官方源。
domestic:WM:1947-zhonggong-minmeng-kangyi-zhengfu-jiesan-minmeng,1946-1950,WM,,,1947,L2,L2_page_cite,https://upload.wikimedia.org/wikipedia/commons/f/ff/%E4%B8%AD%E5%85%B1%E5%8F%8A%E6%B0%91%E7%9B%9F%E7%9A%84%E5%9C%B0%E6%96%B9%E7%BB%84%E7%BB%87%E6%8A%97%E8%AE%AE%E6%94%BF%E5%BA%9C%E8%A7%A3%E6%95%A3%E6%B0%91%E7%9B%9F.jpg,公共数字化/学术/海外,press_scan,yes,accepted,,,0,,,no,"WebFetch 2026-07-20 实测 Wikimedia Commons /wiki/File:中共及民盟的地方组织抗议政府解散民盟.jpg；文件元数据：日期 1947；来源 cppcc.people.com.cn/BIG5/35948/9974424.html（中国政协官方页面）；描述：A 1947 newspaper clipping showing reports and statements from local CCP and China Democratic League organizations protesting the Kuomintang's illegal dissolution of the Democratic League on October 27, 1947. 公有领域 PD-China；JPEG 106KB 400×335；L2 等级：公有领域 + 中国政协官方源 + 关键历史时点（1947-10-27 民盟被迫解散声明）。"
domestic:SAAC:51koukou-p02-dde01-f1,1946-1950,SAAC,,,1949-06,L2,L2_page_cite,https://www.saac.gov.cn/daj/gqzt/02_01.html,国内党政机关与档案馆,archive_scan,yes,accepted,,,0,,,no,"WebFetch 2026-07-20 实测 saac.gov.cn/daj/gqzt/02.html；提取页 02 第 1 件档案：新政治协商会议筹备会各小组开会概要（1949-06 至 07）（1949-06）。上下文：筹备会各小组开会概要。属于 saac.gov.cn 中央档案馆《从""五一口号""到开国大典》档案文献专辑。L2 等级：中央档案馆官方公布 = 官方一手档案。"
domestic:SAAC:51koukou-p02-dde02-f1,1946-1950,SAAC,,,1949-08-23,L2,L2_page_cite,https://www.saac.gov.cn/daj/gqzt/02_02.html,国内党政机关与档案馆,archive_scan,yes,accepted,,,0,,,no,"WebFetch 2026-07-20 实测 saac.gov.cn/daj/gqzt/02.html；提取页 02 第 2 件档案：新政治协商会议筹备会关于各小组工作的报告（1949-08-23）（1949-08-23）。上下文：筹备会工作报告。属于 saac.gov.cn 中央档案馆《从""五一口号""到开国大典》档案文献专辑。L2 等级：中央档案馆官方公布 = 官方一手档案。"
domestic:SAAC:51koukou-p02-dde03-f1,1946-1950,SAAC,,,1949-06,L2,L2_page_cite,https://www.saac.gov.cn/daj/gqzt/02_03.html,国内党政机关与档案馆,archive_scan,yes,accepted,,,0,,,no,"WebFetch 2026-07-20 实测 saac.gov.cn/daj/gqzt/02.html；提取页 02 第 3 件档案：新政协筹备会第一小组工作档案（1949-06 起）（1949-06）。上下文：第一小组。属于 saac.gov.cn 中央档案馆《从""五一口号""到开国大典》档案文献专辑。L2 等级：中央档案馆官方公布 = 官方一手档案。"
domestic:SAAC:51koukou-p02-dde04-f1,1946-1950,SAAC,,,1949-06,L2,L2_page_cite,https://www.saac.gov.cn/daj/gqzt/02_04.html,国内党政机关与档案馆,archive_scan,yes,accepted,,,0,,,no,"WebFetch 2026-07-20 实测 saac.gov.cn/daj/gqzt/02.html；提取页 02 第 4 件档案：新政协筹备会第二小组工作档案（1949-06 起）（1949-06）。上下文：第二小组。属于 saac.gov.cn 中央档案馆《从""五一口号""到开国大典》档案文献专辑。L2 等级：中央档案馆官方公布 = 官方一手档案。"
domestic:SAAC:51koukou-p02-dde05-f1,1946-1950,SAAC,,,1949-06,L2,L2_page_cite,https://www.saac.gov.cn/daj/gqzt/02_05.html,国内党政机关与档案馆,archive_scan,yes,accepted,,,0,,,no,"WebFetch 2026-07-20 实测 saac.gov.cn/daj/gqzt/02.html；提取页 02 第 5 件档案：新政协筹备会第三小组工作档案（1949-06 起）（1949-06）。上下文：第三小组（起草共同纲领）。属于 saac.gov.cn 中央档案馆《从""五一口号""到开国大典》档案文献专辑。L2 等级：中央档案馆官方公布 = 官方一手档案。"
domestic:SAAC:51koukou-p02-dde06-f1,1946-1950,SAAC,,,1949-06,L2,L2_page_cite,https://www.saac.gov.cn/daj/gqzt/02_06.html,国内党政机关与档案馆,archive_scan,yes,accepted,,,0,,,no,"WebFetch 2026-07-20 实测 saac.gov.cn/daj/gqzt/02.html；提取页 02 第 6 件档案：新政协筹备会第四小组工作档案（1949-06 起）（1949-06）。上下文：第四小组（起草政府组织法）。属于 saac.gov.cn 中央档案馆《从""五一口号""到开国大典》档案文献专辑。L2 等级：中央档案馆官方公布 = 官方一手档案。"
domestic:SAAC:51koukou-p02-dde07-f1,1946-1950,SAAC,,,1949-06,L2,L2_page_cite,https://www.saac.gov.cn/daj/gqzt/02_07.html,国内党政机关与档案馆,archive_scan,yes,accepted,,,0,,,no,"WebFetch 2026-07-20 实测 saac.gov.cn/daj/gqzt/02.html；提取页 02 第 7 件档案：新政协筹备会第五小组工作档案（1949-06 起）（1949-06）。上下文：第五小组（起草代表名单）。属于 saac.gov.cn 中央档案馆《从""五一口号""到开国大典》档案文献专辑。L2 等级：中央档案馆官方公布 = 官方一手档案。"
domestic:SAAC:51koukou-p02-dde08-f1,1946-1950,SAAC,,,1949-06,L2,L2_page_cite,https://www.saac.gov.cn/daj/gqzt/02_08.html,国内党政机关与档案馆,archive_scan,yes,accepted,,,0,,,no,"WebFetch 2026-07-20 实测 saac.gov.cn/daj/gqzt/02.html；提取页 02 第 8 件档案：新政协筹备会第六小组工作档案（1949-06 起）（1949-06）。上下文：第六小组（拟定国旗国歌国徽）。属于 saac.gov.cn 中央档案馆《从""五一口号""到开国大典》档案文献专辑。L2 等级：中央档案馆官方公布 = 官方一手档案。"
domestic:SAAC:51koukou-p03-dde01-f1,1946-1950,SAAC,,,1949-09-17,L2,L2_page_cite,https://www.saac.gov.cn/daj/gqzt/03_01.html,国内党政机关与档案馆,archive_scan,yes,accepted,,,0,,,no,"WebFetch 2026-07-20 实测 saac.gov.cn/daj/gqzt/03.html；提取页 03 第 1 件档案：周恩来、李维汉在中国人民政治协商会议筹备会第二次全体会议上讲话（1949-09-17）（1949-09-17）。上下文：筹备会二次全会讲话。属于 saac.gov.cn 中央档案馆《从""五一口号""到开国大典》档案文献专辑。L2 等级：中央档案馆官方公布 = 官方一手档案。"
domestic:SAAC:51koukou-p03-dde02-f1,1946-1950,SAAC,,,1949-09-17,L2,L2_page_cite,https://www.saac.gov.cn/daj/gqzt/03_02.html,国内党政机关与档案馆,archive_scan,yes,accepted,,,0,,,no,"WebFetch 2026-07-20 实测 saac.gov.cn/daj/gqzt/03.html；提取页 03 第 2 件档案：中国人民政治协商会议筹备会第二次全体会议决议案（1949-09-17）（1949-09-17）。上下文：筹备会二次全会决议。属于 saac.gov.cn 中央档案馆《从""五一口号""到开国大典》档案文献专辑。L2 等级：中央档案馆官方公布 = 官方一手档案。"
domestic:SAAC:51koukou-p03-dde03-f1,1946-1950,SAAC,,,1949-09-17,L2,L2_page_cite,https://www.saac.gov.cn/daj/gqzt/03_03.html,国内党政机关与档案馆,archive_scan,yes,accepted,,,0,,,no,"WebFetch 2026-07-20 实测 saac.gov.cn/daj/gqzt/03.html；提取页 03 第 3 件档案：中国人民政治协商会议筹备会第二次全体会议记录（1949-09-17）（1949-09-17）。上下文：筹备会二次全会记录。属于 saac.gov.cn 中央档案馆《从""五一口号""到开国大典》档案文献专辑。L2 等级：中央档案馆官方公布 = 官方一手档案。"
domestic:SAAC:51koukou-p03-dde04-f1,1946-1950,SAAC,,,1949-09,L2,L2_page_cite,https://www.saac.gov.cn/daj/gqzt/03_04.html,国内党政机关与档案馆,archive_scan,yes,accepted,,,0,,,no,"WebFetch 2026-07-20 实测 saac.gov.cn/daj/gqzt/03.html；提取页 03 第 4 件档案：中国人民政治协商会议第一届全体会议主席团及秘书长名单（草案）（1949-09）（1949-09）。上下文：主席团秘书长名单草案。属于 saac.gov.cn 中央档案馆《从""五一口号""到开国大典》档案文献专辑。L2 等级：中央档案馆官方公布 = 官方一手档案。"
domestic:SAAC:51koukou-p03-dde05-f1,1946-1950,SAAC,,,1949-09-20,L2,L2_page_cite,https://www.saac.gov.cn/daj/gqzt/03_05.html,国内党政机关与档案馆,archive_scan,yes,accepted,,,0,,,no,"WebFetch 2026-07-20 实测 saac.gov.cn/daj/gqzt/03.html；提取页 03 第 5 件档案：中国人民政治协商会议筹备会关于召开中国人民政治协商会议第一届全体会议的通知（1949-09-20）（1949-09-20）。上下文：政协一届会议通知。属于 saac.gov.cn 中央档案馆《从""五一口号""到开国大典》档案文献专辑。L2 等级：中央档案馆官方公布 = 官方一手档案。"
domestic:SAAC:51koukou-p06-dde01-f1,1946-1950,SAAC,,,1949-09-30,L2,L2_page_cite,https://www.saac.gov.cn/daj/gqzt/06_01.html,国内党政机关与档案馆,archive_scan,yes,accepted,,,0,,,no,"WebFetch 2026-07-20 实测 saac.gov.cn/daj/gqzt/06.html；提取页 06 第 1 件档案：中央人民政府委员会第一次会议通知（1949-09-30）（1949-09-30）。上下文：中央人民政府首次会议通知。属于 saac.gov.cn 中央档案馆《从""五一口号""到开国大典》档案文献专辑。L2 等级：中央档案馆官方公布 = 官方一手档案。"
domestic:SAAC:51koukou-p06-dde02-f1,1946-1950,SAAC,,,1949-10-01,L2,L2_page_cite,https://www.saac.gov.cn/daj/gqzt/06_02.html,国内党政机关与档案馆,archive_scan,yes,accepted,,,0,,,no,"WebFetch 2026-07-20 实测 saac.gov.cn/daj/gqzt/06.html；提取页 06 第 2 件档案：中国人民政治协商会议第一届全体会议会刊第十一期（1949-10-01）（1949-10-01）。上下文：政协会议会刊。属于 saac.gov.cn 中央档案馆《从""五一口号""到开国大典》档案文献专辑。L2 等级：中央档案馆官方公布 = 官方一手档案。"
domestic:SAAC:51koukou-p06-dde03-f1,1946-1950,SAAC,,,1949-10-01,L2,L2_page_cite,https://www.saac.gov.cn/daj/gqzt/06_03.html,国内党政机关与档案馆,archive_scan,yes,accepted,,,0,,,no,"WebFetch 2026-07-20 实测 saac.gov.cn/daj/gqzt/06.html；提取页 06 第 3 件档案：中央人民政府委员会第一次会议签到簿（1949-10-01）（1949-10-01）。上下文：中央政府首次签到。属于 saac.gov.cn 中央档案馆《从""五一口号""到开国大典》档案文献专辑。L2 等级：中央档案馆官方公布 = 官方一手档案。"
domestic:SAAC:51koukou-p06-dde04-f1,1946-1950,SAAC,,,1949-10,L2,L2_page_cite,https://www.saac.gov.cn/daj/gqzt/06_04.html,国内党政机关与档案馆,archive_scan,yes,accepted,,,0,,,no,"WebFetch 2026-07-20 实测 saac.gov.cn/daj/gqzt/06.html；提取页 06 第 4 件档案：中央人民政府委员会第一次会议议程（1949-10）（1949-10）。上下文：中央政府首次议程。属于 saac.gov.cn 中央档案馆《从""五一口号""到开国大典》档案文献专辑。L2 等级：中央档案馆官方公布 = 官方一手档案。"
domestic:SAAC:51koukou-p06-dde05-f1,1946-1950,SAAC,,,1949-10-01,L2,L2_page_cite,https://www.saac.gov.cn/daj/gqzt/06_05.html,国内党政机关与档案馆,archive_scan,yes,accepted,,,0,,,no,"WebFetch 2026-07-20 实测 saac.gov.cn/daj/gqzt/06.html；提取页 06 第 5 件档案：中央人民政府委员会第一次会议记录（1949-10-01）（1949-10-01）。上下文：中央政府首次记录。属于 saac.gov.cn 中央档案馆《从""五一口号""到开国大典》档案文献专辑。L2 等级：中央档案馆官方公布 = 官方一手档案。"
domestic:SAAC:51koukou-p06-dde06-f1,1946-1950,SAAC,,,1949-10-01,L2,L2_page_cite,https://www.saac.gov.cn/daj/gqzt/06_06.html,国内党政机关与档案馆,archive_scan,yes,accepted,,,0,,,no,"WebFetch 2026-07-20 实测 saac.gov.cn/daj/gqzt/06.html；提取页 06 第 6 件档案：中央人民政府委员会第一次会议任命周恩来为政务院总理兼外交部长的通知书（1949-10-01）（1949-10-01）。上下文：周恩来任总理通知。属于 saac.gov.cn 中央档案馆《从""五一口号""到开国大典》档案文献专辑。L2 等级：中央档案馆官方公布 = 官方一手档案。"
domestic:SAAC:51koukou-p06-dde07-f1,1946-1950,SAAC,,,1949-10-01,L2,L2_page_cite,https://www.saac.gov.cn/daj/gqzt/06_07.html,国内党政机关与档案馆,archive_scan,yes,accepted,,,0,,,no,"WebFetch 2026-07-20 实测 saac.gov.cn/daj/gqzt/06.html；提取页 06 第 7 件档案：毛泽东与中央人民政府委员会部分委员合影（1949-10-01）（1949-10-01）。上下文：中央政府委员合影。属于 saac.gov.cn 中央档案馆《从""五一口号""到开国大典》档案文献专辑。L2 等级：中央档案馆官方公布 = 官方一手档案。"
domestic:SAAC:51koukou-p06-dde08-f1,1946-1950,SAAC,,,1949-10-01,L2,L2_page_cite,https://www.saac.gov.cn/daj/gqzt/06_08.html,国内党政机关与档案馆,archive_scan,yes,accepted,,,0,,,no,"WebFetch 2026-07-20 实测 saac.gov.cn/daj/gqzt/06.html；提取页 06 第 8 件档案：庆祝中华人民共和国中央人民政府成立典礼程序（附周恩来对聂荣臻、薄一波关于抽调部队参加阅兵请示的批示）（1949-10-01）（1949-10-01）。上下文：开国大典程序 + 周恩来批示。属于 saac.gov.cn 中央档案馆《从""五一口号""到开国大典》档案文献专辑。L2 等级：中央档案馆官方公布 = 官方一手档案。"
domestic:SAAC:51koukou-p06-dde09-f1,1946-1950,SAAC,,,1949-10-01,L2,L2_page_cite,https://www.saac.gov.cn/daj/gqzt/06_09.html,国内党政机关与档案馆,archive_scan,yes,accepted,,,0,,,no,"WebFetch 2026-07-20 实测 saac.gov.cn/daj/gqzt/06.html；提取页 06 第 9 件档案：中华人民共和国中央人民政府公告（1949-10-01）（1949-10-01）。上下文：中央人民政府公告。属于 saac.gov.cn 中央档案馆《从""五一口号""到开国大典》档案文献专辑。L2 等级：中央档案馆官方公布 = 官方一手档案。"
domestic:SAAC:51koukou-p06-dde10-f1,1946-1950,SAAC,,,1949-10-01,L2,L2_page_cite,https://www.saac.gov.cn/daj/gqzt/06_010.html,国内党政机关与档案馆,archive_scan,yes,accepted,,,0,,,no,"WebFetch 2026-07-20 实测 saac.gov.cn/daj/gqzt/06.html；提取页 06 第 10 件档案：周恩来关于将《中华人民共和国中央人民政府公告》通知各国政府给黄华的电报（1949-10-01）（1949-10-01）。上下文：通知各国政府。属于 saac.gov.cn 中央档案馆《从""五一口号""到开国大典》档案文献专辑。L2 等级：中央档案馆官方公布 = 官方一手档案。"
domestic:SAAC:51koukou-p06-dde11-f1,1946-1950,SAAC,,,1949-10-01,L2,L2_page_cite,https://www.saac.gov.cn/daj/gqzt/06_011.html,国内党政机关与档案馆,archive_scan,yes,accepted,,,0,,,no,"WebFetch 2026-07-20 实测 saac.gov.cn/daj/gqzt/06.html；提取页 06 第 11 件档案：饶彰风（蒲特）致中央统战部的电报：香港《华商报》等同人举行升旗典礼（1949-10-01）（1949-10-01）。上下文：香港华商报升旗典礼。属于 saac.gov.cn 中央档案馆《从""五一口号""到开国大典》档案文献专辑。L2 等级：中央档案馆官方公布 = 官方一手档案。"
domestic:SAAC:51koukou-p06-dde12-f1,1946-1950,SAAC,,,1949-10-01,L2,L2_page_cite,https://www.saac.gov.cn/daj/gqzt/06_012.html,国内党政机关与档案馆,archive_scan,yes,accepted,,,0,,,no,"WebFetch 2026-07-20 实测 saac.gov.cn/daj/gqzt/06.html；提取页 06 第 12 件档案：开国大典原始影像（1949-10-01）（1949-10-01）。上下文：开国大典原始视频。属于 saac.gov.cn 中央档案馆《从""五一口号""到开国大典》档案文献专辑。L2 等级：中央档案馆官方公布 = 官方一手档案。"
domestic:WM:1949-zhouenlai-minmeng-daibiao-xinzhengxie,1946-1950,WM,,,1949,L2,L2_page_cite,https://upload.wikimedia.org/wikipedia/commons/b/b4/%E5%91%A8%E6%81%A9%E6%9D%A5%E4%B8%8E%E6%B0%91%E7%9B%9F%E9%83%A8%E5%88%86%E4%BB%A3%E8%A1%A8%E5%9C%A8%E6%96%B0%E6%94%BF%E5%8D%8F%E7%AD%B9%E5%A4%87%E4%BC%9A%E6%9C%9F%E9%97%B4.jpg,公共数字化/学术/海外,press_scan,yes,accepted,,,0,,,no,WebFetch 2026-07-20 实测 Wikimedia Commons /wiki/File:周恩来与民盟部分代表在新政协筹备会期间.jpg；文件元数据：日期 1949；来源 cppcc.people.com.cn/BIG5/35948/9974441.html；公有领域 PD-China；JPEG 89KB 400×256；上传 2015-12-18；照片描述：从右起楚图南 / 翦伯赞 / 沈钧儒 / 周恩来 / 吴晗 / 沈志远 6 人合影；对应中国人民政治协商会议第一届全体会议筹备阶段（1949-06-15 起）；L2 等级：PD-China + 中国政协官方源 + 关键 1949 民盟代表合影。
domestic:WM:1949-minmeng-leaders-see-CCP-mission-off,1946-1950,WM,,,1949,L2,L2_page_cite,https://commons.wikimedia.org/wiki/File:Leaders_of_China_Democratic_League_see_CCP_mission_off.jpg,公共数字化/学术/海外,press_scan,yes,accepted,,,0,,,no,WebFetch 2026-07-20 实测 Wikimedia Commons /wiki/Category:People_of_the_China_Democratic_League；提取分类下 3 个直接文件之一：Leaders of China Democratic League see CCP mission off.jpg；民盟领导人为中共代表团送行合影（1949）；PD-China；JPEG 90KB 400×280；L2 等级：PD-China + 民盟历史关键时点。
domestic:WM:1949-minmeng-daibiao-zhonggong-daibiao-huitan,1946-1950,WM,,,1949,L2,L2_page_cite,https://commons.wikimedia.org/wiki/File:%E6%B0%91%E7%9B%9F%E4%BB%A3%E8%A1%A8%E4%B8%8E%E4%B8%AD%E5%85%B1%E4%BB%A3%E8%A1%A8%E4%BC%9A%E8%B0%88.jpg,公共数字化/学术/海外,press_scan,yes,accepted,,,0,,,no,WebFetch 2026-07-20 实测；民盟代表与中共代表会谈合影（1949）；PD-China；JPEG 91KB 400×283；L2 等级：PD-China + 民盟历史关键时点。
domestic:WM:1945-zhanglan-chongqing-tanpan-gongkai-xin,1944-1945,WM,,,1945,L2,L2_page_cite,https://commons.wikimedia.org/wiki/File:1945%E5%B9%B4%E9%87%8D%E5%BA%86%E8%B0%88%E5%88%A4%E5%BC%A0%E6%BC%AA%E5%85%AC%E5%BC%80%E4%BF%A1.jpg,公共数字化/学术/海外,press_scan,yes,accepted,,,0,,,no,WebFetch 2026-07-20 实测 Wikimedia Commons /wiki/Category:Zhang_Lan；Zhang Lan 分类下 19 文件之一；1945 年重庆谈判期间张澜公开信；对应 1945-08-28 至 10-10 毛泽东重庆谈判 + 民盟参与；L2 等级：PD-China + 民盟主席亲笔文件 + 关键 1945 民盟时点。
domestic:WM:1949-zhanglan-zhouenlai-zhongyang-zhengfu-heying,1946-1950,WM,,,1949,L2,L2_page_cite,https://commons.wikimedia.org/wiki/Category:Zhang_Lan,公共数字化/学术/海外,press_scan,yes,accepted,,,0,,,no,"WebFetch 2026-07-20 实测 Wikimedia Commons /wiki/Category:Zhang_Lan；Zhang Lan 分类下 19 文件含 2 张 1949 中央人民政府合影：Zhang Lan and Zhu De.jpg（张澜与朱德合影）+ Zhang, Soong, Li, Zhu and Mao.jpg（张澜/宋庆龄/李济深/朱德/毛泽东 5 人合影）；L2 等级：PD-China + 1949 中央人民政府 + 民盟主席关键合影。"
domestic:WM:1946-li-gongpu-wen-yiduo-lieshi-jinian,1946-1950,WM,,,1946,L2,L2_page_cite,https://commons.wikimedia.org/wiki/Category:Li_Gongpu,公共数字化/学术/海外,press_scan,yes,accepted,,,0,,,no,WebFetch 2026-07-20 实测 Wikimedia Commons /wiki/Category:People_of_the_China_Democratic_League；Li Gongpu 子分类：1C + 12 文件（PD-China，含 1946 遇害纪念照片）；Wen Yiduo 子分类：5C + 2P + 15 文件（PD-China，含 1946 遇害纪念照片）；1946-07-11 李公朴遇害 + 1946-07-15 闻一多遇害 = 民盟最惨痛事件；L2 等级：PD-China + 民盟烈士档案。
domestic:WM:1947-du-bincheng-lieshi-minmeng-xibei,1946-1950,WM,,,1947,L2,L2_page_cite,https://commons.wikimedia.org/wiki/Category:Du_Bincheng,公共数字化/学术/海外,press_scan,yes,accepted,,,0,,,no,WebFetch 2026-07-20 实测 Wikimedia Commons /wiki/Category:People_of_the_China_Democratic_League；Du Bincheng 子分类：1 文件（PD-China）；1947-10-07 杜斌丞在西安玉祥门外被国民党杀害 = 民盟 1947 解散事件前殉难；杜斌丞是民盟西北组织核心创始人（与成柏仁/杨明轩）；L2 等级：PD-China + 民盟西北烈士档案。
domestic:WM:people-of-china-democratic-league-anchor,1941-1943,WM,,,2026,L3,L3_press_surrogate,https://commons.wikimedia.org/wiki/Category:People_of_the_China_Democratic_League,公共数字化/学术/海外,press_scan,no,accepted,,,0,,,no,WebFetch 2026-07-20 实测 Wikimedia Commons /wiki/Category:People_of_the_China_Democratic_League；33 子分类：张澜 19F + 黄炎培 22F + 沈钧儒 30F + 梁漱溟 9F + 闻一多 15F + 李公朴 12F + 史良 9F + 罗隆基 8F + 章伯钧 11F + 张君劢 8F + 杜斌丞 1F + 杨明轩 2F + 陶行知 12F + 胡愈之 3F + 费孝通 10F + 马叙伦 11F + 钱伟长 3F + 楚图南 8F + 楚图南 + 吴晗 4F + 潘光旦 2F + 钱端升 1F + 钱家俊 5F + 刘清扬 6F + 叶笃义 6F + 聂维璧 2F + 高崇民 3F + 张宝文 4F + 张道宏 (empty) + 张东荪 5F + 杨伯恺 1F + 胡世华 1F + 丁仲礼 1F + 许慧 (empty)；3 直接文件：周恩来合影 + Leaders + 会谈；L3 等级：聚合锚点；具体人物照片 L1 升级需 cheer 提供直链。
domestic:WM:1946-10-18-zhouenlai-minmeng-shanghai-tanpan,1946-1950,WM,,,1946-10-18,L2,L2_page_cite,https://upload.wikimedia.org/wikipedia/commons/0/00/1946_10_Chou.jpg,公共数字化/学术/海外,press_scan,yes,accepted,,,0,,,no,"WebFetch 2026-07-20 实测 Wikimedia Commons /wiki/File:1946_10_Chou.jpg；文件元数据：上传 2008-12-20；来源 Historical Record of Political Consultation Conference, Chungking, 1989；PD-China；JPEG 182KB 1524×1181（早期 2209×1668 5.6MB）；描述：1946-10-18 蒋介石派要员来上海请中共代表团和民盟等第三方面人士赴南京谈判。图为周恩来与各方人士在上海市市长吴铁城公馆举行第二次非正式商谈时合影；前排左起：张君劢 / 陈启天 / 沈钧儒 / 邵力子 / 周恩来 / 左舜生 / 郭沫若 / 李维汉 / 曾琦 / 吴铁城；后排左起：黄炎培 / 杨永浚 / 华岗 / 章伯钧 / 余家菊 / 罗隆基 / 胡霖 / 蒋匀田 / 李璜；民盟核心人物：沈钧儒（民盟代主席）+ 黄炎培（民建创始人）+ 章伯钧（农工主席）+ 罗隆基（民盟宣传部长）+ 郭沫若（无党派，后民盟）+ 左舜生（青年党，民盟秘书长）+ 张君劢（民社党，民盟成员）；L2 等级：PD-China + 1989 历史档案出版物 + 11 位民盟核心人物合影。"
domestic:WM:1949-xinzhengxie-kaimushi-zhuxitai,1946-1950,WM,,,1949,L2,L2_page_cite,https://commons.wikimedia.org/wiki/File:%E6%96%B0%E6%94%BF%E5%8D%8F%E5%BC%80%E5%B9%95%E5%BC%8F%E4%B8%BB%E5%B8%AD%E5%8F%B0.jpg,公共数字化/学术/海外,press_scan,yes,accepted,,,0,,,no,WebFetch 2026-07-20 实测 /wiki/Category:Shen_Junru；新政协开幕式主席台（1949）含民盟代表；L2 等级：PD-China + 1949 民盟参与政协关键时点。
domestic:WM:1949-zhongyang-renmin-zhengfu-zhuxi-fuzhuxi,1946-1950,WM,,,1949,L2,L2_page_cite,https://commons.wikimedia.org/wiki/File:%E4%B8%AD%E5%A4%AE%E4%BA%BA%E6%B0%91%E6%94%BF%E5%BA%9C%E4%B8%BB%E5%B8%AD%E5%89%AF%E4%B8%BB%E5%B8%AD%E5%92%8C%E9%83%A8%E5%88%86%E5%A7%94%E5%91%98.jpg,公共数字化/学术/海外,press_scan,yes,accepted,,,0,,,no,WebFetch 2026-07-20 实测；中央人民政府主席副主席和部分委员合影（1949-10-01 开国大典前后）含民盟张澜；L2 等级：PD-China + 1949 中央政府核心合影。
domestic:WM:1949-maozedong-zhude-daoda-beiping,1946-1950,WM,,,1949,L2,L2_page_cite,https://commons.wikimedia.org/wiki/File:%E6%AF%9B%E6%B3%BD%E4%B8%9C%E6%9C%B1%E5%BE%B7%E5%88%B0%E8%BE%BE%E5%8C%97%E5%B9%B3.jpg,公共数字化/学术/海外,press_scan,yes,accepted,,,0,,,no,WebFetch 2026-07-20 实测；毛泽东朱德到达北平（1949-03-25 西苑机场阅兵）；L2 等级：PD-China + 1949 关键时点。
domestic:WM:1946-qieshi-baozhang-renmin-quanli-an,1946-1950,WM,,,1946,L2,L2_page_cite,https://commons.wikimedia.org/wiki/File:%E5%88%87%E5%AE%9E%E4%BF%9D%E9%9A%9C%E4%BA%BA%E6%B0%91%E6%9D%83%E5%88%A9%E6%A1%88.jpg,公共数字化/学术/海外,press_scan,yes,accepted,,,0,,,no,WebFetch 2026-07-20 实测；切实保障人民权利案（1946-01 政治协商会议核心议题）—1946-01-31 政治协商会议通过；民盟核心推动议题；L2 等级：PD-China + 1946 关键议题。
domestic:WM:1946-taoxingzhi-zangli,1946-1950,WM,,,1946-11,L2,L2_page_cite,https://commons.wikimedia.org/wiki/File:Tao_Xingzhi%27s_funeral.jpg,公共数字化/学术/海外,press_scan,yes,accepted,,,0,,,no,WebFetch 2026-07-20 实测；陶行知葬礼（1946-11-25 逝世后）；陶行知 = 民盟领导人之一，1945 民盟一大中央常委；L2 等级：PD-China + 民盟领导人关键事件。
domestic:WM:1949-wei-sakongliao-songxing,1946-1950,WM,,,1949,L2,L2_page_cite,https://commons.wikimedia.org/wiki/File:%E4%B8%BA%E8%90%A8%E7%A9%BA%E4%BA%86%E9%80%81%E8%A1%8C.jpg,公共数字化/学术/海外,press_scan,yes,accepted,,,0,,,no,WebFetch 2026-07-20 实测；为萨空了送行合影（1949）— 萨空了 = 民盟代表；L2 等级：PD-China + 1949 民盟代表送行。
domestic:WM:1949-zhongyang-zhengfu-shouge-fuxinjiang-weiwentuan,1946-1950,WM,,,1949,L2,L2_page_cite,https://commons.wikimedia.org/wiki/File:%E4%B8%AD%E5%A4%AE%E4%BA%BA%E6%B0%91%E6%94%BF%E5%BA%9C%E6%B4%BE%E5%87%BA%E7%9A%84%E9%A6%96%E4%B8%AA%E8%B5%B4%E6%96%B0%E7%96%86%E6%85%B0%E9%97%AE%E5%9B%A2.jpg,公共数字化/学术/海外,press_scan,yes,accepted,,,0,,,no,WebFetch 2026-07-20 实测；中央人民政府派出的首个赴新疆慰问团（1949）；L2 等级：PD-China + 1949 中央政府组建后首次外事活动。
domestic:WM:1949-liushaoqi-huangyanpei,1946-1950,WM,,,1949,L2,L2_page_cite,https://commons.wikimedia.org/wiki/File:Liu_Shaoqi_and_Huang_Yanpei.jpg,公共数字化/学术/海外,press_scan,yes,accepted,,,0,,,no,WebFetch 2026-07-20 实测 /wiki/Category:Huang_Yanpei；刘少奇与黄炎培合影（1949）；黄炎培 = 民建创始人 + 民盟前身成员；L2 等级：PD-China + 1949 关键时点。
domestic:WM:1949-yijie-zhengxie-nvdaibiao,1946-1950,WM,,,1949,L2,L2_page_cite,https://commons.wikimedia.org/wiki/File:%E5%8F%82%E5%8A%A0%E4%B8%AD%E5%9B%BD%E4%BA%BA%E6%B0%91%E6%94%BF%E5%8B%99%E5%8D%8F%E5%95%86%E7%AC%AC%E4%B8%80%E5%B1%8A%E5%85%A8%E4%BD%93%E4%BC%9A%E8%AE%AE%E7%9A%84%E5%A5%B3%E4%BB%A3%E8%A1%A8.jpg,公共数字化/学术/海外,press_scan,yes,accepted,,,0,,,no,WebFetch 2026-07-21 实测 Wikimedia Commons /wiki/File:参加中国人民政治协商会议第一届全体会议的女代表.jpg；元数据：日期 1949；PD-China；JPEG 61KB 640×452；2015-12-17 上传；照片描述：黑白合影，1949 拍摄，展示参加中国人民政治协商会议第一届全体会议的女代表；人物识别（Wikidata depicts + 分类）：邓颖超（明示）/ 宋庆龄 / 何香凝 / 罗叔章 / 史良；史良 = 民盟中央副主席（1958-1965）+ 民盟核心领导人；L2 等级：PD-China + 一届政协民盟 + 关键 1949 时点。
domestic:WM:1946-dengyingchao-daoci-li-wen,1946-1950,WM,,,1946,L2,L2_page_cite,https://commons.wikimedia.org/wiki/File:Deng_Yingchao_reads_out_the_eulogy_written_by_Zhou_Enlai_for_Li_Gongpu_and_Wen_Yiduo.jpg,公共数字化/学术/海外,press_scan,yes,accepted,,,0,,,no,WebFetch 2026-07-21 实测 Wikimedia Commons /wiki/File:Deng_Yingchao_reads_out_the_eulogy_written_by_Zhou_Enlai_for_Li_Gongpu_and_Wen_Yiduo.jpg；标题：邓颖超朗读周恩来为李公朴闻一多所写悼词；时间：1946（李公朴 1946-07-11 + 闻一多 1946-07-15 遇害后 10 天内的悼念活动）；李公朴 / 闻一多 = 民盟核心成员，1946 民盟最惨痛事件；L2 等级：PD-China + 民盟烈士悼念活动 + 周恩来亲笔悼词。
domestic:WM:1949-song-ching-ling-1st-cppcc,1946-1950,WM,,,1949,L2,L2_page_cite,https://commons.wikimedia.org/wiki/File:Soong_Ching-ling_at_1st_CPPCC.jpg,公共数字化/学术/海外,press_scan,yes,accepted,,,0,,,no,WebFetch 2026-07-21 实测 /wiki/Category:Shi_Liang；宋庆龄在第一届全国政协（1949）= 民革名誉主席出席；L2 等级：PD-China + 1949 一届政协。
domestic:WM:1949-xianfa-caogao-zuotanhui-di8zu-heying,1946-1950,WM,,,1949,L2,L2_page_cite,https://commons.wikimedia.org/wiki/File:%E5%AE%AA%E6%B3%95%E8%8D%89%E6%A1%88%E5%BA%A7%E8%B0%88%E4%BC%9A%E7%AC%AC%E5%85%AB%E7%BB%84%E5%90%88%E5%BD%B1.jpg,公共数字化/学术/海外,press_scan,yes,accepted,,,0,,,no,WebFetch 2026-07-21 实测；1949 宪法草案座谈会第八组合影（含民盟/民革代表，含史良）；L2 等级：PD-China + 1949 宪法草案起草。
domestic:WM:1949-cai-chang-shiliang-tiananmen,1946-1950,WM,,,1949,L2,L2_page_cite,https://commons.wikimedia.org/wiki/File:Cai_Chang_and_Shiliang_on_Tian%27anmen.jpg,公共数字化/学术/海外,press_scan,yes,accepted,,,0,,,no,WebFetch 2026-07-21 实测；蔡畅与史良在天安门（1949-10-01 开国大典）；史良 = 民盟中央副主席（1958-1965）+ 新中国第一任司法部部长；L2 等级：PD-China + 开国大典。
domestic:WM:1949-shiliang-tiananmen-cropped,1946-1950,WM,,,1949,L2,L2_page_cite,https://commons.wikimedia.org/wiki/File:Shiliang_on_Tian%27anmen_(cropped).jpg,公共数字化/学术/海外,press_scan,yes,accepted,,,0,,,no,WebFetch 2026-07-21 实测；史良在天安门城楼（开国大典）；L2 等级：PD-China + 开国大典。
domestic:WM:1946-zhouenlai-shougao-daoci-li-wen,1946-1950,WM,,,1946-07,L2,L2_page_cite,https://commons.wikimedia.org/wiki/File:%E5%91%A8%E6%81%A9%E6%9D%A5%E4%B8%BA%E6%9D%8E%E5%85%AC%E6%9C%B3%E9%97%BB%E4%B8%80%E5%A4%9A%E8%BF%BD%E6%82%BC%E4%BC%9A%E6%89%80%E5%86%99%E6%82%BC%E8%AF%8D.jpg,公共数字化/学术/海外,press_scan,yes,accepted,,,0,,,no,WebFetch 2026-07-21 实测 Wikimedia Commons /wiki/Category:Li_Gongpu；周恩来为李公朴闻一多追悼会所写悼词（手写原件扫描）= 周恩来亲笔悼词；李公朴 1946-07-11 + 闻一多 1946-07-15 遇害后，周恩来亲笔写悼词，1946-07 由邓颖超在追悼会上宣读；L2 等级：PD-China + 周恩来亲笔原件扫描 + 民盟最惨痛事件。
domestic:WM:1946-li-gongpu-yiguanzhong-highres,1946-1950,WM,,,1946,L1,L1_citation_ready,https://commons.wikimedia.org/wiki/File:%E6%9D%8E%E5%85%AC%E6%9C%B3%E8%A1%A3%E5%86%A0%E5%BA%9F.jpg,公共数字化/学术/海外,press_scan,yes,accepted,,,0,,,no,"WebFetch 2026-07-21 实测 Wikimedia Commons /wiki/Category:Li_Gongpu；李公朴衣冠冢扫描；分辨率 7,737 × 5,160（罕见高分辨率）；文件大小 9.79 MB（罕见大文件，PD-China 但完整高分辨率）；李公朴 1946-07-11 遇害后衣冠冢；L1 等级依据：PD-China + 9.79MB 高分辨率 + 完整衣冠冢影像 + 民盟烈士文物；可直接用于民盟文物数字化复制。"
domestic:WM:1946-pengdehuai-tici-li-gongpu,1946-1950,WM,,,1946,L2,L2_page_cite,https://commons.wikimedia.org/wiki/File:%E5%BD%AD%E5%BE%B7%E6%80%80%E4%B8%BA%E6%9D%8E%E5%85%AC%E6%9C%B3%E5%A4%AB%E5%A6%BB%E9%A2%98%E8%AF%8D.jpg,公共数字化/学术/海外,press_scan,yes,accepted,,,0,,,no,WebFetch 2026-07-21 实测 Wikimedia Commons /wiki/Category:Li_Gongpu；1946 彭德怀为李公朴夫妇题词（手写原件扫描）；彭德怀 = 中共将领，为民盟烈士李公朴夫妇题词；L2 等级：PD-China + 中共将领亲笔 + 民盟烈士文物。
domestic:WM:1946-nierongzhen-tici-li-gongpu,1946-1950,WM,,,1946,L2,L2_page_cite,https://commons.wikimedia.org/wiki/File:%E8%81%82%E8%8D%A3%E7%82%9C%E4%B8%BA%E6%9D%8E%E5%85%AC%E6%9C%B3%E9%A2%98%E8%AF%8D.jpg,公共数字化/学术/海外,press_scan,yes,accepted,,,0,,,no,WebFetch 2026-07-21 实测；1946 聂荣臻为李公朴题词（手写原件扫描）；聂荣臻 = 中共将领，为民盟烈士李公朴题词；L2 等级：PD-China + 中共将领亲笔。
domestic:WM:1945-liucanzhengyuan-fangwen-yanan,1944-1945,WM,,,1945,L2,L2_page_cite,https://commons.wikimedia.org/wiki/File:%E5%85%AD%E5%8F%82%E6%94%BF%E5%91%98%E8%AE%BF%E9%97%AE%E5%BB%B6%E5%AE%89.jpg,公共数字化/学术/海外,press_scan,yes,accepted,,,0,,,no,WebFetch 2026-07-21 实测 Wikimedia Commons /wiki/Category:Zhang_Bojun + /wiki/Category:Huang_Yanpei；1945 六参政员访问延安 = 民盟 + 民社党 + 青年党各 2 位参政员访问延安；1945-07 民盟创始人黄炎培 + 章伯钧 + 罗隆基等访问延安见毛泽东；L2 等级：PD-China + 1945 民盟历史关键时点。
domestic:WM:1945-liucanzhengyuan-fangwen-yanan-2,1944-1945,WM,,,1945,L2,L2_page_cite,https://commons.wikimedia.org/wiki/File:%E5%85%AD%E5%8F%82%E6%94%BF%E5%91%98%E8%AE%BF%E9%97%AE%E5%BB%B6%E5%AE%891.jpg,公共数字化/学术/海外,press_scan,yes,accepted,,,0,,,no,WebFetch 2026-07-21 实测；1945 六参政员访问延安 第二版本合影；L2 等级：PD-China + 1945 关键时点。
domestic:WM:1945-maozedong-zhude-liucanzhengyuan,1944-1945,WM,,,1945,L2,L2_page_cite,https://commons.wikimedia.org/wiki/File:%E6%AF%9B%E6%B3%BD%E4%B8%9C%E6%9C%B1%E5%BE%B7%E4%B8%8E%E5%85%AD%E5%8F%82%E6%94%BF%E5%91%98.jpg,公共数字化/学术/海外,press_scan,yes,accepted,,,0,,,no,WebFetch 2026-07-21 实测；1945 毛泽东朱德与六参政员合影 = 1945-07 延安访问合影；L2 等级：PD-China + 1945 关键时点 + 毛泽东朱德亲临。
domestic:WM:1946-06-23-xiaguan-can'an-maxulun,1946-1950,WM,,,1946-06-23,L2,L2_page_cite,https://commons.wikimedia.org/wiki/File:%E4%B8%8B%E5%85%B3%E6%83%A8%E6%A1%883.jpg,公共数字化/学术/海外,press_scan,yes,accepted,,,0,,,no,WebFetch 2026-07-21 实测 Wikimedia Commons /wiki/Category:Ma_Xulun；下关惨案（1946-06-23）—— 民进代表赴南京请愿代表团（马叙伦/雷洁琼/阎宝航/胡子婴/马叙伦 等）在南京下关车站遭国民党特务暴徒殴打，马叙伦雷洁琼等重伤；这是民进 + 民盟参与政治协商的关键事件；L2 等级：PD-China + 民进/民盟参与政协核心事件。
domestic:WM:1949-minjin-daibiao-heying-yijie-zhengxie,1946-1950,WM,,,1949,L2,L2_page_cite,https://commons.wikimedia.org/wiki/File:%E5%8F%82%E5%8A%A0%E6%94%BF%E5%8D%8F%E7%AC%AC%E4%B8%80%E5%B1%8A%E5%85%A8%E4%BD%93%E4%BC%9A%E8%AE%AE%E7%9A%84%E6%B0%91%E8%BF%9B%E4%BB%A3%E8%A1%A8%E5%90%88%E5%BD%B1.jpg,公共数字化/学术/海外,press_scan,yes,accepted,,,0,,,no,WebFetch 2026-07-21 实测；1949 参加政协第一届全体会议的民进代表合影；L2 等级：PD-China + 民进 + 一届政协。
domestic:WM:1946-ship-huazhong-minjin-dongbei-jiefangqu,1946-1950,WM,,,1946,L2,L2_page_cite,https://commons.wikimedia.org/wiki/File:Ship_Huazhong_Arrived_in_the_Northeast_Liberated_Area.jpg,公共数字化/学术/海外,press_scan,yes,accepted,,,0,,,no,WebFetch 2026-07-21 实测；华中号轮船 民进创始人在东北解放区；1946-06 下关惨案后马叙伦等赴东北哈尔滨/大连解放区；L2 等级：PD-China + 民进 1946-1949 关键行动。
domestic:WM:1946-zhouenlai-luolongji-zhengxie,1946-1950,WM,,,1946-01,L2,L2_page_cite,https://commons.wikimedia.org/wiki/File:Zhou_Enlai_and_Luo_Longji_on_the_Political_Consultative_Conference.jpg,公共数字化/学术/海外,press_scan,yes,accepted,,,0,,,no,WebFetch 2026-07-21 实测 /wiki/Category:Luo_Longji；1946-01 周恩来与罗隆基在政治协商会议（重庆）；罗隆基 = 民盟宣传部 + 一届政协代表 + 起草多份政协决议；L2 等级：PD-China + 民盟核心 + 政治协商会议。
domestic:WM:1949-xinzhengxie-choubeihui-changwei-maxulun-categorized,1946-1950,WM,,,1949,L1,L1_citation_ready,https://commons.wikimedia.org/wiki/File:%E6%96%B0%E6%94%BF%E5%8D%8F%E7%AD%B9%E5%A4%87%E4%BC%9A%E5%B8%B8%E5%A7%94%E5%90%88%E5%BD%B1.jpg,公共数字化/学术/海外,press_scan,yes,accepted,,,0,DCL-0031,canonical,no,WebFetch 2026-07-21 实测；新政协筹备会常委合影（1949-06-15 起）- 高分辨率 1174×759；含民盟筹备会常委（沈钧儒/章伯钧等）；L1 等级：PD-China + 高分辨率 + 民盟参与政协关键影像。
domestic:WM:1949-zhouenlai-maxulun-masicong,1946-1950,WM,,,1949,L2,L2_page_cite,https://commons.wikimedia.org/wiki/File:Zhou_Enlai_talking_with_Ma_Xulan_and_Ma_Sicong.jpg,公共数字化/学术/海外,press_scan,yes,accepted,,,0,,,no,WebFetch 2026-07-21 实测；周恩来与马叙伦 + 马思聪会谈（1949）；L2 等级：PD-China + 1949 民进核心。
domestic:WM:1940s-zhang-lan-portrait-zhang-lan-tomb,1941-1943,WM,,,1940,L2,L2_page_cite,https://commons.wikimedia.org/wiki/File:%E5%BC%B5%E7%80%9B.jpg,公共数字化/学术/海外,press_scan,yes,accepted,,,0,,,no,WebFetch 2026-07-21 实测 Wikimedia Commons /wiki/Category:Zhang_Lan；张澜分类 19 文件含肖像 + 墓 + 1955 照片 + 1945 重庆谈判公开信 + 成都市伊斯兰教协会题字 + 与毛泽东 / 朱德合影等；张澜 = 民盟主席（1945-1955）+ 中国民主政团同盟成立核心；L2 等级：PD-China + 民盟主席肖像 + 1941-1945 关键期。
domestic:WM:1949-zhang-lan-mao-zedong-heying,1946-1950,WM,,,1949,L2,L2_page_cite,https://commons.wikimedia.org/wiki/File:Mao_Zedong_and_Zhang_Lan.jpg,公共数字化/学术/海外,press_scan,yes,accepted,,,0,,,no,WebFetch 2026-07-21 实测；1949 张澜与毛泽东合影（中央人民政府期间）；L2 等级：PD-China + 1949 民盟主席与毛主席合影。
domestic:WM:zhang-lan-tomb,1941-1943,WM,,,2010,L3,L3_press_surrogate,https://commons.wikimedia.org/wiki/File:Zhanglantomb.jpg,公共数字化/学术/海外,press_scan,no,accepted,,,0,,,no,WebFetch 2026-07-21 实测；张澜墓（八宝山革命公墓）；L3 等级：纪念设施，非 1941-1949 原件。
domestic:WM:1940s-zhang-junmai-portrait-1,1941-1943,WM,,,1940,L2,L2_page_cite,https://commons.wikimedia.org/wiki/File:Zhang_Junmai.jpg,公共数字化/学术/海外,press_scan,yes,accepted,,,0,,,no,WebFetch 2026-07-21 实测 /wiki/Category:Zhang_Junmai；张君劢肖像照（民国时期）；张君劢 = 民盟创始人之一 + 1946 国共和谈代表（1946_10_Chou 民盟核心）；L2 等级：PD-China + 民盟创始人肖像。
domestic:WM:taoxingzhi-heweigui-hengfu,1941-1943,WM,,,1940,L2,L2_page_cite,https://commons.wikimedia.org/wiki/File:%E9%99%B6%E8%A1%8C%E7%9F%A5%E6%A5%B7%E4%B9%A6%E2%80%9C%E5%92%8C%E4%B8%BA%E8%B4%B5%E2%80%9D%E6%A8%AA%E5%B9%85.jpg,公共数字化/学术/海外,press_scan,yes,accepted,,,0,,,no,WebFetch 2026-07-21 实测 /wiki/Category:Tao_Xingzhi；陶行知楷书『和为贵』横幅原件扫描（民国时期）；陶行知 = 1945 民盟一大中央常委 + 1946-11 逝世；L2 等级：PD-China + 陶行知真迹原件 + 民盟核心人物文物。
domestic:WM:1940s-luo-longji-portrait,1941-1943,WM,,,1940,L2,L2_page_cite,https://commons.wikimedia.org/wiki/File:%E7%BE%85%E9%9A%86%E5%9F%BA.jpg,公共数字化/学术/海外,press_scan,yes,accepted,,,0,,,no,WebFetch 2026-07-21 实测 /wiki/Category:Luo_Longji；罗隆基肖像照（民国时期）；罗隆基 = 民盟宣传部长 + 一届政协代表 + 1946 国共和谈代表（1946_10_Chou 民盟核心）；L2 等级：PD-China + 民盟核心人物肖像。
domestic:MMC:lingdao-jiegou-2026,1941-1943,MMC,,,2026-01,L2,L2_page_cite,https://www.mmzy.org.cn/mmgk/1186/default.aspx,公共数字化/学术/海外,book_or_assembly,yes,accepted,,,0,,,no,WebFetch 2026-07-21 实测 mmzy.org.cn/mmgk/1186/default.aspx；民盟第十三届中央委员会现任领导机构名单：主席丁仲礼 / 常务副主席王光谦 + 副主席田刚等 11 人 + 70 常委 + 281 中央委员；2026-01 13 届 4 中全会补选丁洪/吕小兵/沈维孝为常委 + 王亚愚等 11 人为中央委员；L2 等级：民盟中央官方公开发布 = 官方一手权威。
domestic:MMC:lijie-zhongyang-weiyuanhui-index,1941-1943,MMC,,,2026,L2,L2_page_cite,https://www.mmzy.org.cn/mmgk/1193/default.aspx,公共数字化/学术/海外,book_or_assembly,yes,accepted,,,0,,,no,WebFetch 2026-07-21 实测 mmzy.org.cn/mmgk/1193/default.aspx；民盟历届中央委员会索引页（官方一手）：中国民主政团同盟中央执行委员会（1941）+ 第一届（1945-10）+ 第二届（1946）+ 第三届（1947）+ 第四届 + 第五届（1958）+ 第六至十二届；涵盖 1941-1949 全部关键时点；具体届次详情子页 404（路径失效）但索引页可用；L2 等级：民盟中央官方 = 官方一手。
domestic:MMC:zhangcheng-latest,1941-1943,MMC,,,2024,L2,L2_page_cite,https://www.mmzy.org.cn/mmgk/zhangcheng/default.aspx,公共数字化/学术/海外,book_or_assembly,yes,accepted,,,0,,,no,WebFetch 2026-07-21 实测 mmzy.org.cn；中国民主同盟章程（民盟中央官方最新版）；民盟章程含 1941 成立 + 1944 改组 + 1945 一大等历史条款；L2 等级：民盟中央官方一手。
domestic:MMC:zuzhi-jiegou,1941-1943,MMC,,,2026,L2,L2_page_cite,https://www.mmzy.org.cn/mmgk/1162/default.aspx,公共数字化/学术/海外,book_or_assembly,yes,accepted,,,0,,,no,WebFetch 2026-07-21 实测；中国民主同盟组织结构（民盟中央官方）；含专门委员会 + 各类部门；L2 等级：民盟中央官方一手。
domestic:GMD:2022-12-22-minmeng-baodao,1941-1943,GMD,,,2022-12-22,L2,L2_page_cite,https://news.gmw.cn/2022-12/22/content_36249069.htm,政协/统一战线/官方媒体,official_publication,yes,accepted,,,0,DCL-0032,canonical,no,WebFetch 2026-07-21 实测 news.gmw.cn/2022-12/22/content_36249069.htm；《光明日报》2022-12-22 第 02 版关于中国民主同盟报道；1941-03-19 重庆秘密成立中国民主政团同盟；1944-09 改名为中国民主同盟；抗日战争和解放战争时期民盟与中共合作反帝反封建反官僚资本；新中国成立后参与政治协商、民主监督、参政议政；L2 等级：光明日报官方 = 中共党报官方一手。
domestic:WM:1946-wen-yiduo-yiguanzhong,1946-1950,WM,,,1946,L2,L2_page_cite,https://commons.wikimedia.org/wiki/File:%E9%97%BB%E4%B8%80%E5%A4%9A%20%E8%A1%A3%E5%86%A0%E5%BA%9F.jpg,公共数字化/学术/海外,press_scan,yes,accepted,,,0,,,no,WebFetch 2026-07-21 实测 Wikimedia Commons /wiki/Category:Wen_Yiduo；闻一多衣冠冢（1946-07-15 闻一多遇害后衣冠冢）；L2 等级：PD-China + 民盟烈士文物。
domestic:WM:wen-yiduo-xi-nan-lian-da-yin-zhang,1941-1943,WM,,,1940,L2,L2_page_cite,https://commons.wikimedia.org/wiki/File:%E8%A5%BF%E5%8D%97%E8%81%94%E5%A4%A7%E5%8D%9A%E7%89%A9%E9%A6%86-%E9%97%BB%E4%B8%80%E5%A4%9A%E5%88%BB%E8%B0%AD%E5%BA%86%E5%8F%8C%E5%8D%B0%EF%BC%88%E8%B0%AD%E5%BA%86%E5%8F%8C%E6%8D%90%E8%B5%A0%EF%BC%89.jpg,公共数字化/学术/海外,press_scan,yes,accepted,,,0,,,no,WebFetch 2026-07-21 实测；西南联大博物馆藏闻一多刻印（谭庆双捐赠）；闻一多 = 民盟中央执行委员（1945 一大）+ 西南联大教授；L2 等级：PD-China + 民盟中央执委文物。
domestic:WM:xinan-lianda-jiuzhi-1946-meng,1944-1945,WM,,,2024,L3,L3_press_surrogate,https://commons.wikimedia.org/wiki/File:%E8%A5%BF%E5%8D%97%E8%81%94%E5%A4%A7%E6%97%A7%E5%9D%80%2015.jpg,公共数字化/学术/海外,press_scan,no,accepted,,,0,,,no,WebFetch 2026-07-21 实测；西南联大旧址（昆明）= 1944-1946 西南联大时期 = 民盟核心活动地；闻一多/罗隆基/吴晗 等民盟核心均任教于此；L3 等级：纪念设施。
domestic:WM:wen-yiduo-portrait,1944-1945,WM,,,1940,L2,L2_page_cite,https://commons.wikimedia.org/wiki/File:Wen_Yiduo.jpg,公共数字化/学术/海外,press_scan,yes,accepted,,,0,,,no,WebFetch 2026-07-21 实测；闻一多肖像照（民国时期）；闻一多 = 民盟中央执委（1945 一大）+ 1946-07-15 遇害；L2 等级：PD-China + 民盟中央执委肖像。
domestic:WP:1949-1988-minmeng-wenwu-1991,1946-1950,WP,,,1991-01,L2,L2_page_cite,http://book.kongfz.com/12382/403045316/,国内党政机关与档案馆,other,no,accepted,,,0,,,yes,WebSearch 2026-07-21 核读孔夫子旧书网 http://book.kongfz.com/12382/403045316/；中国民主同盟历史文献 1949-1988（上下册全，文物出版社 1991-01 第 1 版第 1 次印刷）；中国民主同盟中央文史委员会 编；民盟中央 = 官方一手档案文献汇编；2 卷精装本；覆盖 1949-1988 民盟全部重大事件（含一届政协 / 第一届中央 / 历届代表大会 / 重要声明讲话）；L2 等级：民盟中央编 + 文物出版社 = 官方一手汇编。
domestic:QY:qunyan-chubanshe-meng-zhongyang,1941-1943,QY,,,2026,L2,L2_page_cite,http://www.qypublish.com/Pages/ZDAboutUs.aspx,其他,book_or_assembly,yes,accepted,,,0,,,no,WebSearch 2026-07-21 核读群言出版社 qypublish.com；群言出版社 = 中国民主同盟中央委员会主办出版社；出版《中国民主同盟史 2012》/《重庆民盟史 2014》/《中国民主同盟50年·重庆 2014》/《北京市民盟组织成立70周年 2016》/《福建简史 2018》/《湖南民盟人物 2020》/《重庆民盟史（精）2021》/《安徽民盟年鉴 2014-2018》/《云南民盟史 2021》等民盟历史文献系列；L2 等级：民盟中央直属出版社 = 官方一手。
domestic:SAAC:51koukou-p01-dde08-i3,1946-1950,SAAC,,,1948-05-01,L2,L2_page_cite,https://www.saac.gov.cn/daj/gqzt/01_08.html,国内党政机关与档案馆,archive_scan,yes,accepted,,,0,,,no,"WebFetch 2026-07-21 实测 saac.gov.cn/daj/gqzt/01.html；提取页 01 第 8 件档案：中共中央关于邀请民主党派等代表来解放区开政协的指示（1948-05-01）（1948-05-01）。上下文：中央对民主党派的指示。属于 saac.gov.cn 中央档案馆《从""五一口号""到开国大典》档案文献专辑。L2 等级：中央档案馆官方公布 = 官方一手档案。"
domestic:SAAC:51koukou-p01-dde15-i3,1946-1950,SAAC,,,1948-08-01,L2,L2_page_cite,https://www.saac.gov.cn/daj/gqzt/01_015.html,国内党政机关与档案馆,archive_scan,yes,accepted,,,0,,,no,"WebFetch 2026-07-21 实测 saac.gov.cn/daj/gqzt/01.html；提取页 01 第 15 件档案：毛泽东关于新政协时间地点给李济深等的电报（1948-08-01）（1948-08-01）。上下文：新政协时间地点。属于 saac.gov.cn 中央档案馆《从""五一口号""到开国大典》档案文献专辑。L2 等级：中央档案馆官方公布 = 官方一手档案。"
domestic:SAAC:51koukou-p01-dde22-i3,1946-1950,SAAC,,,1948-05-07,L2,L2_page_cite,https://www.saac.gov.cn/daj/gqzt/01_022.html,国内党政机关与档案馆,archive_scan,yes,accepted,,,0,,,no,"WebFetch 2026-07-21 实测 saac.gov.cn/daj/gqzt/01.html；提取页 01 第 22 件档案：中央关于交换政协意见的指示（1948-05-07）（1948-05-07）。上下文：中央对民主党派政协意见。属于 saac.gov.cn 中央档案馆《从""五一口号""到开国大典》档案文献专辑。L2 等级：中央档案馆官方公布 = 官方一手档案。"
domestic:SAAC:51koukou-p04-dde01-i3,1946-1950,SAAC,,,1949-06-14,L2,L2_page_cite,https://www.saac.gov.cn/daj/gqzt/04_01.html,国内党政机关与档案馆,archive_scan,yes,accepted,,,0,,,no,"WebFetch 2026-07-21 实测 saac.gov.cn/daj/gqzt/04.html；提取页 04 第 1 件档案：新政治协商会议筹备会关于召开成立会的通知（1949-06-14）（1949-06-14）。上下文：新政协筹备会通知。属于 saac.gov.cn 中央档案馆《从""五一口号""到开国大典》档案文献专辑。L2 等级：中央档案馆官方公布 = 官方一手档案。"
domestic:SAAC:51koukou-p04-dde02-i3,1946-1950,SAAC,,,1949-06-15,L2,L2_page_cite,https://www.saac.gov.cn/daj/gqzt/04_02.html,国内党政机关与档案馆,archive_scan,yes,accepted,,,0,,,no,"WebFetch 2026-07-21 实测 saac.gov.cn/daj/gqzt/04.html；提取页 04 第 2 件档案：毛泽东在新政协筹备会开幕典礼上的讲话（1949-06-15）（1949-06-15）。上下文：毛泽东新政协讲话。属于 saac.gov.cn 中央档案馆《从""五一口号""到开国大典》档案文献专辑。L2 等级：中央档案馆官方公布 = 官方一手档案。"
domestic:SAAC:51koukou-p04-dde03-i3,1946-1950,SAAC,,,1949-06-15,L2,L2_page_cite,https://www.saac.gov.cn/daj/gqzt/04_03.html,国内党政机关与档案馆,archive_scan,yes,accepted,,,0,,,no,"WebFetch 2026-07-21 实测 saac.gov.cn/daj/gqzt/04.html；提取页 04 第 3 件档案：朱德在新政协筹备会开幕典礼上的讲话（1949-06-15）（1949-06-15）。上下文：朱德新政协讲话。属于 saac.gov.cn 中央档案馆《从""五一口号""到开国大典》档案文献专辑。L2 等级：中央档案馆官方公布 = 官方一手档案。"
domestic:SAAC:51koukou-p04-dde06-i3,1946-1950,SAAC,,,1949-06-15,L2,L2_page_cite,https://www.saac.gov.cn/daj/gqzt/04_06.html,国内党政机关与档案馆,archive_scan,yes,accepted,,,0,,,no,"WebFetch 2026-07-21 实测 saac.gov.cn/daj/gqzt/04.html；提取页 04 第 6 件档案：郭沫若在新政协筹备会开幕典礼上的讲话（1949-06-15）（1949-06-15）。上下文：郭沫若新政协讲话。属于 saac.gov.cn 中央档案馆《从""五一口号""到开国大典》档案文献专辑。L2 等级：中央档案馆官方公布 = 官方一手档案。"
domestic:SAAC:51koukou-p04-dde08-i3,1946-1950,SAAC,,,1949-06-15,L2,L2_page_cite,https://www.saac.gov.cn/daj/gqzt/04_08.html,国内党政机关与档案馆,archive_scan,yes,accepted,,,0,,,no,"WebFetch 2026-07-21 实测 saac.gov.cn/daj/gqzt/04.html；提取页 04 第 8 件档案：陈嘉庚在新政协筹备会开幕典礼上的讲话（1949-06-15）（1949-06-15）。上下文：陈嘉庚新政协讲话。属于 saac.gov.cn 中央档案馆《从""五一口号""到开国大典》档案文献专辑。L2 等级：中央档案馆官方公布 = 官方一手档案。"
domestic:SAAC:51koukou-p05-dde01-i3,1946-1950,SAAC,,,1949-09-21,L2,L2_page_cite,https://www.saac.gov.cn/daj/gqzt/05_01.html,国内党政机关与档案馆,archive_scan,yes,accepted,,,0,,,no,"WebFetch 2026-07-21 实测 saac.gov.cn/daj/gqzt/05.html；提取页 05 第 1 件档案：政协一届全体会议会场（1949-09-21）（1949-09-21）。上下文：政协会场。属于 saac.gov.cn 中央档案馆《从""五一口号""到开国大典》档案文献专辑。L2 等级：中央档案馆官方公布 = 官方一手档案。"
domestic:SAAC:51koukou-p05-dde03-i3,1946-1950,SAAC,,,1949-09-21,L2,L2_page_cite,https://www.saac.gov.cn/daj/gqzt/05_03.html,国内党政机关与档案馆,archive_scan,yes,accepted,,,0,,,no,"WebFetch 2026-07-21 实测 saac.gov.cn/daj/gqzt/05.html；提取页 05 第 3 件档案：政协一届全体会议代表签名册（1949-09-21）（1949-09-21）。上下文：代表签名册。属于 saac.gov.cn 中央档案馆《从""五一口号""到开国大典》档案文献专辑。L2 等级：中央档案馆官方公布 = 官方一手档案。"
domestic:SAAC:51koukou-p05-dde04-i3,1946-1950,SAAC,,,1949-09-21,L2,L2_page_cite,https://www.saac.gov.cn/daj/gqzt/05_04.html,国内党政机关与档案馆,archive_scan,yes,accepted,,,0,,,no,"WebFetch 2026-07-21 实测 saac.gov.cn/daj/gqzt/05.html；提取页 05 第 4 件档案：政协一届全体会议开幕式签到簿（1949-09-21）（1949-09-21）。上下文：开幕式签到。属于 saac.gov.cn 中央档案馆《从""五一口号""到开国大典》档案文献专辑。L2 等级：中央档案馆官方公布 = 官方一手档案。"
domestic:SAAC:51koukou-p05-dde05-i3,1946-1950,SAAC,,,1949-09-21,L2,L2_page_cite,https://www.saac.gov.cn/daj/gqzt/05_05.html,国内党政机关与档案馆,archive_scan,yes,accepted,,,0,,,no,"WebFetch 2026-07-21 实测 saac.gov.cn/daj/gqzt/05.html；提取页 05 第 5 件档案：政协一届全体会议代表签到（1949-09-21）（1949-09-21）。上下文：代表签到。属于 saac.gov.cn 中央档案馆《从""五一口号""到开国大典》档案文献专辑。L2 等级：中央档案馆官方公布 = 官方一手档案。"
domestic:SAAC:51koukou-p05-dde06-i3,1946-1950,SAAC,,,1949-09-21,L2,L2_page_cite,https://www.saac.gov.cn/daj/gqzt/05_06.html,国内党政机关与档案馆,archive_scan,yes,accepted,,,0,,,no,"WebFetch 2026-07-21 实测 saac.gov.cn/daj/gqzt/05.html；提取页 05 第 6 件档案：政协一届全体会议程序（1949-09-21 至 30）（1949-09-21）。上下文：会议程序。属于 saac.gov.cn 中央档案馆《从""五一口号""到开国大典》档案文献专辑。L2 等级：中央档案馆官方公布 = 官方一手档案。"
domestic:SAAC:51koukou-p05-dde07-i3,1946-1950,SAAC,,,1949-09-21,L2,L2_page_cite,https://www.saac.gov.cn/daj/gqzt/05_07.html,国内党政机关与档案馆,archive_scan,yes,accepted,,,0,,,no,"WebFetch 2026-07-21 实测 saac.gov.cn/daj/gqzt/05.html；提取页 05 第 7 件档案：政协一届全体会议主席团名单（1949-09-21）（1949-09-21）。上下文：主席团名单。属于 saac.gov.cn 中央档案馆《从""五一口号""到开国大典》档案文献专辑。L2 等级：中央档案馆官方公布 = 官方一手档案。"
domestic:SAAC:51koukou-p05-dde08-i3,1946-1950,SAAC,,,1949-09-21,L2,L2_page_cite,https://www.saac.gov.cn/daj/gqzt/05_08.html,国内党政机关与档案馆,archive_scan,yes,accepted,,,0,,,no,"WebFetch 2026-07-21 实测 saac.gov.cn/daj/gqzt/05.html；提取页 05 第 8 件档案：毛泽东致开幕词（1949-09-21）（1949-09-21）。上下文：毛泽东开幕词。属于 saac.gov.cn 中央档案馆《从""五一口号""到开国大典》档案文献专辑。L2 等级：中央档案馆官方公布 = 官方一手档案。"
domestic:SAAC:51koukou-p05-dde09-i3,1946-1950,SAAC,,,1949-09-21,L2,L2_page_cite,https://www.saac.gov.cn/daj/gqzt/05_09.html,国内党政机关与档案馆,archive_scan,yes,accepted,,,0,,,no,"WebFetch 2026-07-21 实测 saac.gov.cn/daj/gqzt/05.html；提取页 05 第 9 件档案：刘少奇讲话（中共代表，1949-09-21）（1949-09-21）。上下文：刘少奇中共代表讲话。属于 saac.gov.cn 中央档案馆《从""五一口号""到开国大典》档案文献专辑。L2 等级：中央档案馆官方公布 = 官方一手档案。"
domestic:SAAC:51koukou-p05-dde12-i3,1946-1950,SAAC,,,1949-09-21,L2,L2_page_cite,https://www.saac.gov.cn/daj/gqzt/05_012.html,国内党政机关与档案馆,archive_scan,yes,accepted,,,0,,,no,"WebFetch 2026-07-21 实测 saac.gov.cn/daj/gqzt/05.html；提取页 05 第 12 件档案：李立三讲话（全总副主席，1949-09-21）（1949-09-21）。上下文：李立三全总讲话。属于 saac.gov.cn 中央档案馆《从""五一口号""到开国大典》档案文献专辑。L2 等级：中央档案馆官方公布 = 官方一手档案。"
domestic:SAAC:51koukou-p05-dde13-i3,1946-1950,SAAC,,,1949-09-21,L2,L2_page_cite,https://www.saac.gov.cn/daj/gqzt/05_013.html,国内党政机关与档案馆,archive_scan,yes,accepted,,,0,,,no,"WebFetch 2026-07-21 实测 saac.gov.cn/daj/gqzt/05.html；提取页 05 第 13 件档案：张治中讲话（特邀代表，1949-09-21）（1949-09-21）。上下文：张治中特邀讲话。属于 saac.gov.cn 中央档案馆《从""五一口号""到开国大典》档案文献专辑。L2 等级：中央档案馆官方公布 = 官方一手档案。"
domestic:SAAC:51koukou-p05-dde14-i3,1946-1950,SAAC,,,1949-09-21,L2,L2_page_cite,https://www.saac.gov.cn/daj/gqzt/05_014.html,国内党政机关与档案馆,archive_scan,yes,accepted,,,0,,,no,"WebFetch 2026-07-21 实测 saac.gov.cn/daj/gqzt/05.html；提取页 05 第 14 件档案：程潜讲话（特邀代表，1949-09-21）（1949-09-21）。上下文：程潜特邀讲话。属于 saac.gov.cn 中央档案馆《从""五一口号""到开国大典》档案文献专辑。L2 等级：中央档案馆官方公布 = 官方一手档案。"
domestic:QY:1991-zhongguo-minmeng-jianshi-1941-1949,1941-1943,QY,,,1991-03,L2,L2_page_cite,http://book.kongfz.com/275761/2028322541/,其他,book_or_assembly,no,accepted,,,0,,,yes,WebSearch 2026-07-21 核读孔夫子旧书网 http://book.kongfz.com/275761/2028322541/；《中国民主同盟简史 1941-1949》（1991-03 群言出版社 32 开本 148 页）；民盟中央文史委员会编；1941 中国民主政团同盟成立 → 1944 改组 → 1945 一大 → 1947 解散 全部覆盖；L2 等级：民盟中央官方一手汇编。
domestic:QY:1991-zhongguo-minmeng-shi-1941-1949,1941-1943,QY,,,1991-03,L2,L2_page_cite,https://book.kongfz.com/2246/4981376637,其他,book_or_assembly,no,accepted,,,0,,,yes,WebSearch 2026-07-21 核读孔夫子旧书网；《中国民主同盟史(1941-1949)》（1991-03 群言出版社）；中国民主同盟中央委员会 编；1941-1949 民盟完整通史；L2 等级：民盟中央官方汇编。
domestic:QY:1991-wo-yu-minmeng-50zhounian-jinianwenji,1941-1943,QY,,,1991-08,L2,L2_page_cite,http://book.kongfz.com/765/207968742/,其他,book_or_assembly,no,accepted,,,0,,,yes,WebSearch 2026-07-21 核读孔夫子旧书网 http://book.kongfz.com/765/207968742/；《我与民盟：中国民主同盟成立 50 周年纪念文集》（1991-08 群言出版社）；民盟中央文史委员会编；1941-1991 民盟盟员回忆文章集；L2 等级：民盟中央官方纪念文集。
domestic:QY:mengtuan-lishiwenxian-congshu-anchor,1941-1943,QY,,,2024,L2,L2_page_cite,http://www.qypublish.com/Pages/ZDAboutUs.aspx,其他,book_or_assembly,no,accepted,,,0,,,yes,WebSearch 2026-07-21 核读群言出版社官网；群言出版社（中国民主同盟中央委员会主办）出版系列：①民盟历史文献丛书（含 1941-1949 全部关键时点）；②民盟历史人物丛书（民盟核心人物传记）；③民盟地方史志（各省市民盟组织史）；④民盟智库（民盟中央政策研究）；已列入国家十二五/十三五重点图书出版计划，多次获国家出版基金资助；1991-2024 系列出版；L2 等级：民盟中央直属出版。
domestic:QY:2011-zhongguo-minmeng-qishinian,1941-1943,QY,,,2011-05,L2,L2_page_cite,https://book.kongfz.com/245792/1048098624/,其他,book_or_assembly,no,accepted,,,0,,,yes,WebSearch 2026-07-21 核读孔夫子旧书网 https://book.kongfz.com/245792/1048098624/；《中国民主同盟七十年》（2011-05 群言出版社 348 页）；中国民主同盟中央委员会 编；1941 成立到 2011 70 年民盟完整历史；L2 等级：民盟中央官方纪念汇编。
domestic:QY:2013-minmeng-taoxingzhi,1941-1943,QY,,,2013,L2,L2_page_cite,https://baike.baidu.com/item/民盟历史文献:陶行知/16295650,其他,book_or_assembly,no,accepted,,,0,,,yes,WebSearch 2026-07-21 核读；《民盟历史文献:陶行知》（夏德清/武素月，群言出版社 2013）；陶行知 = 民盟中央常委（1945 一大）+ 1946-11 逝世；L2 等级：群言出版社民盟系列。
domestic:QY:2013-minmeng-chutunan,1944-1945,QY,,,2013,L2,L2_page_cite,https://baike.baidu.com/item/民盟历史文献:楚图南/16254658,其他,book_or_assembly,no,accepted,,,0,,,yes,WebSearch 2026-07-21 核读；《民盟历史文献:楚图南》（张维，群言出版社 2013）；楚图南 = 民盟中央主席（1986-1987）+ 一届政协代表；L2 等级：群言出版社民盟系列。
domestic:QY:2014-minmeng-tongdizhou,1946-1950,QY,,,2014,L2,L2_page_cite,https://baike.baidu.com/item/民盟历史文献:童第周/16449893,其他,book_or_assembly,no,accepted,,,0,,,yes,WebSearch 2026-07-21 核读；《民盟历史文献:童第周》（俞为洁，群言出版社 2014）；童第周 = 民盟中央副主席（1980-1988）+ 著名生物学家；L2 等级：群言出版社民盟系列。
domestic:QY:2014-minmeng-dubincheng,1946-1950,QY,,,2014,L2,L2_page_cite,https://baike.baidu.com/item/民盟历史文献:杜斌丞/16384705,其他,book_or_assembly,no,accepted,,,0,,,yes,WebSearch 2026-07-21 核读；《民盟历史文献:杜斌丞》（张国全，群言出版社 2014）；杜斌丞 = 民盟西北总支部核心创始人（1942-） + 1947-10-07 西安玉祥门外就义；L2 等级：群言出版社民盟系列。
domestic:QY:2021-qingyang-minmeng-shi,1944-1945,QY,,,2021,L2,L2_page_cite,http://www.qingyangwang.com.cn/content/2021-11/11/content_536994.htm,其他,book_or_assembly,no,accepted,,,0,,,yes,WebSearch 2026-07-21 核读；《庆阳民盟史》（中国文史出版社 2021）；记录庆阳民盟 1944-2019 发展历程；甘肃地方民盟史，覆盖 1944 改组后阶段；L2 等级：地方组织官方编 + 中国文史出版社。
domestic:QY:mengtuan-lishi-renwu-congshu-anchor,1941-1943,QY,,,2024,L2,L2_page_cite,https://book.douban.com/series/40660,其他,book_or_assembly,no,accepted,,,0,,,yes,WebSearch 2026-07-21 核读豆瓣 https://book.douban.com/series/40660 ；民盟历史人物丛书 = 民盟中央直属群言出版社 2013-2014 系列；已注册：陶行知 / 楚图南 / 童第周 / 杜斌丞；待补：费孝通 / 吴晗 / 梁漱溟 / 胡愈之 / 邓初民 等更多民盟核心；L2 等级：群言出版社系列。
domestic:RMTZ:dangshi-minmeng-zaili-chengli,1941-1943,RMTZ,,,2016-01-21,L2,L2_page_cite,http://dangshi.people.com.cn/n1/2016/0121/c85037-28073427.html,政协/统一战线/官方媒体,official_publication,yes,accepted,,,0,,,no,WebSearch 2026-07-21 核读人民网 dangshi.people.com.cn；《民盟在这里成立》（人民网党史频道 2016-01-21）；1941-03-19 中国民主政团同盟在重庆上清寺特园秘密成立；L2 等级：人民网党史频道官方。
domestic:PP:menshi-zonglan-minmeng-chengli-4-gaizu,1944-1945,PP,,,2021-03-26,L2,L2_page_cite,https://www.thepaper.cn/newsDetail_forward_11913418,政协/统一战线/官方媒体,official_publication,yes,accepted,,,0,,,no,WebFetch 2026-07-21 实测澎湃新闻；【盟史纵览】民盟的成立（四）：改组为中国民主同盟；1944-09-19 全国代表会议在重庆特园召开；取消团体会员制；中国民主政团同盟改名为中国民主同盟；张澜为主席，左舜生为秘书长；章伯钧/罗隆基/梁漱溟/张君劢 各委员会主任；33 名中央委员，13 名中央常委；拟定《中国民主同盟纲领（草案）》。L2 等级：澎湃政务号转载 + 民盟中央公众号。
domestic:PP:huishi-daxuexi-difang-zuzhi-jianshe-1,1944-1945,PP,,,2024,L2,L2_page_cite,https://www.thepaper.cn/newsDetail_forward_30549185,政协/统一战线/官方媒体,official_publication,yes,accepted,,,0,,,no,WebSearch 2026-07-21 核读澎湃；【会史大学习】(二十七)地方组织的建立（上）；1945-01 民盟重庆市支部第一届委员会（何公敢主任委员）；1945-09 民盟重庆市支部正式成立；1946-01 民盟南方总支部在香港成立（领导广东/广西/港澳/海外）；1946-01 民盟广州市工作委员会（丘克辉主委）；1946-02 民盟广东省支部 + 广州市分部（陈柏麟主委）；1949-03 民盟总部由香港迁北平；1949-09 民盟代表出席政协一届全体会议。L2 等级：澎湃政务号转载 + 民盟中央官方。
domestic:CDMM:website-anchor,1944-1945,CDMM,,,2024,L2,L2_page_cite,http://www.cdmm.org.cn/,民盟自身与盟史,official_history_page,yes,accepted,,,0,,,no,WebFetch 2026-07-21 实测；中国民主同盟成都市委员会官网 cdmm.org.cn；含『记忆文选』栏目（盟员回忆 1941-1949 民盟历史）；L2 等级：地方民盟组织官方。
domestic:BJMM:website-anchor,1944-1945,BJMM,,,2024,L2,L2_page_cite,https://www.bjmm.org.cn/html/1/491/index.html,民盟自身与盟史,official_history_page,yes,accepted,,,0,,,no,WebFetch 2026-07-21 实测；bjmm.org.cn 导航含『历史资料 / 庆祝中国民主同盟成立八十周年』专题；1949-03 民盟总部由香港迁北平；1949-09 民盟代表出席政协一届全体会议；L2 等级：地方民盟组织官方。
domestic:PP:menshi-zonglan-series-anchor,1941-1943,PP,,,2024,L2,L2_page_cite,https://www.thepaper.cn/,政协/统一战线/官方媒体,official_publication,yes,accepted,,,0,,,no,WebSearch 2026-07-21 核读澎湃；澎湃【盟史纵览】系列：民盟成立（一）（二）（三）（四）+ 改组等；澎湃【会史大学习】系列：地方组织建立（一）（二）（二十七）等；L2 等级：民盟中央官方公众号 + 澎湃政务号官方。
domestic:MGCH:TJPRESS-minjizhongtian-zhuguan,1946-1950,MGCH,,,1987-12-25,L2,L2_page_cite,http://www.tjpress.com/,国内党政机关与档案馆,other,no,accepted,,,0,,,yes,WebSearch 2026-07-21 核读团结出版社官网；团结出版社有限公司（民革中央主管的中央级出版单位）；1987-12-25 成立；专门出版社会科学 / 民国史 / 传记作品 / 传统文化；已出版系列：辛亥著名人物传记丛书（2011，20 卷）/ 抗日战争与中华民族复兴（2015，20 卷）/ 华人华侨与中国革命和建设（2019，7 卷）/ 民革前辈传记丛书（2025-2026 启动，纪念民革成立 80 周年）；L2 等级：民革中央直属出版。
domestic:MGCH:mengge-qianbei-chuanji-congshu-2025,1946-1950,MGCH,,,2026-02-04,L2,L2_page_cite,http://www.tjpress.com/folder992/folder995/,国内党政机关与档案馆,other,no,accepted,,,0,,,yes,WebSearch 2026-07-21 核读团结出版社；《民革前辈传记丛书》（2025-2026 启动，分辑推出）；纪念民革成立 80 周年（1948-2028）；民革中央宣传部主办 + 团结出版社承办；任贵祥《〈民革前辈传记丛书〉读后》评论；L2 等级：民革中央系列出版。
domestic:CJD:1945-minjian-dansheng-chongqing,1944-1945,CJD,,,1945-12-16,L2,L2_page_cite,https://www.thepaper.cn/newsDetail_forward_30245299,其他,other,yes,accepted,,,0,,,no,WebSearch + WebFetch 2026-07-21 核读澎湃；【会史撷萃(7)】民主建国会诞生；1945-12-16 民建在重庆白象街西南实业大厦成立；5 位发起人：黄炎培 / 胡厥文 / 章乃器 / 施复亮 / 孙起孟；主席团：黄炎培 / 胡厥文 / 黄墨涵；93 人出席成立大会；134 人发起签名；约半数为民族工商业者 / 金融界代表 + 约半数文教界知识分子；L2 等级：民建中央官方公众号。
domestic:8P:8-dangpai-zhongyang-chubanshe,1941-1943,8P,,,2024,L2,L2_page_cite,https://www.toutiao.com/article/6660397680549691918,其他,other,no,accepted,,,0,,,yes,WebSearch 2026-07-21 核读今日头条汇总；8 大民主党派中央主办的出版社汇总；L2 等级：各党派中央直属出版。
domestic:RMZXW:2025-05-21-minmeng-chengli-80-zhounian,1941-1943,RMZXW,,,2025-05-21,L2,L2_page_cite,http://www.rmzxw.com.cn/news/1745340628318521.html,其他,other,yes,accepted,,,0,,,no,WebFetch 2026-07-21 实测；《中国民主同盟的成立、初心与归宿——纪念中国民主同盟成立 80 周年》（人民政协网 rmzxw.com.cn 2025-05-21 发布）；1941-03-19 皖南事变一个月后，中国民主政团同盟在重庆秘密成立；1944-09 全国代表会议改组为中国民主同盟；1945-10 中国民主同盟临时全国代表大会；L2 等级：人民政协网官方 = 全国政协主管。
domestic:RMZXW:website-anchor-1949,1941-1943,RMZXW,,,2026,L2,L2_page_cite,http://www.rmzxw.com.cn/,其他,other,yes,accepted,,,0,,,no,WebSearch 2026-07-21 核读人民政协网；rmzxw.com.cn 人民政协网 = 全国政协主管；含民主党派成立周年纪念专题（如民盟 80 周年 2025-05-21）；L2 等级：人民政协网官方一手。
domestic:NGD:website-jianjie-anchor,1946-1950,NGD,,,2024,L2,L2_page_cite,http://www.ngd.org.cn/gs/jj/index.htm,政协/统一战线/官方媒体,official_publication,yes,accepted,,,0,,,no,WebFetch 2026-07-21 实测农工党中央 ngd.org.cn；中国农工民主党中央委员会官方简介；1930-08-09 上海法租界萨坡赛路 290 号（今淡水路 332 弄 1 号）一干会议成立；邓演达为主持人；章伯钧 / 黄琪翔 / 季方 / 丘哲 等 30 余人出席；通过《中国国民党临时行动委员会政治主张》；邓演达被推举为总干事；1947-02-03 改名中国农工民主党；L2 等级：农工党中央官方一手。
domestic:NGD:jie-fang-qian-jiao-tuan-ji-fengyun,1946-1950,NGD,,,2024,L2,L2_page_cite,http://www.ngd.org.cn/jczt/jwklngdlsmjz/mjzjchj/32591.htm,政协/统一战线/官方媒体,official_publication,yes,accepted,,,0,,,no,WebSearch 2026-07-21 核读农工党中央 ngd.org.cn 党史专题；《解放前的农工党》+《精彩画卷》系列；覆盖 1930 一干会议 + 1935 中华民族解放行动委员会 + 1947 农工党定名 + 1949 参与政协；L2 等级：农工党中央官方党史。
domestic:ZG:website-anchor,1946-1950,ZG,,,2024,L2,L2_page_cite,http://www.zg.org.cn/,其他,other,yes,accepted,,,0,,,no,urllib 2026-07-21 实测 zg.org.cn；致公党中央委员会官方主页（146806 字节，GBK）；1925-10 美洲旧金山洪门致公堂改组成立；1947-05 上海第三次代表大会改组为现代政党；司徒美堂 / 陈其尤 / 黄鼎臣 等历任主席；L2 等级：致公党中央官方。
domestic:93:bsjs-jsjj-jianyao-1945-1949,1944-1945,93,,,2024,L2,L2_page_cite,http://www.93.gov.cn:80/bsjs-jsjj/,政协/统一战线/官方媒体,official_publication,yes,accepted,,,0,,,no,urllib 2026-07-21 实测 93.gov.cn/bsjs-jsjj/；九三学社中央简介 71050 字节；1944 民主科学座谈会在重庆成立（继承五四反帝爱国民主科学精神）；1945-09-03 改名为九三座谈会（纪念抗战胜利）；1946-05-04 改称九三学社；响应中共五一口号；接受中国共产党领导；参加中国人民政治协商会议第一届全体会议；为建立中华人民共和国作出积极贡献；L2 等级：九三学社中央官方。
domestic:93:bsjs-ljzywyh-anchor,1944-1945,93,,,2024,L2,L2_page_cite,http://www.93.gov.cn:80/bsjs-ljzywyh/,政协/统一战线/官方媒体,official_publication,yes,accepted,,,0,,,no,urllib 2026-07-21 实测 93.gov.cn/bsjs-ljzywyh/；九三学社中央历届中央委员会索引页（71057 字节）；含 1945-09 成立后历届（许德珩主席等）；L2 等级：九三学社中央官方。
domestic:TM:tmly-tmjj-jianyao-1947,1946-1950,TM,,,2024,L2,L2_page_cite,http://www.taimeng.org.cn/tmly/tmjj/,政协/统一战线/官方媒体,official_publication,yes,accepted,,,0,,,no,urllib 2026-07-21 实测 taimeng.org.cn/tmly/tmjj/；台盟中央简介 20298 字节；台盟于 1947-11-12 在香港成立；接受中国共产党的领导；参加新民主主义革命；支持台湾人民的反帝爱国民主斗争；响应中共五一口号；参加中国人民政治协商会议第一届全体会议；参与创建中华人民共和国；L2 等级：台盟中央官方。
domestic:TM:tmly-tmzc-zhangcheng,1946-1950,TM,,,2024,L2,L2_page_cite,http://www.taimeng.org.cn/tmly/tmzc/,政协/统一战线/官方媒体,official_publication,yes,accepted,,,0,,,no,urllib 2026-07-21 实测；台盟中央最新章程 19093 字节；L2 等级：台盟中央官方。
domestic:GMD:2017-12-07-xinwen-beijing-zhongguo-minmeng,1941-1943,GMD,,,2017-12-07,L2,L2_page_cite,http://epaper.gmw.cn/gmrb/html/2017-12/07/nw.D110000gmrb_20171207_8-03.htm,政协/统一战线/官方媒体,official_publication,yes,accepted,,,0,,,no,urllib 2026-07-21 实测光明日报 epaper；《新闻背景：中国民主同盟》（2017-12-07 第 08 版 42010 字节）；1941-03-19 重庆秘密成立中国民主政团同盟；1941-11-16 张澜公开宣布成立；1944-09 全国代表会议改名为中国民主同盟；抗日战争和解放战争时期民盟与中共合作反帝反封建反官僚资本；L2 等级：光明日报官方 = 中共党报 = 官方一手。
domestic:GMD:epaper-meng-1941-1949-aggregate,1941-1943,GMD,,,2024,L2,L2_page_cite,http://epaper.gmw.cn/,政协/统一战线/官方媒体,official_publication,yes,accepted,,,0,,,no,urllib 2026-07-21 实测 epaper.gmw.cn；光明日报 epaper = 中共中央宣传部直属党报；已发现 2 篇民盟专题：2017-12-07 新闻背景 + 2022-12-22 中国民主同盟；L2 等级：光明日报党报官方。
domestic:ACAD:1977-shaheen-cdl-politics-1939-1947-phd,1941-1943,ACAD,,,1977,L2,L2_page_cite,https://www.doc88.com/p-8408937174718.html,公共数字化/学术/海外,book_or_assembly,yes,accepted,,,0,,,no,"WebSearch 2026-07-21 核读；Anthony Joseph Shaheen 1977 密歇根大学博士论文；THE CHINA DEMOCRATIC LEAGUE AND CHINESE POLITICS, 1939-1947；覆盖民盟 1939-1947 完整政治史；L2 等级：University of Michigan 学术博士论文。"
domestic:ACAD:wuhan-united-front-1940s-cambridge-quarterly,1944-1945,ACAD,,,1990,L2,L2_page_cite,https://doi.org/10.1017%2FS030574100001818X,公共数字化/学术/海外,book_or_assembly,yes,accepted,,,0,,,no,WebSearch 2026-07-21 核读；Cambridge The China Quarterly 学术论文；吴晗 = 民盟中央执委 + 北京副市长；1940s 联合政府 / 民盟与中共联合战线研究；L2 等级：Cambridge 学术期刊。
domestic:SCIO:2021-12-china-political-party-system,1941-1943,SCIO,,,2021-12,L2,L2_page_cite,http://www.scio.gov.cn/zfbps/ndhf/2021n_2242/202207/t20220704_130684.html,政协/统一战线/官方媒体,official_publication,yes,accepted,,,0,,,no,WebSearch 2026-07-21 核读；国务院新闻办政党制度白皮书 2021-12；中英双语；含 8 大民主党派历史；L2 等级：国务院新闻办官方。
domestic:XINHUA:2017-12-11-cdl-12th-congress-english,1941-1943,XINHUA,,,2017-12-11,L2,L2_page_cite,http://www.xinhuanet.com/english/2017-12/11/c_136816473.htm,政协/统一战线/官方媒体,official_publication,yes,accepted,,,0,,,no,WebSearch 2026-07-21 核读；新华社英文 2017-12-11 民盟 12 大闭幕报道；L2 等级：新华社英文官方。
domestic:RMZXB:2015-04-09-guangming-bao-chibaijiafan,1941-1943,RMZXB,,,2015-04-09,L2,L2_page_cite,http://www.rmzxb.com.cn/c/2015-04-09/479732.shtml,其他,other,yes,accepted,,,0,,,no,"WebSearch 2026-07-21 核读；《吃""百家饭""的《光明报》》（人民政协网 2015-04-09）；1941-09-18 香港《光明报》创刊；1941-10-10 刊登中国民主政团同盟成立宣言 + 十大纲领；L2 等级：人民政协网官方 = 全国政协主管。"
domestic:CAIXIN:2023-10-18-liangshuming-yushenghua-guangmingbao,1941-1943,CAIXIN,,,2023-10-18,L2,L2_page_cite,https://mini.caixin.com/m/2023-10-18/102117719.html,政协/统一战线/官方媒体,official_publication,yes,accepted,,,0,,,no,WebSearch 2026-07-21 核读；《梁漱溟与俞颂华共办《光明报》纪念》（财新网 2023-10-18）；梁漱溟 1941-03-29 离渝赴香港筹办民盟机关报《光明报》；1941-09-18 创刊；L2 等级：财新网学术专题。
domestic:RMTZ:2013-01-24-liangshuming-xianggang-guangmingbao,1941-1943,RMTZ,,,2013-01-24,L2,L2_page_cite,http://dangshi.people.com.cn/n/2013/0124/c85037-20316609.html,政协/统一战线/官方媒体,official_publication,yes,accepted,,,0,,,no,WebSearch 2026-07-21 核读；《梁漱溟在香港出版民盟机关刊物《光明报》》（人民网党史频道 2013-01-24）；L2 等级：人民网党史频道官方 = 中共党媒党史。
domestic:ZSY:website-anchor-1941-1949,1941-1943,ZSY,,,2026,L2,L2_page_cite,https://www.zysy.org.cn/,政协/统一战线/官方媒体,official_publication,yes,accepted,,,0,,,no,urllib 2026-07-21 实测 zysy.org.cn 44779 字节；中央社会主义学院主站含民主党派专区；院庆 70 周年（1956-2026）；民主党派中常会下半年工作部署；统一战线高端智库；L2 等级：中央社会主义学院 = 中共中央直属事业单位。
domestic:CSSN:lishi-zhuanti-1941-1949,1941-1943,CSSN,,,2026,L2,L2_page_cite,https://www.cssn.cn/lsx/lsx_zgs/,政协/统一战线/官方媒体,official_publication,yes,accepted,,,0,,,no,urllib 2026-07-21 实测 cssn.cn/lsx/lsx_zgs/；中国社科院中国史栏目；含民主党派历史研究学术资源；L2 等级：中国社会科学院 = 国家级学术研究机构。
domestic:RMZXB:2024-12-10-huangyanpei-jiuxinzheng,1946-1950,RMZXB,,,2024-12-10,L2,L2_page_cite,http://www.rmzxb.com.cn/c/2024-12-10/3645690.shtml,其他,other,yes,accepted,,,0,,,no,WebSearch 2026-07-21 核读；《黄炎培的旧政协会议之路》（人民政协网 2024-12-10）；黄炎培 1946-01 出席政治协商会议（重庆）；民建创始人黄炎培 + 民盟前身；L2 等级：人民政协网官方。
domestic:CPC:2024-09-30-fengyutongzhou-gongyi-guoshi,1946-1950,CPC,,,2024-09-30,L2,L2_page_cite,http://cpc.people.com.cn/n1/2024/0930/c443712-40331438.html,政协/统一战线/官方媒体,official_publication,yes,accepted,,,0,,,no,WebSearch 2026-07-21 核读；《风雨同舟 共议国是》（中共党史网 2024-09-30）；1946 旧政协与中共合作；民盟积极响应；L2 等级：中国共产党新闻网 = 中共中央组织部主管。
domestic:SH:1946-junzi-xieding-jiuxinzheng,1946-1950,SH,,,2024,L2,L2_page_cite,https://www.sohu.com/a/800286372_122010799,国内党政机关与档案馆,other,yes,accepted,,,0,,,no,WebSearch 2026-07-21 核读；《中共与民盟的一次君子协定——1946 旧政协》（搜狐网 2024）；1946-01 旧政协期间中共与民盟合作；L2 等级：搜狐网转学术。
domestic:SH:2010-01-10-zhenxie-huifu,1946-1950,SH,,,2010-01-10,L2,L2_page_cite,https://news.sohu.com/20100110/n269474189.shtml,国内党政机关与档案馆,other,yes,accepted,,,0,,,no,WebSearch 2026-07-21 核读；《1946-01-10 政协会议否定国民党独裁统治》（搜狐 2010）；L2 等级：搜狐新闻专题。
