id,doc_key,title,date_guess,url,hit_type,ingested_candidate_id,volume_title,volume_id,doc_id,doc_number,class_grade,class_score,class_needs_review,class_reason,source_type,source_registry_id,source_title,source_origin_url,source_local_path,sub_count,prov_count
1048,domestic-ocr/MMHIST:formation-declaration-1941:ocr-pilot,中国民主政团同盟成立宣言（OCR试点页）,1941-10-10,https://www.marxists.org/chinese/pdf/history_of_international/china/mzhtm1.pdf,domestic_ocr_pilot,,《中国民主同盟历史文献 1941—1949》（1983）,MMHIST,MMHIST:formation-declaration-1941:ocr-pilot,,,,,,domestic_ocr_pilot,domestic-ocr:MMHIST:formation-declaration-1941:ocr-pilot,中国民主政团同盟成立宣言（OCR试点页）,https://www.marxists.org/chinese/pdf/history_of_international/china/mzhtm1.pdf,data/domestic/sourcebooks/中国民主同盟历史文献_1941-1949_公开扫描.pdf,3,0
1049,domestic-ocr/MMHIST:platform-1945:ocr-pilot,中国民主同盟纲领（OCR试点页）,1945-10,https://www.marxists.org/chinese/pdf/history_of_international/china/mzhtm1.pdf,domestic_ocr_pilot,,《中国民主同盟历史文献 1941—1949》（1983）,MMHIST,MMHIST:platform-1945:ocr-pilot,,,,,,domestic_ocr_pilot,domestic-ocr:MMHIST:platform-1945:ocr-pilot,中国民主同盟纲领（OCR试点页）,https://www.marxists.org/chinese/pdf/history_of_international/china/mzhtm1.pdf,data/domestic/sourcebooks/中国民主同盟历史文献_1941-1949_公开扫描.pdf,1,0
1050,domestic-ocr/MMHIST:political-report-1945:ocr-pilot,中国民主同盟临时全国代表大会政治报告（OCR试点页）,1945-10-11,https://www.marxists.org/chinese/pdf/history_of_international/china/mzhtm1.pdf,domestic_ocr_pilot,,《中国民主同盟历史文献 1941—1949》（1983）,MMHIST,MMHIST:political-report-1945:ocr-pilot,,,,,,domestic_ocr_pilot,domestic-ocr:MMHIST:political-report-1945:ocr-pilot,中国民主同盟临时全国代表大会政治报告（OCR试点页）,https://www.marxists.org/chinese/pdf/history_of_international/china/mzhtm1.pdf,data/domestic/sourcebooks/中国民主同盟历史文献_1941-1949_公开扫描.pdf,2,0
1051,domestic-ocr/MMHIST:congress-declaration-1945:ocr-pilot,中国民主同盟临时全国代表大会宣言（OCR试点页）,1945-10-16,https://www.marxists.org/chinese/pdf/history_of_international/china/mzhtm1.pdf,domestic_ocr_pilot,,《中国民主同盟历史文献 1941—1949》（1983）,MMHIST,MMHIST:congress-declaration-1945:ocr-pilot,,,,,,domestic_ocr_pilot,domestic-ocr:MMHIST:congress-declaration-1945:ocr-pilot,中国民主同盟临时全国代表大会宣言（OCR试点页）,https://www.marxists.org/chinese/pdf/history_of_international/china/mzhtm1.pdf,data/domestic/sourcebooks/中国民主同盟历史文献_1941-1949_公开扫描.pdf,2,0
1052,domestic-ocr/NLC:minmeng-wenxian-1946-minmeng-platform-1945:ocr-pilot,中国民主同盟纲领（1946年官方汇编OCR试点）,1945-10,https://commons.wikimedia.org/wiki/File:NLC416-01jh004281-12557_%E6%B0%91%E4%B8%BB%E5%90%8C%E7%9B%9F%E6%96%87%E7%8D%BB.pdf,domestic_ocr_pilot,,《民主同盟文獻》（1946）,MMHIST,NLC:minmeng-wenxian-1946-minmeng-platform-1945:ocr-pilot,,,,,,domestic_ocr_pilot,domestic-ocr:NLC:minmeng-wenxian-1946-minmeng-platform-1945:ocr-pilot,中国民主同盟纲领（1946年官方汇编OCR试点）,https://commons.wikimedia.org/wiki/File:NLC416-01jh004281-12557_%E6%B0%91%E4%B8%BB%E5%90%8C%E7%9B%9F%E6%96%87%E7%8D%BB.pdf,data/domestic/sourcebooks/NLC416-01jh004281-12557_民主同盟文獻_1946.pdf,26,0
1053,domestic-ocr/NLC:minmeng-wenxian-1946-formation-group:ocr-pilot,1941成立文件页组（OCR试点）,1941-10-10,https://commons.wikimedia.org/wiki/File:NLC416-01jh004281-12557_%E6%B0%91%E4%B8%BB%E5%90%8C%E7%9B%9F%E6%96%87%E7%8D%BB.pdf,domestic_ocr_pilot,,《民主同盟文獻》（1946）,MMHIST,NLC:minmeng-wenxian-1946-formation-group:ocr-pilot,,,,,,domestic_ocr_pilot,domestic-ocr:NLC:minmeng-wenxian-1946-formation-group:ocr-pilot,1941成立文件页组（OCR试点）,https://commons.wikimedia.org/wiki/File:NLC416-01jh004281-12557_%E6%B0%91%E4%B8%BB%E5%90%8C%E7%9B%9F%E6%96%87%E7%8D%BB.pdf,data/domestic/sourcebooks/NLC416-01jh004281-12557_民主同盟文獻_1946.pdf,5,0
1054,domestic-ocr/NLC:minmeng-wenxian-1946-early-group:ocr-pilot,1944—1945早期文件页组（OCR试点）,1944-10—1945-01,https://commons.wikimedia.org/wiki/File:NLC416-01jh004281-12557_%E6%B0%91%E4%B8%BB%E5%90%8C%E7%9B%9F%E6%96%87%E7%8D%BB.pdf,domestic_ocr_pilot,,《民主同盟文獻》（1946）,MMHIST,NLC:minmeng-wenxian-1946-early-group:ocr-pilot,,,,,,domestic_ocr_pilot,domestic-ocr:NLC:minmeng-wenxian-1946-early-group:ocr-pilot,1944—1945早期文件页组（OCR试点）,https://commons.wikimedia.org/wiki/File:NLC416-01jh004281-12557_%E6%B0%91%E4%B8%BB%E5%90%8C%E7%9B%9F%E6%96%87%E7%8D%BB.pdf,data/domestic/sourcebooks/NLC416-01jh004281-12557_民主同盟文獻_1946.pdf,9,0
1055,domestic-ocr/NLC:minmeng-wenxian-1946-boundary-group:ocr-pilot,1945政治主张文件页组（上，OCR试点）,1945,https://commons.wikimedia.org/wiki/File:NLC416-01jh004281-12557_%E6%B0%91%E4%B8%BB%E5%90%8C%E7%9B%9F%E6%96%87%E7%8D%BB.pdf,domestic_ocr_pilot,,《民主同盟文獻》（1946）,MMHIST,NLC:minmeng-wenxian-1946-boundary-group:ocr-pilot,,,,,,domestic_ocr_pilot,domestic-ocr:NLC:minmeng-wenxian-1946-boundary-group:ocr-pilot,1945政治主张文件页组（上，OCR试点）,https://commons.wikimedia.org/wiki/File:NLC416-01jh004281-12557_%E6%B0%91%E4%B8%BB%E5%90%8C%E7%9B%9F%E6%96%87%E7%8D%BB.pdf,data/domestic/sourcebooks/NLC416-01jh004281-12557_民主同盟文獻_1946.pdf,9,0
1056,domestic-ocr/NLC:minmeng-wenxian-1946-around-group:ocr-pilot,1945政治主张文件页组（下，OCR试点）,1945,https://commons.wikimedia.org/wiki/File:NLC416-01jh004281-12557_%E6%B0%91%E4%B8%BB%E5%90%8C%E7%9B%9F%E6%96%87%E7%8D%BB.pdf,domestic_ocr_pilot,,《民主同盟文獻》（1946）,MMHIST,NLC:minmeng-wenxian-1946-around-group:ocr-pilot,,,,,,domestic_ocr_pilot,domestic-ocr:NLC:minmeng-wenxian-1946-around-group:ocr-pilot,1945政治主张文件页组（下，OCR试点）,https://commons.wikimedia.org/wiki/File:NLC416-01jh004281-12557_%E6%B0%91%E4%B8%BB%E5%90%8C%E7%9B%9F%E6%96%87%E7%8D%BB.pdf,data/domestic/sourcebooks/NLC416-01jh004281-12557_民主同盟文獻_1946.pdf,4,0
1057,domestic-ocr/NLC:minmeng-wenxian-1946-target-group:ocr-pilot,1945文件页组（续，OCR试点）,1945,https://commons.wikimedia.org/wiki/File:NLC416-01jh004281-12557_%E6%B0%91%E4%B8%BB%E5%90%8C%E7%9B%9F%E6%96%87%E7%8D%BB.pdf,domestic_ocr_pilot,,《民主同盟文獻》（1946）,MMHIST,NLC:minmeng-wenxian-1946-target-group:ocr-pilot,,,,,,domestic_ocr_pilot,domestic-ocr:NLC:minmeng-wenxian-1946-target-group:ocr-pilot,1945文件页组（续，OCR试点）,https://commons.wikimedia.org/wiki/File:NLC416-01jh004281-12557_%E6%B0%91%E4%B8%BB%E5%90%8C%E7%9B%9F%E6%96%87%E7%8D%BB.pdf,data/domestic/sourcebooks/NLC416-01jh004281-12557_民主同盟文獻_1946.pdf,6,0
1058,domestic-ocr/NLC:minmeng-wenxian-1946-late-group:ocr-pilot,1945大会宣言后续页组（日期待核，OCR试点）,1945-12或待核,https://commons.wikimedia.org/wiki/File:NLC416-01jh004281-12557_%E6%B0%91%E4%B8%BB%E5%90%8C%E7%9B%9F%E6%96%87%E7%8D%BB.pdf,domestic_ocr_pilot,,《民主同盟文獻》（1946）,MMHIST,NLC:minmeng-wenxian-1946-late-group:ocr-pilot,,,,,,domestic_ocr_pilot,domestic-ocr:NLC:minmeng-wenxian-1946-late-group:ocr-pilot,1945大会宣言后续页组（日期待核，OCR试点）,https://commons.wikimedia.org/wiki/File:NLC416-01jh004281-12557_%E6%B0%91%E4%B8%BB%E5%90%8C%E7%9B%9F%E6%96%87%E7%8D%BB.pdf,data/domestic/sourcebooks/NLC416-01jh004281-12557_民主同盟文獻_1946.pdf,11,0
1059,domestic-ocr/NLC:guangmingbao-1947-19-key-pages,《光明報》1947年新十九號关键页（OCR试点）,1947-10-28,https://commons.wikimedia.org/wiki/File:NLC404-01J000514-10458_%E5%85%89%E6%98%8E%E5%A0%B1_1947%E5%B9%B419%E6%9C%9F.pdf,domestic_ocr_pilot,,《光明報》,MMHIST,NLC:guangmingbao-1947-19-key-pages,,,,,,domestic_ocr_pilot,domestic-ocr:NLC:guangmingbao-1947-19-key-pages,《光明報》1947年新十九號关键页（OCR试点）,https://commons.wikimedia.org/wiki/File:NLC404-01J000514-10458_%E5%85%89%E6%98%8E%E5%A0%B1_1947%E5%B9%B419%E6%9C%9F.pdf,data/domestic/press_scans/NLC404-01J000514-10458_光明報_1947年19期.pdf,12,0
1060,domestic-ocr/NLC:guangmingbao-1947-12-full-ocr,《光明報》1947年新十二號（OCR试点）,1947-08-08,https://commons.wikimedia.org/wiki/File:NLC404-01J000514-72818_%E5%85%89%E6%98%8E%E5%A0%B1_1947%E5%B9%B4%E6%96%B0%E5%8D%81%E4%BA%8C%E8%99%9F.pdf,domestic_ocr_pilot,,《光明報》,MMHIST,NLC:guangmingbao-1947-12-full-ocr,,,,,,domestic_ocr_pilot,domestic-ocr:NLC:guangmingbao-1947-12-full-ocr,《光明報》1947年新十二號（OCR试点）,https://commons.wikimedia.org/wiki/File:NLC404-01J000514-72818_%E5%85%89%E6%98%8E%E5%A0%B1_1947%E5%B9%B4%E6%96%B0%E5%8D%81%E4%BA%8C%E8%99%9F.pdf,data/domestic/press_scans/NLC404-01J000514-72818_光明報_1947年12期.pdf,16,0
1061,domestic-ocr/NLC:guangmingbao-1947-13-full-ocr,《光明報》1947年新十三號（OCR试点）,1947-01-18,https://commons.wikimedia.org/wiki/File:NLC404-01J000514-10453_%E5%85%89%E6%98%8E%E5%A0%B1_1947%E5%B9%B4%E6%96%B0%E5%8D%81%E4%B8%89%E8%99%9F.pdf,domestic_ocr_pilot,,《光明報》,MMHIST,NLC:guangmingbao-1947-13-full-ocr,,,,,,domestic_ocr_pilot,domestic-ocr:NLC:guangmingbao-1947-13-full-ocr,《光明報》1947年新十三號（OCR试点）,https://commons.wikimedia.org/wiki/File:NLC404-01J000514-10453_%E5%85%89%E6%98%8E%E5%A0%B1_1947%E5%B9%B4%E6%96%B0%E5%8D%81%E4%B8%89%E8%99%9F.pdf,data/domestic/press_scans/NLC404-01J000514-10453_光明報_1947年13期.pdf,16,0
1062,domestic-ocr/NLC:guangmingbao-1947-14-full-ocr,《光明報》1947年新十四號（OCR试点）,1947-01-28,https://commons.wikimedia.org/wiki/File:NLC404-01J000514-10454_%E5%85%89%E6%98%8E%E5%A0%B1_1947%E5%B9%B4%E6%96%B0%E5%8D%81%E5%9B%9B%E8%99%9F.pdf,domestic_ocr_pilot,,《光明報》,MMHIST,NLC:guangmingbao-1947-14-full-ocr,,,,,,domestic_ocr_pilot,domestic-ocr:NLC:guangmingbao-1947-14-full-ocr,《光明報》1947年新十四號（OCR试点）,https://commons.wikimedia.org/wiki/File:NLC404-01J000514-10454_%E5%85%89%E6%98%8E%E5%A0%B1_1947%E5%B9%B4%E6%96%B0%E5%8D%81%E5%9B%9B%E8%99%9F.pdf,data/domestic/press_scans/NLC404-01J000514-10454_光明報_1947年14期.pdf,16,0
1063,domestic-ocr/NLC:guangmingbao-1947-15-full-ocr,《光明報》1947年新十五號（OCR试点）,1947-02-08,https://commons.wikimedia.org/wiki/File:NLC404-01J000514-10455_%E5%85%89%E6%98%8E%E5%A0%B1_1947%E5%B9%B4%E6%96%B0%E5%8D%81%E4%BA%94%E8%99%9F.pdf,domestic_ocr_pilot,,《光明報》,MMHIST,NLC:guangmingbao-1947-15-full-ocr,,,,,,domestic_ocr_pilot,domestic-ocr:NLC:guangmingbao-1947-15-full-ocr,《光明報》1947年新十五號（OCR试点）,https://commons.wikimedia.org/wiki/File:NLC404-01J000514-10455_%E5%85%89%E6%98%8E%E5%A0%B1_1947%E5%B9%B4%E6%96%B0%E5%8D%81%E4%BA%94%E8%99%9F.pdf,data/domestic/press_scans/NLC404-01J000514-10455_光明報_1947年15期.pdf,16,0
1064,domestic-ocr/NLC:guangmingbao-1947-16-17-full-ocr,《光明報》1947年新十六—十七號（OCR试点）,1947-03-18,https://commons.wikimedia.org/wiki/File:NLC404-01J000514-10456_%E5%85%89%E6%98%8E%E5%A0%B1_1947%E5%B9%B416%E2%80%9317%E6%9C%9F.pdf,domestic_ocr_pilot,,《光明報》,MMHIST,NLC:guangmingbao-1947-16-17-full-ocr,,,,,,domestic_ocr_pilot,domestic-ocr:NLC:guangmingbao-1947-16-17-full-ocr,《光明報》1947年新十六—十七號（OCR试点）,https://commons.wikimedia.org/wiki/File:NLC404-01J000514-10456_%E5%85%89%E6%98%8E%E5%A0%B1_1947%E5%B9%B416%E2%80%9317%E6%9C%9F.pdf,data/domestic/press_scans/NLC404-01J000514-10456_光明報_1947年16–17期.pdf,17,0
1065,domestic-ocr/NLC:guangmingbao-1947-18-full-ocr,《光明報》1947年新十八號（OCR试点）,1947-05-14,https://commons.wikimedia.org/wiki/File:NLC404-01J000514-10457_%E5%85%89%E6%98%8E%E5%A0%B1_1947%E5%B9%B4%E6%96%B0%E5%8D%81%E5%85%AB%E8%99%9F.pdf,domestic_ocr_pilot,,《光明報》,MMHIST,NLC:guangmingbao-1947-18-full-ocr,,,,,,domestic_ocr_pilot,domestic-ocr:NLC:guangmingbao-1947-18-full-ocr,《光明報》1947年新十八號（OCR试点）,https://commons.wikimedia.org/wiki/File:NLC404-01J000514-10457_%E5%85%89%E6%98%8E%E5%A0%B1_1947%E5%B9%B4%E6%96%B0%E5%8D%81%E5%85%AB%E8%99%9F.pdf,data/domestic/press_scans/NLC404-01J000514-10457_光明報_1947年18期.pdf,16,0
1066,domestic-ocr/NLC:guangmingbao-1948-v1n1-full-ocr,《光明報》1948年第一卷第一期（OCR试点）,1948-03-01,https://commons.wikimedia.org/wiki/File:NLC404-01J000514-10484_%E5%85%89%E6%98%8E%E5%A0%B1_1948%E5%B9%B41%E5%8D%B71%E6%9C%9F.pdf,domestic_ocr_pilot,,《光明報》,MMHIST,NLC:guangmingbao-1948-v1n1-full-ocr,,,,,,domestic_ocr_pilot,domestic-ocr:NLC:guangmingbao-1948-v1n1-full-ocr,《光明報》1948年第一卷第一期（OCR试点）,https://commons.wikimedia.org/wiki/File:NLC404-01J000514-10484_%E5%85%89%E6%98%8E%E5%A0%B1_1948%E5%B9%B41%E5%8D%B71%E6%9C%9F.pdf,data/domestic/press_scans/NLC404-01J000514-10484_光明報_1948年1卷1期.pdf,24,0
1067,domestic-ocr/NLC:guangmingbao-1948-v1n12-full-ocr,《光明報》1948年第一卷第十二期（OCR试点）,1948-08-16,https://commons.wikimedia.org/wiki/File:NLC404-01J000514-10514_%E5%85%89%E6%98%8E%E5%A0%B1_1948%E5%B9%B41%E5%8D%B712%E6%9C%9F.pdf,domestic_ocr_pilot,,《光明報》,MMHIST,NLC:guangmingbao-1948-v1n12-full-ocr,,,,,,domestic_ocr_pilot,domestic-ocr:NLC:guangmingbao-1948-v1n12-full-ocr,《光明報》1948年第一卷第十二期（OCR试点）,https://commons.wikimedia.org/wiki/File:NLC404-01J000514-10514_%E5%85%89%E6%98%8E%E5%A0%B1_1948%E5%B9%B41%E5%8D%B712%E6%9C%9F.pdf,data/domestic/press_scans/NLC404-01J000514-10514_光明報_1948年1卷12期.pdf,20,0
1068,domestic-ocr/NLC:guangmingbao-1949-v2n1-full-ocr,《光明報》1949年第二卷第一期（OCR试点）,1949-05-10,https://commons.wikimedia.org/wiki/File:NLC404-01J000514-10515_%E5%85%89%E6%98%8E%E5%A0%B1_1949%E5%B9%B42%E5%8D%B71%E6%9C%9F.pdf,domestic_ocr_pilot,,《光明報》,MMHIST,NLC:guangmingbao-1949-v2n1-full-ocr,,,,,,domestic_ocr_pilot,domestic-ocr:NLC:guangmingbao-1949-v2n1-full-ocr,《光明報》1949年第二卷第一期（OCR试点）,https://commons.wikimedia.org/wiki/File:NLC404-01J000514-10515_%E5%85%89%E6%98%8E%E5%A0%B1_1949%E5%B9%B42%E5%8D%B71%E6%9C%9F.pdf,data/domestic/press_scans/NLC404-01J000514-10515_光明報_1949年2卷1期.pdf,20,0
1069,domestic-ocr/NLC:guangmingbao-1949-v2n12-full-ocr,《光明報》1949年第二卷第十二期（OCR试点）,1949-06-16,https://commons.wikimedia.org/wiki/File:NLC404-01J000514-72821_%E5%85%89%E6%98%8E%E5%A0%B1_1949%E5%B9%B42%E5%8D%B712%E6%9C%9F.pdf,domestic_ocr_pilot,,《光明報》,MMHIST,NLC:guangmingbao-1949-v2n12-full-ocr,,,,,,domestic_ocr_pilot,domestic-ocr:NLC:guangmingbao-1949-v2n12-full-ocr,《光明報》1949年第二卷第十二期（OCR试点）,https://commons.wikimedia.org/wiki/File:NLC404-01J000514-72821_%E5%85%89%E6%98%8E%E5%A0%B1_1949%E5%B9%B42%E5%8D%B712%E6%9C%9F.pdf,data/domestic/press_scans/NLC404-01J000514-72821_光明報_1949年2卷12期.pdf,20,0
1070,domestic-ocr/NLC:minxian-1944-v1n9-democracy-vs-nondemocracy-article-ocr,《民憲》第一卷第九期〈民主政治與非民主政治〉正文（OCR试点）,1944-11-20,https://commons.wikimedia.org/wiki/File:NLC404-00J001436-85450_%E6%B0%91%E6%86%B2_1944%E2%80%931945%E5%B9%B4%E7%AC%AC%E4%B8%80%E5%8D%B7%E7%AC%AC%E4%B9%9D%E6%9C%9F.pdf,domestic_ocr_pilot,,《民憲》,MMHIST,NLC:minxian-1944-v1n9-democracy-vs-nondemocracy-article-ocr,,,,,,domestic_ocr_pilot,domestic-ocr:NLC:minxian-1944-v1n9-democracy-vs-nondemocracy-article-ocr,《民憲》第一卷第九期〈民主政治與非民主政治〉正文（OCR试点）,https://commons.wikimedia.org/wiki/File:NLC404-00J001436-85450_%E6%B0%91%E6%86%B2_1944%E2%80%931945%E5%B9%B4%E7%AC%AC%E4%B8%80%E5%8D%B7%E7%AC%AC%E4%B9%9D%E6%9C%9F.pdf,data/domestic/press_scans/NLC404-00J001436-85450_民憲_第一卷第九期.pdf,5,0
1071,domestic-ocr/NLC:minxian-1944-v1n1-contents-ocr,《民憲》第一卷第一期目录页（OCR试点）,1944-05-16,https://commons.wikimedia.org/wiki/File:NLC404-00J001436-85442_%E6%B0%91%E6%86%B2_1944%E2%80%931945%E5%B9%B4%E7%AC%AC%E4%B8%80%E5%8D%B7%E7%AC%AC%E4%B8%80%E6%9C%9F.pdf,domestic_ocr_pilot,,《民憲》,MMHIST,NLC:minxian-1944-v1n1-contents-ocr,,,,,,domestic_ocr_pilot,domestic-ocr:NLC:minxian-1944-v1n1-contents-ocr,《民憲》第一卷第一期目录页（OCR试点）,https://commons.wikimedia.org/wiki/File:NLC404-00J001436-85442_%E6%B0%91%E6%86%B2_1944%E2%80%931945%E5%B9%B4%E7%AC%AC%E4%B8%80%E5%8D%B7%E7%AC%AC%E4%B8%80%E6%9C%9F.pdf,data/domestic/press_scans/NLC404-00J001436-85442_民憲_第一卷第一期.pdf,1,0
1072,domestic-ocr/NLC:minxian-1944-v1n6-contents-ocr,《民憲》第一卷第六期目录页（OCR试点）,1944-08-15,https://commons.wikimedia.org/wiki/File:NLC404-00J001436-85447_%E6%B0%91%E6%86%B2_1944%E2%80%931945%E5%B9%B4%E7%AC%AC%E4%B8%80%E5%8D%B7%E7%AC%AC%E5%85%AD%E6%9C%9F.pdf,domestic_ocr_pilot,,《民憲》,MMHIST,NLC:minxian-1944-v1n6-contents-ocr,,,,,,domestic_ocr_pilot,domestic-ocr:NLC:minxian-1944-v1n6-contents-ocr,《民憲》第一卷第六期目录页（OCR试点）,https://commons.wikimedia.org/wiki/File:NLC404-00J001436-85447_%E6%B0%91%E6%86%B2_1944%E2%80%931945%E5%B9%B4%E7%AC%AC%E4%B8%80%E5%8D%B7%E7%AC%AC%E5%85%AD%E6%9C%9F.pdf,data/domestic/press_scans/NLC404-00J001436-85447_民憲_第一卷第六期.pdf,1,0
1073,domestic-ocr/NLC:minxian-1944-v1n1-preface-effort-and-thought-ocr,《民憲》第一卷第一期〈努力與思索〉（代發刊詞）正文试点,1944-05-16,https://commons.wikimedia.org/wiki/File:NLC404-00J001436-85442_%E6%B0%91%E6%86%B2_1944%E2%80%931945%E5%B9%B4%E7%AC%AC%E4%B8%80%E5%8D%B7%E7%AC%AC%E4%B8%80%E6%9C%9F.pdf,domestic_ocr_pilot,,《民憲》,MMHIST,NLC:minxian-1944-v1n1-preface-effort-and-thought-ocr,,,,,,domestic_ocr_pilot,domestic-ocr:NLC:minxian-1944-v1n1-preface-effort-and-thought-ocr,《民憲》第一卷第一期〈努力與思索〉（代發刊詞）正文试点,https://commons.wikimedia.org/wiki/File:NLC404-00J001436-85442_%E6%B0%91%E6%86%B2_1944%E2%80%931945%E5%B9%B4%E7%AC%AC%E4%B8%80%E5%8D%B7%E7%AC%AC%E4%B8%80%E6%9C%9F.pdf,data/domestic/press_scans/NLC404-00J001436-85442_民憲_第一卷第一期.pdf,3,0
1074,domestic-ocr/NLC:minxian-1944-v1n6-democracy-philosophy-upper-ocr,《民憲》第一卷第六期〈民主政治的哲學問題（上）〉正文试点,1944-08-15,https://commons.wikimedia.org/wiki/File:NLC404-00J001436-85447_%E6%B0%91%E6%86%B2_1944%E2%80%931945%E5%B9%B4%E7%AC%AC%E4%B8%80%E5%8D%B7%E7%AC%AC%E5%85%AD%E6%9C%9F.pdf,domestic_ocr_pilot,,《民憲》,MMHIST,NLC:minxian-1944-v1n6-democracy-philosophy-upper-ocr,,,,,,domestic_ocr_pilot,domestic-ocr:NLC:minxian-1944-v1n6-democracy-philosophy-upper-ocr,《民憲》第一卷第六期〈民主政治的哲學問題（上）〉正文试点,https://commons.wikimedia.org/wiki/File:NLC404-00J001436-85447_%E6%B0%91%E6%86%B2_1944%E2%80%931945%E5%B9%B4%E7%AC%AC%E4%B8%80%E5%8D%B7%E7%AC%AC%E5%85%AD%E6%9C%9F.pdf,data/domestic/press_scans/NLC404-00J001436-85447_民憲_第一卷第六期.pdf,4,0
1075,domestic-ocr/NLC:guangmingbao-1946-issue8-conditional-national-assembly-ocr,《光明報》新八號〈論有條件參加國大〉首版（OCR试点）,1946-08,https://commons.wikimedia.org/wiki/File%3ANLC404-01J000514-10429_%E5%85%89%E6%98%8E%E5%A0%B1_1946%E5%B9%B48%E6%9C%9F.pdf,domestic_ocr_pilot,,《光明報》,MMHIST,NLC:guangmingbao-1946-issue8-conditional-national-assembly-ocr,,,,,,domestic_ocr_pilot,domestic-ocr:NLC:guangmingbao-1946-issue8-conditional-national-assembly-ocr,《光明報》新八號〈論有條件參加國大〉首版（OCR试点）,https://commons.wikimedia.org/wiki/File%3ANLC404-01J000514-10429_%E5%85%89%E6%98%8E%E5%A0%B1_1946%E5%B9%B48%E6%9C%9F.pdf,data/domestic/press_scans/NLC404-01J000514-10429_光明報_1946年8期.pdf,1,0
1076,domestic-ocr/NLC:minxian-1944-v1n10-contents-ocr,《民憲》第一卷第十期目录页（OCR试点）,1944-12-20,https://commons.wikimedia.org/wiki/File:NLC404-00J001436-85451_%E6%B0%91%E6%86%B2_1944%E2%80%931945%E5%B9%B4%E7%AC%AC%E4%B8%80%E5%8D%B7%E7%AC%AC%E5%8D%81%E6%9C%9F.pdf,domestic_ocr_pilot,,《民憲》,MMHIST,NLC:minxian-1944-v1n10-contents-ocr,,,,,,domestic_ocr_pilot,domestic-ocr:NLC:minxian-1944-v1n10-contents-ocr,《民憲》第一卷第十期目录页（OCR试点）,https://commons.wikimedia.org/wiki/File:NLC404-00J001436-85451_%E6%B0%91%E6%86%B2_1944%E2%80%931945%E5%B9%B4%E7%AC%AC%E4%B8%80%E5%8D%B7%E7%AC%AC%E5%8D%81%E6%9C%9F.pdf,data/domestic/press_scans/NLC404-00J001436-85451_民憲_第一卷第十期.pdf,1,0
1077,domestic-ocr/NLC:xinhua-daily-1941-10-10-full-ocr,《新华日报》1941年10月10日全版扫描（OCR试点）,1941-10-10,https://commons.wikimedia.org/wiki/File:NLC1080-00N000846-8631_%E6%96%B0%E8%8F%AF%E6%97%A5%E5%A0%B1_1941-10-10.pdf,domestic_ocr_pilot,,《新华日报》,MMHIST,NLC:xinhua-daily-1941-10-10-full-ocr,,,,,,domestic_ocr_pilot,domestic-ocr:NLC:xinhua-daily-1941-10-10-full-ocr,《新华日报》1941年10月10日全版扫描（OCR试点）,https://commons.wikimedia.org/wiki/File:NLC1080-00N000846-8631_%E6%96%B0%E8%8F%AF%E6%97%A5%E5%A0%B1_1941-10-10.pdf,data/domestic/press_scans/NLC1080-00N000846-8631_新华日报_1941-10-10.pdf,6,0
1078,domestic-ocr/NLC:xinhua-daily-1941-10-16-full-ocr,《新华日报》1941年10月16日全版扫描（OCR试点）,1941-10-16,https://commons.wikimedia.org/wiki/File:NLC1080-00N000846-8658_%E6%96%B0%E8%8F%AF%E6%97%A5%E5%A0%B1_1941-10-16.pdf,domestic_ocr_pilot,,《新华日报》,MMHIST,NLC:xinhua-daily-1941-10-16-full-ocr,,,,,,domestic_ocr_pilot,domestic-ocr:NLC:xinhua-daily-1941-10-16-full-ocr,《新华日报》1941年10月16日全版扫描（OCR试点）,https://commons.wikimedia.org/wiki/File:NLC1080-00N000846-8658_%E6%96%B0%E8%8F%AF%E6%97%A5%E5%A0%B1_1941-10-16.pdf,data/domestic/press_scans/NLC1080-00N000846-8658_新华日报_1941-10-16.pdf,2,0
1079,domestic-ocr/NLC:xinhua-daily-1941-10-28-full-ocr,《新华日报》1941年10月28日全版扫描（OCR试点）,1941-10-28,https://commons.wikimedia.org/wiki/File:NLC1080-00N000846-8712_%E6%96%B0%E8%8F%AF%E6%97%A5%E5%A0%B1_1941-10-28.pdf,domestic_ocr_pilot,,《新华日报》,MMHIST,NLC:xinhua-daily-1941-10-28-full-ocr,,,,,,domestic_ocr_pilot,domestic-ocr:NLC:xinhua-daily-1941-10-28-full-ocr,《新华日报》1941年10月28日全版扫描（OCR试点）,https://commons.wikimedia.org/wiki/File:NLC1080-00N000846-8712_%E6%96%B0%E8%8F%AF%E6%97%A5%E5%A0%B1_1941-10-28.pdf,data/domestic/press_scans/NLC1080-00N000846-8712_新华日报_1941-10-28.pdf,2,0
1080,domestic-ocr/NLC:minxian-1944-v1n2-contents-ocr,《民憲》第一卷第二期目录页（OCR试点）,1944-05-01,https://commons.wikimedia.org/wiki/File:NLC404-00J001436-85443_%E6%B0%91%E6%86%B2_1944%E2%80%931945%E5%B9%B4%E7%AC%AC%E4%B8%80%E5%8D%B7%E7%AC%AC%E4%BA%8C%E6%9C%9F.pdf,domestic_ocr_pilot,,《民憲》,MMHIST,NLC:minxian-1944-v1n2-contents-ocr,,,,,,domestic_ocr_pilot,domestic-ocr:NLC:minxian-1944-v1n2-contents-ocr,《民憲》第一卷第二期目录页（OCR试点）,https://commons.wikimedia.org/wiki/File:NLC404-00J001436-85443_%E6%B0%91%E6%86%B2_1944%E2%80%931945%E5%B9%B4%E7%AC%AC%E4%B8%80%E5%8D%B7%E7%AC%AC%E4%BA%8C%E6%9C%9F.pdf,data/domestic/press_scans/NLC404-00J001436-85443_民憲_第一卷第二期.pdf,1,0
1081,domestic-ocr/NLC:minxian-1944-v1n3-contents-ocr,《民憲》第一卷第三期目录页（OCR试点）,1944-06-15,https://commons.wikimedia.org/wiki/File:NLC404-00J001436-85444_%E6%B0%91%E6%86%B2_1944%E2%80%931945%E5%B9%B4%E7%AC%AC%E4%B8%80%E5%8D%B7%E7%AC%AC%E4%B8%89%E6%9C%9F.pdf,domestic_ocr_pilot,,《民憲》,MMHIST,NLC:minxian-1944-v1n3-contents-ocr,,,,,,domestic_ocr_pilot,domestic-ocr:NLC:minxian-1944-v1n3-contents-ocr,《民憲》第一卷第三期目录页（OCR试点）,https://commons.wikimedia.org/wiki/File:NLC404-00J001436-85444_%E6%B0%91%E6%86%B2_1944%E2%80%931945%E5%B9%B4%E7%AC%AC%E4%B8%80%E5%8D%B7%E7%AC%AC%E4%B8%89%E6%9C%9F.pdf,data/domestic/press_scans/NLC404-00J001436-85444_民憲_第一卷第三期.pdf,1,0
1082,domestic-ocr/NLC:minxian-1944-v1n4-contents-ocr,《民憲》第一卷第四期目录页（OCR试点）,1944-06-30,https://commons.wikimedia.org/wiki/File:NLC404-00J001436-85445_%E6%B0%91%E6%86%B2_1944%E2%80%931945%E5%B9%B4%E7%AC%AC%E4%B8%80%E5%8D%B7%E7%AC%AC%E5%9B%9B%E6%9C%9F.pdf,domestic_ocr_pilot,,《民憲》,MMHIST,NLC:minxian-1944-v1n4-contents-ocr,,,,,,domestic_ocr_pilot,domestic-ocr:NLC:minxian-1944-v1n4-contents-ocr,《民憲》第一卷第四期目录页（OCR试点）,https://commons.wikimedia.org/wiki/File:NLC404-00J001436-85445_%E6%B0%91%E6%86%B2_1944%E2%80%931945%E5%B9%B4%E7%AC%AC%E4%B8%80%E5%8D%B7%E7%AC%AC%E5%9B%9B%E6%9C%9F.pdf,data/domestic/press_scans/NLC404-00J001436-85445_民憲_第一卷第四期.pdf,1,0
1083,domestic-ocr/NLC:minxian-1944-v1n5-contents-ocr,《民憲》第一卷第五期目录页（OCR试点）,1944-07-16,https://commons.wikimedia.org/wiki/File:NLC404-00J001436-85446_%E6%B0%91%E6%86%B2_1944%E2%80%931945%E5%B9%B4%E7%AC%AC%E4%B8%80%E5%8D%B7%E7%AC%AC%E4%BA%94%E6%9C%9F.pdf,domestic_ocr_pilot,,《民憲》,MMHIST,NLC:minxian-1944-v1n5-contents-ocr,,,,,,domestic_ocr_pilot,domestic-ocr:NLC:minxian-1944-v1n5-contents-ocr,《民憲》第一卷第五期目录页（OCR试点）,https://commons.wikimedia.org/wiki/File:NLC404-00J001436-85446_%E6%B0%91%E6%86%B2_1944%E2%80%931945%E5%B9%B4%E7%AC%AC%E4%B8%80%E5%8D%B7%E7%AC%AC%E4%BA%94%E6%9C%9F.pdf,data/domestic/press_scans/NLC404-00J001436-85446_民憲_第一卷第五期.pdf,1,0
1084,domestic-ocr/NLC:guangmingbao-1946-issue11-anti-one-party-constitution-ocr,《光明報》新十一號〈反對一黨獨裁的憲法！〉正文首页（OCR试点）,1946-09-13,https://commons.wikimedia.org/wiki/File:NLC404-01J000514-23806_%E5%85%89%E6%98%8E%E5%A0%B1_1946%E5%B9%B411%E6%9C%9F.pdf,domestic_ocr_pilot,,《光明報》,MMHIST,NLC:guangmingbao-1946-issue11-anti-one-party-constitution-ocr,,,,,,domestic_ocr_pilot,domestic-ocr:NLC:guangmingbao-1946-issue11-anti-one-party-constitution-ocr,《光明報》新十一號〈反對一黨獨裁的憲法！〉正文首页（OCR试点）,https://commons.wikimedia.org/wiki/File:NLC404-01J000514-23806_%E5%85%89%E6%98%8E%E5%A0%B1_1946%E5%B9%B411%E6%9C%9F.pdf,data/domestic/press_scans/NLC404-01J000514-23806_光明報_1946年11期.pdf,1,0
1085,domestic-ocr/NLC:guangmingbao-1946-issue3-double-ten-task-ocr,《光明報》新三號〈為完成雙十節的歷史任務而奮鬥〉首页（OCR试点）,1946-10-08,https://commons.wikimedia.org/wiki/File:NLC404-01J000514-10424_%E5%85%89%E6%98%8E%E5%A0%B1_1946%E5%B9%B43%E6%9C%9F.pdf,domestic_ocr_pilot,,《光明報》,MMHIST,NLC:guangmingbao-1946-issue3-double-ten-task-ocr,,,,,,domestic_ocr_pilot,domestic-ocr:NLC:guangmingbao-1946-issue3-double-ten-task-ocr,《光明報》新三號〈為完成雙十節的歷史任務而奮鬥〉首页（OCR试点）,https://commons.wikimedia.org/wiki/File:NLC404-01J000514-10424_%E5%85%89%E6%98%8E%E5%A0%B1_1946%E5%B9%B43%E6%9C%9F.pdf,data/domestic/press_scans/NLC404-01J000514-10424_光明報_1946年3期.pdf,1,0
1086,domestic-ocr/NLC:guangmingbao-1946-issue1-front-ocr,《光明報》新一號首版（OCR试点）,1946-09-18,https://commons.wikimedia.org/wiki/Special:FilePath/NLC404-01J000514-10834_%E5%85%89%E6%98%8E%E5%A0%B1_1946%E5%B9%B41%E6%9C%9F.pdf,domestic_ocr_pilot,,《光明報》,MMHIST,NLC:guangmingbao-1946-issue1-front-ocr,,,,,,domestic_ocr_pilot,domestic-ocr:NLC:guangmingbao-1946-issue1-front-ocr,《光明報》新一號首版（OCR试点）,https://commons.wikimedia.org/wiki/Special:FilePath/NLC404-01J000514-10834_%E5%85%89%E6%98%8E%E5%A0%B1_1946%E5%B9%B41%E6%9C%9F.pdf,data/domestic/press_scans/NLC404-01J000514-10834_光明報_1946年1期.pdf,1,0
1087,domestic-ocr/NLC:guangmingbao-1946-issue2-front-ocr,《光明報》新二號首版（OCR试点）,1946-09-28,https://commons.wikimedia.org/wiki/Special:FilePath/NLC404-01J000514-10835_%E5%85%89%E6%98%8E%E5%A0%B1_1946%E5%B9%B42%E6%9C%9F.pdf,domestic_ocr_pilot,,《光明報》,MMHIST,NLC:guangmingbao-1946-issue2-front-ocr,,,,,,domestic_ocr_pilot,domestic-ocr:NLC:guangmingbao-1946-issue2-front-ocr,《光明報》新二號首版（OCR试点）,https://commons.wikimedia.org/wiki/Special:FilePath/NLC404-01J000514-10835_%E5%85%89%E6%98%8E%E5%A0%B1_1946%E5%B9%B42%E6%9C%9F.pdf,data/domestic/press_scans/NLC404-01J000514-10835_光明報_1946年2期.pdf,1,0
1088,domestic-ocr/NLC:guangmingbao-1946-issue4-front-ocr,《光明報》新四號首版（OCR试点）,1946-10-18,https://commons.wikimedia.org/wiki/Special:FilePath/NLC404-01J000514-10425_%E5%85%89%E6%98%8E%E5%A0%B1_1946%E5%B9%B44%E6%9C%9F.pdf,domestic_ocr_pilot,,《光明報》,MMHIST,NLC:guangmingbao-1946-issue4-front-ocr,,,,,,domestic_ocr_pilot,domestic-ocr:NLC:guangmingbao-1946-issue4-front-ocr,《光明報》新四號首版（OCR试点）,https://commons.wikimedia.org/wiki/Special:FilePath/NLC404-01J000514-10425_%E5%85%89%E6%98%8E%E5%A0%B1_1946%E5%B9%B44%E6%9C%9F.pdf,data/domestic/press_scans/NLC404-01J000514-10425_光明報_1946年4期.pdf,1,0
1089,domestic-ocr/NLC:guangmingbao-1946-issue5-front-ocr,《光明報》新五號首版（OCR试点）,1946-10-28,https://commons.wikimedia.org/wiki/Special:FilePath/NLC404-01J000514-10426_%E5%85%89%E6%98%8E%E5%A0%B1_1946%E5%B9%B45%E6%9C%9F.pdf,domestic_ocr_pilot,,《光明報》,MMHIST,NLC:guangmingbao-1946-issue5-front-ocr,,,,,,domestic_ocr_pilot,domestic-ocr:NLC:guangmingbao-1946-issue5-front-ocr,《光明報》新五號首版（OCR试点）,https://commons.wikimedia.org/wiki/Special:FilePath/NLC404-01J000514-10426_%E5%85%89%E6%98%8E%E5%A0%B1_1946%E5%B9%B45%E6%9C%9F.pdf,data/domestic/press_scans/NLC404-01J000514-10426_光明報_1946年5期.pdf,1,0
1090,domestic-ocr/NLC:guangmingbao-1946-issue6-front-ocr,《光明報》新六號首版（OCR试点）,1946-11-08,https://commons.wikimedia.org/wiki/Special:FilePath/NLC404-01J000514-10427_%E5%85%89%E6%98%8E%E5%A0%B1_1946%E5%B9%B46%E6%9C%9F.pdf,domestic_ocr_pilot,,《光明報》,MMHIST,NLC:guangmingbao-1946-issue6-front-ocr,,,,,,domestic_ocr_pilot,domestic-ocr:NLC:guangmingbao-1946-issue6-front-ocr,《光明報》新六號首版（OCR试点）,https://commons.wikimedia.org/wiki/Special:FilePath/NLC404-01J000514-10427_%E5%85%89%E6%98%8E%E5%A0%B1_1946%E5%B9%B46%E6%9C%9F.pdf,data/domestic/press_scans/NLC404-01J000514-10427_光明報_1946年6期.pdf,1,0
1091,domestic-ocr/NLC:guangmingbao-1946-issue7-front-ocr,《光明報》新七號首版（OCR试点）,1946-11-18,https://commons.wikimedia.org/wiki/Special:FilePath/NLC404-01J000514-10428_%E5%85%89%E6%98%8E%E5%A0%B1_1946%E5%B9%B47%E6%9C%9F.pdf,domestic_ocr_pilot,,《光明報》,MMHIST,NLC:guangmingbao-1946-issue7-front-ocr,,,,,,domestic_ocr_pilot,domestic-ocr:NLC:guangmingbao-1946-issue7-front-ocr,《光明報》新七號首版（OCR试点）,https://commons.wikimedia.org/wiki/Special:FilePath/NLC404-01J000514-10428_%E5%85%89%E6%98%8E%E5%A0%B1_1946%E5%B9%B47%E6%9C%9F.pdf,data/domestic/press_scans/NLC404-01J000514-10428_光明報_1946年7期.pdf,1,0
1092,domestic-ocr/NLC:dagangbao-1947-11-04-full-ocr,《大剛報》1947年11月4日全版扫描（OCR试点）,1947-11-04,https://commons.wikimedia.org/wiki/File:NLC1080-00N001037-7604_%E5%A4%A7%E5%89%9B%E5%A0%B1_1947%E5%B9%B411%E6%9C%8804%E6%97%A5.pdf,domestic_ocr_pilot,,《大剛報》,MMHIST,NLC:dagangbao-1947-11-04-full-ocr,,,,,,domestic_ocr_pilot,domestic-ocr:NLC:dagangbao-1947-11-04-full-ocr,《大剛報》1947年11月4日全版扫描（OCR试点）,https://commons.wikimedia.org/wiki/File:NLC1080-00N001037-7604_%E5%A4%A7%E5%89%9B%E5%A0%B1_1947%E5%B9%B411%E6%9C%8804%E6%97%A5.pdf,data/domestic/press_scans/NLC1080-00N001037-7604_大剛報_1947年11月04日.pdf,4,0
1093,domestic-ocr/NLC:dagangbao-1947-11-06-full-ocr,《大剛報》1947年11月6日全版扫描（OCR试点）,1947-11-06,https://commons.wikimedia.org/wiki/File:NLC1080-00N001037-7606_%E5%A4%A7%E5%89%9B%E5%A0%B1_1947%E5%B9%B411%E6%9C%8806%E6%97%A5.pdf,domestic_ocr_pilot,,《大剛報》,MMHIST,NLC:dagangbao-1947-11-06-full-ocr,,,,,,domestic_ocr_pilot,domestic-ocr:NLC:dagangbao-1947-11-06-full-ocr,《大剛報》1947年11月6日全版扫描（OCR试点）,https://commons.wikimedia.org/wiki/File:NLC1080-00N001037-7606_%E5%A4%A7%E5%89%9B%E5%A0%B1_1947%E5%B9%B411%E6%9C%8806%E6%97%A5.pdf,data/domestic/press_scans/NLC1080-00N001037-7606_大剛報_1947年11月06日.pdf,4,0
1094,domestic-ocr/NLC:minxian-1944-v1n7-contents-ocr,《民憲》第一卷第七期目录页（OCR试点）,1944-09-10,https://commons.wikimedia.org/wiki/File:NLC404-00J001436-85448_%E6%B0%91%E6%86%B2_1944%E2%80%931945%E5%B9%B4%E7%AC%AC%E4%B8%80%E5%8D%B7%E7%AC%AC%E4%B8%83%E6%9C%9F.pdf,domestic_ocr_pilot,,《民憲》,MMHIST,NLC:minxian-1944-v1n7-contents-ocr,,,,,,domestic_ocr_pilot,domestic-ocr:NLC:minxian-1944-v1n7-contents-ocr,《民憲》第一卷第七期目录页（OCR试点）,https://commons.wikimedia.org/wiki/File:NLC404-00J001436-85448_%E6%B0%91%E6%86%B2_1944%E2%80%931945%E5%B9%B4%E7%AC%AC%E4%B8%80%E5%8D%B7%E7%AC%AC%E4%B8%83%E6%9C%9F.pdf,data/domestic/press_scans/NLC404-00J001436-85448_民憲_第一卷第七期.pdf,1,0
1095,domestic-ocr/NLC:minxian-1944-v1n8-contents-ocr,《民憲》第一卷第八期目录页（OCR试点）,1944-10-12,https://commons.wikimedia.org/wiki/File:NLC404-00J001436-85449_%E6%B0%91%E6%86%B2_1944%E2%80%931945%E5%B9%B4%E7%AC%AC%E4%B8%80%E5%8D%B7%E7%AC%AC%E5%85%AB%E6%9C%9F.pdf,domestic_ocr_pilot,,《民憲》,MMHIST,NLC:minxian-1944-v1n8-contents-ocr,,,,,,domestic_ocr_pilot,domestic-ocr:NLC:minxian-1944-v1n8-contents-ocr,《民憲》第一卷第八期目录页（OCR试点）,https://commons.wikimedia.org/wiki/File:NLC404-00J001436-85449_%E6%B0%91%E6%86%B2_1944%E2%80%931945%E5%B9%B4%E7%AC%AC%E4%B8%80%E5%8D%B7%E7%AC%AC%E5%85%AB%E6%9C%9F.pdf,data/domestic/press_scans/NLC404-00J001436-85449_民憲_第一卷第八期.pdf,1,0
1096,domestic-ocr/NLC:minxian-1945-v1n11-contents-ocr,《民憲》第一卷第十一期目录页（OCR试点）,1945-01-15,https://commons.wikimedia.org/wiki/File:NLC404-00J001436-85452_%E6%B0%91%E6%86%B2_1944%E2%80%931945%E5%B9%B4%E7%AC%AC%E4%B8%80%E5%8D%B7%E7%AC%AC%E5%8D%81%E4%B8%80%E6%9C%9F.pdf,domestic_ocr_pilot,,《民憲》,MMHIST,NLC:minxian-1945-v1n11-contents-ocr,,,,,,domestic_ocr_pilot,domestic-ocr:NLC:minxian-1945-v1n11-contents-ocr,《民憲》第一卷第十一期目录页（OCR试点）,https://commons.wikimedia.org/wiki/File:NLC404-00J001436-85452_%E6%B0%91%E6%86%B2_1944%E2%80%931945%E5%B9%B4%E7%AC%AC%E4%B8%80%E5%8D%B7%E7%AC%AC%E5%8D%81%E4%B8%80%E6%9C%9F.pdf,data/domestic/press_scans/NLC404-00J001436-85452_民憲_第一卷第十一期.pdf,1,0
1097,domestic-ocr/NLC:minxian-1945-v1n12-contents-ocr,《民憲》第一卷第十二期目录页（OCR试点）,1945-02-25,https://commons.wikimedia.org/wiki/File:NLC404-00J001436-85453_%E6%B0%91%E6%86%B2_1944%E2%80%931945%E5%B9%B4%E7%AC%AC%E4%B8%80%E5%8D%B7%E7%AC%AC%E5%8D%81%E4%BA%8C%E6%9C%9F.pdf,domestic_ocr_pilot,,《民憲》,MMHIST,NLC:minxian-1945-v1n12-contents-ocr,,,,,,domestic_ocr_pilot,domestic-ocr:NLC:minxian-1945-v1n12-contents-ocr,《民憲》第一卷第十二期目录页（OCR试点）,https://commons.wikimedia.org/wiki/File:NLC404-00J001436-85453_%E6%B0%91%E6%86%B2_1944%E2%80%931945%E5%B9%B4%E7%AC%AC%E4%B8%80%E5%8D%B7%E7%AC%AC%E5%8D%81%E4%BA%8C%E6%9C%9F.pdf,data/domestic/press_scans/NLC404-00J001436-85453_民憲_第一卷第十二期.pdf,1,0
1098,domestic-ocr/NLC:minxian-1945-v2n1-contents-ocr,《民憲》第二卷第一期目录页（OCR试点）,1945-05-15,https://commons.wikimedia.org/wiki/File:NLC404-00J001436-85454_%E6%B0%91%E6%86%B2_1944%E2%80%931945%E5%B9%B4%E7%AC%AC%E4%BA%8C%E5%8D%B7%E7%AC%AC%E4%B8%80%E6%9C%9F.pdf,domestic_ocr_pilot,,《民憲》,MMHIST,NLC:minxian-1945-v2n1-contents-ocr,,,,,,domestic_ocr_pilot,domestic-ocr:NLC:minxian-1945-v2n1-contents-ocr,《民憲》第二卷第一期目录页（OCR试点）,https://commons.wikimedia.org/wiki/File:NLC404-00J001436-85454_%E6%B0%91%E6%86%B2_1944%E2%80%931945%E5%B9%B4%E7%AC%AC%E4%BA%8C%E5%8D%B7%E7%AC%AC%E4%B8%80%E6%9C%9F.pdf,data/domestic/press_scans/NLC404-00J001436-85454_民憲_第二卷第一期.pdf,1,0
1099,domestic-ocr/NLC:minxian-1945-v2n2-contents-ocr,《民憲》第二卷第二期目录页（OCR试点）,1945-06-13,https://commons.wikimedia.org/wiki/File:NLC404-00J001436-85455_%E6%B0%91%E6%86%B2_1944%E2%80%931945%E5%B9%B4%E7%AC%AC%E4%BA%8C%E5%8D%B7%E7%AC%AC%E4%BA%8C%E6%9C%9F.pdf,domestic_ocr_pilot,,《民憲》,MMHIST,NLC:minxian-1945-v2n2-contents-ocr,,,,,,domestic_ocr_pilot,domestic-ocr:NLC:minxian-1945-v2n2-contents-ocr,《民憲》第二卷第二期目录页（OCR试点）,https://commons.wikimedia.org/wiki/File:NLC404-00J001436-85455_%E6%B0%91%E6%86%B2_1944%E2%80%931945%E5%B9%B4%E7%AC%AC%E4%BA%8C%E5%8D%B7%E7%AC%AC%E4%BA%8C%E6%9C%9F.pdf,data/domestic/press_scans/NLC404-00J001436-85455_民憲_第二卷第二期.pdf,1,0
1100,domestic-ocr/NLC:guangmingbao-1941-index-list-ocr,1941年《光明報》香港工运剪报索引清单（OCR导航）,1941,https://commons.ln.edu.hk/profmkchan_indexlist/14/,domestic_ocr_pilot,,《光明報》／香港工运剪报索引,MMHIST,NLC:guangmingbao-1941-index-list-ocr,,,,,,domestic_ocr_pilot,domestic-ocr:NLC:guangmingbao-1941-index-list-ocr,1941年《光明報》香港工运剪报索引清单（OCR导航）,https://commons.ln.edu.hk/profmkchan_indexlist/14/,data/domestic/press_scans/LNU_PROFMKCHAN_INDEXLIST_14_光明報_1941.pdf,2,0
1101,domestic-ocr/NLC:guangmingbao-1946-issue9-front-ocr,《光明報》新九號首版（OCR试点）,1946-08-20,https://commons.wikimedia.org/wiki/File:NLC404-01J000514-10430_%E5%85%89%E6%98%8E%E5%A0%B1_1946%E5%B9%B49%E6%9C%9F.pdf,domestic_ocr_pilot,,《光明報》,MMHIST,NLC:guangmingbao-1946-issue9-front-ocr,,,,,,domestic_ocr_pilot,domestic-ocr:NLC:guangmingbao-1946-issue9-front-ocr,《光明報》新九號首版（OCR试点）,https://commons.wikimedia.org/wiki/File:NLC404-01J000514-10430_%E5%85%89%E6%98%8E%E5%A0%B1_1946%E5%B9%B49%E6%9C%9F.pdf,data/domestic/press_scans/NLC404-01J000514-10430_光明報_1946年9期.pdf,1,0
1102,domestic-ocr/NLC:guangmingbao-1946-issue10-front-ocr,《光明報》新十號首版（OCR试点）,1946-08-28,https://commons.wikimedia.org/wiki/File:NLC404-01J000514-10431_%E5%85%89%E6%98%8E%E5%A0%B1_1946%E5%B9%B410%E6%9C%9F.pdf,domestic_ocr_pilot,,《光明報》,MMHIST,NLC:guangmingbao-1946-issue10-front-ocr,,,,,,domestic_ocr_pilot,domestic-ocr:NLC:guangmingbao-1946-issue10-front-ocr,《光明報》新十號首版（OCR试点）,https://commons.wikimedia.org/wiki/File:NLC404-01J000514-10431_%E5%85%89%E6%98%8E%E5%A0%B1_1946%E5%B9%B410%E6%9C%9F.pdf,data/domestic/press_scans/NLC404-01J000514-10431_光明報_1946年10期.pdf,1,0
1103,domestic-ocr/NLC:guangmingbao-1947-issue20-front-ocr,《光明報》新二十號首版（OCR试点）,1947-06-23,https://commons.wikimedia.org/wiki/File:NLC404-01J000514-10459_%E5%85%89%E6%98%8E%E5%A0%B1_1947%E5%B9%B420%E6%9C%9F.pdf,domestic_ocr_pilot,,《光明報》,MMHIST,NLC:guangmingbao-1947-issue20-front-ocr,,,,,,domestic_ocr_pilot,domestic-ocr:NLC:guangmingbao-1947-issue20-front-ocr,《光明報》新二十號首版（OCR试点）,https://commons.wikimedia.org/wiki/File:NLC404-01J000514-10459_%E5%85%89%E6%98%8E%E5%A0%B1_1947%E5%B9%B420%E6%9C%9F.pdf,data/domestic/press_scans/NLC404-01J000514-10459_光明報_1947年20期.pdf,1,0
1104,domestic-ocr/NLC:guangmingbao-1947-issue21-front-ocr,《光明報》新二十一號首版（OCR试点）,1947-07-05,https://commons.wikimedia.org/wiki/File:NLC404-01J000514-10460_%E5%85%89%E6%98%8E%E5%A0%B1_1947%E5%B9%B421%E6%9C%9F.pdf,domestic_ocr_pilot,,《光明報》,MMHIST,NLC:guangmingbao-1947-issue21-front-ocr,,,,,,domestic_ocr_pilot,domestic-ocr:NLC:guangmingbao-1947-issue21-front-ocr,《光明報》新二十一號首版（OCR试点）,https://commons.wikimedia.org/wiki/File:NLC404-01J000514-10460_%E5%85%89%E6%98%8E%E5%A0%B1_1947%E5%B9%B421%E6%9C%9F.pdf,data/domestic/press_scans/NLC404-01J000514-10460_光明報_1947年21期.pdf,1,0
1105,domestic-ocr/NLC:guangmingbao-1947-issue22-front-ocr,《光明報》新二十二號首版（OCR试点）,1947-08-01,https://commons.wikimedia.org/wiki/File:NLC404-01J000514-10483_%E5%85%89%E6%98%8E%E5%A0%B1_1947%E5%B9%B422%E6%9C%9F.pdf,domestic_ocr_pilot,,《光明報》,MMHIST,NLC:guangmingbao-1947-issue22-front-ocr,,,,,,domestic_ocr_pilot,domestic-ocr:NLC:guangmingbao-1947-issue22-front-ocr,《光明報》新二十二號首版（OCR试点）,https://commons.wikimedia.org/wiki/File:NLC404-01J000514-10483_%E5%85%89%E6%98%8E%E5%A0%B1_1947%E5%B9%B422%E6%9C%9F.pdf,data/domestic/press_scans/NLC404-01J000514-10483_光明報_1947年22期.pdf,1,0
1106,domestic-ocr/NLC:observer-1947-v3n11-selected-ocr,《觀察》第三卷第十一期高价值页（OCR试点）,1947-11-08,https://commons.wikimedia.org/wiki/File%3ANLC404-01J000332-6817_%E8%A7%80%E5%AF%9F_1947%E5%B9%B43%E5%8D%B711%E6%9C%9F.pdf,domestic_ocr_pilot,,《觀察》,MMHIST,NLC:observer-1947-v3n11-selected-ocr,,,,,,domestic_ocr_pilot,domestic-ocr:NLC:observer-1947-v3n11-selected-ocr,《觀察》第三卷第十一期高价值页（OCR试点）,https://commons.wikimedia.org/wiki/File%3ANLC404-01J000332-6817_%E8%A7%80%E5%AF%9F_1947%E5%B9%B43%E5%8D%B711%E6%9C%9F.pdf,data/domestic/press_scans/NLC404-01J000332-6817_观察_1947年3卷11期.pdf,4,0
1107,domestic-ocr/NLC:dagongbao-shanghai-1947-11-06-page2-ocr,《大公報》上海版1947年11月6日第2版民盟消息（OCR试点）,1947-11-06,http://tk.dhcdb.com.tw/tknewsc/tknewskm?@@1,domestic_ocr_pilot,,《大公報》上海版,MMHIST,NLC:dagongbao-shanghai-1947-11-06-page2-ocr,,,,,,domestic_ocr_pilot,domestic-ocr:NLC:dagongbao-shanghai-1947-11-06-page2-ocr,《大公報》上海版1947年11月6日第2版民盟消息（OCR试点）,http://tk.dhcdb.com.tw/tknewsc/tknewskm?@@1,data/domestic/press_scans/NLC_大公報_上海版_1947-11-06_第2版_完整影像_试用数据库.pdf,1,0
1108,domestic-ocr/NLC:dagongbao-tianjin-1947-11-06-page2-ocr,《大公報》天津版1947年11月6日第2版民盟解散消息（OCR试点）,1947-11-06,http://tk.dhcdb.com.tw/tknewsc/tknewskm?@@1,domestic_ocr_pilot,,《大公報》天津版,MMHIST,NLC:dagongbao-tianjin-1947-11-06-page2-ocr,,,,,,domestic_ocr_pilot,domestic-ocr:NLC:dagongbao-tianjin-1947-11-06-page2-ocr,《大公報》天津版1947年11月6日第2版民盟解散消息（OCR试点）,http://tk.dhcdb.com.tw/tknewsc/tknewskm?@@1,data/domestic/press_scans/NLC_大公報_天津版_1947-11-06_第2版_完整影像_试用数据库.pdf,1,0
1109,domestic-ocr/NLC:minmeng-wenxian-1946-alternate-front-ocr,《民主同盟文獻》1946年官方汇编交替扫描前页（OCR试点）,1946-12,https://commons.wikimedia.org/wiki/File:NLC511-027032013012333-19131_%E6%B0%91%E4%B8%BB%E5%90%8C%E7%9B%9F%E6%96%87%E7%8D%BB.pdf,domestic_ocr_pilot,,《民主同盟文獻》,MMHIST,NLC:minmeng-wenxian-1946-alternate-front-ocr,,,,,,domestic_ocr_pilot,domestic-ocr:NLC:minmeng-wenxian-1946-alternate-front-ocr,《民主同盟文獻》1946年官方汇编交替扫描前页（OCR试点）,https://commons.wikimedia.org/wiki/File:NLC511-027032013012333-19131_%E6%B0%91%E4%B8%BB%E5%90%8C%E7%9B%9F%E6%96%87%E7%8D%BB.pdf,data/domestic/sourcebooks/NLC511-027032013012333-19131_民主同盟文獻_alternate_scan.pdf,3,0
1110,domestic-ocr/NLC:minmeng-yanlunji-1945-front-ocr,《中國民主同盟言論集》1945年选编前页（OCR试点）,1945-10,https://commons.wikimedia.org/wiki/File:NLC511-027032016010761-42571_%E4%B8%AD%E5%9C%8B%E6%B0%91%E4%B8%BB%E5%90%8C%E7%9B%9F%E8%A8%80%E8%AB%96%E9%9B%86.pdf,domestic_ocr_pilot,,《中國民主同盟言論集》,MMHIST,NLC:minmeng-yanlunji-1945-front-ocr,,,,,,domestic_ocr_pilot,domestic-ocr:NLC:minmeng-yanlunji-1945-front-ocr,《中國民主同盟言論集》1945年选编前页（OCR试点）,https://commons.wikimedia.org/wiki/File:NLC511-027032016010761-42571_%E4%B8%AD%E5%9C%8B%E6%B0%91%E4%B8%BB%E5%90%8C%E7%9B%9F%E8%A8%80%E8%AB%96%E9%9B%86.pdf,data/domestic/sourcebooks/NLC511-027032016010761-42571_中国民主同盟言论集.pdf,3,0
1111,domestic-ocr/NLC:observer-1947-v3n11-bound-selected-ocr,《觀察》第三卷第十一期合订本高价值页（OCR试点）,1947-11-08,https://commons.wikimedia.org/wiki/File:SSID-13679264_%E8%A7%80%E5%AF%9F_%E7%AC%AC3%E5%8D%B7%E7%AC%AC1-12%E6%9C%9F.pdf,domestic_ocr_pilot,,《觀察》合订本,MMHIST,NLC:observer-1947-v3n11-bound-selected-ocr,,,,,,domestic_ocr_pilot,domestic-ocr:NLC:observer-1947-v3n11-bound-selected-ocr,《觀察》第三卷第十一期合订本高价值页（OCR试点）,https://commons.wikimedia.org/wiki/File:SSID-13679264_%E8%A7%80%E5%AF%9F_%E7%AC%AC3%E5%8D%B7%E7%AC%AC1-12%E6%9C%9F.pdf,data/domestic/press_scans/SSID-13679264_观察_第3卷第1-12期.pdf,5,0
1112,domestic-ocr/NLC:dagongbao-vol113-1947-11-06-selected-ocr,《大公報》第113卷误标1947页（1931年11月；隔离）,1931-11,https://commons.wikimedia.org/wiki/File:NLC511-012031312030001-21905_%E5%A4%A7%E5%85%AC%E5%A0%B1_%E7%AC%AC113%E5%8D%B7.pdf,domestic_ocr_pilot,,《大公報》第113卷,MMHIST,NLC:dagongbao-vol113-1947-11-06-selected-ocr,,前台不展示,0,0,[隔离:1931范围外] 大公报 1931 年 11/12 月卷（1947 误标），民盟史 1941—1949 范围外；移出前台检索,domestic_ocr_pilot,domestic-ocr:NLC:dagongbao-vol113-1947-11-06-selected-ocr,《大公報》第113卷1947年11月6日第1—2版关键页（OCR试点）,https://commons.wikimedia.org/wiki/File:NLC511-012031312030001-21905_%E5%A4%A7%E5%85%AC%E5%A0%B1_%E7%AC%AC113%E5%8D%B7.pdf,data/domestic/press_scans/NLC511-012031312030001-21905_大公報_第113卷.pdf,2,0
1113,domestic-ocr/NLC:dagongbao-vol114-1947-11-06-selected-ocr,《大公報》第114卷误标1947页（1931年12月；隔离）,1931-12,https://commons.wikimedia.org/wiki/File:NLC511-012031312030001-21906_%E5%A4%A7%E5%85%AC%E5%A0%B1_%E7%AC%AC114%E5%8D%B7.pdf,domestic_ocr_pilot,,《大公報》第114卷,MMHIST,NLC:dagongbao-vol114-1947-11-06-selected-ocr,,前台不展示,0,0,[隔离:1931范围外] 大公报 1931 年 11/12 月卷（1947 误标），民盟史 1941—1949 范围外；移出前台检索,domestic_ocr_pilot,domestic-ocr:NLC:dagongbao-vol114-1947-11-06-selected-ocr,《大公報》第114卷1947年11月6日第2版关键页（OCR试点）,https://commons.wikimedia.org/wiki/File:NLC511-012031312030001-21906_%E5%A4%A7%E5%85%AC%E5%A0%B1_%E7%AC%AC114%E5%8D%B7.pdf,data/domestic/press_scans/NLC511-012031312030001-21906_大公報_第114卷.pdf,1,0
1114,domestic-ocr/NLC:political-consultative-records-1988-front-ocr,《政治协商会议纪实》编者说明与序言（来源文件命名异常）,1988-06,local://sourcebook-name-mismatch,domestic_ocr_pilot,,政治协商会议纪实（实际内容）,MMHIST,NLC:political-consultative-records-1988-front-ocr,,,,,,domestic_ocr_pilot,domestic-ocr:NLC:political-consultative-records-1988-front-ocr,《政治协商会议纪实》编者说明与序言（来源文件命名异常）,local://sourcebook-name-mismatch,data/domestic/sourcebooks/中国民主同盟临时全国代表大会宣言_公开转录.pdf,3,0
1115,domestic-ocr/COLLECTION:P3-018:ocr-draft-20260727,ROC1947-11-06國民政府公報2973,1947,,domestic_ocr_pilot,,国内盟史一手资料 OCR 检索草稿,MMHIST,COLLECTION:P3-018:ocr-draft-20260727,,,,,,domestic_ocr_pilot,domestic-ocr:COLLECTION:P3-018:ocr-draft-20260727,ROC1947-11-06國民政府公報2973,,data/domestic/gazette_scans/ROC1947-11-06國民政府公報2973.pdf,1,0
1116,domestic-ocr/COLLECTION:P3-016:ocr-draft-20260727,ROC1947-10-27國民政府公報2964,1947,,domestic_ocr_pilot,,国内盟史一手资料 OCR 检索草稿,MMHIST,COLLECTION:P3-016:ocr-draft-20260727,,,,,,domestic_ocr_pilot,domestic-ocr:COLLECTION:P3-016:ocr-draft-20260727,ROC1947-10-27國民政府公報2964,,data/domestic/gazette_scans/ROC1947-10-27國民政府公報2964.pdf,1,0
1117,domestic-ocr/COLLECTION:P3-017:ocr-draft-20260727,ROC1947-10-30國民政府公報2967,1947,,domestic_ocr_pilot,,国内盟史一手资料 OCR 检索草稿,MMHIST,COLLECTION:P3-017:ocr-draft-20260727,,,,,,domestic_ocr_pilot,domestic-ocr:COLLECTION:P3-017:ocr-draft-20260727,ROC1947-10-30國民政府公報2967,,data/domestic/gazette_scans/ROC1947-10-30國民政府公報2967.pdf,1,0
1118,domestic-ocr/COLLECTION:P3-019:ocr-draft-20260727,ROC1947-11-07國民政府公報2974,1947,,domestic_ocr_pilot,,国内盟史一手资料 OCR 检索草稿,MMHIST,COLLECTION:P3-019:ocr-draft-20260727,,,,,,domestic_ocr_pilot,domestic-ocr:COLLECTION:P3-019:ocr-draft-20260727,ROC1947-11-07國民政府公報2974,,data/domestic/gazette_scans/ROC1947-11-07國民政府公報2974.pdf,1,0
1119,domestic-ocr/COLLECTION:P3-013:ocr-draft-20260727,NLC511-027032016010761-42571_中国民主同盟言论集,,,domestic_ocr_pilot,,国内盟史一手资料 OCR 检索草稿,MMHIST,COLLECTION:P3-013:ocr-draft-20260727,,,,,,domestic_ocr_pilot,domestic-ocr:COLLECTION:P3-013:ocr-draft-20260727,NLC511-027032016010761-42571_中国民主同盟言论集,,data/domestic/sourcebooks/NLC511-027032016010761-42571_中国民主同盟言论集.pdf,1,0
1120,domestic-ocr/COLLECTION:P3-012:ocr-draft-20260727,NLC511-027032013012333-19131_民主同盟文獻_alternate_scan,,,domestic_ocr_pilot,,国内盟史一手资料 OCR 检索草稿,MMHIST,COLLECTION:P3-012:ocr-draft-20260727,,,,,,domestic_ocr_pilot,domestic-ocr:COLLECTION:P3-012:ocr-draft-20260727,NLC511-027032013012333-19131_民主同盟文獻_alternate_scan,,data/domestic/sourcebooks/NLC511-027032013012333-19131_民主同盟文獻_alternate_scan.pdf,1,0
1121,domestic-ocr/COLLECTION:P3-011:ocr-draft-20260727,NLC416-01jh004281-12557_民主同盟文獻_1946,1946,,domestic_ocr_pilot,,国内盟史一手资料 OCR 检索草稿,MMHIST,COLLECTION:P3-011:ocr-draft-20260727,,,,,,domestic_ocr_pilot,domestic-ocr:COLLECTION:P3-011:ocr-draft-20260727,NLC416-01jh004281-12557_民主同盟文獻_1946,,data/domestic/sourcebooks/NLC416-01jh004281-12557_民主同盟文獻_1946.pdf,1,0
1122,domestic-ocr/COLLECTION:P3-021:ocr-draft-20260727,LNU_PROFMKCHAN_INDEXLIST_14_光明報_1941,1941,,domestic_ocr_pilot,,国内盟史一手资料 OCR 检索草稿,MMHIST,COLLECTION:P3-021:ocr-draft-20260727,,,,,,domestic_ocr_pilot,domestic-ocr:COLLECTION:P3-021:ocr-draft-20260727,LNU_PROFMKCHAN_INDEXLIST_14_光明報_1941,,data/domestic/press_scans/LNU_PROFMKCHAN_INDEXLIST_14_光明報_1941.pdf,1,0
1123,domestic-ocr/COLLECTION:P3-006:ocr-draft-20260727,NLC1080-00N000846-8631_新华日报_1941-10-10,1941,,domestic_ocr_pilot,,国内盟史一手资料 OCR 检索草稿,MMHIST,COLLECTION:P3-006:ocr-draft-20260727,,,,,,domestic_ocr_pilot,domestic-ocr:COLLECTION:P3-006:ocr-draft-20260727,NLC1080-00N000846-8631_新华日报_1941-10-10,,data/domestic/press_scans/NLC1080-00N000846-8631_新华日报_1941-10-10.pdf,1,0
1124,domestic-ocr/COLLECTION:P3-002:ocr-draft-20260727,NLC404-01J000514-10460_光明報_1947年21期,1947,,domestic_ocr_pilot,,国内盟史一手资料 OCR 检索草稿,MMHIST,COLLECTION:P3-002:ocr-draft-20260727,,,,,,domestic_ocr_pilot,domestic-ocr:COLLECTION:P3-002:ocr-draft-20260727,NLC404-01J000514-10460_光明報_1947年21期,,data/domestic/press_scans/NLC404-01J000514-10460_光明報_1947年21期.pdf,1,0
1125,domestic-ocr/COLLECTION:P3-004:ocr-draft-20260727,NLC404-01J000514-10431_光明報_1946年10期,1946,,domestic_ocr_pilot,,国内盟史一手资料 OCR 检索草稿,MMHIST,COLLECTION:P3-004:ocr-draft-20260727,,,,,,domestic_ocr_pilot,domestic-ocr:COLLECTION:P3-004:ocr-draft-20260727,NLC404-01J000514-10431_光明報_1946年10期,,data/domestic/press_scans/NLC404-01J000514-10431_光明報_1946年10期.pdf,1,0
1126,domestic-ocr/COLLECTION:P3-009:ocr-draft-20260727,NLC404-01J000332-6817_观察_1947年3卷11期,1947,,domestic_ocr_pilot,,国内盟史一手资料 OCR 检索草稿,MMHIST,COLLECTION:P3-009:ocr-draft-20260727,,,,,,domestic_ocr_pilot,domestic-ocr:COLLECTION:P3-009:ocr-draft-20260727,NLC404-01J000332-6817_观察_1947年3卷11期,,data/domestic/press_scans/NLC404-01J000332-6817_观察_1947年3卷11期.pdf,1,0
1127,domestic-ocr/COLLECTION:P3-008:ocr-draft-20260727,NLC404-01J000514-10834_光明報_1946年1期,1946,,domestic_ocr_pilot,,国内盟史一手资料 OCR 检索草稿,MMHIST,COLLECTION:P3-008:ocr-draft-20260727,,,,,,domestic_ocr_pilot,domestic-ocr:COLLECTION:P3-008:ocr-draft-20260727,NLC404-01J000514-10834_光明報_1946年1期,,data/domestic/press_scans/NLC404-01J000514-10834_光明報_1946年1期.pdf,1,0
1128,domestic-ocr/COLLECTION:P3-001:ocr-draft-20260727,NLC1080-00N000846-8712_新华日报_1941-10-28,1941,,domestic_ocr_pilot,,国内盟史一手资料 OCR 检索草稿,MMHIST,COLLECTION:P3-001:ocr-draft-20260727,,,,,,domestic_ocr_pilot,domestic-ocr:COLLECTION:P3-001:ocr-draft-20260727,NLC1080-00N000846-8712_新华日报_1941-10-28,,data/domestic/press_scans/NLC1080-00N000846-8712_新华日报_1941-10-28.pdf,1,0
1129,domestic-ocr/COLLECTION:P3-010:ocr-draft-20260727,NLC404-01J000514-72818_光明報_1947年12期,1947,,domestic_ocr_pilot,,国内盟史一手资料 OCR 检索草稿,MMHIST,COLLECTION:P3-010:ocr-draft-20260727,,,,,,domestic_ocr_pilot,domestic-ocr:COLLECTION:P3-010:ocr-draft-20260727,NLC404-01J000514-72818_光明報_1947年12期,,data/domestic/press_scans/NLC404-01J000514-72818_光明報_1947年12期.pdf,1,0
1130,domestic-ocr/COLLECTION:P3-005:ocr-draft-20260727,NLC404-00J001436-85453_民憲_第一卷第十二期,,,domestic_ocr_pilot,,国内盟史一手资料 OCR 检索草稿,MMHIST,COLLECTION:P3-005:ocr-draft-20260727,,,,,,domestic_ocr_pilot,domestic-ocr:COLLECTION:P3-005:ocr-draft-20260727,NLC404-00J001436-85453_民憲_第一卷第十二期,,data/domestic/press_scans/NLC404-00J001436-85453_民憲_第一卷第十二期.pdf,1,0
1131,domestic-ocr/COLLECTION:P3-007:ocr-draft-20260727,NLC404-00J001436-85445_民憲_第一卷第四期,,,domestic_ocr_pilot,,国内盟史一手资料 OCR 检索草稿,MMHIST,COLLECTION:P3-007:ocr-draft-20260727,,,,,,domestic_ocr_pilot,domestic-ocr:COLLECTION:P3-007:ocr-draft-20260727,NLC404-00J001436-85445_民憲_第一卷第四期,,data/domestic/press_scans/NLC404-00J001436-85445_民憲_第一卷第四期.pdf,1,0
1132,domestic-ocr/COLLECTION:P3-003:ocr-draft-20260727,NLC404-00J001436-85449_民憲_第一卷第八期,,,domestic_ocr_pilot,,国内盟史一手资料 OCR 检索草稿,MMHIST,COLLECTION:P3-003:ocr-draft-20260727,,,,,,domestic_ocr_pilot,domestic-ocr:COLLECTION:P3-003:ocr-draft-20260727,NLC404-00J001436-85449_民憲_第一卷第八期,,data/domestic/press_scans/NLC404-00J001436-85449_民憲_第一卷第八期.pdf,1,0
1133,domestic-ocr/COLLECTION:P3-020:ocr-draft-20260727,GXMM_大公報_天津版_1947-11-06_第2版_民盟宣布解散_嵌图截取,1947,,domestic_ocr_pilot,,国内盟史一手资料 OCR 检索草稿,MMHIST,COLLECTION:P3-020:ocr-draft-20260727,,,,,,domestic_ocr_pilot,domestic-ocr:COLLECTION:P3-020:ocr-draft-20260727,GXMM_大公報_天津版_1947-11-06_第2版_民盟宣布解散_嵌图截取,,data/domestic/press_scans/GXMM_大公報_天津版_1947-11-06_第2版_民盟宣布解散_嵌图截取.png,1,0
1134,domestic-ocr/COLLECTION:P3-014:ocr-draft-20260727,《政治协商会议纪实》（1988年编纂，原文件名误标）,1988-06,,domestic_ocr_pilot,,国内政协史料汇编 OCR 检索草稿,MMHIST,COLLECTION:P3-014:ocr-draft-20260727,,,,,,domestic_ocr_pilot,domestic-ocr:COLLECTION:P3-014:ocr-draft-20260727,中国民主同盟临时全国代表大会宣言_公开转录,,data/domestic/sourcebooks/中国民主同盟临时全国代表大会宣言_公开转录.pdf,8,0
1135,domestic-ocr/COLLECTION:P3-015:ocr-draft-20260727,中国民主同盟历史文献_1941-1949_公开扫描,1941,,domestic_ocr_pilot,,国内盟史一手资料 OCR 检索草稿,MMHIST,COLLECTION:P3-015:ocr-draft-20260727,,,,,,domestic_ocr_pilot,domestic-ocr:COLLECTION:P3-015:ocr-draft-20260727,中国民主同盟历史文献_1941-1949_公开扫描,,data/domestic/sourcebooks/中国民主同盟历史文献_1941-1949_公开扫描.pdf,7,0
1136,domestic-ocr/COLLECTION:P3-10424:ocr-draft-20260727,NLC404-01J000514-10424_光明報_1946年3期,1946,,domestic_ocr_pilot,,国内盟史一手资料 OCR 检索草稿,MMHIST,COLLECTION:P3-10424:ocr-draft-20260727,,,,,,domestic_ocr_pilot,domestic-ocr:COLLECTION:P3-10424:ocr-draft-20260727,NLC404-01J000514-10424_光明報_1946年3期,,data/domestic/press_scans/NLC404-01J000514-10424_光明報_1946年3期.pdf,1,0
1137,domestic-ocr/COLLECTION:P3-10425:ocr-draft-20260727,NLC404-01J000514-10425_光明報_1946年4期,1946,,domestic_ocr_pilot,,国内盟史一手资料 OCR 检索草稿,MMHIST,COLLECTION:P3-10425:ocr-draft-20260727,,,,,,domestic_ocr_pilot,domestic-ocr:COLLECTION:P3-10425:ocr-draft-20260727,NLC404-01J000514-10425_光明報_1946年4期,,data/domestic/press_scans/NLC404-01J000514-10425_光明報_1946年4期.pdf,1,0
1138,domestic-ocr/COLLECTION:P3-10426:ocr-draft-20260727,NLC404-01J000514-10426_光明報_1946年5期,1946,,domestic_ocr_pilot,,国内盟史一手资料 OCR 检索草稿,MMHIST,COLLECTION:P3-10426:ocr-draft-20260727,,,,,,domestic_ocr_pilot,domestic-ocr:COLLECTION:P3-10426:ocr-draft-20260727,NLC404-01J000514-10426_光明報_1946年5期,,data/domestic/press_scans/NLC404-01J000514-10426_光明報_1946年5期.pdf,1,0
1139,domestic-ocr/COLLECTION:P3-10427:ocr-draft-20260727,NLC404-01J000514-10427_光明報_1946年6期,1946,,domestic_ocr_pilot,,国内盟史一手资料 OCR 检索草稿,MMHIST,COLLECTION:P3-10427:ocr-draft-20260727,,,,,,domestic_ocr_pilot,domestic-ocr:COLLECTION:P3-10427:ocr-draft-20260727,NLC404-01J000514-10427_光明報_1946年6期,,data/domestic/press_scans/NLC404-01J000514-10427_光明報_1946年6期.pdf,1,0
1140,domestic-ocr/COLLECTION:P3-10428:ocr-draft-20260727,NLC404-01J000514-10428_光明報_1946年7期,1946,,domestic_ocr_pilot,,国内盟史一手资料 OCR 检索草稿,MMHIST,COLLECTION:P3-10428:ocr-draft-20260727,,,,,,domestic_ocr_pilot,domestic-ocr:COLLECTION:P3-10428:ocr-draft-20260727,NLC404-01J000514-10428_光明報_1946年7期,,data/domestic/press_scans/NLC404-01J000514-10428_光明報_1946年7期.pdf,1,0
1141,domestic-ocr/COLLECTION:P3-10429:ocr-draft-20260727,NLC404-01J000514-10429_光明報_1946年8期,1946,,domestic_ocr_pilot,,国内盟史一手资料 OCR 检索草稿,MMHIST,COLLECTION:P3-10429:ocr-draft-20260727,,,,,,domestic_ocr_pilot,domestic-ocr:COLLECTION:P3-10429:ocr-draft-20260727,NLC404-01J000514-10429_光明報_1946年8期,,data/domestic/press_scans/NLC404-01J000514-10429_光明報_1946年8期.pdf,1,0
1142,domestic-ocr/COLLECTION:P3-10430:ocr-draft-20260727,NLC404-01J000514-10430_光明報_1946年9期,1946,,domestic_ocr_pilot,,国内盟史一手资料 OCR 检索草稿,MMHIST,COLLECTION:P3-10430:ocr-draft-20260727,,,,,,domestic_ocr_pilot,domestic-ocr:COLLECTION:P3-10430:ocr-draft-20260727,NLC404-01J000514-10430_光明報_1946年9期,,data/domestic/press_scans/NLC404-01J000514-10430_光明報_1946年9期.pdf,1,0
1143,domestic-ocr/COLLECTION:P3-10453:ocr-draft-20260727,NLC404-01J000514-10453_光明報_1947年13期,1947,,domestic_ocr_pilot,,国内盟史一手资料 OCR 检索草稿,MMHIST,COLLECTION:P3-10453:ocr-draft-20260727,,,,,,domestic_ocr_pilot,domestic-ocr:COLLECTION:P3-10453:ocr-draft-20260727,NLC404-01J000514-10453_光明報_1947年13期,,data/domestic/press_scans/NLC404-01J000514-10453_光明報_1947年13期.pdf,1,0
1144,domestic-ocr/COLLECTION:P3-10454:ocr-draft-20260727,NLC404-01J000514-10454_光明報_1947年14期,1947,,domestic_ocr_pilot,,国内盟史一手资料 OCR 检索草稿,MMHIST,COLLECTION:P3-10454:ocr-draft-20260727,,,,,,domestic_ocr_pilot,domestic-ocr:COLLECTION:P3-10454:ocr-draft-20260727,NLC404-01J000514-10454_光明報_1947年14期,,data/domestic/press_scans/NLC404-01J000514-10454_光明報_1947年14期.pdf,1,0
1145,domestic-ocr/COLLECTION:P3-10455:ocr-draft-20260727,NLC404-01J000514-10455_光明報_1947年15期,1947,,domestic_ocr_pilot,,国内盟史一手资料 OCR 检索草稿,MMHIST,COLLECTION:P3-10455:ocr-draft-20260727,,,,,,domestic_ocr_pilot,domestic-ocr:COLLECTION:P3-10455:ocr-draft-20260727,NLC404-01J000514-10455_光明報_1947年15期,,data/domestic/press_scans/NLC404-01J000514-10455_光明報_1947年15期.pdf,1,0
1146,domestic-ocr/COLLECTION:P3-10456:ocr-draft-20260727,NLC404-01J000514-10456_光明報_1947年16–17期,1947,,domestic_ocr_pilot,,国内盟史一手资料 OCR 检索草稿,MMHIST,COLLECTION:P3-10456:ocr-draft-20260727,,,,,,domestic_ocr_pilot,domestic-ocr:COLLECTION:P3-10456:ocr-draft-20260727,NLC404-01J000514-10456_光明報_1947年16–17期,,data/domestic/press_scans/NLC404-01J000514-10456_光明報_1947年16–17期.pdf,1,0
1147,domestic-ocr/COLLECTION:P3-10457:ocr-draft-20260727,NLC404-01J000514-10457_光明報_1947年18期,1947,,domestic_ocr_pilot,,国内盟史一手资料 OCR 检索草稿,MMHIST,COLLECTION:P3-10457:ocr-draft-20260727,,,,,,domestic_ocr_pilot,domestic-ocr:COLLECTION:P3-10457:ocr-draft-20260727,NLC404-01J000514-10457_光明報_1947年18期,,data/domestic/press_scans/NLC404-01J000514-10457_光明報_1947年18期.pdf,1,0
1148,domestic-ocr/COLLECTION:P3-10458:ocr-draft-20260727,NLC404-01J000514-10458_光明報_1947年19期,1947,,domestic_ocr_pilot,,国内盟史一手资料 OCR 检索草稿,MMHIST,COLLECTION:P3-10458:ocr-draft-20260727,,,,,,domestic_ocr_pilot,domestic-ocr:COLLECTION:P3-10458:ocr-draft-20260727,NLC404-01J000514-10458_光明報_1947年19期,,data/domestic/press_scans/NLC404-01J000514-10458_光明報_1947年19期.pdf,1,0
1149,domestic-ocr/COLLECTION:P3-10459:ocr-draft-20260727,NLC404-01J000514-10459_光明報_1947年20期,1947,,domestic_ocr_pilot,,国内盟史一手资料 OCR 检索草稿,MMHIST,COLLECTION:P3-10459:ocr-draft-20260727,,,,,,domestic_ocr_pilot,domestic-ocr:COLLECTION:P3-10459:ocr-draft-20260727,NLC404-01J000514-10459_光明報_1947年20期,,data/domestic/press_scans/NLC404-01J000514-10459_光明報_1947年20期.pdf,1,0
1150,domestic-ocr/COLLECTION:P3-8658:ocr-draft-20260727,NLC1080-00N000846-8658_新华日报_1941-10-16,1941,,domestic_ocr_pilot,,国内盟史一手资料 OCR 检索草稿,MMHIST,COLLECTION:P3-8658:ocr-draft-20260727,,,,,,domestic_ocr_pilot,domestic-ocr:COLLECTION:P3-8658:ocr-draft-20260727,NLC1080-00N000846-8658_新华日报_1941-10-16,,data/domestic/press_scans/NLC1080-00N000846-8658_新华日报_1941-10-16.pdf,1,0
1151,domestic-ocr/COLLECTION:P3-N1080-7604:ocr-draft-20260727,NLC1080-00N001037-7604_大剛報_1947年11月04日,1947,,domestic_ocr_pilot,,国内盟史一手资料 OCR 检索草稿,MMHIST,COLLECTION:P3-N1080-7604:ocr-draft-20260727,,,,,,domestic_ocr_pilot,domestic-ocr:COLLECTION:P3-N1080-7604:ocr-draft-20260727,NLC1080-00N001037-7604_大剛報_1947年11月04日,,data/domestic/press_scans/NLC1080-00N001037-7604_大剛報_1947年11月04日.pdf,1,0
1152,domestic-ocr/COLLECTION:P3-N1080-7606:ocr-draft-20260727,NLC1080-00N001037-7606_大剛報_1947年11月06日,1947,,domestic_ocr_pilot,,国内盟史一手资料 OCR 检索草稿,MMHIST,COLLECTION:P3-N1080-7606:ocr-draft-20260727,,,,,,domestic_ocr_pilot,domestic-ocr:COLLECTION:P3-N1080-7606:ocr-draft-20260727,NLC1080-00N001037-7606_大剛報_1947年11月06日,,data/domestic/press_scans/NLC1080-00N001037-7606_大剛報_1947年11月06日.pdf,1,0
1153,domestic-ocr/COLLECTION:P3-85442:ocr-draft-20260727,NLC404-00J001436-85442_民憲_第一卷第一期,,,domestic_ocr_pilot,,国内盟史一手资料 OCR 检索草稿,MMHIST,COLLECTION:P3-85442:ocr-draft-20260727,,,,,,domestic_ocr_pilot,domestic-ocr:COLLECTION:P3-85442:ocr-draft-20260727,NLC404-00J001436-85442_民憲_第一卷第一期,,data/domestic/press_scans/NLC404-00J001436-85442_民憲_第一卷第一期.pdf,1,0
1154,domestic-ocr/COLLECTION:P3-85444:ocr-draft-20260727,NLC404-00J001436-85444_民憲_第一卷第三期,,,domestic_ocr_pilot,,国内盟史一手资料 OCR 检索草稿,MMHIST,COLLECTION:P3-85444:ocr-draft-20260727,,,,,,domestic_ocr_pilot,domestic-ocr:COLLECTION:P3-85444:ocr-draft-20260727,NLC404-00J001436-85444_民憲_第一卷第三期,,data/domestic/press_scans/NLC404-00J001436-85444_民憲_第一卷第三期.pdf,1,0
1155,domestic-ocr/COLLECTION:P3-85446:ocr-draft-20260727,NLC404-00J001436-85446_民憲_第一卷第五期,,,domestic_ocr_pilot,,国内盟史一手资料 OCR 检索草稿,MMHIST,COLLECTION:P3-85446:ocr-draft-20260727,,,,,,domestic_ocr_pilot,domestic-ocr:COLLECTION:P3-85446:ocr-draft-20260727,NLC404-00J001436-85446_民憲_第一卷第五期,,data/domestic/press_scans/NLC404-00J001436-85446_民憲_第一卷第五期.pdf,1,0
1156,domestic-ocr/COLLECTION:P3-85447:ocr-draft-20260727,NLC404-00J001436-85447_民憲_第一卷第六期,,,domestic_ocr_pilot,,国内盟史一手资料 OCR 检索草稿,MMHIST,COLLECTION:P3-85447:ocr-draft-20260727,,,,,,domestic_ocr_pilot,domestic-ocr:COLLECTION:P3-85447:ocr-draft-20260727,NLC404-00J001436-85447_民憲_第一卷第六期,,data/domestic/press_scans/NLC404-00J001436-85447_民憲_第一卷第六期.pdf,1,0
1157,domestic-ocr/COLLECTION:P3-85448:ocr-draft-20260727,NLC404-00J001436-85448_民憲_第一卷第七期,,,domestic_ocr_pilot,,国内盟史一手资料 OCR 检索草稿,MMHIST,COLLECTION:P3-85448:ocr-draft-20260727,,,,,,domestic_ocr_pilot,domestic-ocr:COLLECTION:P3-85448:ocr-draft-20260727,NLC404-00J001436-85448_民憲_第一卷第七期,,data/domestic/press_scans/NLC404-00J001436-85448_民憲_第一卷第七期.pdf,1,0
1158,domestic-ocr/COLLECTION:P3-10483:ocr-draft-20260727,NLC404-01J000514-10483_光明報_1947年22期,1947,,domestic_ocr_pilot,,国内盟史一手资料 OCR 检索草稿,MMHIST,COLLECTION:P3-10483:ocr-draft-20260727,,,,,,domestic_ocr_pilot,domestic-ocr:COLLECTION:P3-10483:ocr-draft-20260727,NLC404-01J000514-10483_光明報_1947年22期,,data/domestic/press_scans/NLC404-01J000514-10483_光明報_1947年22期.pdf,1,0
1159,domestic-ocr/COLLECTION:P3-10484:ocr-draft-20260727,NLC404-01J000514-10484_光明報_1948年1卷1期,1948,,domestic_ocr_pilot,,国内盟史一手资料 OCR 检索草稿,MMHIST,COLLECTION:P3-10484:ocr-draft-20260727,,,,,,domestic_ocr_pilot,domestic-ocr:COLLECTION:P3-10484:ocr-draft-20260727,NLC404-01J000514-10484_光明報_1948年1卷1期,,data/domestic/press_scans/NLC404-01J000514-10484_光明報_1948年1卷1期.pdf,1,0
1160,domestic-ocr/COLLECTION:P3-10514:ocr-draft-20260727,NLC404-01J000514-10514_光明報_1948年1卷12期,1948,,domestic_ocr_pilot,,国内盟史一手资料 OCR 检索草稿,MMHIST,COLLECTION:P3-10514:ocr-draft-20260727,,,,,,domestic_ocr_pilot,domestic-ocr:COLLECTION:P3-10514:ocr-draft-20260727,NLC404-01J000514-10514_光明報_1948年1卷12期,,data/domestic/press_scans/NLC404-01J000514-10514_光明報_1948年1卷12期.pdf,1,0
1161,domestic-ocr/COLLECTION:P3-10515:ocr-draft-20260727,NLC404-01J000514-10515_光明報_1949年2卷1期,1949,,domestic_ocr_pilot,,国内盟史一手资料 OCR 检索草稿,MMHIST,COLLECTION:P3-10515:ocr-draft-20260727,,,,,,domestic_ocr_pilot,domestic-ocr:COLLECTION:P3-10515:ocr-draft-20260727,NLC404-01J000514-10515_光明報_1949年2卷1期,,data/domestic/press_scans/NLC404-01J000514-10515_光明報_1949年2卷1期.pdf,1,0
1162,domestic-ocr/COLLECTION:P3-10835:ocr-draft-20260727,NLC404-01J000514-10835_光明報_1946年2期,1946,,domestic_ocr_pilot,,国内盟史一手资料 OCR 检索草稿,MMHIST,COLLECTION:P3-10835:ocr-draft-20260727,,,,,,domestic_ocr_pilot,domestic-ocr:COLLECTION:P3-10835:ocr-draft-20260727,NLC404-01J000514-10835_光明報_1946年2期,,data/domestic/press_scans/NLC404-01J000514-10835_光明報_1946年2期.pdf,1,0
1163,domestic-ocr/COLLECTION:P3-23806:ocr-draft-20260727,NLC404-01J000514-23806_光明報_1946年11期,1946,,domestic_ocr_pilot,,国内盟史一手资料 OCR 检索草稿,MMHIST,COLLECTION:P3-23806:ocr-draft-20260727,,,,,,domestic_ocr_pilot,domestic-ocr:COLLECTION:P3-23806:ocr-draft-20260727,NLC404-01J000514-23806_光明報_1946年11期,,data/domestic/press_scans/NLC404-01J000514-23806_光明報_1946年11期.pdf,1,0
1164,domestic-ocr/COLLECTION:P3-72821:ocr-draft-20260727,NLC404-01J000514-72821_光明報_1949年2卷12期,1949,,domestic_ocr_pilot,,国内盟史一手资料 OCR 检索草稿,MMHIST,COLLECTION:P3-72821:ocr-draft-20260727,,,,,,domestic_ocr_pilot,domestic-ocr:COLLECTION:P3-72821:ocr-draft-20260727,NLC404-01J000514-72821_光明報_1949年2卷12期,,data/domestic/press_scans/NLC404-01J000514-72821_光明報_1949年2卷12期.pdf,1,0
1165,domestic-ocr/COLLECTION:P3-85443:ocr-draft-20260727,NLC404-00J001436-85443_民憲_第一卷第二期,,,domestic_ocr_pilot,,国内盟史一手资料 OCR 检索草稿,MMHIST,COLLECTION:P3-85443:ocr-draft-20260727,,,,,,domestic_ocr_pilot,domestic-ocr:COLLECTION:P3-85443:ocr-draft-20260727,NLC404-00J001436-85443_民憲_第一卷第二期,,data/domestic/press_scans/NLC404-00J001436-85443_民憲_第一卷第二期.pdf,1,0
1166,domestic-ocr/COLLECTION:P3-85450:ocr-draft-20260727,NLC404-00J001436-85450_民憲_第一卷第九期,,,domestic_ocr_pilot,,国内盟史一手资料 OCR 检索草稿,MMHIST,COLLECTION:P3-85450:ocr-draft-20260727,,,,,,domestic_ocr_pilot,domestic-ocr:COLLECTION:P3-85450:ocr-draft-20260727,NLC404-00J001436-85450_民憲_第一卷第九期,,data/domestic/press_scans/NLC404-00J001436-85450_民憲_第一卷第九期.pdf,1,0
1167,domestic-ocr/COLLECTION:P3-85451:ocr-draft-20260727,NLC404-00J001436-85451_民憲_第一卷第十期,,,domestic_ocr_pilot,,国内盟史一手资料 OCR 检索草稿,MMHIST,COLLECTION:P3-85451:ocr-draft-20260727,,,,,,domestic_ocr_pilot,domestic-ocr:COLLECTION:P3-85451:ocr-draft-20260727,NLC404-00J001436-85451_民憲_第一卷第十期,,data/domestic/press_scans/NLC404-00J001436-85451_民憲_第一卷第十期.pdf,1,0
1168,domestic-ocr/COLLECTION:P3-85452:ocr-draft-20260727,NLC404-00J001436-85452_民憲_第一卷第十一期,,,domestic_ocr_pilot,,国内盟史一手资料 OCR 检索草稿,MMHIST,COLLECTION:P3-85452:ocr-draft-20260727,,,,,,domestic_ocr_pilot,domestic-ocr:COLLECTION:P3-85452:ocr-draft-20260727,NLC404-00J001436-85452_民憲_第一卷第十一期,,data/domestic/press_scans/NLC404-00J001436-85452_民憲_第一卷第十一期.pdf,1,0
1169,domestic-ocr/COLLECTION:P3-85454:ocr-draft-20260727,NLC404-00J001436-85454_民憲_第二卷第一期,,,domestic_ocr_pilot,,国内盟史一手资料 OCR 检索草稿,MMHIST,COLLECTION:P3-85454:ocr-draft-20260727,,,,,,domestic_ocr_pilot,domestic-ocr:COLLECTION:P3-85454:ocr-draft-20260727,NLC404-00J001436-85454_民憲_第二卷第一期,,data/domestic/press_scans/NLC404-00J001436-85454_民憲_第二卷第一期.pdf,1,0
1170,domestic-ocr/COLLECTION:P3-85455:ocr-draft-20260727,NLC404-00J001436-85455_民憲_第二卷第二期,,,domestic_ocr_pilot,,国内盟史一手资料 OCR 检索草稿,MMHIST,COLLECTION:P3-85455:ocr-draft-20260727,,,,,,domestic_ocr_pilot,domestic-ocr:COLLECTION:P3-85455:ocr-draft-20260727,NLC404-00J001436-85455_民憲_第二卷第二期,,data/domestic/press_scans/NLC404-00J001436-85455_民憲_第二卷第二期.pdf,1,0
1171,domestic-ocr/COLLECTION:P3-113:ocr-draft-20260727,《大公報》第113卷（1931年11月；民盟成立前）,1931-11,,domestic_ocr_pilot,,国内盟史一手资料 OCR 检索草稿,MMHIST,COLLECTION:P3-113:ocr-draft-20260727,,前台不展示,0,0,[隔离:1931范围外] 大公报 1931 年 11/12 月卷（1947 误标），民盟史 1941—1949 范围外；移出前台检索,domestic_ocr_pilot,domestic-ocr:COLLECTION:P3-113:ocr-draft-20260727,NLC511-012031312030001-21905_大公報_第113卷,,data/domestic/press_scans/NLC511-012031312030001-21905_大公報_第113卷.pdf,3,0
1172,domestic-ocr/COLLECTION:P3-114:ocr-draft-20260727,《大公報》第114卷（1931年12月；民盟成立前）,1931-12,,domestic_ocr_pilot,,国内盟史一手资料 OCR 检索草稿,MMHIST,COLLECTION:P3-114:ocr-draft-20260727,,前台不展示,0,0,[隔离:1931范围外] 大公报 1931 年 11/12 月卷（1947 误标），民盟史 1941—1949 范围外；移出前台检索,domestic_ocr_pilot,domestic-ocr:COLLECTION:P3-114:ocr-draft-20260727,NLC511-012031312030001-21906_大公報_第114卷,,data/domestic/press_scans/NLC511-012031312030001-21906_大公報_第114卷.pdf,3,0
1173,domestic-web/DL-20260727-003,中国人民政治协商会议共同纲领（维基文库公开转录）,1949-09-29,https://zh.wikisource.org/wiki/%E4%B8%AD%E5%9B%BD%E4%BA%BA%E6%B0%91%E6%94%BF%E5%8D%8F%E5%95%86%E4%BC%9A%E8%AE%AE%E5%85%B1%E5%90%8C%E7%BA%B2%E9%A2%86,domestic_public_web,,国内公开网页资料,MMHIST-WEB,DL-20260727-003,,,,,,domestic_public_web,domestic-web:DL-20260727-003,中国人民政治协商会议共同纲领（维基文库公开转录）,https://zh.wikisource.org/wiki/%E4%B8%AD%E5%9B%BD%E4%BA%BA%E6%B0%91%E6%94%BF%E5%8D%8F%E5%95%86%E4%BC%9A%E8%AE%AE%E5%85%B1%E5%90%8C%E7%BA%B2%E9%A2%86,data/domestic/raw/public_sources/DL-20260727-003_wikisource_commonprogram.html,1,0
1174,domestic-web/DL-20260727-004,中国民主同盟简介（民盟中央官方史叙）,,https://www.mmzy.org.cn/mmgk/jianjie/default.aspx,domestic_public_web,,国内公开网页资料,MMHIST-WEB,DL-20260727-004,,,,,,domestic_public_web,domestic-web:DL-20260727-004,中国民主同盟简介（民盟中央官方史叙）,https://www.mmzy.org.cn/mmgk/jianjie/default.aspx,data/domestic/raw/public_sources/DL-20260727-004_mmzy_jianjie.html,1,0
1175,domestic-web/DL-20260727-005,1948年1月5日，民盟恢复组织活动（人民政协网钩沉）,1948-01-05,https://www.icppcc.cn/newsDetail_1130307,domestic_public_web,,国内公开网页资料,MMHIST-WEB,DL-20260727-005,,,,,,domestic_public_web,domestic-web:DL-20260727-005,1948年1月5日，民盟恢复组织活动（人民政协网钩沉）,https://www.icppcc.cn/newsDetail_1130307,data/domestic/raw/public_sources/DL-20260727-005_icppcc_1948_01_05.html,1,0
1176,domestic-web/DL-20260727-006,中国共产党大事记·1946年,1946,http://cpc.people.com.cn/GB/64162/64164/4416003.html,domestic_public_web,,国内公开网页资料,MMHIST-WEB,DL-20260727-006,,,,,,domestic_public_web,domestic-web:DL-20260727-006,中国共产党大事记·1946年,http://cpc.people.com.cn/GB/64162/64164/4416003.html,data/domestic/raw/public_sources/DL-20260727-006_cpc_people_1946.html,1,0
1177,domestic-web/DL-20260727-007,沈钧儒保存的政协筹建会议提纲和记录（中央统战部）,1948,https://www.zytzb.gov.cn/zytzb/2024-11/08/article_2024110814262019636.shtml,domestic_public_web,,国内公开网页资料,MMHIST-WEB,DL-20260727-007,,,,,,domestic_public_web,domestic-web:DL-20260727-007,沈钧儒保存的政协筹建会议提纲和记录（中央统战部）,https://www.zytzb.gov.cn/zytzb/2024-11/08/article_2024110814262019636.shtml,data/domestic/raw/public_sources/DL-20260727-007_zytzb_2024_11_08.html,1,0
1178,domestic-ocr/NLC:observer-1947-v3n01-front-ocr,《观察》第三卷第1期封面/目录 OCR 草稿,1947-08-30,https://commons.wikimedia.org/wiki/File:SSID-13679264_%E8%A7%82%E5%AF%9F_%E7%AC%AC3%E5%8D%B7第1-12期.pdf,domestic_ocr_review_only,,《观察》第三卷,NLC-OBS-V3,OBSERVER-V3N01-1947,第1期,,,,,domestic_ocr_review,domestic-ocr:NLC:observer-1947-v3n01-front-ocr,《观察》第三卷第1期封面/目录 OCR 草稿,https://commons.wikimedia.org/wiki/File:SSID-13679264_%E8%A7%82%E5%AF%9F_%E7%AC%AC3%E5%8D%B7%E7%AC%AC1-12%E6%9C%9F.pdf,work/domestic/observer_issue_ocr_20260728/观察_第三卷_第01期_1947-08-30_pdf0003-0026.pdf,2,0
1179,domestic-ocr/NLC:observer-1947-v3n02-front-ocr,《观察》第三卷第2期封面/目录 OCR 草稿,1947-09-06,https://commons.wikimedia.org/wiki/File:SSID-13679264_%E8%A7%82%E5%AF%9F_%E7%AC%AC3%E5%8D%B7第1-12期.pdf,domestic_ocr_review_only,,《观察》第三卷,NLC-OBS-V3,OBSERVER-V3N02-1947,第2期,,,,,domestic_ocr_review,domestic-ocr:NLC:observer-1947-v3n02-front-ocr,《观察》第三卷第2期封面/目录 OCR 草稿,https://commons.wikimedia.org/wiki/File:SSID-13679264_%E8%A7%82%E5%AF%9F_%E7%AC%AC3%E5%8D%B7%E7%AC%AC1-12%E6%9C%9F.pdf,work/domestic/observer_issue_ocr_20260728/观察_第三卷_第02期_1947-09-06_pdf0027-0050.pdf,2,0
1180,domestic-ocr/NLC:observer-1947-v3n03-front-ocr,《观察》第三卷第3期封面/目录 OCR 草稿,1947-09-13,https://commons.wikimedia.org/wiki/File:SSID-13679264_%E8%A7%82%E5%AF%9F_%E7%AC%AC3%E5%8D%B7第1-12期.pdf,domestic_ocr_review_only,,《观察》第三卷,NLC-OBS-V3,OBSERVER-V3N03-1947,第3期,,,,,domestic_ocr_review,domestic-ocr:NLC:observer-1947-v3n03-front-ocr,《观察》第三卷第3期封面/目录 OCR 草稿,https://commons.wikimedia.org/wiki/File:SSID-13679264_%E8%A7%82%E5%AF%9F_%E7%AC%AC3%E5%8D%B7%E7%AC%AC1-12%E6%9C%9F.pdf,work/domestic/observer_issue_ocr_20260728/观察_第三卷_第03期_1947-09-13_pdf0051-0074.pdf,2,0
1181,domestic-ocr/NLC:observer-1947-v3n04-front-ocr,《观察》第三卷第4期封面/目录 OCR 草稿,1947-09-20,https://commons.wikimedia.org/wiki/File:SSID-13679264_%E8%A7%82%E5%AF%9F_%E7%AC%AC3%E5%8D%B7第1-12期.pdf,domestic_ocr_review_only,,《观察》第三卷,NLC-OBS-V3,OBSERVER-V3N04-1947,第4期,,,,,domestic_ocr_review,domestic-ocr:NLC:observer-1947-v3n04-front-ocr,《观察》第三卷第4期封面/目录 OCR 草稿,https://commons.wikimedia.org/wiki/File:SSID-13679264_%E8%A7%82%E5%AF%9F_%E7%AC%AC3%E5%8D%B7%E7%AC%AC1-12%E6%9C%9F.pdf,work/domestic/observer_issue_ocr_20260728/观察_第三卷_第04期_1947-09-20_pdf0075-0098.pdf,2,0
1182,domestic-ocr/NLC:observer-1947-v3n05-front-ocr,《观察》第三卷第5期封面/目录 OCR 草稿,1947-09-27,https://commons.wikimedia.org/wiki/File:SSID-13679264_%E8%A7%82%E5%AF%9F_%E7%AC%AC3%E5%8D%B7第1-12期.pdf,domestic_ocr_review_only,,《观察》第三卷,NLC-OBS-V3,OBSERVER-V3N05-1947,第5期,,,,,domestic_ocr_review,domestic-ocr:NLC:observer-1947-v3n05-front-ocr,《观察》第三卷第5期封面/目录 OCR 草稿,https://commons.wikimedia.org/wiki/File:SSID-13679264_%E8%A7%82%E5%AF%9F_%E7%AC%AC3%E5%8D%B7%E7%AC%AC1-12%E6%9C%9F.pdf,work/domestic/observer_issue_ocr_20260728/观察_第三卷_第05期_1947-09-27_pdf0099-0122.pdf,2,0
1183,domestic-ocr/NLC:observer-1947-v3n06-front-ocr,《观察》第三卷第6期封面/目录 OCR 草稿,1947-10-04,https://commons.wikimedia.org/wiki/File:SSID-13679264_%E8%A7%82%E5%AF%9F_%E7%AC%AC3%E5%8D%B7第1-12期.pdf,domestic_ocr_review_only,,《观察》第三卷,NLC-OBS-V3,OBSERVER-V3N06-1947,第6期,,,,,domestic_ocr_review,domestic-ocr:NLC:observer-1947-v3n06-front-ocr,《观察》第三卷第6期封面/目录 OCR 草稿,https://commons.wikimedia.org/wiki/File:SSID-13679264_%E8%A7%82%E5%AF%9F_%E7%AC%AC3%E5%8D%B7%E7%AC%AC1-12%E6%9C%9F.pdf,work/domestic/observer_issue_ocr_20260728/观察_第三卷_第06期_1947-10-04_pdf0123-0146.pdf,2,0
1184,domestic-ocr/NLC:observer-1947-v3n07-front-ocr,《观察》第三卷第7期封面/目录 OCR 草稿,1947-10-11,https://commons.wikimedia.org/wiki/File:SSID-13679264_%E8%A7%82%E5%AF%9F_%E7%AC%AC3%E5%8D%B7第1-12期.pdf,domestic_ocr_review_only,,《观察》第三卷,NLC-OBS-V3,OBSERVER-V3N07-1947,第7期,,,,,domestic_ocr_review,domestic-ocr:NLC:observer-1947-v3n07-front-ocr,《观察》第三卷第7期封面/目录 OCR 草稿,https://commons.wikimedia.org/wiki/File:SSID-13679264_%E8%A7%82%E5%AF%9F_%E7%AC%AC3%E5%8D%B7%E7%AC%AC1-12%E6%9C%9F.pdf,work/domestic/observer_issue_ocr_20260728/观察_第三卷_第07期_1947-10-11_pdf0147-0174.pdf,2,0
1185,domestic-ocr/NLC:observer-1947-v3n08-front-ocr,《观察》第三卷第8期封面/目录 OCR 草稿,1947-10-18,https://commons.wikimedia.org/wiki/File:SSID-13679264_%E8%A7%82%E5%AF%9F_%E7%AC%AC3%E5%8D%B7第1-12期.pdf,domestic_ocr_review_only,,《观察》第三卷,NLC-OBS-V3,OBSERVER-V3N08-1947,第8期,,,,,domestic_ocr_review,domestic-ocr:NLC:observer-1947-v3n08-front-ocr,《观察》第三卷第8期封面/目录 OCR 草稿,https://commons.wikimedia.org/wiki/File:SSID-13679264_%E8%A7%82%E5%AF%9F_%E7%AC%AC3%E5%8D%B7%E7%AC%AC1-12%E6%9C%9F.pdf,work/domestic/observer_issue_ocr_20260728/观察_第三卷_第08期_1947-10-18_pdf0175-0198.pdf,2,0
1186,domestic-ocr/NLC:observer-1947-v3n09-front-ocr,《观察》第三卷第9期封面/目录 OCR 草稿,1947-10-25,https://commons.wikimedia.org/wiki/File:SSID-13679264_%E8%A7%82%E5%AF%9F_%E7%AC%AC3%E5%8D%B7第1-12期.pdf,domestic_ocr_review_only,,《观察》第三卷,NLC-OBS-V3,OBSERVER-V3N09-1947,第9期,,,,,domestic_ocr_review,domestic-ocr:NLC:observer-1947-v3n09-front-ocr,《观察》第三卷第9期封面/目录 OCR 草稿,https://commons.wikimedia.org/wiki/File:SSID-13679264_%E8%A7%82%E5%AF%9F_%E7%AC%AC3%E5%8D%B7%E7%AC%AC1-12%E6%9C%9F.pdf,work/domestic/observer_issue_ocr_20260728/观察_第三卷_第09期_1947-10-25_pdf0199-0218.pdf,2,0
1187,domestic-ocr/NLC:observer-1947-v3n10-front-ocr,《观察》第三卷第10期封面/目录 OCR 草稿,1947-11-01,https://commons.wikimedia.org/wiki/File:SSID-13679264_%E8%A7%82%E5%AF%9F_%E7%AC%AC3%E5%8D%B7第1-12期.pdf,domestic_ocr_review_only,,《观察》第三卷,NLC-OBS-V3,OBSERVER-V3N10-1947,第10期,,,,,domestic_ocr_review,domestic-ocr:NLC:observer-1947-v3n10-front-ocr,《观察》第三卷第10期封面/目录 OCR 草稿,https://commons.wikimedia.org/wiki/File:SSID-13679264_%E8%A7%82%E5%AF%9F_%E7%AC%AC3%E5%8D%B7%E7%AC%AC1-12%E6%9C%9F.pdf,work/domestic/observer_issue_ocr_20260728/观察_第三卷_第10期_1947-11-01_pdf0219-0238.pdf,2,0
1188,domestic-ocr/NLC:observer-1947-v3n11-front-ocr,《观察》第三卷第11期封面/目录 OCR 草稿,1947-11-08,https://commons.wikimedia.org/wiki/File:SSID-13679264_%E8%A7%82%E5%AF%9F_%E7%AC%AC3%E5%8D%B7第1-12期.pdf,domestic_ocr_review_only,,《观察》第三卷,NLC-OBS-V3,OBSERVER-V3N11-1947,第11期,,,,,domestic_ocr_review,domestic-ocr:NLC:observer-1947-v3n11-front-ocr,《观察》第三卷第11期封面/目录 OCR 草稿,https://commons.wikimedia.org/wiki/File:SSID-13679264_%E8%A7%82%E5%AF%9F_%E7%AC%AC3%E5%8D%B7%E7%AC%AC1-12%E6%9C%9F.pdf,work/domestic/observer_issue_ocr_20260728/观察_第三卷_第11期_1947-11-08_pdf0239-0258.pdf,2,0
1189,domestic-ocr/NLC:observer-1947-v3n12-front-ocr,《观察》第三卷第12期封面/目录 OCR 草稿,1947-11-15,https://commons.wikimedia.org/wiki/File:SSID-13679264_%E8%A7%82%E5%AF%9F_%E7%AC%AC3%E5%8D%B7第1-12期.pdf,domestic_ocr_review_only,,《观察》第三卷,NLC-OBS-V3,OBSERVER-V3N12-1947,第12期,,,,,domestic_ocr_review,domestic-ocr:NLC:observer-1947-v3n12-front-ocr,《观察》第三卷第12期封面/目录 OCR 草稿,https://commons.wikimedia.org/wiki/File:SSID-13679264_%E8%A7%82%E5%AF%9F_%E7%AC%AC3%E5%8D%B7%E7%AC%AC1-12%E6%9C%9F.pdf,work/domestic/observer_issue_ocr_20260728/观察_第三卷_第12期_1947-11-15_pdf0259-0278.pdf,2,0
1190,domestic-ocr/LOCALFULL:P3-002,NLC404-01J000514-10460_光明報_1947年21期.pdf · OCR检索草稿,,,domestic_ocr_pilot,,press_scan,MMHIST,LOCALFULL:P3-002,,,,,,domestic_ocr_pilot,domestic-ocr:LOCALFULL:P3-002,NLC404-01J000514-10460_光明報_1947年21期.pdf · OCR检索草稿,,data/domestic/press_scans/NLC404-01J000514-10460_光明報_1947年21期.pdf,1,0
1191,domestic-ocr/LOCALFULL:P3-003,NLC404-00J001436-85449_民憲_第一卷第八期.pdf · OCR检索草稿,,,domestic_ocr_pilot,,press_scan,MMHIST,LOCALFULL:P3-003,,,,,,domestic_ocr_pilot,domestic-ocr:LOCALFULL:P3-003,NLC404-00J001436-85449_民憲_第一卷第八期.pdf · OCR检索草稿,,data/domestic/press_scans/NLC404-00J001436-85449_民憲_第一卷第八期.pdf,1,0
1192,domestic-ocr/LOCALFULL:P3-004,NLC404-01J000514-10431_光明報_1946年10期.pdf · OCR检索草稿,,,domestic_ocr_pilot,,press_scan,MMHIST,LOCALFULL:P3-004,,,,,,domestic_ocr_pilot,domestic-ocr:LOCALFULL:P3-004,NLC404-01J000514-10431_光明報_1946年10期.pdf · OCR检索草稿,,data/domestic/press_scans/NLC404-01J000514-10431_光明報_1946年10期.pdf,1,0
1193,domestic-ocr/LOCALFULL:P3-005,NLC404-00J001436-85453_民憲_第一卷第十二期.pdf · OCR检索草稿,,,domestic_ocr_pilot,,press_scan,MMHIST,LOCALFULL:P3-005,,,,,,domestic_ocr_pilot,domestic-ocr:LOCALFULL:P3-005,NLC404-00J001436-85453_民憲_第一卷第十二期.pdf · OCR检索草稿,,data/domestic/press_scans/NLC404-00J001436-85453_民憲_第一卷第十二期.pdf,1,0
1194,domestic-ocr/LOCALFULL:P3-006,NLC1080-00N000846-8631_新华日报_1941-10-10.pdf · OCR检索草稿,,,domestic_ocr_pilot,,press_scan,MMHIST,LOCALFULL:P3-006,,,,,,domestic_ocr_pilot,domestic-ocr:LOCALFULL:P3-006,NLC1080-00N000846-8631_新华日报_1941-10-10.pdf · OCR检索草稿,,data/domestic/press_scans/NLC1080-00N000846-8631_新华日报_1941-10-10.pdf,1,0
1195,domestic-ocr/LOCALFULL:P3-007,NLC404-00J001436-85445_民憲_第一卷第四期.pdf · OCR检索草稿,,,domestic_ocr_pilot,,press_scan,MMHIST,LOCALFULL:P3-007,,,,,,domestic_ocr_pilot,domestic-ocr:LOCALFULL:P3-007,NLC404-00J001436-85445_民憲_第一卷第四期.pdf · OCR检索草稿,,data/domestic/press_scans/NLC404-00J001436-85445_民憲_第一卷第四期.pdf,1,0
1196,domestic-ocr/LOCALFULL:P3-008,NLC404-01J000514-10834_光明報_1946年1期.pdf · OCR检索草稿,,,domestic_ocr_pilot,,press_scan,MMHIST,LOCALFULL:P3-008,,,,,,domestic_ocr_pilot,domestic-ocr:LOCALFULL:P3-008,NLC404-01J000514-10834_光明報_1946年1期.pdf · OCR检索草稿,,data/domestic/press_scans/NLC404-01J000514-10834_光明報_1946年1期.pdf,1,0
1197,domestic-ocr/LOCALFULL:P3-009,NLC404-01J000332-6817_观察_1947年3卷11期.pdf · OCR检索草稿,,,domestic_ocr_pilot,,press_scan,MMHIST,LOCALFULL:P3-009,,,,,,domestic_ocr_pilot,domestic-ocr:LOCALFULL:P3-009,NLC404-01J000332-6817_观察_1947年3卷11期.pdf · OCR检索草稿,,data/domestic/press_scans/NLC404-01J000332-6817_观察_1947年3卷11期.pdf,1,0
1198,domestic-ocr/LOCALFULL:P3-010,NLC404-01J000514-72818_光明報_1947年12期.pdf · OCR检索草稿,,,domestic_ocr_pilot,,press_scan,MMHIST,LOCALFULL:P3-010,,,,,,domestic_ocr_pilot,domestic-ocr:LOCALFULL:P3-010,NLC404-01J000514-72818_光明報_1947年12期.pdf · OCR检索草稿,,data/domestic/press_scans/NLC404-01J000514-72818_光明報_1947年12期.pdf,1,0
1199,domestic-ocr/LOCALFULL:P3-011,NLC416-01jh004281-12557_民主同盟文獻_1946.pdf · OCR检索草稿,,,domestic_ocr_pilot,,sourcebook,MMHIST,LOCALFULL:P3-011,,,,,,domestic_ocr_pilot,domestic-ocr:LOCALFULL:P3-011,NLC416-01jh004281-12557_民主同盟文獻_1946.pdf · OCR检索草稿,,data/domestic/sourcebooks/NLC416-01jh004281-12557_民主同盟文獻_1946.pdf,1,0
1200,domestic-ocr/LOCALFULL:P3-012,NLC511-027032013012333-19131_民主同盟文獻_alternate_scan.pdf · OCR检索草稿,,,domestic_ocr_pilot,,sourcebook,MMHIST,LOCALFULL:P3-012,,,,,,domestic_ocr_pilot,domestic-ocr:LOCALFULL:P3-012,NLC511-027032013012333-19131_民主同盟文獻_alternate_scan.pdf · OCR检索草稿,,data/domestic/sourcebooks/NLC511-027032013012333-19131_民主同盟文獻_alternate_scan.pdf,1,0
1201,domestic-ocr/LOCALFULL:P3-013,NLC511-027032016010761-42571_中国民主同盟言论集.pdf · OCR检索草稿,,,domestic_ocr_pilot,,sourcebook,MMHIST,LOCALFULL:P3-013,,,,,,domestic_ocr_pilot,domestic-ocr:LOCALFULL:P3-013,NLC511-027032016010761-42571_中国民主同盟言论集.pdf · OCR检索草稿,,data/domestic/sourcebooks/NLC511-027032016010761-42571_中国民主同盟言论集.pdf,1,0
1202,domestic-ocr/LOCALFULL:P3-014,中国民主同盟临时全国代表大会宣言_公开转录.pdf · OCR检索草稿,,,domestic_ocr_pilot,,sourcebook,MMHIST,LOCALFULL:P3-014,,,,,,domestic_ocr_pilot,domestic-ocr:LOCALFULL:P3-014,中国民主同盟临时全国代表大会宣言_公开转录.pdf · OCR检索草稿,,data/domestic/sourcebooks/中国民主同盟临时全国代表大会宣言_公开转录.pdf,8,0
1203,domestic-ocr/LOCALFULL:P3-015,中国民主同盟历史文献_1941-1949_公开扫描.pdf · OCR检索草稿,,,domestic_ocr_pilot,,sourcebook,MMHIST,LOCALFULL:P3-015,,,,,,domestic_ocr_pilot,domestic-ocr:LOCALFULL:P3-015,中国民主同盟历史文献_1941-1949_公开扫描.pdf · OCR检索草稿,,data/domestic/sourcebooks/中国民主同盟历史文献_1941-1949_公开扫描.pdf,7,0
1204,domestic-ocr/LOCALFULL:P3-020,GXMM_大公報_天津版_1947-11-06_第2版_民盟宣布解散_嵌图截取.png · OCR检索草稿,,,domestic_ocr_pilot,,press_scan,MMHIST,LOCALFULL:P3-020,,,,,,domestic_ocr_pilot,domestic-ocr:LOCALFULL:P3-020,GXMM_大公報_天津版_1947-11-06_第2版_民盟宣布解散_嵌图截取.png · OCR检索草稿,,data/domestic/press_scans/GXMM_大公報_天津版_1947-11-06_第2版_民盟宣布解散_嵌图截取.png,1,0
1205,domestic-ocr/LOCALFULL:P3-021,LNU_PROFMKCHAN_INDEXLIST_14_光明報_1941.pdf · OCR检索草稿,,,domestic_ocr_pilot,,press_scan,MMHIST,LOCALFULL:P3-021,,,,,,domestic_ocr_pilot,domestic-ocr:LOCALFULL:P3-021,LNU_PROFMKCHAN_INDEXLIST_14_光明報_1941.pdf · OCR检索草稿,,data/domestic/press_scans/LNU_PROFMKCHAN_INDEXLIST_14_光明報_1941.pdf,1,0
1206,domestic-ocr/LOCALFULL:P3-023,SSID-13679264_观察_第3卷第1-12期.pdf · OCR检索草稿,,,domestic_ocr_pilot,,press_scan,MMHIST,LOCALFULL:P3-023,,,,,,domestic_ocr_pilot,domestic-ocr:LOCALFULL:P3-023,SSID-13679264_观察_第3卷第1-12期.pdf · OCR检索草稿,,data/domestic/press_scans/SSID-13679264_观察_第3卷第1-12期.pdf,3,0
1207,domestic-ocr/LOCALFULL:P3-10424,NLC404-01J000514-10424_光明報_1946年3期.pdf · OCR检索草稿,,,domestic_ocr_pilot,,press_scan,MMHIST,LOCALFULL:P3-10424,,,,,,domestic_ocr_pilot,domestic-ocr:LOCALFULL:P3-10424,NLC404-01J000514-10424_光明報_1946年3期.pdf · OCR检索草稿,,data/domestic/press_scans/NLC404-01J000514-10424_光明報_1946年3期.pdf,1,0
1208,domestic-ocr/LOCALFULL:P3-10425,NLC404-01J000514-10425_光明報_1946年4期.pdf · OCR检索草稿,,,domestic_ocr_pilot,,press_scan,MMHIST,LOCALFULL:P3-10425,,,,,,domestic_ocr_pilot,domestic-ocr:LOCALFULL:P3-10425,NLC404-01J000514-10425_光明報_1946年4期.pdf · OCR检索草稿,,data/domestic/press_scans/NLC404-01J000514-10425_光明報_1946年4期.pdf,1,0
1209,domestic-ocr/LOCALFULL:P3-10426,NLC404-01J000514-10426_光明報_1946年5期.pdf · OCR检索草稿,,,domestic_ocr_pilot,,press_scan,MMHIST,LOCALFULL:P3-10426,,,,,,domestic_ocr_pilot,domestic-ocr:LOCALFULL:P3-10426,NLC404-01J000514-10426_光明報_1946年5期.pdf · OCR检索草稿,,data/domestic/press_scans/NLC404-01J000514-10426_光明報_1946年5期.pdf,1,0
1210,domestic-ocr/LOCALFULL:P3-10427,NLC404-01J000514-10427_光明報_1946年6期.pdf · OCR检索草稿,,,domestic_ocr_pilot,,press_scan,MMHIST,LOCALFULL:P3-10427,,,,,,domestic_ocr_pilot,domestic-ocr:LOCALFULL:P3-10427,NLC404-01J000514-10427_光明報_1946年6期.pdf · OCR检索草稿,,data/domestic/press_scans/NLC404-01J000514-10427_光明報_1946年6期.pdf,1,0
1211,domestic-ocr/LOCALFULL:P3-10428,NLC404-01J000514-10428_光明報_1946年7期.pdf · OCR检索草稿,,,domestic_ocr_pilot,,press_scan,MMHIST,LOCALFULL:P3-10428,,,,,,domestic_ocr_pilot,domestic-ocr:LOCALFULL:P3-10428,NLC404-01J000514-10428_光明報_1946年7期.pdf · OCR检索草稿,,data/domestic/press_scans/NLC404-01J000514-10428_光明報_1946年7期.pdf,1,0
1212,domestic-ocr/LOCALFULL:P3-10429,NLC404-01J000514-10429_光明報_1946年8期.pdf · OCR检索草稿,,,domestic_ocr_pilot,,press_scan,MMHIST,LOCALFULL:P3-10429,,,,,,domestic_ocr_pilot,domestic-ocr:LOCALFULL:P3-10429,NLC404-01J000514-10429_光明報_1946年8期.pdf · OCR检索草稿,,data/domestic/press_scans/NLC404-01J000514-10429_光明報_1946年8期.pdf,1,0
1213,domestic-ocr/LOCALFULL:P3-10430,NLC404-01J000514-10430_光明報_1946年9期.pdf · OCR检索草稿,,,domestic_ocr_pilot,,press_scan,MMHIST,LOCALFULL:P3-10430,,,,,,domestic_ocr_pilot,domestic-ocr:LOCALFULL:P3-10430,NLC404-01J000514-10430_光明報_1946年9期.pdf · OCR检索草稿,,data/domestic/press_scans/NLC404-01J000514-10430_光明報_1946年9期.pdf,1,0
1214,domestic-ocr/LOCALFULL:P3-10453,NLC404-01J000514-10453_光明報_1947年13期.pdf · OCR检索草稿,,,domestic_ocr_pilot,,press_scan,MMHIST,LOCALFULL:P3-10453,,,,,,domestic_ocr_pilot,domestic-ocr:LOCALFULL:P3-10453,NLC404-01J000514-10453_光明報_1947年13期.pdf · OCR检索草稿,,data/domestic/press_scans/NLC404-01J000514-10453_光明報_1947年13期.pdf,1,0
1215,domestic-ocr/LOCALFULL:P3-10454,NLC404-01J000514-10454_光明報_1947年14期.pdf · OCR检索草稿,,,domestic_ocr_pilot,,press_scan,MMHIST,LOCALFULL:P3-10454,,,,,,domestic_ocr_pilot,domestic-ocr:LOCALFULL:P3-10454,NLC404-01J000514-10454_光明報_1947年14期.pdf · OCR检索草稿,,data/domestic/press_scans/NLC404-01J000514-10454_光明報_1947年14期.pdf,1,0
1216,domestic-ocr/LOCALFULL:P3-10455,NLC404-01J000514-10455_光明報_1947年15期.pdf · OCR检索草稿,,,domestic_ocr_pilot,,press_scan,MMHIST,LOCALFULL:P3-10455,,,,,,domestic_ocr_pilot,domestic-ocr:LOCALFULL:P3-10455,NLC404-01J000514-10455_光明報_1947年15期.pdf · OCR检索草稿,,data/domestic/press_scans/NLC404-01J000514-10455_光明報_1947年15期.pdf,1,0
1217,domestic-ocr/LOCALFULL:P3-10456,NLC404-01J000514-10456_光明報_1947年16–17期.pdf · OCR检索草稿,,,domestic_ocr_pilot,,press_scan,MMHIST,LOCALFULL:P3-10456,,,,,,domestic_ocr_pilot,domestic-ocr:LOCALFULL:P3-10456,NLC404-01J000514-10456_光明報_1947年16–17期.pdf · OCR检索草稿,,data/domestic/press_scans/NLC404-01J000514-10456_光明報_1947年16–17期.pdf,1,0
1218,domestic-ocr/LOCALFULL:P3-10457,NLC404-01J000514-10457_光明報_1947年18期.pdf · OCR检索草稿,,,domestic_ocr_pilot,,press_scan,MMHIST,LOCALFULL:P3-10457,,,,,,domestic_ocr_pilot,domestic-ocr:LOCALFULL:P3-10457,NLC404-01J000514-10457_光明報_1947年18期.pdf · OCR检索草稿,,data/domestic/press_scans/NLC404-01J000514-10457_光明報_1947年18期.pdf,1,0
1219,domestic-ocr/LOCALFULL:P3-10458,NLC404-01J000514-10458_光明報_1947年19期.pdf · OCR检索草稿,,,domestic_ocr_pilot,,press_scan,MMHIST,LOCALFULL:P3-10458,,,,,,domestic_ocr_pilot,domestic-ocr:LOCALFULL:P3-10458,NLC404-01J000514-10458_光明報_1947年19期.pdf · OCR检索草稿,,data/domestic/press_scans/NLC404-01J000514-10458_光明報_1947年19期.pdf,1,0
1220,domestic-ocr/LOCALFULL:P3-10459,NLC404-01J000514-10459_光明報_1947年20期.pdf · OCR检索草稿,,,domestic_ocr_pilot,,press_scan,MMHIST,LOCALFULL:P3-10459,,,,,,domestic_ocr_pilot,domestic-ocr:LOCALFULL:P3-10459,NLC404-01J000514-10459_光明報_1947年20期.pdf · OCR检索草稿,,data/domestic/press_scans/NLC404-01J000514-10459_光明報_1947年20期.pdf,1,0
1221,domestic-ocr/LOCALFULL:P3-10483,NLC404-01J000514-10483_光明報_1947年22期.pdf · OCR检索草稿,,,domestic_ocr_pilot,,press_scan,MMHIST,LOCALFULL:P3-10483,,,,,,domestic_ocr_pilot,domestic-ocr:LOCALFULL:P3-10483,NLC404-01J000514-10483_光明報_1947年22期.pdf · OCR检索草稿,,data/domestic/press_scans/NLC404-01J000514-10483_光明報_1947年22期.pdf,1,0
1222,domestic-ocr/LOCALFULL:P3-10484,NLC404-01J000514-10484_光明報_1948年1卷1期.pdf · OCR检索草稿,,,domestic_ocr_pilot,,press_scan,MMHIST,LOCALFULL:P3-10484,,,,,,domestic_ocr_pilot,domestic-ocr:LOCALFULL:P3-10484,NLC404-01J000514-10484_光明報_1948年1卷1期.pdf · OCR检索草稿,,data/domestic/press_scans/NLC404-01J000514-10484_光明報_1948年1卷1期.pdf,1,0
1223,domestic-ocr/LOCALFULL:P3-10514,NLC404-01J000514-10514_光明報_1948年1卷12期.pdf · OCR检索草稿,,,domestic_ocr_pilot,,press_scan,MMHIST,LOCALFULL:P3-10514,,,,,,domestic_ocr_pilot,domestic-ocr:LOCALFULL:P3-10514,NLC404-01J000514-10514_光明報_1948年1卷12期.pdf · OCR检索草稿,,data/domestic/press_scans/NLC404-01J000514-10514_光明報_1948年1卷12期.pdf,1,0
1224,domestic-ocr/LOCALFULL:P3-10515,NLC404-01J000514-10515_光明報_1949年2卷1期.pdf · OCR检索草稿,,,domestic_ocr_pilot,,press_scan,MMHIST,LOCALFULL:P3-10515,,,,,,domestic_ocr_pilot,domestic-ocr:LOCALFULL:P3-10515,NLC404-01J000514-10515_光明報_1949年2卷1期.pdf · OCR检索草稿,,data/domestic/press_scans/NLC404-01J000514-10515_光明報_1949年2卷1期.pdf,1,0
1225,domestic-ocr/LOCALFULL:P3-10835,NLC404-01J000514-10835_光明報_1946年2期.pdf · OCR检索草稿,,,domestic_ocr_pilot,,press_scan,MMHIST,LOCALFULL:P3-10835,,,,,,domestic_ocr_pilot,domestic-ocr:LOCALFULL:P3-10835,NLC404-01J000514-10835_光明報_1946年2期.pdf · OCR检索草稿,,data/domestic/press_scans/NLC404-01J000514-10835_光明報_1946年2期.pdf,1,0
1226,domestic-ocr/LOCALFULL:P3-23806,NLC404-01J000514-23806_光明報_1946年11期.pdf · OCR检索草稿,,,domestic_ocr_pilot,,press_scan,MMHIST,LOCALFULL:P3-23806,,,,,,domestic_ocr_pilot,domestic-ocr:LOCALFULL:P3-23806,NLC404-01J000514-23806_光明報_1946年11期.pdf · OCR检索草稿,,data/domestic/press_scans/NLC404-01J000514-23806_光明報_1946年11期.pdf,1,0
1227,domestic-ocr/LOCALFULL:P3-72821,NLC404-01J000514-72821_光明報_1949年2卷12期.pdf · OCR检索草稿,,,domestic_ocr_pilot,,press_scan,MMHIST,LOCALFULL:P3-72821,,,,,,domestic_ocr_pilot,domestic-ocr:LOCALFULL:P3-72821,NLC404-01J000514-72821_光明報_1949年2卷12期.pdf · OCR检索草稿,,data/domestic/press_scans/NLC404-01J000514-72821_光明報_1949年2卷12期.pdf,1,0
1228,domestic-ocr/LOCALFULL:P3-85442,NLC404-00J001436-85442_民憲_第一卷第一期.pdf · OCR检索草稿,,,domestic_ocr_pilot,,press_scan,MMHIST,LOCALFULL:P3-85442,,,,,,domestic_ocr_pilot,domestic-ocr:LOCALFULL:P3-85442,NLC404-00J001436-85442_民憲_第一卷第一期.pdf · OCR检索草稿,,data/domestic/press_scans/NLC404-00J001436-85442_民憲_第一卷第一期.pdf,1,0
1229,domestic-ocr/LOCALFULL:P3-85443,NLC404-00J001436-85443_民憲_第一卷第二期.pdf · OCR检索草稿,,,domestic_ocr_pilot,,press_scan,MMHIST,LOCALFULL:P3-85443,,,,,,domestic_ocr_pilot,domestic-ocr:LOCALFULL:P3-85443,NLC404-00J001436-85443_民憲_第一卷第二期.pdf · OCR检索草稿,,data/domestic/press_scans/NLC404-00J001436-85443_民憲_第一卷第二期.pdf,1,0
1230,domestic-ocr/LOCALFULL:P3-85444,NLC404-00J001436-85444_民憲_第一卷第三期.pdf · OCR检索草稿,,,domestic_ocr_pilot,,press_scan,MMHIST,LOCALFULL:P3-85444,,,,,,domestic_ocr_pilot,domestic-ocr:LOCALFULL:P3-85444,NLC404-00J001436-85444_民憲_第一卷第三期.pdf · OCR检索草稿,,data/domestic/press_scans/NLC404-00J001436-85444_民憲_第一卷第三期.pdf,1,0
1231,domestic-ocr/LOCALFULL:P3-85446,NLC404-00J001436-85446_民憲_第一卷第五期.pdf · OCR检索草稿,,,domestic_ocr_pilot,,press_scan,MMHIST,LOCALFULL:P3-85446,,,,,,domestic_ocr_pilot,domestic-ocr:LOCALFULL:P3-85446,NLC404-00J001436-85446_民憲_第一卷第五期.pdf · OCR检索草稿,,data/domestic/press_scans/NLC404-00J001436-85446_民憲_第一卷第五期.pdf,1,0
1232,domestic-ocr/LOCALFULL:P3-85447,NLC404-00J001436-85447_民憲_第一卷第六期.pdf · OCR检索草稿,,,domestic_ocr_pilot,,press_scan,MMHIST,LOCALFULL:P3-85447,,,,,,domestic_ocr_pilot,domestic-ocr:LOCALFULL:P3-85447,NLC404-00J001436-85447_民憲_第一卷第六期.pdf · OCR检索草稿,,data/domestic/press_scans/NLC404-00J001436-85447_民憲_第一卷第六期.pdf,1,0
1233,domestic-ocr/LOCALFULL:P3-85448,NLC404-00J001436-85448_民憲_第一卷第七期.pdf · OCR检索草稿,,,domestic_ocr_pilot,,press_scan,MMHIST,LOCALFULL:P3-85448,,,,,,domestic_ocr_pilot,domestic-ocr:LOCALFULL:P3-85448,NLC404-00J001436-85448_民憲_第一卷第七期.pdf · OCR检索草稿,,data/domestic/press_scans/NLC404-00J001436-85448_民憲_第一卷第七期.pdf,1,0
1234,domestic-ocr/LOCALFULL:P3-85450,NLC404-00J001436-85450_民憲_第一卷第九期.pdf · OCR检索草稿,,,domestic_ocr_pilot,,press_scan,MMHIST,LOCALFULL:P3-85450,,,,,,domestic_ocr_pilot,domestic-ocr:LOCALFULL:P3-85450,NLC404-00J001436-85450_民憲_第一卷第九期.pdf · OCR检索草稿,,data/domestic/press_scans/NLC404-00J001436-85450_民憲_第一卷第九期.pdf,1,0
1235,domestic-ocr/LOCALFULL:P3-85451,NLC404-00J001436-85451_民憲_第一卷第十期.pdf · OCR检索草稿,,,domestic_ocr_pilot,,press_scan,MMHIST,LOCALFULL:P3-85451,,,,,,domestic_ocr_pilot,domestic-ocr:LOCALFULL:P3-85451,NLC404-00J001436-85451_民憲_第一卷第十期.pdf · OCR检索草稿,,data/domestic/press_scans/NLC404-00J001436-85451_民憲_第一卷第十期.pdf,1,0
1236,domestic-ocr/LOCALFULL:P3-85452,NLC404-00J001436-85452_民憲_第一卷第十一期.pdf · OCR检索草稿,,,domestic_ocr_pilot,,press_scan,MMHIST,LOCALFULL:P3-85452,,,,,,domestic_ocr_pilot,domestic-ocr:LOCALFULL:P3-85452,NLC404-00J001436-85452_民憲_第一卷第十一期.pdf · OCR检索草稿,,data/domestic/press_scans/NLC404-00J001436-85452_民憲_第一卷第十一期.pdf,1,0
1237,domestic-ocr/LOCALFULL:P3-85454,NLC404-00J001436-85454_民憲_第二卷第一期.pdf · OCR检索草稿,,,domestic_ocr_pilot,,press_scan,MMHIST,LOCALFULL:P3-85454,,,,,,domestic_ocr_pilot,domestic-ocr:LOCALFULL:P3-85454,NLC404-00J001436-85454_民憲_第二卷第一期.pdf · OCR检索草稿,,data/domestic/press_scans/NLC404-00J001436-85454_民憲_第二卷第一期.pdf,1,0
1238,domestic-ocr/LOCALFULL:P3-85455,NLC404-00J001436-85455_民憲_第二卷第二期.pdf · OCR检索草稿,,,domestic_ocr_pilot,,press_scan,MMHIST,LOCALFULL:P3-85455,,,,,,domestic_ocr_pilot,domestic-ocr:LOCALFULL:P3-85455,NLC404-00J001436-85455_民憲_第二卷第二期.pdf · OCR检索草稿,,data/domestic/press_scans/NLC404-00J001436-85455_民憲_第二卷第二期.pdf,1,0
1239,domestic-ocr/LOCALFULL:P3-8658,NLC1080-00N000846-8658_新华日报_1941-10-16.pdf · OCR检索草稿,,,domestic_ocr_pilot,,press_scan,MMHIST,LOCALFULL:P3-8658,,,,,,domestic_ocr_pilot,domestic-ocr:LOCALFULL:P3-8658,NLC1080-00N000846-8658_新华日报_1941-10-16.pdf · OCR检索草稿,,data/domestic/press_scans/NLC1080-00N000846-8658_新华日报_1941-10-16.pdf,1,0
1240,domestic-ocr/LOCALFULL:P3-N1080-7604,NLC1080-00N001037-7604_大剛報_1947年11月04日.pdf · OCR检索草稿,,,domestic_ocr_pilot,,press_scan,MMHIST,LOCALFULL:P3-N1080-7604,,,,,,domestic_ocr_pilot,domestic-ocr:LOCALFULL:P3-N1080-7604,NLC1080-00N001037-7604_大剛報_1947年11月04日.pdf · OCR检索草稿,,data/domestic/press_scans/NLC1080-00N001037-7604_大剛報_1947年11月04日.pdf,1,0
1241,domestic-ocr/LOCALFULL:P3-N1080-7606,NLC1080-00N001037-7606_大剛報_1947年11月06日.pdf · OCR检索草稿,,,domestic_ocr_pilot,,press_scan,MMHIST,LOCALFULL:P3-N1080-7606,,,,,,domestic_ocr_pilot,domestic-ocr:LOCALFULL:P3-N1080-7606,NLC1080-00N001037-7606_大剛報_1947年11月06日.pdf · OCR检索草稿,,data/domestic/press_scans/NLC1080-00N001037-7606_大剛報_1947年11月06日.pdf,1,0
1242,domestic-page/SSID-13679264,《觀察》第三卷第一至十二期合订本,1947,,domestic_page_ocr,,《觀察》第三卷第一至十二期合订本,DOMESTIC-PAGE,SSID-13679264,,,,,,domestic_page_ocr,domestic-page-ocr/SSID-13679264,《觀察》第三卷第一至十二期合订本,,data/domestic/press_scans/SSID-13679264_观察_第3卷第1-12期.pdf,278,278
1243,domestic-page/NLC511-012031312030001-21906,《大公報》第114卷（1931年12月）,1931-12,,domestic_page_ocr,,《大公報》第一一四卷,DOMESTIC-PAGE,NLC511-012031312030001-21906,,前台不展示,0,0,[隔离:1931范围外] 大公报 1931 年 11/12 月卷（1947 误标），民盟史 1941—1949 范围外；移出前台检索,domestic_page_ocr,domestic-page-ocr/NLC511-012031312030001-21906,《大公報》第一一四卷,,data/domestic/press_scans/NLC511-012031312030001-21906_大公報_第114卷.pdf,248,248
1244,domestic-page/ROC1947-10-30,《國民政府公報》第2967號 1947-10-30,1947,,domestic_page_ocr,,《國民政府公報》第2967號 1947-10-30,DOMESTIC-PAGE,ROC1947-10-30,,,,,,domestic_page_ocr,domestic-page-ocr/ROC1947-10-30,《國民政府公報》第2967號 1947-10-30,,data/domestic/gazette_scans/ROC1947-10-30國民政府公報2967.pdf,13,13
1245,domestic-page/NLC511-012031312030001-21905,《大公報》第113卷（1931年11月）,1931-11,,domestic_page_ocr,,《大公報》第一一三卷,DOMESTIC-PAGE,NLC511-012031312030001-21905,,前台不展示,0,0,[隔离:1931范围外] 大公报 1931 年 11/12 月卷（1947 误标），民盟史 1941—1949 范围外；移出前台检索,domestic_page_ocr,domestic-page-ocr/NLC511-012031312030001-21905,《大公報》第一一三卷,,data/domestic/press_scans/NLC511-012031312030001-21905_大公報_第113卷.pdf,232,232
1246,domestic-page/NLC404-00J001436-85454,《民憲》第二卷第一期,1945,,domestic_page_ocr,,《民憲》第二卷第一期,DOMESTIC-PAGE,NLC404-00J001436-85454,,,,,,domestic_page_ocr,domestic-page-ocr/NLC404-00J001436-85454,《民憲》第二卷第一期,,data/domestic/press_scans/NLC404-00J001436-85454_民憲_第二卷第一期.pdf,71,71
1247,domestic-page/NLC404-00J001436-85448,《民憲》第一卷第七期,1944,,domestic_page_ocr,,《民憲》第一卷第七期,DOMESTIC-PAGE,NLC404-00J001436-85448,,,,,,domestic_page_ocr,domestic-page-ocr/NLC404-00J001436-85448,《民憲》第一卷第七期,,data/domestic/press_scans/NLC404-00J001436-85448_民憲_第一卷第七期.pdf,51,51
1248,domestic-page/NLC404-00J001436-85452,《民憲》第一卷第十一期,1945,,domestic_page_ocr,,《民憲》第一卷第十一期,DOMESTIC-PAGE,NLC404-00J001436-85452,,,,,,domestic_page_ocr,domestic-page-ocr/NLC404-00J001436-85452,《民憲》第一卷第十一期,,data/domestic/press_scans/NLC404-00J001436-85452_民憲_第一卷第十一期.pdf,51,51
1249,domestic-page/NLC404-00J001436-85446,《民憲》第一卷第五期,1944,,domestic_page_ocr,,《民憲》第一卷第五期,DOMESTIC-PAGE,NLC404-00J001436-85446,,,,,,domestic_page_ocr,domestic-page-ocr/NLC404-00J001436-85446,《民憲》第一卷第五期,,data/domestic/press_scans/NLC404-00J001436-85446_民憲_第一卷第五期.pdf,53,53
1250,domestic-page/NLC404-00J001436-85449,《民憲》第一卷第八期,1944,,domestic_page_ocr,,《民憲》第一卷第八期,DOMESTIC-PAGE,NLC404-00J001436-85449,,,,,,domestic_page_ocr,domestic-page-ocr/NLC404-00J001436-85449,《民憲》第一卷第八期,,data/domestic/press_scans/NLC404-00J001436-85449_民憲_第一卷第八期.pdf,55,55
1251,domestic-page/NLC404-00J001436-85451,《民憲》第一卷第十期,1944,,domestic_page_ocr,,《民憲》第一卷第十期,DOMESTIC-PAGE,NLC404-00J001436-85451,,,,,,domestic_page_ocr,domestic-page-ocr/NLC404-00J001436-85451,《民憲》第一卷第十期,,data/domestic/press_scans/NLC404-00J001436-85451_民憲_第一卷第十期.pdf,49,49
1252,domestic-page/NLC404-00J001436-85443,《民憲》第一卷第二期,1944,,domestic_page_ocr,,《民憲》第一卷第二期,DOMESTIC-PAGE,NLC404-00J001436-85443,,,,,,domestic_page_ocr,domestic-page-ocr/NLC404-00J001436-85443,《民憲》第一卷第二期,,data/domestic/press_scans/NLC404-00J001436-85443_民憲_第一卷第二期.pdf,47,47
1253,domestic-page/NLC404-00J001436-85445,《民憲》第一卷第四期,1944,,domestic_page_ocr,,《民憲》第一卷第四期,DOMESTIC-PAGE,NLC404-00J001436-85445,,,,,,domestic_page_ocr,domestic-page-ocr/NLC404-00J001436-85445,《民憲》第一卷第四期,,data/domestic/press_scans/NLC404-00J001436-85445_民憲_第一卷第四期.pdf,47,47
1254,domestic-page/NLC404-00J001436-85447,《民憲》第一卷第六期,1944,,domestic_page_ocr,,《民憲》第一卷第六期,DOMESTIC-PAGE,NLC404-00J001436-85447,,,,,,domestic_page_ocr,domestic-page-ocr/NLC404-00J001436-85447,《民憲》第一卷第六期,,data/domestic/press_scans/NLC404-00J001436-85447_民憲_第一卷第六期.pdf,51,51
1255,domestic-page/NLC404-00J001436-85453,《民憲》第一卷第十二期,1945,,domestic_page_ocr,,《民憲》第一卷第十二期,DOMESTIC-PAGE,NLC404-00J001436-85453,,,,,,domestic_page_ocr,domestic-page-ocr/NLC404-00J001436-85453,《民憲》第一卷第十二期,,data/domestic/press_scans/NLC404-00J001436-85453_民憲_第一卷第十二期.pdf,45,45
1256,domestic-page/NLC404-00J001436-85450,《民憲》第一卷第九期,1944,,domestic_page_ocr,,《民憲》第一卷第九期,DOMESTIC-PAGE,NLC404-00J001436-85450,,,,,,domestic_page_ocr,domestic-page-ocr/NLC404-00J001436-85450,《民憲》第一卷第九期,,data/domestic/press_scans/NLC404-00J001436-85450_民憲_第一卷第九期.pdf,51,51
1257,domestic-page/NLC404-00J001436-85455,《民憲》第二卷第二期,1945,,domestic_page_ocr,,《民憲》第二卷第二期,DOMESTIC-PAGE,NLC404-00J001436-85455,,,,,,domestic_page_ocr,domestic-page-ocr/NLC404-00J001436-85455,《民憲》第二卷第二期,,data/domestic/press_scans/NLC404-00J001436-85455_民憲_第二卷第二期.pdf,45,45
1258,domestic-page/NLC404-00J001436-85442,《民憲》第一卷第一期,1944,,domestic_page_ocr,,《民憲》第一卷第一期,DOMESTIC-PAGE,NLC404-00J001436-85442,,,,,,domestic_page_ocr,domestic-page-ocr/NLC404-00J001436-85442,《民憲》第一卷第一期,,data/domestic/press_scans/NLC404-00J001436-85442_民憲_第一卷第一期.pdf,47,47
1259,domestic-page/NLC404-00J001436-85444,《民憲》第一卷第三期,1944,,domestic_page_ocr,,《民憲》第一卷第三期,DOMESTIC-PAGE,NLC404-00J001436-85444,,,,,,domestic_page_ocr,domestic-page-ocr/NLC404-00J001436-85444,《民憲》第一卷第三期,,data/domestic/press_scans/NLC404-00J001436-85444_民憲_第一卷第三期.pdf,41,41
1260,domestic-page/NLC404-01J000514-10834,《光明報》1946 年1期,1946,,domestic_page_ocr,,《光明報》1946 年1期,DOMESTIC-PAGE,NLC404-01J000514-10834,,,,,,domestic_page_ocr,domestic-page-ocr/NLC404-01J000514-10834,《光明報》1946 年1期,,data/domestic/press_scans/NLC404-01J000514-10834_光明報_1946年1期.pdf,24,24
1261,domestic-page/NLC404-01J000514-10426,《光明報》1946 年5期,1946,,domestic_page_ocr,,《光明報》1946 年5期,DOMESTIC-PAGE,NLC404-01J000514-10426,,,,,,domestic_page_ocr,domestic-page-ocr/NLC404-01J000514-10426,《光明報》1946 年5期,,data/domestic/press_scans/NLC404-01J000514-10426_光明報_1946年5期.pdf,20,20
1262,domestic-page/NLC404-01J000514-10483,《光明報》1947 年22期,1947,,domestic_page_ocr,,《光明報》1947 年22期,DOMESTIC-PAGE,NLC404-01J000514-10483,,,,,,domestic_page_ocr,domestic-page-ocr/NLC404-01J000514-10483,《光明報》1947 年22期,,data/domestic/press_scans/NLC404-01J000514-10483_光明報_1947年22期.pdf,20,20
1263,domestic-page/NLC404-01J000514-23806,《光明報》1946 年11期,1946,,domestic_page_ocr,,《光明報》1946 年11期,DOMESTIC-PAGE,NLC404-01J000514-23806,,,,,,domestic_page_ocr,domestic-page-ocr/NLC404-01J000514-23806,《光明報》1946 年11期,,data/domestic/press_scans/NLC404-01J000514-23806_光明報_1946年11期.pdf,20,20
1264,domestic-page/ROC1947-10-27,《國民政府公報》第2964號 1947-10-27,1947,,domestic_page_ocr,,《國民政府公報》第2964號 1947-10-27,DOMESTIC-PAGE,ROC1947-10-27,,,,,,domestic_page_ocr,domestic-page-ocr/ROC1947-10-27,《國民政府公報》第2964號 1947-10-27,,data/domestic/gazette_scans/ROC1947-10-27國民政府公報2964.pdf,17,17
1265,domestic-page/ROC1947-11-07,《國民政府公報》第2974號 1947-11-07,1947,,domestic_page_ocr,,《國民政府公報》第2974號 1947-11-07,DOMESTIC-PAGE,ROC1947-11-07,,,,,,domestic_page_ocr,domestic-page-ocr/ROC1947-11-07,《國民政府公報》第2974號 1947-11-07,,data/domestic/gazette_scans/ROC1947-11-07國民政府公報2974.pdf,17,17
1266,domestic-page/NLC404-01J000514-10424,《光明報》1946 年3期,1946,,domestic_page_ocr,,《光明報》1946 年3期,DOMESTIC-PAGE,NLC404-01J000514-10424,,,,,,domestic_page_ocr,domestic-page-ocr/NLC404-01J000514-10424,《光明報》1946 年3期,,data/domestic/press_scans/NLC404-01J000514-10424_光明報_1946年3期.pdf,16,16
1267,domestic-page/NLC404-01J000332-6817,《觀察》第三卷第十一期,1947,,domestic_page_ocr,,《觀察》第三卷第十一期,DOMESTIC-PAGE,NLC404-01J000332-6817,,,,,,domestic_page_ocr,domestic-page-ocr/NLC404-01J000332-6817,《觀察》第三卷第十一期,,data/domestic/press_scans/NLC404-01J000332-6817_观察_1947年3卷11期.pdf,20,20
1268,domestic-page/NLC404-01J000514-10425,《光明報》1946 年4期,1946,,domestic_page_ocr,,《光明報》1946 年4期,DOMESTIC-PAGE,NLC404-01J000514-10425,,,,,,domestic_page_ocr,domestic-page-ocr/NLC404-01J000514-10425,《光明報》1946 年4期,,data/domestic/press_scans/NLC404-01J000514-10425_光明報_1946年4期.pdf,16,16
1269,domestic-page/NLC404-01J000514-10427,《光明報》1946 年6期,1946,,domestic_page_ocr,,《光明報》1946 年6期,DOMESTIC-PAGE,NLC404-01J000514-10427,,,,,,domestic_page_ocr,domestic-page-ocr/NLC404-01J000514-10427,《光明報》1946 年6期,,data/domestic/press_scans/NLC404-01J000514-10427_光明報_1946年6期.pdf,16,16
1270,domestic-page/NLC404-01J000514-10428,《光明報》1946 年7期,1946,,domestic_page_ocr,,《光明報》1946 年7期,DOMESTIC-PAGE,NLC404-01J000514-10428,,,,,,domestic_page_ocr,domestic-page-ocr/NLC404-01J000514-10428,《光明報》1946 年7期,,data/domestic/press_scans/NLC404-01J000514-10428_光明報_1946年7期.pdf,16,16
1271,domestic-page/NLC404-01J000514-10429,《光明報》1946 年8期,1946,,domestic_page_ocr,,《光明報》1946 年8期,DOMESTIC-PAGE,NLC404-01J000514-10429,,,,,,domestic_page_ocr,domestic-page-ocr/NLC404-01J000514-10429,《光明報》1946 年8期,,data/domestic/press_scans/NLC404-01J000514-10429_光明報_1946年8期.pdf,16,16
1272,domestic-page/NLC404-01J000514-10430,《光明報》1946 年9期,1946,,domestic_page_ocr,,《光明報》1946 年9期,DOMESTIC-PAGE,NLC404-01J000514-10430,,,,,,domestic_page_ocr,domestic-page-ocr/NLC404-01J000514-10430,《光明報》1946 年9期,,data/domestic/press_scans/NLC404-01J000514-10430_光明報_1946年9期.pdf,16,16
1273,domestic-page/NLC404-01J000514-10431,《光明報》1946 年10期,1946,,domestic_page_ocr,,《光明報》1946 年10期,DOMESTIC-PAGE,NLC404-01J000514-10431,,,,,,domestic_page_ocr,domestic-page-ocr/NLC404-01J000514-10431,《光明報》1946 年10期,,data/domestic/press_scans/NLC404-01J000514-10431_光明報_1946年10期.pdf,16,16
1274,domestic-page/NLC404-01J000514-10459,《光明報》1947 年20期,1947,,domestic_page_ocr,,《光明報》1947 年20期,DOMESTIC-PAGE,NLC404-01J000514-10459,,,,,,domestic_page_ocr,domestic-page-ocr/NLC404-01J000514-10459,《光明報》1947 年20期,,data/domestic/press_scans/NLC404-01J000514-10459_光明報_1947年20期.pdf,16,16
1275,domestic-page/NLC404-01J000514-10460,《光明報》1947 年21期,1947,,domestic_page_ocr,,《光明報》1947 年21期,DOMESTIC-PAGE,NLC404-01J000514-10460,,,,,,domestic_page_ocr,domestic-page-ocr/NLC404-01J000514-10460,《光明報》1947 年21期,,data/domestic/press_scans/NLC404-01J000514-10460_光明報_1947年21期.pdf,16,16
1276,domestic-page/NLC404-01J000514-10835,《光明報》1946 年2期,1946,,domestic_page_ocr,,《光明報》1946 年2期,DOMESTIC-PAGE,NLC404-01J000514-10835,,,,,,domestic_page_ocr,domestic-page-ocr/NLC404-01J000514-10835,《光明報》1946 年2期,,data/domestic/press_scans/NLC404-01J000514-10835_光明報_1946年2期.pdf,16,16
1277,domestic-page/ROC1947-11-06,《國民政府公報》第2973號 1947-11-06,1947,,domestic_page_ocr,,《國民政府公報》第2973號 1947-11-06,DOMESTIC-PAGE,ROC1947-11-06,,,,,,domestic_page_ocr,domestic-page-ocr/ROC1947-11-06,《國民政府公報》第2973號 1947-11-06,,data/domestic/gazette_scans/ROC1947-11-06國民政府公報2973.pdf,9,9
1278,domestic-page/NLC404-01J000514-10454,《光明報》1947 年14期,1947,,domestic_page_ocr,,《光明報》1947 年14期,DOMESTIC-PAGE,NLC404-01J000514-10454,,,,,,domestic_page_ocr,domestic-page-ocr/NLC404-01J000514-10454,《光明報》1947 年14期,,data/domestic/press_scans/NLC404-01J000514-10454_光明報_1947年14期.pdf,20,20
1279,domestic-page/NLC404-01J000514-10458,《光明報》1947 年19期,1947,,domestic_page_ocr,,《光明報》1947 年19期,DOMESTIC-PAGE,NLC404-01J000514-10458,,,,,,domestic_page_ocr,domestic-page-ocr/NLC404-01J000514-10458,《光明報》1947 年19期,,data/domestic/press_scans/NLC404-01J000514-10458_光明報_1947年19期.pdf,16,16
1280,domestic-page/NLC1080-00N000846-8631,《新华日报》1941-10-10,1941,,domestic_page_ocr,,《新华日报》1941-10-10,DOMESTIC-PAGE,NLC1080-00N000846-8631,,,,,,domestic_page_ocr,domestic-page-ocr/NLC1080-00N000846-8631,《新华日报》1941-10-10,,data/domestic/press_scans/NLC1080-00N000846-8631_新华日报_1941-10-10.pdf,6,6
1281,domestic-page/NLC404-01J000514-10453,《光明報》1947 年13期,1947,,domestic_page_ocr,,《光明報》1947 年13期,DOMESTIC-PAGE,NLC404-01J000514-10453,,,,,,domestic_page_ocr,domestic-page-ocr/NLC404-01J000514-10453,《光明報》1947 年13期,,data/domestic/press_scans/NLC404-01J000514-10453_光明報_1947年13期.pdf,16,16
1282,domestic-page/NLC404-01J000514-10455,《光明報》1947 年15期,1947,,domestic_page_ocr,,《光明報》1947 年15期,DOMESTIC-PAGE,NLC404-01J000514-10455,,,,,,domestic_page_ocr,domestic-page-ocr/NLC404-01J000514-10455,《光明報》1947 年15期,,data/domestic/press_scans/NLC404-01J000514-10455_光明報_1947年15期.pdf,16,16
1283,domestic-page/NLC404-01J000514-10456,《光明報》1947 年16–17期,1947,,domestic_page_ocr,,《光明報》1947 年16–17期,DOMESTIC-PAGE,NLC404-01J000514-10456,,,,,,domestic_page_ocr,domestic-page-ocr/NLC404-01J000514-10456,《光明報》1947 年16–17期,,data/domestic/press_scans/NLC404-01J000514-10456_光明報_1947年16–17期.pdf,17,17
1284,domestic-page/NLC404-01J000514-10457,《光明報》1947 年18期,1947,,domestic_page_ocr,,《光明報》1947 年18期,DOMESTIC-PAGE,NLC404-01J000514-10457,,,,,,domestic_page_ocr,domestic-page-ocr/NLC404-01J000514-10457,《光明報》1947 年18期,,data/domestic/press_scans/NLC404-01J000514-10457_光明報_1947年18期.pdf,16,16
1285,domestic-page/NLC404-01J000514-10484,《光明報》1948 年1卷1期,1948,,domestic_page_ocr,,《光明報》1948 年1卷1期,DOMESTIC-PAGE,NLC404-01J000514-10484,,,,,,domestic_page_ocr,domestic-page-ocr/NLC404-01J000514-10484,《光明報》1948 年1卷1期,,data/domestic/press_scans/NLC404-01J000514-10484_光明報_1948年1卷1期.pdf,24,24
1286,domestic-page/NLC404-01J000514-10514,《光明報》1948 年1卷12期,1948,,domestic_page_ocr,,《光明報》1948 年1卷12期,DOMESTIC-PAGE,NLC404-01J000514-10514,,,,,,domestic_page_ocr,domestic-page-ocr/NLC404-01J000514-10514,《光明報》1948 年1卷12期,,data/domestic/press_scans/NLC404-01J000514-10514_光明報_1948年1卷12期.pdf,20,20
1287,domestic-page/NLC404-01J000514-72818,《光明報》1947 年12期,1947,,domestic_page_ocr,,《光明報》1947 年12期,DOMESTIC-PAGE,NLC404-01J000514-72818,,,,,,domestic_page_ocr,domestic-page-ocr/NLC404-01J000514-72818,《光明報》1947 年12期,,data/domestic/press_scans/NLC404-01J000514-72818_光明報_1947年12期.pdf,16,16
1288,domestic-page/NLC404-01J000514-10515,《光明報》1949 年2卷1期,1949,,domestic_page_ocr,,《光明報》1949 年2卷1期,DOMESTIC-PAGE,NLC404-01J000514-10515,,,,,,domestic_page_ocr,domestic-page-ocr/NLC404-01J000514-10515,《光明報》1949 年2卷1期,,data/domestic/press_scans/NLC404-01J000514-10515_光明報_1949年2卷1期.pdf,20,20
1289,domestic-page/NLC404-01J000514-72821,《光明報》1949 年2卷12期,1949,,domestic_page_ocr,,《光明報》1949 年2卷12期,DOMESTIC-PAGE,NLC404-01J000514-72821,,,,,,domestic_page_ocr,domestic-page-ocr/NLC404-01J000514-72821,《光明報》1949 年2卷12期,,data/domestic/press_scans/NLC404-01J000514-72821_光明報_1949年2卷12期.pdf,20,20
1290,domestic-page/SRC-088458899f,《中国民主同盟临时全国代表大会宣言》公开转录,,,domestic_page_ocr,,《中国民主同盟临时全国代表大会宣言》公开转录,DOMESTIC-PAGE,SRC-088458899f,,,,,,domestic_page_ocr,domestic-page-ocr/SRC-088458899f,《中国民主同盟临时全国代表大会宣言》公开转录,,data/domestic/sourcebooks/中国民主同盟临时全国代表大会宣言_公开转录.pdf,789,789
1291,domestic-page/SRC-257bb7be70,《中国民主同盟历史文献 1941—1949》公开扫描,,,domestic_page_ocr,,《中国民主同盟历史文献 1941—1949》公开扫描,DOMESTIC-PAGE,SRC-257bb7be70,,,,,,domestic_page_ocr,domestic-page-ocr/SRC-257bb7be70,《中国民主同盟历史文献 1941—1949》公开扫描,,data/domestic/sourcebooks/中国民主同盟历史文献_1941-1949_公开扫描.pdf,622,622
1292,domestic-page/NLC511-027032016010761-42571,《中国民主同盟言论集》,,,domestic_page_ocr,,《中国民主同盟言论集》,DOMESTIC-PAGE,NLC511-027032016010761-42571,,,,,,domestic_page_ocr,domestic-page-ocr/NLC511-027032016010761-42571,《中国民主同盟言论集》,,data/domestic/sourcebooks/NLC511-027032016010761-42571_中国民主同盟言论集.pdf,107,107
1293,domestic-page/NLC416-01jh004281-12557,《民主同盟文獻》1946,1946,,domestic_page_ocr,,《民主同盟文獻》1946,DOMESTIC-PAGE,NLC416-01jh004281-12557,,,,,,domestic_page_ocr,domestic-page-ocr/NLC416-01jh004281-12557,《民主同盟文獻》1946,,data/domestic/sourcebooks/NLC416-01jh004281-12557_民主同盟文獻_1946.pdf,176,176
1294,domestic-page/NLC511-027032013012333-19131,《民主同盟文獻》另一扫描本,,,domestic_page_ocr,,《民主同盟文獻》另一扫描本,DOMESTIC-PAGE,NLC511-027032013012333-19131,,,,,,domestic_page_ocr,domestic-page-ocr/NLC511-027032013012333-19131,《民主同盟文獻》另一扫描本,,data/domestic/sourcebooks/NLC511-027032013012333-19131_民主同盟文獻_alternate_scan.pdf,178,178
1295,domestic-page/GXMM,《大公報》天津版 1947-11-06 第2版〈民盟宣布解散〉嵌图截取,1947,,domestic_page_ocr,,《大公報》天津版 1947-11-06 第2版〈民盟宣布解散〉嵌图截取,DOMESTIC-PAGE,GXMM,,,,,,domestic_page_ocr,domestic-page-ocr/GXMM,《大公報》天津版 1947-11-06 第2版〈民盟宣布解散〉嵌图截取,,data/domestic/press_scans/GXMM_大公報_天津版_1947-11-06_第2版_民盟宣布解散_嵌图截取.png,1,1
1296,domestic-page/SRC-7ff54b899d,1941 年《光明報》香港工运剪报索引清单,1941,,domestic_page_ocr,,1941 年《光明報》香港工运剪报索引清单,DOMESTIC-PAGE,SRC-7ff54b899d,,,,,,domestic_page_ocr,domestic-page-ocr/SRC-7ff54b899d,1941 年《光明報》香港工运剪报索引清单,,data/domestic/press_scans/LNU_PROFMKCHAN_INDEXLIST_14_光明報_1941.pdf,2,2
1297,domestic-page/NLC1080-00N000846-8658,《新华日报》1941-10-16,1941,,domestic_page_ocr,,《新华日报》1941-10-16,DOMESTIC-PAGE,NLC1080-00N000846-8658,,,,,,domestic_page_ocr,domestic-page-ocr/NLC1080-00N000846-8658,《新华日报》1941-10-16,,data/domestic/press_scans/NLC1080-00N000846-8658_新华日报_1941-10-16.pdf,2,2
1298,domestic-page/NLC1080-00N000846-8712,《新华日报》1941-10-28,1941,,domestic_page_ocr,,《新华日报》1941-10-28,DOMESTIC-PAGE,NLC1080-00N000846-8712,,,,,,domestic_page_ocr,domestic-page-ocr/NLC1080-00N000846-8712,《新华日报》1941-10-28,,data/domestic/press_scans/NLC1080-00N000846-8712_新华日报_1941-10-28.pdf,2,2
1299,domestic-page/NLC1080-00N001037-7604,《大剛報》1947-11-04,1947,,domestic_page_ocr,,《大剛報》1947-11-04,DOMESTIC-PAGE,NLC1080-00N001037-7604,,,,,,domestic_page_ocr,domestic-page-ocr/NLC1080-00N001037-7604,《大剛報》1947-11-04,,data/domestic/press_scans/NLC1080-00N001037-7604_大剛報_1947年11月04日.pdf,4,4
1300,domestic-page/NLC1080-00N001037-7606,《大剛報》1947-11-06,1947,,domestic_page_ocr,,《大剛報》1947-11-06,DOMESTIC-PAGE,NLC1080-00N001037-7606,,,,,,domestic_page_ocr,domestic-page-ocr/NLC1080-00N001037-7606,《大剛報》1947-11-06,,data/domestic/press_scans/NLC1080-00N001037-7606_大剛報_1947年11月06日.pdf,4,4
1301,domestic-ocr/S3:domestic:NLC:guangmingbao-1948-1949-v1n1-article,民盟三中全会的成就,1948-03-01,,domestic_page_ocr,domestic:NLC:guangmingbao-1948-1949-v1n1-article,民盟三中全会的成就,DOMESTIC-PAGE,s3:domestic:NLC:guangmingbao-1948-1949-v1n1-article,,,,,,domestic_page_ocr,s3:domestic:NLC:guangmingbao-1948-1949-v1n1-article,民盟三中全会的成就,https://commons.wikimedia.org/wiki/File:NLC404-01J000514-10484_光明報_1948年1卷1期.pdf,,3,3
1302,domestic-ocr/S3:domestic:NLC:guangmingbao-1948-1949-v1n12-article,反對美國援蔣扶日,1948-08-16,,domestic_page_ocr,domestic:NLC:guangmingbao-1948-1949-v1n12-article,反對美國援蔣扶日,DOMESTIC-PAGE,s3:domestic:NLC:guangmingbao-1948-1949-v1n12-article,,,,,,domestic_page_ocr,s3:domestic:NLC:guangmingbao-1948-1949-v1n12-article,反對美國援蔣扶日,https://commons.wikimedia.org/wiki/File:NLC404-01J000514-10514_光明報_1948年1卷12期.pdf,,2,2
1303,domestic-ocr/S3:domestic:NLC:minmeng-wenxian-1946-final-war-political-platform,中国民主同盟对抗战最后阶段的政治主张,1944-10-10,,domestic_page_ocr,domestic:NLC:minmeng-wenxian-1946-final-war-political-platform,中国民主同盟对抗战最后阶段的政治主张,DOMESTIC-PAGE,s3:domestic:NLC:minmeng-wenxian-1946-final-war-political-platform,,,,,,domestic_page_ocr,s3:domestic:NLC:minmeng-wenxian-1946-final-war-political-platform,中国民主同盟对抗战最后阶段的政治主张,https://commons.wikimedia.org/wiki/File:NLC416-01jh004281-12557_%E6%B0%91%E4%B8%BB%E5%90%8C%E7%9B%9F%E6%96%87%E7%8D%BB.pdf,,4,4
1304,domestic-ocr/S3:domestic:NLC:minmeng-wenxian-1946-situation-declaration-1945-01-15,时局宣言,1945-01-15,,domestic_page_ocr,domestic:NLC:minmeng-wenxian-1946-situation-declaration-1945-01-15,时局宣言,DOMESTIC-PAGE,s3:domestic:NLC:minmeng-wenxian-1946-situation-declaration-1945-01-15,,,,,,domestic_page_ocr,s3:domestic:NLC:minmeng-wenxian-1946-situation-declaration-1945-01-15,时局宣言,https://commons.wikimedia.org/wiki/File:NLC416-01jh004281-12557_%E6%B0%91%E4%B8%BB%E5%90%8C%E7%9B%9F%E6%96%87%E7%8D%BB.pdf,,4,4
1305,domestic-ocr/S3:domestic:NLC:minmeng-wenxian-1946-minmeng-platform-1945,中国民主同盟纲领,1945-10,,domestic_page_ocr,domestic:NLC:minmeng-wenxian-1946-minmeng-platform-1945,中国民主同盟纲领,DOMESTIC-PAGE,s3:domestic:NLC:minmeng-wenxian-1946-minmeng-platform-1945,,,,,,domestic_page_ocr,s3:domestic:NLC:minmeng-wenxian-1946-minmeng-platform-1945,中国民主同盟纲领,https://commons.wikimedia.org/wiki/File:NLC416-01jh004281-12557_%E6%B0%91%E4%B8%BB%E5%90%8C%E7%9B%9F%E6%96%87%E7%8D%BB.pdf,,25,25
1306,domestic-ocr/S3:domestic:NLC:minmeng-wenxian-1946-congress-declaration-1945-10-16,中国民主同盟临时全国代表大会宣言,1945-10-16,,domestic_page_ocr,domestic:NLC:minmeng-wenxian-1946-congress-declaration-1945-10-16,中国民主同盟临时全国代表大会宣言,DOMESTIC-PAGE,s3:domestic:NLC:minmeng-wenxian-1946-congress-declaration-1945-10-16,,,,,,domestic_page_ocr,s3:domestic:NLC:minmeng-wenxian-1946-congress-declaration-1945-10-16,中国民主同盟临时全国代表大会宣言,https://commons.wikimedia.org/wiki/File:NLC416-01jh004281-12557_%E6%B0%91%E4%B8%BB%E5%90%8C%E7%9B%9F%E6%96%87%E7%8D%BB.pdf,,6,6
1307,domestic-ocr/S3:domestic:NLC:minmeng-yanlunji-1945-congress-political-report,中国民主同盟临时全国代表大会政治报告（言论集／民主星期刊转载）,1945-10-11,,domestic_page_ocr,domestic:NLC:minmeng-yanlunji-1945-congress-political-report,中国民主同盟临时全国代表大会政治报告（言论集／民主星期刊转载）,DOMESTIC-PAGE,s3:domestic:NLC:minmeng-yanlunji-1945-congress-political-report,,,,,,domestic_page_ocr,s3:domestic:NLC:minmeng-yanlunji-1945-congress-political-report,中国民主同盟临时全国代表大会政治报告（言论集／民主星期刊转载）,https://commons.wikimedia.org/wiki/File:NLC511-027032016010761-42571_%E4%B8%AD%E5%9C%8B%E6%B0%91%E4%B8%BB%E5%90%8C%E7%9B%9F%E8%A8%80%E8%AB%96%E9%9B%86.pdf,,18,18
1308,domestic-ocr/S3:domestic:NLC:minmeng-yanlunji-1945-congress-declaration,中国民主同盟临时全国代表大会宣言（言论集／民主星期刊转载）,1945-10-16,,domestic_page_ocr,domestic:NLC:minmeng-yanlunji-1945-congress-declaration,中国民主同盟临时全国代表大会宣言（言论集／民主星期刊转载）,DOMESTIC-PAGE,s3:domestic:NLC:minmeng-yanlunji-1945-congress-declaration,,,,,,domestic_page_ocr,s3:domestic:NLC:minmeng-yanlunji-1945-congress-declaration,中国民主同盟临时全国代表大会宣言（言论集／民主星期刊转载）,https://commons.wikimedia.org/wiki/File:NLC511-027032016010761-42571_%E4%B8%AD%E5%9C%8B%E6%B0%91%E4%B8%BB%E5%90%8C%E7%9B%9F%E8%A8%80%E8%AB%96%E9%9B%86.pdf,,6,6
1309,domestic-ocr/S3:domestic:NLC:guangmingbao-1946-issue8,《光明報》新八號（1946年8期）,1946,,domestic_page_ocr,domestic:NLC:guangmingbao-1946-issue8,《光明報》新八號（1946年8期）,DOMESTIC-PAGE,s3:domestic:NLC:guangmingbao-1946-issue8,,,,,,domestic_page_ocr,s3:domestic:NLC:guangmingbao-1946-issue8,《光明報》新八號（1946年8期）,https://commons.wikimedia.org/wiki/File%3ANLC404-01J000514-10429_%E5%85%89%E6%98%8E%E5%A0%B1_1946%E5%B9%B48%E6%9C%9F.pdf,,1,1
1310,domestic-ocr/S3:domestic:NLC:guangmingbao-1947-issue21,《光明報》新二十一號（1947年7月5日）,1947-07-05,,domestic_page_ocr,domestic:NLC:guangmingbao-1947-issue21,《光明報》新二十一號（1947年7月5日）,DOMESTIC-PAGE,s3:domestic:NLC:guangmingbao-1947-issue21,,,,,,domestic_page_ocr,s3:domestic:NLC:guangmingbao-1947-issue21,《光明報》新二十一號（1947年7月5日）,https://commons.wikimedia.org/wiki/File%3ANLC404-01J000514-10460_%E5%85%89%E6%98%8E%E5%A0%B1_1947%E5%B9%B421%E6%9C%9F.pdf,,16,16
1311,domestic-ocr/S3:domestic:NLC:guangmingbao-1947-issue22,《光明報》新二十二號（1947年8月1日）,1947-08-01,,domestic_page_ocr,domestic:NLC:guangmingbao-1947-issue22,《光明報》新二十二號（1947年8月1日）,DOMESTIC-PAGE,s3:domestic:NLC:guangmingbao-1947-issue22,,,,,,domestic_page_ocr,s3:domestic:NLC:guangmingbao-1947-issue22,《光明報》新二十二號（1947年8月1日）,https://commons.wikimedia.org/wiki/File%3ANLC404-01J000514-10483_%E5%85%89%E6%98%8E%E5%A0%B1_1947%E5%B9%B422%E6%9C%9F.pdf,,20,20
1312,domestic-ocr/S3:domestic:NLC:guangmingbao-1946-issue9,《光明報》新九號（1946年8月21日）,1946-08-21,,domestic_page_ocr,domestic:NLC:guangmingbao-1946-issue9,《光明報》新九號（1946年8月21日）,DOMESTIC-PAGE,s3:domestic:NLC:guangmingbao-1946-issue9,,,,,,domestic_page_ocr,s3:domestic:NLC:guangmingbao-1946-issue9,《光明報》新九號（1946年8月21日）,https://commons.wikimedia.org/wiki/File%3ANLC404-01J000514-10430_%E5%85%89%E6%98%8E%E5%A0%B1_1946%E5%B9%B49%E6%9C%9F.pdf,,16,16
1313,domestic-ocr/S3:domestic:NLC:guangmingbao-1946-issue10,《光明報》新十號（1946年8月28日）,1946-08-28,,domestic_page_ocr,domestic:NLC:guangmingbao-1946-issue10,《光明報》新十號（1946年8月28日）,DOMESTIC-PAGE,s3:domestic:NLC:guangmingbao-1946-issue10,,,,,,domestic_page_ocr,s3:domestic:NLC:guangmingbao-1946-issue10,《光明報》新十號（1946年8月28日）,https://commons.wikimedia.org/wiki/File%3ANLC404-01J000514-10431_%E5%85%89%E6%98%8E%E5%A0%B1_1946%E5%B9%B410%E6%9C%9F.pdf,,16,16
1314,domestic-ocr/S3:domestic:NLC:guangmingbao-1946-issue11,《光明報》新十一號（1946年9月13日）,1946-09-13,,domestic_page_ocr,domestic:NLC:guangmingbao-1946-issue11,《光明報》新十一號（1946年9月13日）,DOMESTIC-PAGE,s3:domestic:NLC:guangmingbao-1946-issue11,,,,,,domestic_page_ocr,s3:domestic:NLC:guangmingbao-1946-issue11,《光明報》新十一號（1946年9月13日）,https://commons.wikimedia.org/wiki/File%3ANLC404-01J000514-23806_%E5%85%89%E6%98%8E%E5%A0%B1_1946%E5%B9%B411%E6%9C%9F.pdf,,2,2
1315,domestic-ocr/S3:domestic:NLC:observer-1947-v3n11,《观察》第三卷第十一期（1947年11月8日）,1947-11-08,,domestic_page_ocr,domestic:NLC:observer-1947-v3n11,《观察》第三卷第十一期（1947年11月8日）,DOMESTIC-PAGE,s3:domestic:NLC:observer-1947-v3n11,,,,,,domestic_page_ocr,s3:domestic:NLC:observer-1947-v3n11,《观察》第三卷第十一期（1947年11月8日）,https://commons.wikimedia.org/wiki/File%3ANLC404-01J000332-6817_%E8%A7%80%E5%AF%9F_1947%E5%B9%B43%E5%8D%B711%E6%9C%9F.pdf,,4,4
1316,domestic-ocr/S3:domestic:NLC:observer-1947-v3n11-dong-shijin,我对于政府取缔民盟的感想,1947-11-08,,domestic_page_ocr,domestic:NLC:observer-1947-v3n11-dong-shijin,我对于政府取缔民盟的感想,DOMESTIC-PAGE,s3:domestic:NLC:observer-1947-v3n11-dong-shijin,,,,,,domestic_page_ocr,s3:domestic:NLC:observer-1947-v3n11-dong-shijin,我对于政府取缔民盟的感想,https://commons.wikimedia.org/wiki/File%3ANLC404-01J000332-6817_%E8%A7%82%E5%AF%9F_1947%E5%B9%B43%E5%8D%B711%E6%9C%9F.pdf,,2,2
1317,domestic-ocr/S3:domestic:NLC:observer-1947-v3n11-han-depei,人身自由的问题,1947-11-08,,domestic_page_ocr,domestic:NLC:observer-1947-v3n11-han-depei,人身自由的问题,DOMESTIC-PAGE,s3:domestic:NLC:observer-1947-v3n11-han-depei,,,,,,domestic_page_ocr,s3:domestic:NLC:observer-1947-v3n11-han-depei,人身自由的问题,https://commons.wikimedia.org/wiki/File%3ANLC404-01J000332-6817_%E8%A7%82%E5%AF%9F_1947%E5%B9%B43%E5%8D%B711%E6%9C%9F.pdf,,1,1
1318,domestic-ocr/S3:domestic:NLC:guangmingbao-1946-issue11-anti-one-party-constitution,反对一党独裁的宪法！,1946-09-13,,domestic_page_ocr,domestic:NLC:guangmingbao-1946-issue11-anti-one-party-constitution,反对一党独裁的宪法！,DOMESTIC-PAGE,s3:domestic:NLC:guangmingbao-1946-issue11-anti-one-party-constitution,,,,,,domestic_page_ocr,s3:domestic:NLC:guangmingbao-1946-issue11-anti-one-party-constitution,反对一党独裁的宪法！,https://commons.wikimedia.org/wiki/File%3ANLC404-01J000514-23806_%E5%85%89%E6%98%8E%E5%A0%B1_1946%E5%B9%B411%E6%9C%9F.pdf,,2,2
1319,domestic-ocr/S3:domestic:NLC:guangmingbao-1946-issue8-conditional-national-assembly,论有条件参加国大,1946-08,,domestic_page_ocr,domestic:NLC:guangmingbao-1946-issue8-conditional-national-assembly,论有条件参加国大,DOMESTIC-PAGE,s3:domestic:NLC:guangmingbao-1946-issue8-conditional-national-assembly,,,,,,domestic_page_ocr,s3:domestic:NLC:guangmingbao-1946-issue8-conditional-national-assembly,论有条件参加国大,https://commons.wikimedia.org/wiki/File%3ANLC404-01J000514-10429_%E5%85%89%E6%98%8E%E5%A0%B1_1946%E5%B9%B48%E6%9C%9F.pdf,,1,1
1320,domestic-ocr/S3:domestic:NLC:minxian-v1n1-1944-05-16,《民憲》第一卷第一期,1944-05-16,,domestic_page_ocr,domestic:NLC:minxian-v1n1-1944-05-16,《民憲》第一卷第一期,DOMESTIC-PAGE,s3:domestic:NLC:minxian-v1n1-1944-05-16,,,,,,domestic_page_ocr,s3:domestic:NLC:minxian-v1n1-1944-05-16,《民憲》第一卷第一期,https://commons.wikimedia.org/wiki/File:NLC404-00J001436-85442_%E6%B0%91%E6%86%B2_1944%E2%80%931945%E5%B9%B4%E7%AC%AC%E4%B8%80%E5%8D%B7%E7%AC%AC%E4%B8%80%E6%9C%9F.pdf,,2,2
1321,domestic-ocr/S3:domestic:NLC:minxian-v1n6-1944-08-15,《民憲》第一卷第六期,1944-08-15,,domestic_page_ocr,domestic:NLC:minxian-v1n6-1944-08-15,《民憲》第一卷第六期,DOMESTIC-PAGE,s3:domestic:NLC:minxian-v1n6-1944-08-15,,,,,,domestic_page_ocr,s3:domestic:NLC:minxian-v1n6-1944-08-15,《民憲》第一卷第六期,https://commons.wikimedia.org/wiki/File:NLC404-00J001436-85447_%E6%B0%91%E6%86%B2_1944%E2%80%931945%E5%B9%B4%E7%AC%AC%E4%B8%80%E5%8D%B7%E7%AC%AC%E5%85%AD%E6%9C%9F.pdf,,2,2
1322,domestic-ocr/S3:domestic:NLC:minxian-v1n9-1944-11-20,《民憲》第一卷第九期,1944-11-20,,domestic_page_ocr,domestic:NLC:minxian-v1n9-1944-11-20,《民憲》第一卷第九期,DOMESTIC-PAGE,s3:domestic:NLC:minxian-v1n9-1944-11-20,,,,,,domestic_page_ocr,s3:domestic:NLC:minxian-v1n9-1944-11-20,《民憲》第一卷第九期,https://commons.wikimedia.org/wiki/File:NLC404-00J001436-85450_%E6%B0%91%E6%86%B2_1944%E2%80%931945%E5%B9%B4%E7%AC%AC%E4%B8%80%E5%8D%B7%E7%AC%AC%E4%B9%9D%E6%9C%9F.pdf,,2,2
1323,domestic-ocr/S3:domestic:NLC:minxian-v1n9-democracy-vs-nondemocracy-1944-11-20,民主政治與非民主政治,1944-11-20,,domestic_page_ocr,domestic:NLC:minxian-v1n9-democracy-vs-nondemocracy-1944-11-20,民主政治與非民主政治,DOMESTIC-PAGE,s3:domestic:NLC:minxian-v1n9-democracy-vs-nondemocracy-1944-11-20,,,,,,domestic_page_ocr,s3:domestic:NLC:minxian-v1n9-democracy-vs-nondemocracy-1944-11-20,民主政治與非民主政治,https://commons.wikimedia.org/wiki/File:NLC404-00J001436-85450_%E6%B0%91%E6%86%B2_1944%E2%80%931945%E5%B9%B4%E7%AC%AC%E4%B8%80%E5%8D%B7%E7%AC%AC%E4%B9%9D%E6%9C%9F.pdf,,6,6
1324,domestic-ocr/S3:domestic:NLC:guangmingbao-1946-issue11-zhang-lan-shanghai-welcome-speech,张澜在上海各人民团体欢迎茶会演讲词,1946-09-13,,domestic_page_ocr,domestic:NLC:guangmingbao-1946-issue11-zhang-lan-shanghai-welcome-speech,张澜在上海各人民团体欢迎茶会演讲词,DOMESTIC-PAGE,s3:domestic:NLC:guangmingbao-1946-issue11-zhang-lan-shanghai-welcome-speech,,,,,,domestic_page_ocr,s3:domestic:NLC:guangmingbao-1946-issue11-zhang-lan-shanghai-welcome-speech,张澜在上海各人民团体欢迎茶会演讲词,https://commons.wikimedia.org/wiki/File%3ANLC404-01J000514-23806_%E5%85%89%E6%98%8E%E5%A0%B1_1946%E5%B9%B411%E6%9C%9F.pdf,,2,2
1325,domestic-ocr/S3:domestic:NLC:guangmingbao-1946-issue11-china-at-1947-threshold,中国，在一九四七年的门槛上,1946-09-13,,domestic_page_ocr,domestic:NLC:guangmingbao-1946-issue11-china-at-1947-threshold,中国，在一九四七年的门槛上,DOMESTIC-PAGE,s3:domestic:NLC:guangmingbao-1946-issue11-china-at-1947-threshold,,,,,,domestic_page_ocr,s3:domestic:NLC:guangmingbao-1946-issue11-china-at-1947-threshold,中国，在一九四七年的门槛上,https://commons.wikimedia.org/wiki/File%3ANLC404-01J000514-23806_%E5%85%89%E6%98%8E%E5%A0%B1_1946%E5%B9%B411%E6%9C%9F.pdf,,4,4
1326,domestic-ocr/S3:domestic:NLC:guangmingbao-1946-issue11-truman-december-18-statement,评杜鲁门总统十二月十八日的声明,1946-09-13,,domestic_page_ocr,domestic:NLC:guangmingbao-1946-issue11-truman-december-18-statement,评杜鲁门总统十二月十八日的声明,DOMESTIC-PAGE,s3:domestic:NLC:guangmingbao-1946-issue11-truman-december-18-statement,,,,,,domestic_page_ocr,s3:domestic:NLC:guangmingbao-1946-issue11-truman-december-18-statement,评杜鲁门总统十二月十八日的声明,https://commons.wikimedia.org/wiki/File%3ANLC404-01J000514-23806_%E5%85%89%E6%98%8E%E5%A0%B1_1946%E5%B9%B411%E6%9C%9F.pdf,,2,2
1327,domestic-ocr/S3:domestic:NLC:dagongbao-hankow-1947-11-04-zhang-qun-notice,张群书面通知民盟：应允保障盟员安全,1947-11-04,,domestic_page_ocr,domestic:NLC:dagongbao-hankow-1947-11-04-zhang-qun-notice,张群书面通知民盟：应允保障盟员安全,DOMESTIC-PAGE,s3:domestic:NLC:dagongbao-hankow-1947-11-04-zhang-qun-notice,,,,,,domestic_page_ocr,s3:domestic:NLC:dagongbao-hankow-1947-11-04-zhang-qun-notice,张群书面通知民盟：应允保障盟员安全,https://commons.wikimedia.org/wiki/Special:FilePath/NLC1080-00N001037-7604_%E5%A4%A7%E5%89%9B%E5%A0%B1_1947%E5%B9%B411%E6%9C%8804%E6%97%A5.pdf,,2,2
1328,domestic-ocr/S3:domestic:NLC:dagongbao-hankow-1947-11-04-league-dissolution-meeting,民盟将召开中常会讨论解散,1947-11-04,,domestic_page_ocr,domestic:NLC:dagongbao-hankow-1947-11-04-league-dissolution-meeting,民盟将召开中常会讨论解散,DOMESTIC-PAGE,s3:domestic:NLC:dagongbao-hankow-1947-11-04-league-dissolution-meeting,,,,,,domestic_page_ocr,s3:domestic:NLC:dagongbao-hankow-1947-11-04-league-dissolution-meeting,民盟将召开中常会讨论解散,https://commons.wikimedia.org/wiki/Special:FilePath/NLC1080-00N001037-7604_%E5%A4%A7%E5%89%9B%E5%A0%B1_1947%E5%B9%B411%E6%9C%8804%E6%97%A5.pdf,,2,2
1329,domestic-ocr/S3:domestic:NLC:dagongbao-hankow-1947-11-06-league-dissolution,民盟正式宣告解散·通告各地盟员停止政治活动,1947-11-06,,domestic_page_ocr,domestic:NLC:dagongbao-hankow-1947-11-06-league-dissolution,民盟正式宣告解散·通告各地盟员停止政治活动,DOMESTIC-PAGE,s3:domestic:NLC:dagongbao-hankow-1947-11-06-league-dissolution,,,,,,domestic_page_ocr,s3:domestic:NLC:dagongbao-hankow-1947-11-06-league-dissolution,民盟正式宣告解散·通告各地盟员停止政治活动,https://commons.wikimedia.org/wiki/Special:FilePath/NLC1080-00N001037-7606_%E5%A4%A7%E5%89%9B%E5%A0%B1_1947%E5%B9%B411%E6%9C%8806%E6%97%A5.pdf,,2,2
1330,domestic-ocr/S3:domestic:NLC:guangmingbao-1946-issue01,《光明報》新一號（复刊号）,1946-09-18,,domestic_page_ocr,domestic:NLC:guangmingbao-1946-issue01,《光明報》新一號（复刊号）,DOMESTIC-PAGE,s3:domestic:NLC:guangmingbao-1946-issue01,,,,,,domestic_page_ocr,s3:domestic:NLC:guangmingbao-1946-issue01,《光明報》新一號（复刊号）,https://commons.wikimedia.org/wiki/File%3ANLC404-01J000514-10834_%E5%85%89%E6%98%8E%E5%A0%B1_1946%E5%B9%B41%E6%9C%9F.pdf,,2,2
1331,domestic-ocr/S3:domestic:NLC:guangmingbao-1946-issue01-refounding-editorial,复刊词,1946-09-18,,domestic_page_ocr,domestic:NLC:guangmingbao-1946-issue01-refounding-editorial,复刊词,DOMESTIC-PAGE,s3:domestic:NLC:guangmingbao-1946-issue01-refounding-editorial,,,,,,domestic_page_ocr,s3:domestic:NLC:guangmingbao-1946-issue01-refounding-editorial,复刊词,https://commons.wikimedia.org/wiki/File%3ANLC404-01J000514-10834_%E5%85%89%E6%98%8E%E5%A0%B1_1946%E5%B9%B41%E6%9C%9F.pdf,,1,1
1332,domestic-ocr/S3:domestic:NLC:guangmingbao-1946-issue02,《光明報》新二號,1946-09-28,,domestic_page_ocr,domestic:NLC:guangmingbao-1946-issue02,《光明報》新二號,DOMESTIC-PAGE,s3:domestic:NLC:guangmingbao-1946-issue02,,,,,,domestic_page_ocr,s3:domestic:NLC:guangmingbao-1946-issue02,《光明報》新二號,https://commons.wikimedia.org/wiki/File%3ANLC404-01J000514-10835_%E5%85%89%E6%98%8E%E5%A0%B1_1946%E5%B9%B42%E6%9C%9F.pdf,,2,2
1333,domestic-ocr/S3:domestic:NLC:guangmingbao-1946-issue02-people-power-editorial,我们相信人民的力量,1946-09-28,,domestic_page_ocr,domestic:NLC:guangmingbao-1946-issue02-people-power-editorial,我们相信人民的力量,DOMESTIC-PAGE,s3:domestic:NLC:guangmingbao-1946-issue02-people-power-editorial,,,,,,domestic_page_ocr,s3:domestic:NLC:guangmingbao-1946-issue02-people-power-editorial,我们相信人民的力量,https://commons.wikimedia.org/wiki/File%3ANLC404-01J000514-10835_%E5%85%89%E6%98%8E%E5%A0%B1_1946%E5%B9%B42%E6%9C%9F.pdf,,1,1
1334,domestic-ocr/S3:domestic:NLC:guangmingbao-1946-issue03,《光明報》新三號,1946-10-08,,domestic_page_ocr,domestic:NLC:guangmingbao-1946-issue03,《光明報》新三號,DOMESTIC-PAGE,s3:domestic:NLC:guangmingbao-1946-issue03,,,,,,domestic_page_ocr,s3:domestic:NLC:guangmingbao-1946-issue03,《光明報》新三號,https://commons.wikimedia.org/wiki/File%3ANLC404-01J000514-10424_%E5%85%89%E6%98%8E%E5%A0%B1_1946%E5%B9%B43%E6%9C%9F.pdf,,1,1
1335,domestic-ocr/S3:domestic:NLC:guangmingbao-1946-issue04,《光明報》新四號,1946-10-18,,domestic_page_ocr,domestic:NLC:guangmingbao-1946-issue04,《光明報》新四號,DOMESTIC-PAGE,s3:domestic:NLC:guangmingbao-1946-issue04,,,,,,domestic_page_ocr,s3:domestic:NLC:guangmingbao-1946-issue04,《光明報》新四號,https://commons.wikimedia.org/wiki/File%3ANLC404-01J000514-10425_%E5%85%89%E6%98%8E%E5%A0%B1_1946%E5%B9%B44%E6%9C%9F.pdf,,1,1
1336,domestic-ocr/S3:domestic:NLC:guangmingbao-1946-issue04-urgent-situation-editorial,时机紧急中我们的态度,1946-10-18,,domestic_page_ocr,domestic:NLC:guangmingbao-1946-issue04-urgent-situation-editorial,时机紧急中我们的态度,DOMESTIC-PAGE,s3:domestic:NLC:guangmingbao-1946-issue04-urgent-situation-editorial,,,,,,domestic_page_ocr,s3:domestic:NLC:guangmingbao-1946-issue04-urgent-situation-editorial,时机紧急中我们的态度,https://commons.wikimedia.org/wiki/File%3ANLC404-01J000514-10425_%E5%85%89%E6%98%8E%E5%A0%B1_1946%E5%B9%B44%E6%9C%9F.pdf,,1,1
1337,domestic-ocr/S3:domestic:NLC:guangmingbao-1946-issue05,《光明報》新五號,1946-10-28,,domestic_page_ocr,domestic:NLC:guangmingbao-1946-issue05,《光明報》新五號,DOMESTIC-PAGE,s3:domestic:NLC:guangmingbao-1946-issue05,,,,,,domestic_page_ocr,s3:domestic:NLC:guangmingbao-1946-issue05,《光明報》新五號,https://commons.wikimedia.org/wiki/File%3ANLC404-01J000514-10426_%E5%85%89%E6%98%8E%E5%A0%B1_1946%E5%B9%B45%E6%9C%9F.pdf,,1,1
1338,domestic-ocr/S3:domestic:NLC:guangmingbao-1946-issue06,《光明報》新六號,1946-11-08,,domestic_page_ocr,domestic:NLC:guangmingbao-1946-issue06,《光明報》新六號,DOMESTIC-PAGE,s3:domestic:NLC:guangmingbao-1946-issue06,,,,,,domestic_page_ocr,s3:domestic:NLC:guangmingbao-1946-issue06,《光明報》新六號,https://commons.wikimedia.org/wiki/File%3ANLC404-01J000514-10427_%E5%85%89%E6%98%8E%E5%A0%B1_1946%E5%B9%B46%E6%9C%9F.pdf,,1,1
1339,domestic-ocr/S3:domestic:NLC:guangmingbao-1946-issue07,《光明報》新七號,1946-11-18,,domestic_page_ocr,domestic:NLC:guangmingbao-1946-issue07,《光明報》新七號,DOMESTIC-PAGE,s3:domestic:NLC:guangmingbao-1946-issue07,,,,,,domestic_page_ocr,s3:domestic:NLC:guangmingbao-1946-issue07,《光明報》新七號,https://commons.wikimedia.org/wiki/File%3ANLC404-01J000514-10428_%E5%85%89%E6%98%8E%E5%A0%B1_1946%E5%B9%B47%E6%9C%9F.pdf,,1,1
1340,domestic-ocr/S3:domestic:NLC:guangmingbao-1946-issue07-why-not-national-assembly,我们为什么不参加国大,1946-11-18,,domestic_page_ocr,domestic:NLC:guangmingbao-1946-issue07-why-not-national-assembly,我们为什么不参加国大,DOMESTIC-PAGE,s3:domestic:NLC:guangmingbao-1946-issue07-why-not-national-assembly,,,,,,domestic_page_ocr,s3:domestic:NLC:guangmingbao-1946-issue07-why-not-national-assembly,我们为什么不参加国大,https://commons.wikimedia.org/wiki/File%3ANLC404-01J000514-10428_%E5%85%89%E6%98%8E%E5%A0%B1_1946%E5%B9%B47%E6%9C%9F.pdf,,1,1
1341,domestic-ocr/S3:domestic:NLC:guangmingbao-1948-1949-v1n1,《光明報》1948年1卷1期（1948-03-01）,1948-03-01,,domestic_page_ocr,domestic:NLC:guangmingbao-1948-1949-v1n1,《光明報》1948年1卷1期（1948-03-01）,DOMESTIC-PAGE,s3:domestic:NLC:guangmingbao-1948-1949-v1n1,,,,,,domestic_page_ocr,s3:domestic:NLC:guangmingbao-1948-1949-v1n1,《光明報》1948年1卷1期（1948-03-01）,https://commons.wikimedia.org/wiki/File:NLC404-01J000514-10484_光明報_1948年1卷1期.pdf,,2,2
1342,domestic-ocr/S3:domestic:NLC:guangmingbao-1948-1949-v1n12,《光明報》1948年1卷12期（1948-08-16）,1948-08-16,,domestic_page_ocr,domestic:NLC:guangmingbao-1948-1949-v1n12,《光明報》1948年1卷12期（1948-08-16）,DOMESTIC-PAGE,s3:domestic:NLC:guangmingbao-1948-1949-v1n12,,,,,,domestic_page_ocr,s3:domestic:NLC:guangmingbao-1948-1949-v1n12,《光明報》1948年1卷12期（1948-08-16）,https://commons.wikimedia.org/wiki/File:NLC404-01J000514-10514_光明報_1948年1卷12期.pdf,,2,2
1343,domestic-ocr/S3:domestic:NLC:guangmingbao-1948-1949-v2n1,《光明報》1949年2卷1期（1949-01-10）,1949-01-10,,domestic_page_ocr,domestic:NLC:guangmingbao-1948-1949-v2n1,《光明報》1949年2卷1期（1949-01-10）,DOMESTIC-PAGE,s3:domestic:NLC:guangmingbao-1948-1949-v2n1,,,,,,domestic_page_ocr,s3:domestic:NLC:guangmingbao-1948-1949-v2n1,《光明報》1949年2卷1期（1949-01-10）,https://commons.wikimedia.org/wiki/File:NLC404-01J000514-10515_光明報_1949年2卷1期.pdf,,2,2
1344,domestic-ocr/S3:domestic:NLC:guangmingbao-1948-1949-v2n1-article,新政协问题笔谈,1949-01-10,,domestic_page_ocr,domestic:NLC:guangmingbao-1948-1949-v2n1-article,新政协问题笔谈,DOMESTIC-PAGE,s3:domestic:NLC:guangmingbao-1948-1949-v2n1-article,,,,,,domestic_page_ocr,s3:domestic:NLC:guangmingbao-1948-1949-v2n1-article,新政协问题笔谈,https://commons.wikimedia.org/wiki/File:NLC404-01J000514-10515_光明報_1949年2卷1期.pdf,,1,1
1345,domestic-ocr/S3:domestic:NLC:guangmingbao-1948-1949-v2n12,《光明報》1949年2卷12期（1949-02-12）,1949-02-12,,domestic_page_ocr,domestic:NLC:guangmingbao-1948-1949-v2n12,《光明報》1949年2卷12期（1949-02-12）,DOMESTIC-PAGE,s3:domestic:NLC:guangmingbao-1948-1949-v2n12,,,,,,domestic_page_ocr,s3:domestic:NLC:guangmingbao-1948-1949-v2n12,《光明報》1949年2卷12期（1949-02-12）,https://commons.wikimedia.org/wiki/File:NLC404-01J000514-72821_光明報_1949年2卷12期.pdf,,2,2
1346,domestic-ocr/S3:domestic:NLC:guangmingbao-1948-1949-v2n12-article,我們對和平的態度,1949-02-12,,domestic_page_ocr,domestic:NLC:guangmingbao-1948-1949-v2n12-article,我們對和平的態度,DOMESTIC-PAGE,s3:domestic:NLC:guangmingbao-1948-1949-v2n12-article,,,,,,domestic_page_ocr,s3:domestic:NLC:guangmingbao-1948-1949-v2n12-article,我們對和平的態度,https://commons.wikimedia.org/wiki/File:NLC404-01J000514-72821_光明報_1949年2卷12期.pdf,,2,2
1347,domestic-ocr/S3:domestic:NLC:minxian-v1n10-1944-12-20,《民憲》第一卷第十期,1944-12-20,,domestic_page_ocr,domestic:NLC:minxian-v1n10-1944-12-20,《民憲》第一卷第十期,DOMESTIC-PAGE,s3:domestic:NLC:minxian-v1n10-1944-12-20,,,,,,domestic_page_ocr,s3:domestic:NLC:minxian-v1n10-1944-12-20,《民憲》第一卷第十期,https://commons.wikimedia.org/wiki/File:NLC404-00J001436-85451_%E6%B0%91%E6%86%B2_1944%E2%80%931945%E5%B9%B4%E7%AC%AC%E4%B8%80%E5%8D%B7%E7%AC%AC%E5%8D%81%E6%9C%9F.pdf,,2,2
1348,domestic-ocr/S3:domestic:NLC:minmeng-wenxian-1946-whole,《民主同盟文獻》,1946-12,,domestic_page_ocr,domestic:NLC:minmeng-wenxian-1946-whole,《民主同盟文獻》,DOMESTIC-PAGE,s3:domestic:NLC:minmeng-wenxian-1946-whole,,,,,,domestic_page_ocr,s3:domestic:NLC:minmeng-wenxian-1946-whole,《民主同盟文獻》,https://commons.wikimedia.org/wiki/File:NLC416-01jh004281-12557_%E6%B0%91%E4%B8%BB%E5%90%8C%E7%9B%9F%E6%96%87%E7%8D%BB.pdf,,2,2
1349,domestic-ocr/S3:domestic:NLC:minmeng-wenxian-1946-formation-declaration,中国民主政团同盟成立宣言,1941-10-10,,domestic_page_ocr,domestic:WS:democratic-league-declaration-1941,中国民主政团同盟成立宣言,DOMESTIC-PAGE,s3:domestic:NLC:minmeng-wenxian-1946-formation-declaration,,,,,,domestic_page_ocr,s3:domestic:NLC:minmeng-wenxian-1946-formation-declaration,中国民主政团同盟成立宣言,https://commons.wikimedia.org/wiki/File:NLC416-01jh004281-12557_%E6%B0%91%E4%B8%BB%E5%90%8C%E7%9B%9F%E6%96%87%E7%8D%BB.pdf,,7,7
1350,domestic-ocr/S3:domestic:NLC:minmeng-wenxian-1946-ten-program,中国民主政团同盟对时局主张纲领,1941-10-10,,domestic_page_ocr,domestic:NLC:minmeng-wenxian-1946-ten-program,中国民主政团同盟对时局主张纲领,DOMESTIC-PAGE,s3:domestic:NLC:minmeng-wenxian-1946-ten-program,,,,,,domestic_page_ocr,s3:domestic:NLC:minmeng-wenxian-1946-ten-program,中国民主政团同盟对时局主张纲领,https://commons.wikimedia.org/wiki/File:NLC416-01jh004281-12557_%E6%B0%91%E4%B8%BB%E5%90%8C%E7%9B%9F%E6%96%87%E7%8D%BB.pdf,,5,5
1351,domestic-ocr/S3:domestic:NLC:guangmingbao-1947-1947-12,《光明報》新二十號（1947-01-08）,1947-01-08,,domestic_page_ocr,domestic:NLC:guangmingbao-1947-1947-12,《光明報》新二十號（1947-01-08）,DOMESTIC-PAGE,s3:domestic:NLC:guangmingbao-1947-1947-12,,,,,,domestic_page_ocr,s3:domestic:NLC:guangmingbao-1947-1947-12,《光明報》新二十號（1947-01-08）,https://commons.wikimedia.org/wiki/File:NLC404-01J000514-72818_光明報_1947年12期.pdf,,1,1
1352,domestic-ocr/S3:domestic:NLC:guangmingbao-1947-1947-13,《光明報》新十三號（1947-01-18）,1947-01-18,,domestic_page_ocr,domestic:NLC:guangmingbao-1947-1947-13,《光明報》新十三號（1947-01-18）,DOMESTIC-PAGE,s3:domestic:NLC:guangmingbao-1947-1947-13,,,,,,domestic_page_ocr,s3:domestic:NLC:guangmingbao-1947-1947-13,《光明報》新十三號（1947-01-18）,https://commons.wikimedia.org/wiki/File:NLC404-01J000514-10453_光明報_1947年13期.pdf,,1,1
1353,domestic-ocr/S3:domestic:NLC:guangmingbao-1947-1947-14,《光明報》新十四號（1947-01-28）,1947-01-28,,domestic_page_ocr,domestic:NLC:guangmingbao-1947-1947-14,《光明報》新十四號（1947-01-28）,DOMESTIC-PAGE,s3:domestic:NLC:guangmingbao-1947-1947-14,,,,,,domestic_page_ocr,s3:domestic:NLC:guangmingbao-1947-1947-14,《光明報》新十四號（1947-01-28）,https://commons.wikimedia.org/wiki/File:NLC404-01J000514-10454_光明報_1947年14期.pdf,,1,1
1354,domestic-ocr/S3:domestic:NLC:guangmingbao-1947-1947-15,《光明報》新十五號（1947-02-08）,1947-02-08,,domestic_page_ocr,domestic:NLC:guangmingbao-1947-1947-15,《光明報》新十五號（1947-02-08）,DOMESTIC-PAGE,s3:domestic:NLC:guangmingbao-1947-1947-15,,,,,,domestic_page_ocr,s3:domestic:NLC:guangmingbao-1947-1947-15,《光明報》新十五號（1947-02-08）,https://commons.wikimedia.org/wiki/File:NLC404-01J000514-10455_光明報_1947年15期.pdf,,1,1
1355,domestic-ocr/S3:domestic:NLC:guangmingbao-1947-1947-16–17,《光明報》新十六—十七號（1947-03-18）,1947-03-18,,domestic_page_ocr,domestic:NLC:guangmingbao-1947-1947-16–17,《光明報》新十六—十七號（1947-03-18）,DOMESTIC-PAGE,s3:domestic:NLC:guangmingbao-1947-1947-16–17,,,,,,domestic_page_ocr,s3:domestic:NLC:guangmingbao-1947-1947-16–17,《光明報》新十六—十七號（1947-03-18）,https://commons.wikimedia.org/wiki/File:NLC404-01J000514-10456_光明報_1947年16–17期.pdf,,1,1
1356,domestic-ocr/S3:domestic:NLC:guangmingbao-1947-1947-18,《光明報》新十八號（1947-05-14）,1947-05-14,,domestic_page_ocr,domestic:NLC:guangmingbao-1947-1947-18,《光明報》新十八號（1947-05-14）,DOMESTIC-PAGE,s3:domestic:NLC:guangmingbao-1947-1947-18,,,,,,domestic_page_ocr,s3:domestic:NLC:guangmingbao-1947-1947-18,《光明報》新十八號（1947-05-14）,https://commons.wikimedia.org/wiki/File:NLC404-01J000514-10457_光明報_1947年18期.pdf,,1,1
1357,domestic-ocr/S3:domestic:NLC:guangmingbao-1947-1947-19,《光明報》新十九號（1947-10-28）,1947-10-28,,domestic_page_ocr,domestic:NLC:guangmingbao-1947-1947-19,《光明報》新十九號（1947-10-28）,DOMESTIC-PAGE,s3:domestic:NLC:guangmingbao-1947-1947-19,,,,,,domestic_page_ocr,s3:domestic:NLC:guangmingbao-1947-1947-19,《光明報》新十九號（1947-10-28）,https://commons.wikimedia.org/wiki/File:NLC404-01J000514-10458_光明報_1947年19期.pdf,,1,1
1358,domestic-ocr/S3:domestic:NLC:guangmingbao-1947-19-article-01,《我们对于和平的态度》,1947-10-28,,domestic_page_ocr,domestic:NLC:guangmingbao-1947-19-article-01,《我们对于和平的态度》,DOMESTIC-PAGE,s3:domestic:NLC:guangmingbao-1947-19-article-01,,,,,,domestic_page_ocr,s3:domestic:NLC:guangmingbao-1947-19-article-01,《我们对于和平的态度》,https://commons.wikimedia.org/wiki/File:NLC404-01J000514-10458_光明報_1947年19期.pdf,,2,2
1359,domestic-ocr/S3:domestic:NLC:guangmingbao-1947-19-article-02,《民盟中央对于五参政员出席参政会之决定》,1947-10-28,,domestic_page_ocr,domestic:NLC:guangmingbao-1947-19-article-02,《民盟中央对于五参政员出席参政会之决定》,DOMESTIC-PAGE,s3:domestic:NLC:guangmingbao-1947-19-article-02,,,,,,domestic_page_ocr,s3:domestic:NLC:guangmingbao-1947-19-article-02,《民盟中央对于五参政员出席参政会之决定》,https://commons.wikimedia.org/wiki/File:NLC404-01J000514-10458_光明報_1947年19期.pdf,,2,2
1360,domestic-ocr/S3:domestic:NLC:guangmingbao-1947-19-article-03,《迎接学生运动新的高潮》,1947-10-28,,domestic_page_ocr,domestic:NLC:guangmingbao-1947-19-article-03,《迎接学生运动新的高潮》,DOMESTIC-PAGE,s3:domestic:NLC:guangmingbao-1947-19-article-03,,,,,,domestic_page_ocr,s3:domestic:NLC:guangmingbao-1947-19-article-03,《迎接学生运动新的高潮》,https://commons.wikimedia.org/wiki/File:NLC404-01J000514-10458_光明報_1947年19期.pdf,,4,4
1361,domestic-ocr/S3:domestic:NLC:guangmingbao-1947-19-article-04,《独裁政府是怎样摧残新闻自由的？》,1947-10-28,,domestic_page_ocr,domestic:NLC:guangmingbao-1947-19-article-04,《独裁政府是怎样摧残新闻自由的？》,DOMESTIC-PAGE,s3:domestic:NLC:guangmingbao-1947-19-article-04,,,,,,domestic_page_ocr,s3:domestic:NLC:guangmingbao-1947-19-article-04,《独裁政府是怎样摧残新闻自由的？》,https://commons.wikimedia.org/wiki/File:NLC404-01J000514-10458_光明報_1947年19期.pdf,,2,2
1362,domestic-ocr/S3:domestic:NLC:guangmingbao-1947-19-article-05,《两种制度和两种问题》,1947-10-28,,domestic_page_ocr,domestic:NLC:guangmingbao-1947-19-article-05,《两种制度和两种问题》,DOMESTIC-PAGE,s3:domestic:NLC:guangmingbao-1947-19-article-05,,,,,,domestic_page_ocr,s3:domestic:NLC:guangmingbao-1947-19-article-05,《两种制度和两种问题》,https://commons.wikimedia.org/wiki/File:NLC404-01J000514-10458_光明報_1947年19期.pdf,,3,3
1363,domestic-ocr/S3:domestic:NLC:guangmingbao-1947-1947-20,《光明報》新二十號（1947-06-23）,1947-06-23,,domestic_page_ocr,domestic:NLC:guangmingbao-1947-1947-20,《光明報》新二十號（1947-06-23）,DOMESTIC-PAGE,s3:domestic:NLC:guangmingbao-1947-1947-20,,,,,,domestic_page_ocr,s3:domestic:NLC:guangmingbao-1947-1947-20,《光明報》新二十號（1947-06-23）,https://commons.wikimedia.org/wiki/File:NLC404-01J000514-10459_光明報_1947年20期.pdf,,1,1
1364,domestic-ocr/S3:domestic:NLC:minxian-85443-1944-05-01,《民憲》第一卷第二期,1944-05-01,,domestic_page_ocr,domestic:NLC:minxian-85443-1944-05-01,《民憲》第一卷第二期,DOMESTIC-PAGE,s3:domestic:NLC:minxian-85443-1944-05-01,,,,,,domestic_page_ocr,s3:domestic:NLC:minxian-85443-1944-05-01,《民憲》第一卷第二期,https://commons.wikimedia.org/wiki/File:NLC404-00J001436-85443_%E6%B0%91%E6%86%B2_1944%E2%80%931945%E5%B9%B4%E7%AC%AC%E4%B8%80%E5%8D%B7%E7%AC%AC%E4%BA%8C%E6%9C%9F.pdf,,2,2
1365,domestic-ocr/S3:domestic:NLC:minxian-85444-1944-06-15,《民憲》第一卷第三期,1944-06-15,,domestic_page_ocr,domestic:NLC:minxian-85444-1944-06-15,《民憲》第一卷第三期,DOMESTIC-PAGE,s3:domestic:NLC:minxian-85444-1944-06-15,,,,,,domestic_page_ocr,s3:domestic:NLC:minxian-85444-1944-06-15,《民憲》第一卷第三期,https://commons.wikimedia.org/wiki/File:NLC404-00J001436-85444_%E6%B0%91%E6%86%B2_1944%E2%80%931945%E5%B9%B4%E7%AC%AC%E4%B8%80%E5%8D%B7%E7%AC%AC%E4%B8%89%E6%9C%9F.pdf,,2,2
1366,domestic-ocr/S3:domestic:NLC:minxian-85445-1944-06-30,《民憲》第一卷第四期,1944-06-30,,domestic_page_ocr,domestic:NLC:minxian-85445-1944-06-30,《民憲》第一卷第四期,DOMESTIC-PAGE,s3:domestic:NLC:minxian-85445-1944-06-30,,,,,,domestic_page_ocr,s3:domestic:NLC:minxian-85445-1944-06-30,《民憲》第一卷第四期,https://commons.wikimedia.org/wiki/File:NLC404-00J001436-85445_%E6%B0%91%E6%86%B2_1944%E2%80%931945%E5%B9%B4%E7%AC%AC%E4%B8%80%E5%8D%B7%E7%AC%AC%E5%9B%9B%E6%9C%9F.pdf,,2,2
1367,domestic-ocr/S3:domestic:NLC:minxian-85446-1944-07-16,《民憲》第一卷第五期,1944-07-16,,domestic_page_ocr,domestic:NLC:minxian-85446-1944-07-16,《民憲》第一卷第五期,DOMESTIC-PAGE,s3:domestic:NLC:minxian-85446-1944-07-16,,,,,,domestic_page_ocr,s3:domestic:NLC:minxian-85446-1944-07-16,《民憲》第一卷第五期,https://commons.wikimedia.org/wiki/File:NLC404-00J001436-85446_%E6%B0%91%E6%86%B2_1944%E2%80%931945%E5%B9%B4%E7%AC%AC%E4%B8%80%E5%8D%B7%E7%AC%AC%E4%BA%94%E6%9C%9F.pdf,,2,2
1368,domestic-ocr/S3:domestic:NLC:minxian-85448-1944-09-10,《民憲》第一卷第七期,1944-09-10,,domestic_page_ocr,domestic:NLC:minxian-85448-1944-09-10,《民憲》第一卷第七期,DOMESTIC-PAGE,s3:domestic:NLC:minxian-85448-1944-09-10,,,,,,domestic_page_ocr,s3:domestic:NLC:minxian-85448-1944-09-10,《民憲》第一卷第七期,https://commons.wikimedia.org/wiki/File:NLC404-00J001436-85448_%E6%B0%91%E6%86%B2_1944%E2%80%931945%E5%B9%B4%E7%AC%AC%E4%B8%80%E5%8D%B7%E7%AC%AC%E4%B8%83%E6%9C%9F.pdf,,2,2
1369,domestic-ocr/S3:domestic:NLC:minxian-85449-1944-10-12,《民憲》第一卷第八期,1944-10-12,,domestic_page_ocr,domestic:NLC:minxian-85449-1944-10-12,《民憲》第一卷第八期,DOMESTIC-PAGE,s3:domestic:NLC:minxian-85449-1944-10-12,,,,,,domestic_page_ocr,s3:domestic:NLC:minxian-85449-1944-10-12,《民憲》第一卷第八期,https://commons.wikimedia.org/wiki/File:NLC404-00J001436-85449_%E6%B0%91%E6%86%B2_1944%E2%80%931945%E5%B9%B4%E7%AC%AC%E4%B8%80%E5%8D%B7%E7%AC%AC%E5%85%AB%E6%9C%9F.pdf,,2,2
1370,domestic-ocr/S3:domestic:NLC:minxian-85452-1945-01-15,《民憲》第一卷第十一期,1945-01-15,,domestic_page_ocr,domestic:NLC:minxian-85452-1945-01-15,《民憲》第一卷第十一期,DOMESTIC-PAGE,s3:domestic:NLC:minxian-85452-1945-01-15,,,,,,domestic_page_ocr,s3:domestic:NLC:minxian-85452-1945-01-15,《民憲》第一卷第十一期,https://commons.wikimedia.org/wiki/File:NLC404-00J001436-85452_%E6%B0%91%E6%86%B2_1944%E2%80%931945%E5%B9%B4%E7%AC%AC%E4%B8%80%E5%8D%B7%E7%AC%AC%E5%8D%81%E4%B8%80%E6%9C%9F.pdf,,2,2
1371,domestic-ocr/S3:domestic:NLC:minxian-85453-1945-02-25,《民憲》第一卷第十二期,1945-02-25,,domestic_page_ocr,domestic:NLC:minxian-85453-1945-02-25,《民憲》第一卷第十二期,DOMESTIC-PAGE,s3:domestic:NLC:minxian-85453-1945-02-25,,,,,,domestic_page_ocr,s3:domestic:NLC:minxian-85453-1945-02-25,《民憲》第一卷第十二期,https://commons.wikimedia.org/wiki/File:NLC404-00J001436-85453_%E6%B0%91%E6%86%B2_1944%E2%80%931945%E5%B9%B4%E7%AC%AC%E4%B8%80%E5%8D%B7%E7%AC%AC%E5%8D%81%E4%BA%8C%E6%9C%9F.pdf,,2,2
1372,domestic-ocr/S3:domestic:NLC:minxian-85454-1945-05-15,《民憲》第二卷第一期,1945-05-15,,domestic_page_ocr,domestic:NLC:minxian-85454-1945-05-15,《民憲》第二卷第一期,DOMESTIC-PAGE,s3:domestic:NLC:minxian-85454-1945-05-15,,,,,,domestic_page_ocr,s3:domestic:NLC:minxian-85454-1945-05-15,《民憲》第二卷第一期,https://commons.wikimedia.org/wiki/File:NLC404-00J001436-85454_%E6%B0%91%E6%86%B2_1944%E2%80%931945%E5%B9%B4%E7%AC%AC%E4%BA%8C%E5%8D%B7%E7%AC%AC%E4%B8%80%E6%9C%9F.pdf,,2,2
1373,domestic-ocr/S3:domestic:NLC:minxian-85455-1945-06-13,《民憲》第二卷第二期,1945-06-13,,domestic_page_ocr,domestic:NLC:minxian-85455-1945-06-13,《民憲》第二卷第二期,DOMESTIC-PAGE,s3:domestic:NLC:minxian-85455-1945-06-13,,,,,,domestic_page_ocr,s3:domestic:NLC:minxian-85455-1945-06-13,《民憲》第二卷第二期,https://commons.wikimedia.org/wiki/File:NLC404-00J001436-85455_%E6%B0%91%E6%86%B2_1944%E2%80%931945%E5%B9%B4%E7%AC%AC%E4%BA%8C%E5%8D%B7%E7%AC%AC%E4%BA%8C%E6%9C%9F.pdf,,2,2
1374,domestic-ocr/S3:domestic:NLC:guangmingbao-1946-issue05-beijing-comrades-editorial,為赴京的同盟同志們！,1946-10-28,,domestic_page_ocr,domestic:NLC:guangmingbao-1946-issue05-beijing-comrades-editorial,為赴京的同盟同志們！,DOMESTIC-PAGE,s3:domestic:NLC:guangmingbao-1946-issue05-beijing-comrades-editorial,,,,,,domestic_page_ocr,s3:domestic:NLC:guangmingbao-1946-issue05-beijing-comrades-editorial,為赴京的同盟同志們！,https://commons.wikimedia.org/wiki/File%3ANLC404-01J000514-10426_%E5%85%89%E6%98%8E%E5%A0%B1_1946%E5%B9%B45%E6%9C%9F.pdf,,1,1
1375,domestic-ocr/S3:domestic:NLC:guangmingbao-1946-issue9-anti-civil-war-conscription-editorial,反對內戰，反對徵兵！,1946-08-21,,domestic_page_ocr,domestic:NLC:guangmingbao-1946-issue9-anti-civil-war-conscription-editorial,反對內戰，反對徵兵！,DOMESTIC-PAGE,s3:domestic:NLC:guangmingbao-1946-issue9-anti-civil-war-conscription-editorial,,,,,,domestic_page_ocr,s3:domestic:NLC:guangmingbao-1946-issue9-anti-civil-war-conscription-editorial,反對內戰，反對徵兵！,https://commons.wikimedia.org/wiki/File%3ANLC404-01J000514-10430_%E5%85%89%E6%98%8E%E5%A0%B1_1946%E5%B9%B49%E6%9C%9F.pdf,,1,1
1376,domestic-ocr/S3:domestic:NLC:guangmingbao-1946-issue10-guangdong-kmt-protest-editorial,向廣東國民黨當局抗議,1946-08-28,,domestic_page_ocr,domestic:NLC:guangmingbao-1946-issue10-guangdong-kmt-protest-editorial,向廣東國民黨當局抗議,DOMESTIC-PAGE,s3:domestic:NLC:guangmingbao-1946-issue10-guangdong-kmt-protest-editorial,,,,,,domestic_page_ocr,s3:domestic:NLC:guangmingbao-1946-issue10-guangdong-kmt-protest-editorial,向廣東國民黨當局抗議,https://commons.wikimedia.org/wiki/File%3ANLC404-01J000514-10431_%E5%85%89%E6%98%8E%E5%A0%B1_1946%E5%B9%B410%E6%9C%9F.pdf,,1,1
1377,domestic-ocr/S3:domestic:NLC:guangmingbao-1948-1949-v2n12-taiwan-liberation,談台灣解放問題,1949-02-12,,domestic_page_ocr,domestic:NLC:guangmingbao-1948-1949-v2n12-taiwan-liberation,談台灣解放問題,DOMESTIC-PAGE,s3:domestic:NLC:guangmingbao-1948-1949-v2n12-taiwan-liberation,,,,,,domestic_page_ocr,s3:domestic:NLC:guangmingbao-1948-1949-v2n12-taiwan-liberation,談台灣解放問題,https://commons.wikimedia.org/wiki/File:NLC404-01J000514-72821_光明報_1949年2卷12期.pdf,,1,1
1378,domestic-ocr/S3:domestic:NLC:guangmingbao-1946-issue03-double-ten-task-article,為完成雙十節的歷史任務而奮鬥,1946-10-08,,domestic_page_ocr,domestic:NLC:guangmingbao-1946-issue03-double-ten-task-article,為完成雙十節的歷史任務而奮鬥,DOMESTIC-PAGE,s3:domestic:NLC:guangmingbao-1946-issue03-double-ten-task-article,,,,,,domestic_page_ocr,s3:domestic:NLC:guangmingbao-1946-issue03-double-ten-task-article,為完成雙十節的歷史任務而奮鬥,https://commons.wikimedia.org/wiki/File%3ANLC404-01J000514-10424_%E5%85%89%E6%98%8E%E5%A0%B1_1946%E5%B9%B43%E6%9C%9F.pdf,,1,1
1379,domestic-ocr/S3:domestic:NLC:guangmingbao-1946-issue03-ceasefire-telegram,民盟呼吁停战恢复和平电文,1946-10-08,,domestic_page_ocr,domestic:NLC:guangmingbao-1946-issue03-ceasefire-telegram,民盟呼吁停战恢复和平电文,DOMESTIC-PAGE,s3:domestic:NLC:guangmingbao-1946-issue03-ceasefire-telegram,,,,,,domestic_page_ocr,s3:domestic:NLC:guangmingbao-1946-issue03-ceasefire-telegram,民盟呼吁停战恢复和平电文,https://commons.wikimedia.org/wiki/File%3ANLC404-01J000514-10424_%E5%85%89%E6%98%8E%E5%A0%B1_1946%E5%B9%B43%E6%9C%9F.pdf,,1,1
1380,domestic-ocr/S3:domestic:NLC:guangmingbao-1948-1949-v1n1-current-tasks-zhangbojun,略論民主同盟當前的任務,1948-03-01,,domestic_page_ocr,domestic:NLC:guangmingbao-1948-1949-v1n1-current-tasks-zhangbojun,略論民主同盟當前的任務,DOMESTIC-PAGE,s3:domestic:NLC:guangmingbao-1948-1949-v1n1-current-tasks-zhangbojun,,,,,,domestic_page_ocr,s3:domestic:NLC:guangmingbao-1948-1949-v1n1-current-tasks-zhangbojun,略論民主同盟當前的任務,https://commons.wikimedia.org/wiki/File:NLC404-01J000514-10484_光明報_1948年1卷1期.pdf,,1,1
1381,domestic-ocr/S3:domestic:NLC:guangmingbao-1948-1949-v1n1-refute-hu-shi-gaoji,駁胡適《國際形勢裏的兩個問題》,1948-03-01,,domestic_page_ocr,domestic:NLC:guangmingbao-1948-1949-v1n1-refute-hu-shi-gaoji,駁胡適《國際形勢裏的兩個問題》,DOMESTIC-PAGE,s3:domestic:NLC:guangmingbao-1948-1949-v1n1-refute-hu-shi-gaoji,,,,,,domestic_page_ocr,s3:domestic:NLC:guangmingbao-1948-1949-v1n1-refute-hu-shi-gaoji,駁胡適《國際形勢裏的兩個問題》,https://commons.wikimedia.org/wiki/File:NLC404-01J000514-10484_光明報_1948年1卷1期.pdf,,3,3
1382,domestic-ocr/S3:domestic:NLC:guangmingbao-1948-1949-v1n12-three-premises-li-xiangfu,三個前提與五項原則,1948-08-16,,domestic_page_ocr,domestic:NLC:guangmingbao-1948-1949-v1n12-three-premises-li-xiangfu,三個前提與五項原則,DOMESTIC-PAGE,s3:domestic:NLC:guangmingbao-1948-1949-v1n12-three-premises-li-xiangfu,,,,,,domestic_page_ocr,s3:domestic:NLC:guangmingbao-1948-1949-v1n12-three-premises-li-xiangfu,三個前提與五項原則,https://commons.wikimedia.org/wiki/File:NLC404-01J000514-10514_光明報_1948年1卷12期.pdf,,3,3
1383,domestic-ocr/S3:domestic:NLC:guangmingbao-1947-12-congratulate-second-plenum-editorial,祝民盟二中全會,1947-01-08,,domestic_page_ocr,domestic:NLC:guangmingbao-1947-12-congratulate-second-plenum-editorial,祝民盟二中全會,DOMESTIC-PAGE,s3:domestic:NLC:guangmingbao-1947-12-congratulate-second-plenum-editorial,,,,,,domestic_page_ocr,s3:domestic:NLC:guangmingbao-1947-12-congratulate-second-plenum-editorial,祝民盟二中全會,https://commons.wikimedia.org/wiki/File:NLC404-01J000514-72818_光明報_1947年12期.pdf,,1,1
1384,domestic-ocr/S3:domestic:NLC:guangmingbao-1947-issue22-fight-for-human-rights-editorial,為爭取基本的人權而奮鬥,1947-08-01,,domestic_page_ocr,domestic:NLC:guangmingbao-1947-issue22-fight-for-human-rights-editorial,為爭取基本的人權而奮鬥,DOMESTIC-PAGE,s3:domestic:NLC:guangmingbao-1947-issue22-fight-for-human-rights-editorial,,,,,,domestic_page_ocr,s3:domestic:NLC:guangmingbao-1947-issue22-fight-for-human-rights-editorial,為爭取基本的人權而奮鬥,https://commons.wikimedia.org/wiki/File%3ANLC404-01J000514-10483_%E5%85%89%E6%98%8E%E5%A0%B1_1947%E5%B9%B422%E6%9C%9F.pdf,,2,2
1385,domestic-ocr/S3:domestic:NLC:guangmingbao-1947-12-si-tan-guo-shi,肆談國事,1947-01-08,,domestic_page_ocr,domestic:NLC:guangmingbao-1947-12-si-tan-guo-shi,肆談國事,DOMESTIC-PAGE,s3:domestic:NLC:guangmingbao-1947-12-si-tan-guo-shi,,,,,,domestic_page_ocr,s3:domestic:NLC:guangmingbao-1947-12-si-tan-guo-shi,肆談國事,https://commons.wikimedia.org/wiki/File:NLC404-01J000514-72818_光明報_1947年12期.pdf,,3,3
1386,domestic-ocr/S3:domestic:NLC:guangmingbao-1947-12-respond-anti-us-military,響應反對美軍暴行運動,1947-01-08,,domestic_page_ocr,domestic:NLC:guangmingbao-1947-12-respond-anti-us-military,響應反對美軍暴行運動,DOMESTIC-PAGE,s3:domestic:NLC:guangmingbao-1947-12-respond-anti-us-military,,,,,,domestic_page_ocr,s3:domestic:NLC:guangmingbao-1947-12-respond-anti-us-military,響應反對美軍暴行運動,https://commons.wikimedia.org/wiki/File:NLC404-01J000514-72818_光明報_1947年12期.pdf,,2,2
1387,domestic-ocr/S3:domestic:NLC:guangmingbao-1947-12-second-plenum-domestic-situation,民盟二中全會與國內局勢,1947-01-08,,domestic_page_ocr,domestic:NLC:guangmingbao-1947-12-second-plenum-domestic-situation,民盟二中全會與國內局勢,DOMESTIC-PAGE,s3:domestic:NLC:guangmingbao-1947-12-second-plenum-domestic-situation,,,,,,domestic_page_ocr,s3:domestic:NLC:guangmingbao-1947-12-second-plenum-domestic-situation,民盟二中全會與國內局勢,https://commons.wikimedia.org/wiki/File:NLC404-01J000514-72818_光明報_1947年12期.pdf,,2,2
1388,domestic-ocr/S3:domestic:NLC:guangmingbao-1947-12-interview-shen-junru,訪問沈鈞儒先生,1947-01-08,,domestic_page_ocr,domestic:NLC:guangmingbao-1947-12-interview-shen-junru,訪問沈鈞儒先生,DOMESTIC-PAGE,s3:domestic:NLC:guangmingbao-1947-12-interview-shen-junru,,,,,,domestic_page_ocr,s3:domestic:NLC:guangmingbao-1947-12-interview-shen-junru,訪問沈鈞儒先生,https://commons.wikimedia.org/wiki/File:NLC404-01J000514-72818_光明報_1947年12期.pdf,,2,2
1389,domestic-ocr/S3:domestic:NLC:guangmingbao-1947-12-statement-one-sided-constitution,對於片面憲法民盟發表聲明,1947-01-08,,domestic_page_ocr,domestic:NLC:guangmingbao-1947-12-statement-one-sided-constitution,對於片面憲法民盟發表聲明,DOMESTIC-PAGE,s3:domestic:NLC:guangmingbao-1947-12-statement-one-sided-constitution,,,,,,domestic_page_ocr,s3:domestic:NLC:guangmingbao-1947-12-statement-one-sided-constitution,對於片面憲法民盟發表聲明,https://commons.wikimedia.org/wiki/File:NLC404-01J000514-72818_光明報_1947年12期.pdf,,1,1
1390,domestic-ocr/S3:domestic:NLC:guangmingbao-1947-12-qingmo-democracy-two-paths,清末民主運動的兩條路線,1947-01-08,,domestic_page_ocr,domestic:NLC:guangmingbao-1947-12-qingmo-democracy-two-paths,清末民主運動的兩條路線,DOMESTIC-PAGE,s3:domestic:NLC:guangmingbao-1947-12-qingmo-democracy-two-paths,,,,,,domestic_page_ocr,s3:domestic:NLC:guangmingbao-1947-12-qingmo-democracy-two-paths,清末民主運動的兩條路線,https://commons.wikimedia.org/wiki/File:NLC404-01J000514-72818_光明報_1947年12期.pdf,,2,2
1391,domestic-ocr/S3:domestic:NLC:guangmingbao-1947-12-oppose-us-atrocities-shanghai,反對美軍暴行,1947-01-08,,domestic_page_ocr,domestic:NLC:guangmingbao-1947-12-oppose-us-atrocities-shanghai,反對美軍暴行,DOMESTIC-PAGE,s3:domestic:NLC:guangmingbao-1947-12-oppose-us-atrocities-shanghai,,,,,,domestic_page_ocr,s3:domestic:NLC:guangmingbao-1947-12-oppose-us-atrocities-shanghai,反對美軍暴行,https://commons.wikimedia.org/wiki/File:NLC404-01J000514-72818_光明報_1947年12期.pdf,,2,2
1392,domestic-ocr/S3:domestic:NLC:guangmingbao-1947-12-shanghai-democrats-on-us-atrocities,滬民主人士對美軍暴行意見,1947-01-08,,domestic_page_ocr,domestic:NLC:guangmingbao-1947-12-shanghai-democrats-on-us-atrocities,滬民主人士對美軍暴行意見,DOMESTIC-PAGE,s3:domestic:NLC:guangmingbao-1947-12-shanghai-democrats-on-us-atrocities,,,,,,domestic_page_ocr,s3:domestic:NLC:guangmingbao-1947-12-shanghai-democrats-on-us-atrocities,滬民主人士對美軍暴行意見,https://commons.wikimedia.org/wiki/File:NLC404-01J000514-72818_光明報_1947年12期.pdf,,2,2
1393,domestic-ocr/S3:domestic:NLC:guangmingbao-1947-12-students-letter-to-truman,學生致杜魯門總統書,1947-01-08,,domestic_page_ocr,domestic:NLC:guangmingbao-1947-12-students-letter-to-truman,學生致杜魯門總統書,DOMESTIC-PAGE,s3:domestic:NLC:guangmingbao-1947-12-students-letter-to-truman,,,,,,domestic_page_ocr,s3:domestic:NLC:guangmingbao-1947-12-students-letter-to-truman,學生致杜魯門總統書,https://commons.wikimedia.org/wiki/File:NLC404-01J000514-72818_光明報_1947年12期.pdf,,1,1
1394,domestic-ocr/S3:domestic:NLC:guangmingbao-1947-issue22-middle-route-again-deng,再論中間路線問題,1947-08-01,,domestic_page_ocr,domestic:NLC:guangmingbao-1947-issue22-middle-route-again-deng,再論中間路線問題,DOMESTIC-PAGE,s3:domestic:NLC:guangmingbao-1947-issue22-middle-route-again-deng,,,,,,domestic_page_ocr,s3:domestic:NLC:guangmingbao-1947-issue22-middle-route-again-deng,再論中間路線問題,https://commons.wikimedia.org/wiki/File%3ANLC404-01J000514-10483_%E5%85%89%E6%98%8E%E5%A0%B1_1947%E5%B9%B422%E6%9C%9F.pdf,,2,2
1395,domestic-ocr/S3:domestic:NLC:guangmingbao-1947-issue22-one-year-war-result-lu,打了一年多以後的結果,1947-08-01,,domestic_page_ocr,domestic:NLC:guangmingbao-1947-issue22-one-year-war-result-lu,打了一年多以後的結果,DOMESTIC-PAGE,s3:domestic:NLC:guangmingbao-1947-issue22-one-year-war-result-lu,,,,,,domestic_page_ocr,s3:domestic:NLC:guangmingbao-1947-issue22-one-year-war-result-lu,打了一年多以後的結果,https://commons.wikimedia.org/wiki/File%3ANLC404-01J000514-10483_%E5%85%89%E6%98%8E%E5%A0%B1_1947%E5%B9%B422%E6%9C%9F.pdf,,3,3
1396,domestic-ocr/S3:domestic:NLC:guangmingbao-1947-issue22-cry-recall-xingzhi-deng,哭憶行知,1947-08-01,,domestic_page_ocr,domestic:NLC:guangmingbao-1947-issue22-cry-recall-xingzhi-deng,哭憶行知,DOMESTIC-PAGE,s3:domestic:NLC:guangmingbao-1947-issue22-cry-recall-xingzhi-deng,,,,,,domestic_page_ocr,s3:domestic:NLC:guangmingbao-1947-issue22-cry-recall-xingzhi-deng,哭憶行知,https://commons.wikimedia.org/wiki/File%3ANLC404-01J000514-10483_%E5%85%89%E6%98%8E%E5%A0%B1_1947%E5%B9%B422%E6%9C%9F.pdf,,1,1
1397,domestic-ocr/S3:domestic:NLC:guangmingbao-1947-issue22-gongpu-still-beside-zhang,公樸，你還在我的身邊,1947-08-01,,domestic_page_ocr,domestic:NLC:guangmingbao-1947-issue22-gongpu-still-beside-zhang,公樸，你還在我的身邊,DOMESTIC-PAGE,s3:domestic:NLC:guangmingbao-1947-issue22-gongpu-still-beside-zhang,,,,,,domestic_page_ocr,s3:domestic:NLC:guangmingbao-1947-issue22-gongpu-still-beside-zhang,公樸，你還在我的身邊,https://commons.wikimedia.org/wiki/File%3ANLC404-01J000514-10483_%E5%85%89%E6%98%8E%E5%A0%B1_1947%E5%B9%B422%E6%9C%9F.pdf,,1,1
1398,domestic-ocr/S3:domestic:NLC:guangmingbao-1947-issue22-learn-taofen-spirit-hu,習韜奮精神,1947-08-01,,domestic_page_ocr,domestic:NLC:guangmingbao-1947-issue22-learn-taofen-spirit-hu,習韜奮精神,DOMESTIC-PAGE,s3:domestic:NLC:guangmingbao-1947-issue22-learn-taofen-spirit-hu,,,,,,domestic_page_ocr,s3:domestic:NLC:guangmingbao-1947-issue22-learn-taofen-spirit-hu,習韜奮精神,https://commons.wikimedia.org/wiki/File%3ANLC404-01J000514-10483_%E5%85%89%E6%98%8E%E5%A0%B1_1947%E5%B9%B422%E6%9C%9F.pdf,,1,1
1399,domestic-ocr/S3:domestic:NLC:guangmingbao-1947-issue22-patriotic-poet-wen-hong,愛國詩人聞一多,1947-08-01,,domestic_page_ocr,domestic:NLC:guangmingbao-1947-issue22-patriotic-poet-wen-hong,愛國詩人聞一多,DOMESTIC-PAGE,s3:domestic:NLC:guangmingbao-1947-issue22-patriotic-poet-wen-hong,,,,,,domestic_page_ocr,s3:domestic:NLC:guangmingbao-1947-issue22-patriotic-poet-wen-hong,愛國詩人聞一多,https://commons.wikimedia.org/wiki/File%3ANLC404-01J000514-10483_%E5%85%89%E6%98%8E%E5%A0%B1_1947%E5%B9%B422%E6%9C%9F.pdf,,1,1
1400,domestic-ocr/S3:domestic:NLC:guangmingbao-1947-issue22-hengshe-tonghua-sa,由衡舍桐花談起,1947-08-01,,domestic_page_ocr,domestic:NLC:guangmingbao-1947-issue22-hengshe-tonghua-sa,由衡舍桐花談起,DOMESTIC-PAGE,s3:domestic:NLC:guangmingbao-1947-issue22-hengshe-tonghua-sa,,,,,,domestic_page_ocr,s3:domestic:NLC:guangmingbao-1947-issue22-hengshe-tonghua-sa,由衡舍桐花談起,https://commons.wikimedia.org/wiki/File%3ANLC404-01J000514-10483_%E5%85%89%E6%98%8E%E5%A0%B1_1947%E5%B9%B422%E6%9C%9F.pdf,,1,1
1401,domestic-ocr/S3:domestic:NLC:guangmingbao-1947-issue22-action-memorial-peng,用行動來紀念鄒李聞陶四先生,1947-08-01,,domestic_page_ocr,domestic:NLC:guangmingbao-1947-issue22-action-memorial-peng,用行動來紀念鄒李聞陶四先生,DOMESTIC-PAGE,s3:domestic:NLC:guangmingbao-1947-issue22-action-memorial-peng,,,,,,domestic_page_ocr,s3:domestic:NLC:guangmingbao-1947-issue22-action-memorial-peng,用行動來紀念鄒李聞陶四先生,https://commons.wikimedia.org/wiki/File%3ANLC404-01J000514-10483_%E5%85%89%E6%98%8E%E5%A0%B1_1947%E5%B9%B422%E6%9C%9F.pdf,,1,1
1402,domestic-ocr/S3:domestic:NLC:guangmingbao-1947-issue22-double-effort-people-shen,加倍為人民事業努力,1947-08-01,,domestic_page_ocr,domestic:NLC:guangmingbao-1947-issue22-double-effort-people-shen,加倍為人民事業努力,DOMESTIC-PAGE,s3:domestic:NLC:guangmingbao-1947-issue22-double-effort-people-shen,,,,,,domestic_page_ocr,s3:domestic:NLC:guangmingbao-1947-issue22-double-effort-people-shen,加倍為人民事業努力,https://commons.wikimedia.org/wiki/File%3ANLC404-01J000514-10483_%E5%85%89%E6%98%8E%E5%A0%B1_1947%E5%B9%B422%E6%9C%9F.pdf,,1,1
1403,domestic-ocr/S3:domestic:NLC:guangmingbao-1947-issue22-wipe-out-killers-li,撲滅殺人的兇手,1947-08-01,,domestic_page_ocr,domestic:NLC:guangmingbao-1947-issue22-wipe-out-killers-li,撲滅殺人的兇手,DOMESTIC-PAGE,s3:domestic:NLC:guangmingbao-1947-issue22-wipe-out-killers-li,,,,,,domestic_page_ocr,s3:domestic:NLC:guangmingbao-1947-issue22-wipe-out-killers-li,撲滅殺人的兇手,https://commons.wikimedia.org/wiki/File%3ANLC404-01J000514-10483_%E5%85%89%E6%98%8E%E5%A0%B1_1947%E5%B9%B422%E6%9C%9F.pdf,,1,1
1404,domestic-ocr/S3:domestic:NLC:guangmingbao-1947-issue22-pass-the-test-hu-sheng,過關,1947-08-01,,domestic_page_ocr,domestic:NLC:guangmingbao-1947-issue22-pass-the-test-hu-sheng,過關,DOMESTIC-PAGE,s3:domestic:NLC:guangmingbao-1947-issue22-pass-the-test-hu-sheng,,,,,,domestic_page_ocr,s3:domestic:NLC:guangmingbao-1947-issue22-pass-the-test-hu-sheng,過關,https://commons.wikimedia.org/wiki/File%3ANLC404-01J000514-10483_%E5%85%89%E6%98%8E%E5%A0%B1_1947%E5%B9%B422%E6%9C%9F.pdf,,1,1
1405,domestic-ocr/S3:domestic:NLC:guangmingbao-1947-issue22-liwen-anniversary-qian,李聞週年祭,1947-08-01,,domestic_page_ocr,domestic:NLC:guangmingbao-1947-issue22-liwen-anniversary-qian,李聞週年祭,DOMESTIC-PAGE,s3:domestic:NLC:guangmingbao-1947-issue22-liwen-anniversary-qian,,,,,,domestic_page_ocr,s3:domestic:NLC:guangmingbao-1947-issue22-liwen-anniversary-qian,李聞週年祭,https://commons.wikimedia.org/wiki/File%3ANLC404-01J000514-10483_%E5%85%89%E6%98%8E%E5%A0%B1_1947%E5%B9%B422%E6%9C%9F.pdf,,1,1
1406,domestic-ocr/S3:domestic:NLC:guangmingbao-1947-issue22-painful-memorial-chen,沉痛紀念鄒李聞陶四先生,1947-08-01,,domestic_page_ocr,domestic:NLC:guangmingbao-1947-issue22-painful-memorial-chen,沉痛紀念鄒李聞陶四先生,DOMESTIC-PAGE,s3:domestic:NLC:guangmingbao-1947-issue22-painful-memorial-chen,,,,,,domestic_page_ocr,s3:domestic:NLC:guangmingbao-1947-issue22-painful-memorial-chen,沉痛紀念鄒李聞陶四先生,https://commons.wikimedia.org/wiki/File%3ANLC404-01J000514-10483_%E5%85%89%E6%98%8E%E5%A0%B1_1947%E5%B9%B422%E6%9C%9F.pdf,,1,1
1407,domestic-ocr/S3:domestic:NLC:guangmingbao-1947-issue22-mourn-and-spur-song,悼念逝者，鞭策自己,1947-08-01,,domestic_page_ocr,domestic:NLC:guangmingbao-1947-issue22-mourn-and-spur-song,悼念逝者，鞭策自己,DOMESTIC-PAGE,s3:domestic:NLC:guangmingbao-1947-issue22-mourn-and-spur-song,,,,,,domestic_page_ocr,s3:domestic:NLC:guangmingbao-1947-issue22-mourn-and-spur-song,悼念逝者，鞭策自己,https://commons.wikimedia.org/wiki/File%3ANLC404-01J000514-10483_%E5%85%89%E6%98%8E%E5%A0%B1_1947%E5%B9%B422%E6%9C%9F.pdf,,1,1
1408,domestic-ocr/S3:domestic:NLC:guangmingbao-1947-issue22-dare-not-forget-chen,不敢忘,1947-08-01,,domestic_page_ocr,domestic:NLC:guangmingbao-1947-issue22-dare-not-forget-chen,不敢忘,DOMESTIC-PAGE,s3:domestic:NLC:guangmingbao-1947-issue22-dare-not-forget-chen,,,,,,domestic_page_ocr,s3:domestic:NLC:guangmingbao-1947-issue22-dare-not-forget-chen,不敢忘,https://commons.wikimedia.org/wiki/File%3ANLC404-01J000514-10483_%E5%85%89%E6%98%8E%E5%A0%B1_1947%E5%B9%B422%E6%9C%9F.pdf,,1,1
1409,domestic-ocr/S3:domestic:NLC:guangmingbao-1947-issue22-dictators-killed-them-ye,是獨裁者殺死了他們！,1947-08-01,,domestic_page_ocr,domestic:NLC:guangmingbao-1947-issue22-dictators-killed-them-ye,是獨裁者殺死了他們！,DOMESTIC-PAGE,s3:domestic:NLC:guangmingbao-1947-issue22-dictators-killed-them-ye,,,,,,domestic_page_ocr,s3:domestic:NLC:guangmingbao-1947-issue22-dictators-killed-them-ye,是獨裁者殺死了他們！,https://commons.wikimedia.org/wiki/File%3ANLC404-01J000514-10483_%E5%85%89%E6%98%8E%E5%A0%B1_1947%E5%B9%B422%E6%9C%9F.pdf,,1,1
1410,domestic-ocr/S3:domestic:NLC:guangmingbao-1947-issue22-gongpu-rest-in-peace-simu,公樸，安眠吧！,1947-08-01,,domestic_page_ocr,domestic:NLC:guangmingbao-1947-issue22-gongpu-rest-in-peace-simu,公樸，安眠吧！,DOMESTIC-PAGE,s3:domestic:NLC:guangmingbao-1947-issue22-gongpu-rest-in-peace-simu,,,,,,domestic_page_ocr,s3:domestic:NLC:guangmingbao-1947-issue22-gongpu-rest-in-peace-simu,公樸，安眠吧！,https://commons.wikimedia.org/wiki/File%3ANLC404-01J000514-10483_%E5%85%89%E6%98%8E%E5%A0%B1_1947%E5%B9%B422%E6%9C%9F.pdf,,1,1
1411,domestic-ocr/S3:domestic:NLC:guangmingbao-1947-issue22-one-falls-thousands-rise-lu,一個倒下去千百個起來,1947-08-01,,domestic_page_ocr,domestic:NLC:guangmingbao-1947-issue22-one-falls-thousands-rise-lu,一個倒下去千百個起來,DOMESTIC-PAGE,s3:domestic:NLC:guangmingbao-1947-issue22-one-falls-thousands-rise-lu,,,,,,domestic_page_ocr,s3:domestic:NLC:guangmingbao-1947-issue22-one-falls-thousands-rise-lu,一個倒下去千百個起來,https://commons.wikimedia.org/wiki/File%3ANLC404-01J000514-10483_%E5%85%89%E6%98%8E%E5%A0%B1_1947%E5%B9%B422%E6%9C%9F.pdf,,1,1
1412,domestic-ocr/S3:domestic:NLC:guangmingbao-1947-issue22-history-essays-shen-gong,讀史隨筆,1947-08-01,,domestic_page_ocr,domestic:NLC:guangmingbao-1947-issue22-history-essays-shen-gong,讀史隨筆,DOMESTIC-PAGE,s3:domestic:NLC:guangmingbao-1947-issue22-history-essays-shen-gong,,,,,,domestic_page_ocr,s3:domestic:NLC:guangmingbao-1947-issue22-history-essays-shen-gong,讀史隨筆,https://commons.wikimedia.org/wiki/File%3ANLC404-01J000514-10483_%E5%85%89%E6%98%8E%E5%A0%B1_1947%E5%B9%B422%E6%9C%9F.pdf,,1,1
1413,domestic-ocr/S3:domestic:NLC:guangmingbao-1947-issue22-shantou-black-terror,汕頭的黑色恐怖,1947-08-01,,domestic_page_ocr,domestic:NLC:guangmingbao-1947-issue22-shantou-black-terror,汕頭的黑色恐怖,DOMESTIC-PAGE,s3:domestic:NLC:guangmingbao-1947-issue22-shantou-black-terror,,,,,,domestic_page_ocr,s3:domestic:NLC:guangmingbao-1947-issue22-shantou-black-terror,汕頭的黑色恐怖,https://commons.wikimedia.org/wiki/File%3ANLC404-01J000514-10483_%E5%85%89%E6%98%8E%E5%A0%B1_1947%E5%B9%B422%E6%9C%9F.pdf,,1,1
1414,domestic-ocr/S3:domestic:NLC:guangmingbao-1947-issue22-meixian-recent-look,梅縣近貌,1947-08-01,,domestic_page_ocr,domestic:NLC:guangmingbao-1947-issue22-meixian-recent-look,梅縣近貌,DOMESTIC-PAGE,s3:domestic:NLC:guangmingbao-1947-issue22-meixian-recent-look,,,,,,domestic_page_ocr,s3:domestic:NLC:guangmingbao-1947-issue22-meixian-recent-look,梅縣近貌,https://commons.wikimedia.org/wiki/File%3ANLC404-01J000514-10483_%E5%85%89%E6%98%8E%E5%A0%B1_1947%E5%B9%B422%E6%9C%9F.pdf,,1,1
1415,domestic-ocr/S3:domestic:NLC:guangmingbao-1946-issue01-shen-zhiyuan-minmeng-current-situation-proposal,民盟对当前时局的主张,1946-09-18,,domestic_page_ocr,domestic:NLC:guangmingbao-1946-issue01-shen-zhiyuan-minmeng-current-situation-proposal,民盟对当前时局的主张,DOMESTIC-PAGE,s3:domestic:NLC:guangmingbao-1946-issue01-shen-zhiyuan-minmeng-current-situation-proposal,,,,,,domestic_page_ocr,s3:domestic:NLC:guangmingbao-1946-issue01-shen-zhiyuan-minmeng-current-situation-proposal,民盟对当前时局的主张,https://commons.wikimedia.org/wiki/File%3ANLC404-01J000514-10834_%E5%85%89%E6%98%8E%E5%A0%B1_1946%E5%B9%B41%E6%9C%9F.pdf,,1,1
1416,domestic-ocr/S3:domestic:NLC:guangmingbao-1946-issue01-liu-simou-youth-degeneration,青年的堕落,1946-09-18,,domestic_page_ocr,domestic:NLC:guangmingbao-1946-issue01-liu-simou-youth-degeneration,青年的堕落,DOMESTIC-PAGE,s3:domestic:NLC:guangmingbao-1946-issue01-liu-simou-youth-degeneration,,,,,,domestic_page_ocr,s3:domestic:NLC:guangmingbao-1946-issue01-liu-simou-youth-degeneration,青年的堕落,https://commons.wikimedia.org/wiki/File%3ANLC404-01J000514-10834_%E5%85%89%E6%98%8E%E5%A0%B1_1946%E5%B9%B41%E6%9C%9F.pdf,,1,1
1417,domestic-ocr/S3:domestic:NLC:guangmingbao-1946-issue02-huang-yaomian-us-imperialism-china,美帝國主義對中國的侵略,1946-09-28,,domestic_page_ocr,domestic:NLC:guangmingbao-1946-issue02-huang-yaomian-us-imperialism-china,美帝國主義對中國的侵略,DOMESTIC-PAGE,s3:domestic:NLC:guangmingbao-1946-issue02-huang-yaomian-us-imperialism-china,,,,,,domestic_page_ocr,s3:domestic:NLC:guangmingbao-1946-issue02-huang-yaomian-us-imperialism-china,美帝國主義對中國的侵略,https://commons.wikimedia.org/wiki/File%3ANLC404-01J000514-10835_%E5%85%89%E6%98%8E%E5%A0%B1_1946%E5%B9%B42%E6%9C%9F.pdf,,1,1
1418,domestic-ocr/S3:domestic:NLC:guangmingbao-1946-issue04-yang-bokai-jiang-jieshi-speech-review,評蔣介石先生最近講詞,1946-10-18,,domestic_page_ocr,domestic:NLC:guangmingbao-1946-issue04-yang-bokai-jiang-jieshi-speech-review,評蔣介石先生最近講詞,DOMESTIC-PAGE,s3:domestic:NLC:guangmingbao-1946-issue04-yang-bokai-jiang-jieshi-speech-review,,,,,,domestic_page_ocr,s3:domestic:NLC:guangmingbao-1946-issue04-yang-bokai-jiang-jieshi-speech-review,評蔣介石先生最近講詞,https://commons.wikimedia.org/wiki/File%3ANLC404-01J000514-10425_%E5%85%89%E6%98%8E%E5%A0%B1_1946%E5%B9%B44%E6%9C%9F.pdf,,1,1
1419,domestic-ocr/S3:domestic:NLC:guangmingbao-1946-issue04-di-chaobai-us-basic-attitude,我們對美國的基本態度,1946-10-18,,domestic_page_ocr,domestic:NLC:guangmingbao-1946-issue04-di-chaobai-us-basic-attitude,我們對美國的基本態度,DOMESTIC-PAGE,s3:domestic:NLC:guangmingbao-1946-issue04-di-chaobai-us-basic-attitude,,,,,,domestic_page_ocr,s3:domestic:NLC:guangmingbao-1946-issue04-di-chaobai-us-basic-attitude,我們對美國的基本態度,https://commons.wikimedia.org/wiki/File%3ANLC404-01J000514-10425_%E5%85%89%E6%98%8E%E5%A0%B1_1946%E5%B9%B44%E6%9C%9F.pdf,,1,1
1420,domestic-ocr/S3:domestic:NLC:guangmingbao-1946-issue07-shen-zhiyuan-truce-statement-review,評蔣主席的停戰令和時局聲明,1946-11-18,,domestic_page_ocr,domestic:NLC:guangmingbao-1946-issue07-shen-zhiyuan-truce-statement-review,評蔣主席的停戰令和時局聲明,DOMESTIC-PAGE,s3:domestic:NLC:guangmingbao-1946-issue07-shen-zhiyuan-truce-statement-review,,,,,,domestic_page_ocr,s3:domestic:NLC:guangmingbao-1946-issue07-shen-zhiyuan-truce-statement-review,評蔣主席的停戰令和時局聲明,https://commons.wikimedia.org/wiki/File%3ANLC404-01J000514-10428_%E5%85%89%E6%98%8E%E5%A0%B1_1946%E5%B9%B47%E6%9C%9F.pdf,,1,1
1421,domestic-ocr/S3:domestic:NLC:guangmingbao-1946-issue07-qian-jiaju-unequal-treaty,不平等待遇的新條約,1946-11-18,,domestic_page_ocr,domestic:NLC:guangmingbao-1946-issue07-qian-jiaju-unequal-treaty,不平等待遇的新條約,DOMESTIC-PAGE,s3:domestic:NLC:guangmingbao-1946-issue07-qian-jiaju-unequal-treaty,,,,,,domestic_page_ocr,s3:domestic:NLC:guangmingbao-1946-issue07-qian-jiaju-unequal-treaty,不平等待遇的新條約,https://commons.wikimedia.org/wiki/File%3ANLC404-01J000514-10428_%E5%85%89%E6%98%8E%E5%A0%B1_1946%E5%B9%B47%E6%9C%9F.pdf,,1,1
1422,domestic-ocr/S3:domestic:NLC:guangmingbao-1946-issue8-zhang-tiesheng-republican-withdraw-us-diplomacy,共和黨勝利後的美國外交,1946-11-28,,domestic_page_ocr,domestic:NLC:guangmingbao-1946-issue8-zhang-tiesheng-republican-withdraw-us-diplomacy,共和黨勝利後的美國外交,DOMESTIC-PAGE,s3:domestic:NLC:guangmingbao-1946-issue8-zhang-tiesheng-republican-withdraw-us-diplomacy,,,,,,domestic_page_ocr,s3:domestic:NLC:guangmingbao-1946-issue8-zhang-tiesheng-republican-withdraw-us-diplomacy,共和黨勝利後的美國外交,https://commons.wikimedia.org/wiki/File%3ANLC404-01J000514-10429_%E5%85%89%E6%98%8E%E5%A0%B1_1946%E5%B9%B48%E6%9C%9F.pdf,,2,2
1423,domestic-ocr/S3:domestic:NLC:guangmingbao-1946-issue8-qiu-xini-guangdong-shengtianli,廣東聖天里,1946-11-28,,domestic_page_ocr,domestic:NLC:guangmingbao-1946-issue8-qiu-xini-guangdong-shengtianli,廣東聖天里,DOMESTIC-PAGE,s3:domestic:NLC:guangmingbao-1946-issue8-qiu-xini-guangdong-shengtianli,,,,,,domestic_page_ocr,s3:domestic:NLC:guangmingbao-1946-issue8-qiu-xini-guangdong-shengtianli,廣東聖天里,https://commons.wikimedia.org/wiki/File%3ANLC404-01J000514-10429_%E5%85%89%E6%98%8E%E5%A0%B1_1946%E5%B9%B48%E6%9C%9F.pdf,,1,1
1424,domestic-ocr/S3:domestic:NLC:guangmingbao-1946-issue06-editorial-pcc-ten-months,從政協決議成立到今天已十個月了,1946-11-08,,domestic_page_ocr,domestic:NLC:guangmingbao-1946-issue06-editorial-pcc-ten-months,從政協決議成立到今天已十個月了,DOMESTIC-PAGE,s3:domestic:NLC:guangmingbao-1946-issue06-editorial-pcc-ten-months,,,,,,domestic_page_ocr,s3:domestic:NLC:guangmingbao-1946-issue06-editorial-pcc-ten-months,從政協決議成立到今天已十個月了,https://commons.wikimedia.org/wiki/File%3ANLC404-01J000514-10427_%E5%85%89%E6%98%8E%E5%A0%B1_1946%E5%B9%B46%E6%9C%9F.pdf,,1,1
1425,domestic-ocr/S3:domestic:NLC:guangmingbao-1946-issue06-shen-zhiyuan-truce-statement-review,評蔣主席的停戰令和時局聲明,1946-11-08,,domestic_page_ocr,domestic:NLC:guangmingbao-1946-issue06-shen-zhiyuan-truce-statement-review,評蔣主席的停戰令和時局聲明,DOMESTIC-PAGE,s3:domestic:NLC:guangmingbao-1946-issue06-shen-zhiyuan-truce-statement-review,,,,,,domestic_page_ocr,s3:domestic:NLC:guangmingbao-1946-issue06-shen-zhiyuan-truce-statement-review,評蔣主席的停戰令和時局聲明,https://commons.wikimedia.org/wiki/File%3ANLC404-01J000514-10427_%E5%85%89%E6%98%8E%E5%A0%B1_1946%E5%B9%B46%E6%9C%9F.pdf,,1,1
1426,domestic-ocr/S3:domestic:NLC:guangmingbao-1946-issue06-qian-jiaju-unequal-treaty,不平等待遇的新條約,1946-11-08,,domestic_page_ocr,domestic:NLC:guangmingbao-1946-issue06-qian-jiaju-unequal-treaty,不平等待遇的新條約,DOMESTIC-PAGE,s3:domestic:NLC:guangmingbao-1946-issue06-qian-jiaju-unequal-treaty,,,,,,domestic_page_ocr,s3:domestic:NLC:guangmingbao-1946-issue06-qian-jiaju-unequal-treaty,不平等待遇的新條約,https://commons.wikimedia.org/wiki/File%3ANLC404-01J000514-10427_%E5%85%89%E6%98%8E%E5%A0%B1_1946%E5%B9%B46%E6%9C%9F.pdf,,1,1
1427,domestic-ocr/S3:domestic:NLC:minmeng-yanlunji-1945-whole,《中國民主同盟言論集》,1945-10,,domestic_page_ocr,domestic:NLC:minmeng-yanlunji-1945-whole,《中國民主同盟言論集》,DOMESTIC-PAGE,s3:domestic:NLC:minmeng-yanlunji-1945-whole,,,,,,domestic_page_ocr,s3:domestic:NLC:minmeng-yanlunji-1945-whole,《中國民主同盟言論集》,https://commons.wikimedia.org/wiki/File:NLC511-027032016010761-42571_%E4%B8%AD%E5%9C%8B%E6%B0%91%E4%B8%BB%E5%90%8C%E7%9B%9F%E8%A8%80%E8%AB%96%E9%9B%86.pdf,,107,107
1428,domestic-ocr/S3:domestic:NLC:guangmingbao-1947-issue13-our-attitude-editorial,我們的態度,1947-01-18,,domestic_page_ocr,domestic:NLC:guangmingbao-1947-issue13-our-attitude-editorial,我們的態度,DOMESTIC-PAGE,s3:domestic:NLC:guangmingbao-1947-issue13-our-attitude-editorial,,,,,,domestic_page_ocr,s3:domestic:NLC:guangmingbao-1947-issue13-our-attitude-editorial,我們的態度,https://commons.wikimedia.org/wiki/File:NLC404-01J000514-10453_光明報_1947年13期.pdf,,1,1
1429,domestic-ocr/S3:domestic:NLC:guangmingbao-1947-issue13-zhang-lan-plenum-opening,民盟張瀾主席在一屆二中全會開幕講詞,1947-01-18,,domestic_page_ocr,domestic:NLC:guangmingbao-1947-issue13-zhang-lan-plenum-opening,民盟張瀾主席在一屆二中全會開幕講詞,DOMESTIC-PAGE,s3:domestic:NLC:guangmingbao-1947-issue13-zhang-lan-plenum-opening,,,,,,domestic_page_ocr,s3:domestic:NLC:guangmingbao-1947-issue13-zhang-lan-plenum-opening,民盟張瀾主席在一屆二中全會開幕講詞,https://commons.wikimedia.org/wiki/File:NLC404-01J000514-10453_光明報_1947年13期.pdf,,2,2
1430,domestic-ocr/S3:domestic:NLC:guangmingbao-1947-issue13-zhang-lan-plenum-closing,民盟二中全會張瀾主席閉幕詞,1947-01-18,,domestic_page_ocr,domestic:NLC:guangmingbao-1947-issue13-zhang-lan-plenum-closing,民盟二中全會張瀾主席閉幕詞,DOMESTIC-PAGE,s3:domestic:NLC:guangmingbao-1947-issue13-zhang-lan-plenum-closing,,,,,,domestic_page_ocr,s3:domestic:NLC:guangmingbao-1947-issue13-zhang-lan-plenum-closing,民盟二中全會張瀾主席閉幕詞,https://commons.wikimedia.org/wiki/File:NLC404-01J000514-10453_光明報_1947年13期.pdf,,1,1
1431,domestic-ocr/S3:domestic:NLC:guangmingbao-1947-issue13-plenum-clippings,民盟二中全會剪影輯,1947-01-18,,domestic_page_ocr,domestic:NLC:guangmingbao-1947-issue13-plenum-clippings,民盟二中全會剪影輯,DOMESTIC-PAGE,s3:domestic:NLC:guangmingbao-1947-issue13-plenum-clippings,,,,,,domestic_page_ocr,s3:domestic:NLC:guangmingbao-1947-issue13-plenum-clippings,民盟二中全會剪影輯,https://commons.wikimedia.org/wiki/File:NLC404-01J000514-10453_光明報_1947年13期.pdf,,1,1
1432,domestic-ocr/S3:domestic:NLC:guangmingbao-1947-issue14-pcc-anniversary-editorial,政協決議一週年,1947-01-28,,domestic_page_ocr,domestic:NLC:guangmingbao-1947-issue14-pcc-anniversary-editorial,政協決議一週年,DOMESTIC-PAGE,s3:domestic:NLC:guangmingbao-1947-issue14-pcc-anniversary-editorial,,,,,,domestic_page_ocr,s3:domestic:NLC:guangmingbao-1947-issue14-pcc-anniversary-editorial,政協決議一週年,https://commons.wikimedia.org/wiki/File:NLC404-01J000514-10454_光明報_1947年14期.pdf,,1,1
1433,domestic-ocr/S3:domestic:NLC:guangmingbao-1947-issue14-plenum-political-report,民盟二中全會政治報告全文,1947-01-28,,domestic_page_ocr,domestic:NLC:guangmingbao-1947-issue14-plenum-political-report,民盟二中全會政治報告全文,DOMESTIC-PAGE,s3:domestic:NLC:guangmingbao-1947-issue14-plenum-political-report,,,,,,domestic_page_ocr,s3:domestic:NLC:guangmingbao-1947-issue14-plenum-political-report,民盟二中全會政治報告全文,https://commons.wikimedia.org/wiki/File:NLC404-01J000514-10454_光明報_1947年14期.pdf,,8,8
1434,domestic-ocr/S3:domestic:NLC:guangmingbao-1947-issue14-shen-zhiyuan-plenum-impression,我對於民盟二中全會的觀感,1947-01-28,,domestic_page_ocr,domestic:NLC:guangmingbao-1947-issue14-shen-zhiyuan-plenum-impression,我對於民盟二中全會的觀感,DOMESTIC-PAGE,s3:domestic:NLC:guangmingbao-1947-issue14-shen-zhiyuan-plenum-impression,,,,,,domestic_page_ocr,s3:domestic:NLC:guangmingbao-1947-issue14-shen-zhiyuan-plenum-impression,我對於民盟二中全會的觀感,https://commons.wikimedia.org/wiki/File:NLC404-01J000514-10454_光明報_1947年14期.pdf,,2,2
1435,domestic-ocr/S3:domestic:NLC:guangmingbao-1947-issue14-li-boqiu-plenum-gains,二中全會的收穫,1947-01-28,,domestic_page_ocr,domestic:NLC:guangmingbao-1947-issue14-li-boqiu-plenum-gains,二中全會的收穫,DOMESTIC-PAGE,s3:domestic:NLC:guangmingbao-1947-issue14-li-boqiu-plenum-gains,,,,,,domestic_page_ocr,s3:domestic:NLC:guangmingbao-1947-issue14-li-boqiu-plenum-gains,二中全會的收穫,https://commons.wikimedia.org/wiki/File:NLC404-01J000514-10454_光明報_1947年14期.pdf,,1,1
1436,domestic-ocr/S3:domestic:NLC:guangmingbao-1947-issue15-heavier-task-editorial,民盟的任務更繁重了,1947-02-08,,domestic_page_ocr,domestic:NLC:guangmingbao-1947-issue15-heavier-task-editorial,民盟的任務更繁重了,DOMESTIC-PAGE,s3:domestic:NLC:guangmingbao-1947-issue15-heavier-task-editorial,,,,,,domestic_page_ocr,s3:domestic:NLC:guangmingbao-1947-issue15-heavier-task-editorial,民盟的任務更繁重了,https://commons.wikimedia.org/wiki/File:NLC404-01J000514-10455_光明報_1947年15期.pdf,,1,1
1437,domestic-ocr/S3:domestic:NLC:guangmingbao-1947-issue15-huang-yaomian-pcc-line,政協決議與政協路線,1947-02-08,,domestic_page_ocr,domestic:NLC:guangmingbao-1947-issue15-huang-yaomian-pcc-line,政協決議與政協路線,DOMESTIC-PAGE,s3:domestic:NLC:guangmingbao-1947-issue15-huang-yaomian-pcc-line,,,,,,domestic_page_ocr,s3:domestic:NLC:guangmingbao-1947-issue15-huang-yaomian-pcc-line,政協決議與政協路線,https://commons.wikimedia.org/wiki/File:NLC404-01J000514-10455_光明報_1947年15期.pdf,,3,3
1438,domestic-ocr/S3:domestic:NLC:guangmingbao-1947-issue16-17-li-jishen-situation-views,李濟深將軍對時局意見,1947-03-18,,domestic_page_ocr,domestic:NLC:guangmingbao-1947-issue16-17-li-jishen-situation-views,李濟深將軍對時局意見,DOMESTIC-PAGE,s3:domestic:NLC:guangmingbao-1947-issue16-17-li-jishen-situation-views,,,,,,domestic_page_ocr,s3:domestic:NLC:guangmingbao-1947-issue16-17-li-jishen-situation-views,李濟深將軍對時局意見,https://commons.wikimedia.org/wiki/File:NLC404-01J000514-10456_光明報_1947年16–17期.pdf,,1,1
1439,domestic-ocr/S3:domestic:NLC:guangmingbao-1947-issue16-17-minmeng-situation-declaration,中國民主同盟對時局宣言,1947-03-18,,domestic_page_ocr,domestic:NLC:guangmingbao-1947-issue16-17-minmeng-situation-declaration,中國民主同盟對時局宣言,DOMESTIC-PAGE,s3:domestic:NLC:guangmingbao-1947-issue16-17-minmeng-situation-declaration,,,,,,domestic_page_ocr,s3:domestic:NLC:guangmingbao-1947-issue16-17-minmeng-situation-declaration,中國民主同盟對時局宣言,https://commons.wikimedia.org/wiki/File:NLC404-01J000514-10456_光明報_1947年16–17期.pdf,,1,1
1440,domestic-ocr/S3:domestic:NLC:guangmingbao-1947-issue16-17-respond-li-jishen-editorial,響應李濟深先生對時局主張,1947-03-18,,domestic_page_ocr,domestic:NLC:guangmingbao-1947-issue16-17-respond-li-jishen-editorial,響應李濟深先生對時局主張,DOMESTIC-PAGE,s3:domestic:NLC:guangmingbao-1947-issue16-17-respond-li-jishen-editorial,,,,,,domestic_page_ocr,s3:domestic:NLC:guangmingbao-1947-issue16-17-respond-li-jishen-editorial,響應李濟深先生對時局主張,https://commons.wikimedia.org/wiki/File:NLC404-01J000514-10456_光明報_1947年16–17期.pdf,,1,1
1441,domestic-ocr/S3:domestic:NLC:guangmingbao-1947-issue16-17-moscow-conference-china-editorial,莫斯科會議應該討論中國問題,1947-03-18,,domestic_page_ocr,domestic:NLC:guangmingbao-1947-issue16-17-moscow-conference-china-editorial,莫斯科會議應該討論中國問題,DOMESTIC-PAGE,s3:domestic:NLC:guangmingbao-1947-issue16-17-moscow-conference-china-editorial,,,,,,domestic_page_ocr,s3:domestic:NLC:guangmingbao-1947-issue16-17-moscow-conference-china-editorial,莫斯科會議應該討論中國問題,https://commons.wikimedia.org/wiki/File:NLC404-01J000514-10456_光明報_1947年16–17期.pdf,,1,1
1442,domestic-ocr/S3:domestic:NLC:guangmingbao-1947-issue18-people-cannot-endure-editorial,老百姓是再也不能忍耐了,1947-05-14,,domestic_page_ocr,domestic:NLC:guangmingbao-1947-issue18-people-cannot-endure-editorial,老百姓是再也不能忍耐了,DOMESTIC-PAGE,s3:domestic:NLC:guangmingbao-1947-issue18-people-cannot-endure-editorial,,,,,,domestic_page_ocr,s3:domestic:NLC:guangmingbao-1947-issue18-people-cannot-endure-editorial,老百姓是再也不能忍耐了,https://commons.wikimedia.org/wiki/File:NLC404-01J000514-10457_光明報_1947年18期.pdf,,2,2
1443,domestic-ocr/S3:domestic:NLC:guangmingbao-1947-issue18-nantotal-press-reception,民盟南總支部招待中外記者誌詳,1947-05-14,,domestic_page_ocr,domestic:NLC:guangmingbao-1947-issue18-nantotal-press-reception,民盟南總支部招待中外記者誌詳,DOMESTIC-PAGE,s3:domestic:NLC:guangmingbao-1947-issue18-nantotal-press-reception,,,,,,domestic_page_ocr,s3:domestic:NLC:guangmingbao-1947-issue18-nantotal-press-reception,民盟南總支部招待中外記者誌詳,https://commons.wikimedia.org/wiki/File:NLC404-01J000514-10457_光明報_1947年18期.pdf,,1,1
1444,domestic-ocr/S3:domestic:NLC:guangmingbao-1947-issue18-peng-zemin-statement,民盟南總支部申明態度——主任委員彭澤民發表書面談話,1947-05-14,,domestic_page_ocr,domestic:NLC:guangmingbao-1947-issue18-peng-zemin-statement,民盟南總支部申明態度——主任委員彭澤民發表書面談話,DOMESTIC-PAGE,s3:domestic:NLC:guangmingbao-1947-issue18-peng-zemin-statement,,,,,,domestic_page_ocr,s3:domestic:NLC:guangmingbao-1947-issue18-peng-zemin-statement,民盟南總支部申明態度——主任委員彭澤民發表書面談話,https://commons.wikimedia.org/wiki/File:NLC404-01J000514-10457_光明報_1947年18期.pdf,,1,1
1445,domestic-ocr/S3:domestic:NLC:guangmingbao-1947-issue21-critique-dictatorship-new-policy-editorial,評獨裁派的所謂「新政策」,1947-07-05,,domestic_page_ocr,domestic:NLC:guangmingbao-1947-issue21-critique-dictatorship-new-policy-editorial,評獨裁派的所謂「新政策」,DOMESTIC-PAGE,s3:domestic:NLC:guangmingbao-1947-issue21-critique-dictatorship-new-policy-editorial,,,,,,domestic_page_ocr,s3:domestic:NLC:guangmingbao-1947-issue21-critique-dictatorship-new-policy-editorial,評獨裁派的所謂「新政策」,https://commons.wikimedia.org/wiki/File:NLC404-01J000514-10460_光明報_1947年21期.pdf,,1,1
1446,domestic-ocr/S3:domestic:NLC:guangmingbao-1947-issue21-deng-chumin-middle-route,中間路線沒有現實的根據,1947-07-05,,domestic_page_ocr,domestic:NLC:guangmingbao-1947-issue21-deng-chumin-middle-route,中間路線沒有現實的根據,DOMESTIC-PAGE,s3:domestic:NLC:guangmingbao-1947-issue21-deng-chumin-middle-route,,,,,,domestic_page_ocr,s3:domestic:NLC:guangmingbao-1947-issue21-deng-chumin-middle-route,中間路線沒有現實的根據,https://commons.wikimedia.org/wiki/File:NLC404-01J000514-10460_光明報_1947年21期.pdf,,3,3
1447,domestic-web/DL-20260802-008,和平建国纲领,1946-01-31,https://zh.wikisource.org/zh-hans/和平建国纲领,domestic_web,domestic:WS:peace-building-program-1946,国内公开网页资料,MMHIST-WEB,DL-20260802-008,,,,,,domestic_public_web,domestic-web:DL-20260802-008,和平建国纲领,https://zh.wikisource.org/zh-hans/和平建国纲领,data/domestic/raw/public_sources/DL-20260802-008_ws_peace_building_program_1946.html,1,0
1448,domestic-web/DL-20260802-009,《民主运动的生力军》——《解放日报》1941年10月28日社论,1941-10-28,https://zh.wikisource.org/zh-hans/民主運動的生力軍,domestic_web,domestic:WS:democratic-movement-editorial-1941,国内公开网页资料,MMHIST-WEB,DL-20260802-009,,,,,,domestic_public_web,domestic-web:DL-20260802-009,《民主运动的生力军》——《解放日报》1941年10月28日社论,https://zh.wikisource.org/zh-hans/民主運動的生力軍,data/domestic/raw/public_sources/DL-20260802-009_ws_democratic_movement_editorial_1941.html,1,0
1449,domestic-web/DL-20260802-010,政治协商会议国民大会问题决议案,1946,https://zh.wikisource.org/zh/政治协商会议国民大会问题决议案,domestic_web,domestic:WS:pcc-national-assembly-resolution-1946,国内公开网页资料,MMHIST-WEB,DL-20260802-010,,,,,,domestic_public_web,domestic-web:DL-20260802-010,政治协商会议国民大会问题决议案,https://zh.wikisource.org/zh/政治协商会议国民大会问题决议案,data/domestic/raw/public_sources/DL-20260802-010_ws_pcc_national_assembly_resolution_1946.html,1,0
1450,domestic-web/DL-20260802-011,政治协商会议改组政府案,1946,https://zh.wikisource.org/zh/政治协商会议改组政府案,domestic_web,domestic:WS:pcc-government-reorganization-1946,国内公开网页资料,MMHIST-WEB,DL-20260802-011,,,,,,domestic_public_web,domestic-web:DL-20260802-011,政治协商会议改组政府案,https://zh.wikisource.org/zh/政治协商会议改组政府案,data/domestic/raw/public_sources/DL-20260802-011_ws_pcc_government_reorganization_1946.html,1,0
1451,domestic-web/DL-20260802-012,周恩来与第一届人民政协会议的召开,1945—1949,https://www.mmzy.org.cn/mobile/NPC2025/Content.aspx?ArticleId=150104&ColumnId=2698,domestic_web,domestic:MMZY:lead-周恩来与第一届人民政协会议的召开,国内公开网页资料,MMHIST-WEB,DL-20260802-012,,,,,,domestic_public_web,domestic-web:DL-20260802-012,周恩来与第一届人民政协会议的召开,https://www.mmzy.org.cn/mobile/NPC2025/Content.aspx?ArticleId=150104&ColumnId=2698,data/domestic/raw/public_sources/DL-20260802-012_mmzy_lead.html,1,0
1452,domestic-web/DL-20260802-013,民盟第十三届中央委员会现任领导机构名单（mmzy.org.cn 民盟中央官方，2026）,2026-01,https://www.mmzy.org.cn/mmgk/1186/default.aspx,domestic_web,domestic:MMC:lingdao-jiegou-2026,国内公开网页资料,MMHIST-WEB,DL-20260802-013,,,,,,domestic_public_web,domestic-web:DL-20260802-013,民盟第十三届中央委员会现任领导机构名单（mmzy.org.cn 民盟中央官方，2026）,https://www.mmzy.org.cn/mmgk/1186/default.aspx,data/domestic/raw/public_sources/DL-20260802-013_mmc_lingdao_jiegou_2026.html,1,0
1453,domestic-web/DL-20260802-014,中国民主同盟章程（mmzy.org.cn 民盟中央官方最新版）,2024,https://www.mmzy.org.cn/mmgk/zhangcheng/default.aspx,domestic_web,domestic:MMC:zhangcheng-latest,国内公开网页资料,MMHIST-WEB,DL-20260802-014,,,,,,domestic_public_web,domestic-web:DL-20260802-014,中国民主同盟章程（mmzy.org.cn 民盟中央官方最新版）,https://www.mmzy.org.cn/mmgk/zhangcheng/default.aspx,data/domestic/raw/public_sources/DL-20260802-014_mmc_zhangcheng_latest.html,1,0
1454,domestic-web/DL-20260802-015,中国民主同盟组织结构（mmzy.org.cn 民盟中央官方）,2026,https://www.mmzy.org.cn/mmgk/1162/default.aspx,domestic_web,domestic:MMC:zuzhi-jiegou,国内公开网页资料,MMHIST-WEB,DL-20260802-015,,,,,,domestic_public_web,domestic-web:DL-20260802-015,中国民主同盟组织结构（mmzy.org.cn 民盟中央官方）,https://www.mmzy.org.cn/mmgk/1162/default.aspx,data/domestic/raw/public_sources/DL-20260802-015_mmc_zuzhi_jiegou.html,1,0
1455,domestic-web/DL-20260802-016,九三学社1947年大事记,1947,https://www.93.gov.cn/lshm-dsj/250156.html,domestic_web,domestic:93JS:lead-九三学社1947年大事记,国内公开网页资料,MMHIST-WEB,DL-20260802-016,,,,,,domestic_public_web,domestic-web:DL-20260802-016,九三学社1947年大事记,https://www.93.gov.cn/lshm-dsj/250156.html,data/domestic/raw/public_sources/DL-20260802-016_93js_lead_1947.html,1,0
1456,domestic-web/DL-20260802-017,历史的必然 郑重的选择——中共中央发布“五一口号”的历史由来,1948-05,https://www.93.gov.cn/xwjc-ddhzdt/208807.html,domestic_web,domestic:93JS:lead-历史的必然-郑重的选择-中共中央发布-五一口号-的历史由,国内公开网页资料,MMHIST-WEB,DL-20260802-017,,,,,,domestic_public_web,domestic-web:DL-20260802-017,历史的必然 郑重的选择——中共中央发布“五一口号”的历史由来,https://www.93.gov.cn/xwjc-ddhzdt/208807.html,data/domestic/raw/public_sources/DL-20260802-017_93js_lead.html,1,0
1457,domestic-web/DL-20260802-018,九三学社成立（1945-09-03 民主科学座谈会 → 1946-05-04 改名九三学社）,1945-09-03,https://www.93.gov.cn,domestic_web,domestic:93:93-gov-cn-history-1945-chongqing,国内公开网页资料,MMHIST-WEB,DL-20260802-018,,,,,,domestic_public_web,domestic-web:DL-20260802-018,九三学社成立（1945-09-03 民主科学座谈会 → 1946-05-04 改名九三学社）,https://www.93.gov.cn,data/domestic/raw/public_sources/DL-20260802-018_93_93_gov_cn_history_1945_chongqing.html,1,0
1458,domestic-web/DL-20260802-019,中国农工民主党（前身中国国民党临时行动委员会）成立（1930-08-09 上海淡水路）,1930-08-09,http://www.ngd.org.cn/gs/jj/index.htm,domestic_web,domestic:NGD:ngd-org-cn-history-1930-shanghai,国内公开网页资料,MMHIST-WEB,DL-20260802-019,,,,,,domestic_public_web,domestic-web:DL-20260802-019,中国农工民主党（前身中国国民党临时行动委员会）成立（1930-08-09 上海淡水路）,http://www.ngd.org.cn/gs/jj/index.htm,data/domestic/raw/public_sources/DL-20260802-019_ngd_ngd_org_cn_history_1930_shanghai.html,1,0
1459,domestic-web/DL-20260802-020,中国农工党中央简介（ngd.org.cn，1930-08-09 邓演达上海一干会议成立）,2024,http://www.ngd.org.cn/gs/jj/index.htm,domestic_web,domestic:NGD:website-jianjie-anchor,国内公开网页资料,MMHIST-WEB,DL-20260802-020,,,,,,domestic_public_web,domestic-web:DL-20260802-020,中国农工党中央简介（ngd.org.cn，1930-08-09 邓演达上海一干会议成立）,http://www.ngd.org.cn/gs/jj/index.htm,data/domestic/raw/public_sources/DL-20260802-020_ngd_website_jianjie_anchor.html,1,0
1460,domestic-web/DL-20260802-021,《解放前的农工党》（农工党中央 ngd.org.cn 党史专题 + 精彩画卷）,2024,http://www.ngd.org.cn/jczt/jwklngdlsmjz/mjzjchj/32591.htm,domestic_web,domestic:NGD:jie-fang-qian-jiao-tuan-ji-fengyun,国内公开网页资料,MMHIST-WEB,DL-20260802-021,,,,,,domestic_public_web,domestic-web:DL-20260802-021,《解放前的农工党》（农工党中央 ngd.org.cn 党史专题 + 精彩画卷）,http://www.ngd.org.cn/jczt/jwklngdlsmjz/mjzjchj/32591.htm,data/domestic/raw/public_sources/DL-20260802-021_ngd_jie_fang_qian_jiao_tuan_ji_fengyun.html,1,0
1461,domestic-web/DL-20260802-022,台湾民主自治同盟成立（台盟 1947-11-12 香港，响应二二八事件）,1947-11-12,https://www.taimeng.org.cn,domestic_web,domestic:TM:taimeng-org-cn-history-1947-hongkong,国内公开网页资料,MMHIST-WEB,DL-20260802-022,,,,,,domestic_public_web,domestic-web:DL-20260802-022,台湾民主自治同盟成立（台盟 1947-11-12 香港，响应二二八事件）,https://www.taimeng.org.cn,data/domestic/raw/public_sources/DL-20260802-022_tm_taimeng_org_cn_history_1947_hongkong.html,1,0
1462,domestic-web/DL-20260802-023,台盟中央简介（taimeng.org.cn/tmly/tmjj/，1947-11-12 香港成立，响应二二八事件）,2024,http://www.taimeng.org.cn/tmly/tmjj/,domestic_web,domestic:TM:tmly-tmjj-jianyao-1947,国内公开网页资料,MMHIST-WEB,DL-20260802-023,,,,,,domestic_public_web,domestic-web:DL-20260802-023,台盟中央简介（taimeng.org.cn/tmly/tmjj/，1947-11-12 香港成立，响应二二八事件）,http://www.taimeng.org.cn/tmly/tmjj/,data/domestic/raw/public_sources/DL-20260802-023_tm_tmly_tmjj_jianyao_1947.html,1,0
1463,domestic-web/DL-20260802-044,《大公报》和《观察》对民盟被迫解散的不同反应,1947-11,https://www.gxmm.gov.cn/index/index/artical/id/7063.html,domestic_web,domestic:GXMM:lead--大公报-和-观察-对民盟被迫解散的不同反应,国内公开网页资料,MMHIST-WEB,DL-20260802-044,,,,,,domestic_public_web,domestic-web:DL-20260802-044,《大公报》和《观察》对民盟被迫解散的不同反应,https://www.gxmm.gov.cn/index/index/artical/id/7063.html,data/domestic/raw/public_sources/DL-20260802-044_gxmm_lead.html,1,0
1464,domestic-web/DL-20260802-045,民盟今日解散·张澜等昨开会决定·通告各地盟员停止政治活动,1947-11-06,https://www.gxmm.gov.cn/index/index/artical/id/7063.html,domestic_web,domestic:GXMM:dagongbao-dissolution-report-1947-11-06,国内公开网页资料,MMHIST-WEB,DL-20260802-045,,,,,,domestic_public_web,domestic-web:DL-20260802-045,民盟今日解散·张澜等昨开会决定·通告各地盟员停止政治活动,https://www.gxmm.gov.cn/index/index/artical/id/7063.html,data/domestic/raw/public_sources/DL-20260802-045_gxmm_dagongbao_dissolution_report_1947_11_06.html,1,0
1465,domestic-web/DL-20260802-046,我们对于政府压迫民盟的看法,1947-11-04,https://www.gxmm.gov.cn/index/index/artical/id/7063.html,domestic_web,domestic:GXMM:xinminbao-professors-statement-1947-11-04,国内公开网页资料,MMHIST-WEB,DL-20260802-046,,,,,,domestic_public_web,domestic-web:DL-20260802-046,我们对于政府压迫民盟的看法,https://www.gxmm.gov.cn/index/index/artical/id/7063.html,data/domestic/raw/public_sources/DL-20260802-046_gxmm_xinminbao_professors_statement_1947_11_04.html,1,0
1466,domestic-web/DL-20260802-047,我们对于政府压迫民盟的看法,1947-11-08,https://www.gxmm.gov.cn/index/index/artical/id/7063.html,domestic_web,domestic:GXMM:observer-professors-statement-1947-11-08,国内公开网页资料,MMHIST-WEB,DL-20260802-047,,,,,,domestic_public_web,domestic-web:DL-20260802-047,我们对于政府压迫民盟的看法,https://www.gxmm.gov.cn/index/index/artical/id/7063.html,data/domestic/raw/public_sources/DL-20260802-047_gxmm_observer_professors_statement_1947_11_08.html,1,0
1467,domestic-web/DL-20260802-048,《民盟宣布解散》——《大公报》天津版第2版,1947-11-06,https://www.gxmm.gov.cn/index/index/artical/id/7063.html,domestic_web,domestic:GXMM:dagongbao-tianjin-dissolution-1947-11-06,国内公开网页资料,MMHIST-WEB,DL-20260802-048,,,,,,domestic_public_web,domestic-web:DL-20260802-048,《民盟宣布解散》——《大公报》天津版第2版,https://www.gxmm.gov.cn/index/index/artical/id/7063.html,data/domestic/raw/public_sources/DL-20260802-048_gxmm_dagongbao_tianjin_dissolution_1947_11_06.html,1,0
1468,domestic-web/DL-20260802-049,《民盟宣布解散·公告与政府洽商之经过·通知盟员停止政治活动·一律免除登记可享合法自由》,1947-11-06,https://www.gxmm.gov.cn/Upload/img/2025-11-07/690da67967700.png,domestic_web,domestic:GXMM:NLC-dagongbao-tianjin-1947-11-06-page2-excerpt,国内公开网页资料,MMHIST-WEB,DL-20260802-049,,,,,,domestic_public_web,domestic-web:DL-20260802-049,《民盟宣布解散·公告与政府洽商之经过·通知盟员停止政治活动·一律免除登记可享合法自由》,https://www.gxmm.gov.cn/Upload/img/2025-11-07/690da67967700.png,data/domestic/raw/public_sources/DL-20260802-049_gxmm_nlc_dagongbao_tianjin_1947_11_06_page2_excerpt.html,1,0
1469,domestic-web/DL-20260802-050,国民党当局强行解散民盟,1947-11-05,https://www.gxmm.gov.cn/index/index/artical/id/7063.html,domestic_web,domestic:GXMM:forced-dissolution-1947-11-05,国内公开网页资料,MMHIST-WEB,DL-20260802-050,,,,,,domestic_public_web,domestic-web:DL-20260802-050,国民党当局强行解散民盟,https://www.gxmm.gov.cn/index/index/artical/id/7063.html,data/domestic/raw/public_sources/DL-20260802-050_gxmm_forced_dissolution_1947_11_05.html,1,0
1470,domestic-web/DL-20260802-051,12处上海民盟传统教育基地合集,,https://www.minmengsh.gov.cn/detailpage/jyjd-25ee39cd-d19e-11ec-ad68-8c554a2845d4.html,domestic_web,domestic:MMSH:web-bases,国内公开网页资料,MMHIST-WEB,DL-20260802-051,,,,,,domestic_public_web,domestic-web:DL-20260802-051,12处上海民盟传统教育基地合集,https://www.minmengsh.gov.cn/detailpage/jyjd-25ee39cd-d19e-11ec-ad68-8c554a2845d4.html,data/domestic/raw/public_sources/DL-20260802-051_mmsh_web_bases.html,1,0
1471,domestic-web/DL-20260802-052,雨过天晴月更明——张澜先生在迎接上海解放的日子里,,https://www.minmengsh.gov.cn/detailpage/mszq-29d09e8a-f61b-11ec-a3f5-94c691be0bb6.html,domestic_web,domestic:MMSH:web-zhanglan,国内公开网页资料,MMHIST-WEB,DL-20260802-052,,,,,,domestic_public_web,domestic-web:DL-20260802-052,雨过天晴月更明——张澜先生在迎接上海解放的日子里,https://www.minmengsh.gov.cn/detailpage/mszq-29d09e8a-f61b-11ec-a3f5-94c691be0bb6.html,data/domestic/raw/public_sources/DL-20260802-052_mmsh_web_zhanglan.html,1,0
1472,domestic-web/DL-20260802-053,历史沿革,,https://mng.minmengsh.gov.cn/detailpage/mmgk-3da6fe99-f684-11ec-95d4-94c691be0bb6.html,domestic_web,domestic:MMSH:web-history,国内公开网页资料,MMHIST-WEB,DL-20260802-053,,,,,,domestic_public_web,domestic-web:DL-20260802-053,历史沿革,https://mng.minmengsh.gov.cn/detailpage/mmgk-3da6fe99-f684-11ec-95d4-94c691be0bb6.html,data/domestic/raw/public_sources/DL-20260802-053_mmsh_web_history.html,1,0
1473,domestic-web/DL-20260802-054,民盟上海组织历届领导,,https://mng.minmengsh.gov.cn/detailpage/mmgk-3d1a262d-f684-11ec-8a00-94c691be0bb6.html,domestic_web,domestic:MMSH:web-leaders,国内公开网页资料,MMHIST-WEB,DL-20260802-054,,,,,,domestic_public_web,domestic-web:DL-20260802-054,民盟上海组织历届领导,https://mng.minmengsh.gov.cn/detailpage/mmgk-3d1a262d-f684-11ec-8a00-94c691be0bb6.html,data/domestic/raw/public_sources/DL-20260802-054_mmsh_web_leaders.html,1,0
1474,domestic-web/DL-20260802-055,中国民主同盟上海市委员会简介,,https://mng.minmengsh.gov.cn/detailpage/mmjs.html,domestic_web,domestic:MMSH:web-intro,国内公开网页资料,MMHIST-WEB,DL-20260802-055,,,,,,domestic_public_web,domestic-web:DL-20260802-055,中国民主同盟上海市委员会简介,https://mng.minmengsh.gov.cn/detailpage/mmjs.html,data/domestic/raw/public_sources/DL-20260802-055_mmsh_web_intro.html,1,0
1475,domestic-web/DL-20260802-056,中国民主同盟响应中共“五一”号召致全国各民主党派各人民团体各报馆暨全国同胞书,1948-06-14,https://www.hnmm.gov.cn/content/644247/54/12382002.html,domestic_web,domestic:HNMM:response-may-day-1948,国内公开网页资料,MMHIST-WEB,DL-20260802-056,,,,,,domestic_public_web,domestic-web:DL-20260802-056,中国民主同盟响应中共“五一”号召致全国各民主党派各人民团体各报馆暨全国同胞书,https://www.hnmm.gov.cn/content/644247/54/12382002.html,data/domestic/raw/public_sources/DL-20260802-056_hnmm_response_may_day_1948.html,1,0
1476,domestic-web/DL-20260802-057,民盟精神解析,1941—1948,https://www.hnmm.gov.cn/content/645445/97/12381106.html,domestic_web,domestic:HNMM:lead-民盟精神解析,国内公开网页资料,MMHIST-WEB,DL-20260802-057,,,,,,domestic_public_web,domestic-web:DL-20260802-057,民盟精神解析,https://www.hnmm.gov.cn/content/645445/97/12381106.html,data/domestic/raw/public_sources/DL-20260802-057_hnmm_lead.html,1,0
1477,domestic-web/DL-20260802-058,在政治协商会议开幕式上的致词,1946-01-10,http://www.zl1872.cn/zxxnewsview.aspx?producid=175,domestic_web,domestic:ZL1872:chang-lan-pcc-opening-transcript-1946,国内公开网页资料,MMHIST-WEB,DL-20260802-058,,,,,,domestic_public_web,domestic-web:DL-20260802-058,在政治协商会议开幕式上的致词,http://www.zl1872.cn/zxxnewsview.aspx?producid=175,data/domestic/raw/public_sources/DL-20260802-058_zl1872_chang_lan_pcc_opening_transcript_1946.html,1,0
1478,domestic-web/DL-20260802-059,中国民主同盟主席张澜在民盟总部解散后的声明,1947-11-07,http://www.zl1872.cn/zxxnewsview.aspx?producid=652,domestic_web,domestic:ZL1872:chang-lan-dissolution-statement-1947,国内公开网页资料,MMHIST-WEB,DL-20260802-059,,,,,,domestic_public_web,domestic-web:DL-20260802-059,中国民主同盟主席张澜在民盟总部解散后的声明,http://www.zl1872.cn/zxxnewsview.aspx?producid=652,data/domestic/raw/public_sources/DL-20260802-059_zl1872_chang_lan_dissolution_statement_1947.html,1,0
1479,domestic-web/DL-20260802-060,中国民主同盟北京市委员会官网（bjmm.org.cn，含 1949 民盟迁北平等历史资料）,2024,https://www.bjmm.org.cn/html/1/491/index.html,domestic_web,domestic:BJMM:website-anchor,国内公开网页资料,MMHIST-WEB,DL-20260802-060,,,,,,domestic_public_web,domestic-web:DL-20260802-060,中国民主同盟北京市委员会官网（bjmm.org.cn，含 1949 民盟迁北平等历史资料）,https://www.bjmm.org.cn/html/1/491/index.html,data/domestic/raw/public_sources/DL-20260802-060_bjmm_website_anchor.html,1,0
1480,domestic-web/DL-20260802-061,民盟史料：1944年全国代表会议改名与改组,1944-09,https://www.bjdcmm.org.cn/01msjs/20040310/01.htm,domestic_web,domestic:BJDCMM:reorganization-1944,国内公开网页资料,MMHIST-WEB,DL-20260802-061,,,,,,domestic_public_web,domestic-web:DL-20260802-061,民盟史料：1944年全国代表会议改名与改组,https://www.bjdcmm.org.cn/01msjs/20040310/01.htm,data/domestic/raw/public_sources/DL-20260802-061_bjdcmm_reorganization_1944.html,1,0
1481,domestic-web/DL-20260802-062,民盟第一次全国代表大会通过文件线索,1945-10,https://www.hljmm.gov.cn/show.aspx?id=892,domestic_web,domestic:HLJMM:first-congress-files-1945,国内公开网页资料,MMHIST-WEB,DL-20260802-062,,,,,,domestic_public_web,domestic-web:DL-20260802-062,民盟第一次全国代表大会通过文件线索,https://www.hljmm.gov.cn/show.aspx?id=892,data/domestic/raw/public_sources/DL-20260802-062_hljmm_first_congress_files_1945.html,1,0
1482,domestic-web/DL-20260802-063,《中国共产党关于停止国民大会从速召开政治会议的建议——中共代表与褚辅成、黄炎培等六参政员延安会谈记录》,1945-07-04,https://yads.org.cn/index.php?a=index&aid=856&c=View&m=home,domestic_web,domestic:YADS:yanan-record-1945-07-04,国内公开网页资料,MMHIST-WEB,DL-20260802-063,,,,,,domestic_public_web,domestic-web:DL-20260802-063,《中国共产党关于停止国民大会从速召开政治会议的建议——中共代表与褚辅成、黄炎培等六参政员延安会谈记录》,https://yads.org.cn/index.php?a=index&aid=856&c=View&m=home,data/domestic/raw/public_sources/DL-20260802-063_yads_yanan_record_1945_07_04.html,1,0
1483,domestic-web/DL-20260802-064,澎湃新闻【盟史纵览】民盟的成立（四）：改组为中国民主同盟（1944-09-19 重庆特园）,2021-03-26,https://www.thepaper.cn/newsDetail_forward_11913418,domestic_web,domestic:PP:menshi-zonglan-minmeng-chengli-4-gaizu,国内公开网页资料,MMHIST-WEB,DL-20260802-064,,,,,,domestic_public_web,domestic-web:DL-20260802-064,澎湃新闻【盟史纵览】民盟的成立（四）：改组为中国民主同盟（1944-09-19 重庆特园）,https://www.thepaper.cn/newsDetail_forward_11913418,data/domestic/raw/public_sources/DL-20260802-064_pp_menshi_zonglan_minmeng_chengli_4_gaizu.html,1,0
1484,domestic-web/DL-20260802-065,澎湃新闻【会史大学习】(二十七)地方组织的建立（上）（民盟地方组织 1945-1949）,2024,https://www.thepaper.cn/newsDetail_forward_30549185,domestic_web,domestic:PP:huishi-daxuexi-difang-zuzhi-jianshe-1,国内公开网页资料,MMHIST-WEB,DL-20260802-065,,,,,,domestic_public_web,domestic-web:DL-20260802-065,澎湃新闻【会史大学习】(二十七)地方组织的建立（上）（民盟地方组织 1945-1949）,https://www.thepaper.cn/newsDetail_forward_30549185,data/domestic/raw/public_sources/DL-20260802-065_pp_huishi_daxuexi_difang_zuzhi_jianshe_1.html,1,0
1485,domestic-web/DL-20260802-066,澎湃新闻【盟史纵览】系列聚合锚点（民盟中央公众号官方 1941-1949 系列）,2024,https://www.thepaper.cn/,domestic_web,domestic:PP:menshi-zonglan-series-anchor,国内公开网页资料,MMHIST-WEB,DL-20260802-066,,,,,,domestic_public_web,domestic-web:DL-20260802-066,澎湃新闻【盟史纵览】系列聚合锚点（民盟中央公众号官方 1941-1949 系列）,https://www.thepaper.cn/,data/domestic/raw/public_sources/DL-20260802-066_pp_menshi_zonglan_series_anchor.html,1,0
1486,domestic-web/DL-20260802-067,中国民主建国会诞生（澎湃【会史撷萃】1945-12-16 重庆白象街西南实业大厦）,1945-12-16,https://www.thepaper.cn/newsDetail_forward_30245299,domestic_web,domestic:CJD:1945-minjian-dansheng-chongqing,国内公开网页资料,MMHIST-WEB,DL-20260802-067,,,,,,domestic_public_web,domestic-web:DL-20260802-067,中国民主建国会诞生（澎湃【会史撷萃】1945-12-16 重庆白象街西南实业大厦）,https://www.thepaper.cn/newsDetail_forward_30245299,data/domestic/raw/public_sources/DL-20260802-067_cjd_1945_minjian_dansheng_chongqing.html,1,0
1487,domestic-web/DL-20260802-068,澎湃【94 年前的今天】中国农工民主党在上海成立（澎湃政务号 2024-08-09）,2024-08-09,https://www.thepaper.cn/newsDetail_forward_28368220,domestic_web,domestic:PP:2024-08-09-nonggong-dang-chengli,国内公开网页资料,MMHIST-WEB,DL-20260802-068,,,,,,domestic_public_web,domestic-web:DL-20260802-068,澎湃【94 年前的今天】中国农工民主党在上海成立（澎湃政务号 2024-08-09）,https://www.thepaper.cn/newsDetail_forward_28368220,data/domestic/raw/public_sources/DL-20260802-068_pp_2024_08_09_nonggong_dang_chengli.html,1,0
1488,domestic-web/DL-20260802-069,《光明日报》2022-12-22 关于中国民主同盟的报道（新华社北京 12 月 21 日电，第 02 版）,2022-12-22,https://news.gmw.cn/2022-12/22/content_36249069.htm,domestic_web,domestic:GMD:2022-12-22-minmeng-baodao,国内公开网页资料,MMHIST-WEB,DL-20260802-069,,,,,,domestic_public_web,domestic-web:DL-20260802-069,《光明日报》2022-12-22 关于中国民主同盟的报道（新华社北京 12 月 21 日电，第 02 版）,https://news.gmw.cn/2022-12/22/content_36249069.htm,data/domestic/raw/public_sources/DL-20260802-069_gmd_2022_12_22_minmeng_baodao.html,1,0
1489,domestic-web/DL-20260802-070,《中国民主同盟》新闻背景报道（光明日报 2022-12-22 第 02 版，新华社 12-21 电）,2022-12-22,https://news.gmw.cn/2022-12/22/content_36249069.htm,domestic_web,domestic:GMD:2022-12-22-zhongguo-minmeng-baojing,国内公开网页资料,MMHIST-WEB,DL-20260802-070,,,,,,domestic_public_web,domestic-web:DL-20260802-070,《中国民主同盟》新闻背景报道（光明日报 2022-12-22 第 02 版，新华社 12-21 电）,https://news.gmw.cn/2022-12/22/content_36249069.htm,data/domestic/raw/public_sources/DL-20260802-070_gmd_2022_12_22_zhongguo_minmeng_baojing.html,1,0
1490,domestic-web/DL-20260802-071,人民网党史频道《民盟在这里成立》（1941-03-19 重庆上清寺特园民盟前身成立）,2016-01-21,http://dangshi.people.com.cn/n1/2016/0121/c85037-28073427.html,domestic_web,domestic:RMTZ:dangshi-minmeng-zaili-chengli,国内公开网页资料,MMHIST-WEB,DL-20260802-071,,,,,,domestic_public_web,domestic-web:DL-20260802-071,人民网党史频道《民盟在这里成立》（1941-03-19 重庆上清寺特园民盟前身成立）,http://dangshi.people.com.cn/n1/2016/0121/c85037-28073427.html,data/domestic/raw/public_sources/DL-20260802-071_rmtz_dangshi_minmeng_zaili_chengli.html,1,0
1491,domestic-web/DL-20260802-072,《梁漱溟在香港出版民盟机关刊物《光明报》》（人民网党史频道 2013-01-24）,2013-01-24,http://dangshi.people.com.cn/n/2013/0124/c85037-20316609.html,domestic_web,domestic:RMTZ:2013-01-24-liangshuming-xianggang-guangmingbao,国内公开网页资料,MMHIST-WEB,DL-20260802-072,,,,,,domestic_public_web,domestic-web:DL-20260802-072,《梁漱溟在香港出版民盟机关刊物《光明报》》（人民网党史频道 2013-01-24）,http://dangshi.people.com.cn/n/2013/0124/c85037-20316609.html,data/domestic/raw/public_sources/DL-20260802-072_rmtz_2013_01_24_liangshuming_xianggang_guangmingbao.html,1,0
1492,domestic-web/DL-20260802-073,《风雨同舟 共议国是》（中国共产党新闻网 cpc.people.com.cn 2024-09-30）,2024-09-30,http://cpc.people.com.cn/n1/2024/0930/c443712-40331438.html,domestic_web,domestic:CPC:2024-09-30-fengyutongzhou-gongyi-guoshi,国内公开网页资料,MMHIST-WEB,DL-20260802-073,,,,,,domestic_public_web,domestic-web:DL-20260802-073,《风雨同舟 共议国是》（中国共产党新闻网 cpc.people.com.cn 2024-09-30）,http://cpc.people.com.cn/n1/2024/0930/c443712-40331438.html,data/domestic/raw/public_sources/DL-20260802-073_cpc_2024_09_30_fengyutongzhou_gongyi_guoshi.html,1,0
1493,domestic-web/DL-20260802-074,梁漱溟：中国民主同盟的创建（述及1941《光明报》创刊与10-10/10-16发表）,,http://www.cppcc.gov.cn/zxww/2020/02/19/ARTI1582070436123130.shtml,domestic_web,domestic:CPPCC:liang-shuming-guangmingbao-founding-2020,国内公开网页资料,MMHIST-WEB,DL-20260802-074,,,,,,domestic_public_web,domestic-web:DL-20260802-074,梁漱溟：中国民主同盟的创建（述及1941《光明报》创刊与10-10/10-16发表）,http://www.cppcc.gov.cn/zxww/2020/02/19/ARTI1582070436123130.shtml,data/domestic/raw/public_sources/DL-20260802-074_cppcc_liang_shuming_guangmingbao_founding_2020.html,1,0
1494,domestic-web/DL-20260802-075,从南京西路到陕西北路——民盟上海市委机关办公,2024-05-12,https://paper.minmengsh.gov.cn/html/2024-05/12/content_144526_17450774.htm,domestic_web,domestic:MMSH:web-office-history,国内公开网页资料,MMHIST-WEB,DL-20260802-075,,,,,,domestic_public_web,domestic-web:DL-20260802-075,从南京西路到陕西北路——民盟上海市委机关办公,https://paper.minmengsh.gov.cn/html/2024-05/12/content_144526_17450774.htm,data/domestic/raw/public_sources/DL-20260802-075_mmsh_web_office_history.html,1,0
1495,domestic-web/DL-20260802-076,新中国成立前民盟对政治协商制度的贡献,2024-10-12,https://paper.minmengsh.gov.cn/html/2024-10/12/content_144526_17882979.htm,domestic_web,domestic:MMSH:web-political-cooperation,国内公开网页资料,MMHIST-WEB,DL-20260802-076,,,,,,domestic_public_web,domestic-web:DL-20260802-076,新中国成立前民盟对政治协商制度的贡献,https://paper.minmengsh.gov.cn/html/2024-10/12/content_144526_17882979.htm,data/domestic/raw/public_sources/DL-20260802-076_mmsh_web_political_cooperation.html,1,0
1496,domestic-web/DL-20260802-077,1940年代民盟的声音：中国民主政团同盟全国代表会议前后的报刊宣传,2024-09-12,https://paper.minmengsh.gov.cn/html/2024-09/12/content_144526_17806617.htm,domestic_web,domestic:MMSH:web-newspapers,国内公开网页资料,MMHIST-WEB,DL-20260802-077,,,,,,domestic_public_web,domestic-web:DL-20260802-077,1940年代民盟的声音：中国民主政团同盟全国代表会议前后的报刊宣传,https://paper.minmengsh.gov.cn/html/2024-09/12/content_144526_17806617.htm,data/domestic/raw/public_sources/DL-20260802-077_mmsh_web_newspapers.html,1,0
1497,domestic-web/DL-20260802-078,刘开渠在上海（1946—1949）,2024-10-12,https://paper.minmengsh.gov.cn/html/2024-10/12/content_144526_17882981.htm,domestic_web,domestic:MMSH:web-liukaiqu,国内公开网页资料,MMHIST-WEB,DL-20260802-078,,,,,,domestic_public_web,domestic-web:DL-20260802-078,刘开渠在上海（1946—1949）,https://paper.minmengsh.gov.cn/html/2024-10/12/content_144526_17882981.htm,data/domestic/raw/public_sources/DL-20260802-078_mmsh_web_liukaiqu.html,1,0
1498,domestic-web/DL-20260802-079,福建民盟盟史导言,1941—1947,https://www.fjmm.gov.cn/zsjs/sxjs/msyj/mstd/202203/t20220308_5880339.htm,domestic_web,domestic:FJMM:lead-福建民盟盟史导言,国内公开网页资料,MMHIST-WEB,DL-20260802-079,,,,,,domestic_public_web,domestic-web:DL-20260802-079,福建民盟盟史导言,https://www.fjmm.gov.cn/zsjs/sxjs/msyj/mstd/202203/t20220308_5880339.htm,data/domestic/raw/public_sources/DL-20260802-079_fjmm_lead.html,1,0
1499,domestic-web/DL-20260802-080,人民民主统一战线的巩固和扩大,1947—1948,https://www.bjtzb.gov.cn/wwwroot/sdtyzx/publish/article/12/7772.shtml,domestic_web,domestic:BJTZB:lead-人民民主统一战线的巩固和扩大,国内公开网页资料,MMHIST-WEB,DL-20260802-080,,,,,,domestic_public_web,domestic-web:DL-20260802-080,人民民主统一战线的巩固和扩大,https://www.bjtzb.gov.cn/wwwroot/sdtyzx/publish/article/12/7772.shtml,data/domestic/raw/public_sources/DL-20260802-080_bjtzb_lead.html,1,0
1500,domestic-web/DL-20260802-081,民建简史第三章：迎接新中国的诞生,1947-11,https://www.hbmj.gov.cn/a/302.html,domestic_web,domestic:HBMJ:lead-民建简史第三章-迎接新中国的诞生,国内公开网页资料,MMHIST-WEB,DL-20260802-081,,,,,,domestic_public_web,domestic-web:DL-20260802-081,民建简史第三章：迎接新中国的诞生,https://www.hbmj.gov.cn/a/302.html,data/domestic/raw/public_sources/DL-20260802-081_hbmj_lead.html,1,0
1501,domestic-web/DL-20260802-082,中国国民党革命委员会60年（一）,1947,https://www.zjmg.gov.cn/ch119/system/2009/04/29/021400419.shtml,domestic_web,domestic:ZJMG:lead-中国国民党革命委员会60年-一-,国内公开网页资料,MMHIST-WEB,DL-20260802-082,,,,,,domestic_public_web,domestic-web:DL-20260802-082,中国国民党革命委员会60年（一）,https://www.zjmg.gov.cn/ch119/system/2009/04/29/021400419.shtml,data/domestic/raw/public_sources/DL-20260802-082_zjmg_lead_60.html,1,0
1502,domestic-web/DL-20260802-083,少年记忆·初识民盟,1947,https://www.fjmm.gov.cn/zsjs/sxjs/xxyd/202204/t20220408_5879997.htm,domestic_web,domestic:FJMM:lead-少年记忆-初识民盟,国内公开网页资料,MMHIST-WEB,DL-20260802-083,,,,,,domestic_public_web,domestic-web:DL-20260802-083,少年记忆·初识民盟,https://www.fjmm.gov.cn/zsjs/sxjs/xxyd/202204/t20220408_5879997.htm,data/domestic/raw/public_sources/DL-20260802-083_fjmm_lead.html,1,0
1503,domestic-web/DL-20260802-084,《光明报》1941年10月16日关于中国民主政团同盟成立宣言的社论线索,1941-10-16,https://paper.minmengsh.gov.cn/html/2024-09/12/content_144526_17806617.htm,domestic_web,domestic:MMSH:guangmingbao-formation-editorial-1941,国内公开网页资料,MMHIST-WEB,DL-20260802-084,,,,,,domestic_public_web,domestic-web:DL-20260802-084,《光明报》1941年10月16日关于中国民主政团同盟成立宣言的社论线索,https://paper.minmengsh.gov.cn/html/2024-09/12/content_144526_17806617.htm,data/domestic/raw/public_sources/DL-20260802-084_mmsh_guangmingbao_formation_editorial_1941.html,1,0
1504,domestic-web/DL-20260802-085,民盟中央领导赴延安会谈及《会议纪要》线索,1945-07-01,https://www.zjmm.gov.cn/a/xiazaizhuanqu/2006/1121/78.html,domestic_web,domestic:ZJMM:yann-an-meeting-minmeng-1945-07-01,国内公开网页资料,MMHIST-WEB,DL-20260802-085,,,,,,domestic_public_web,domestic-web:DL-20260802-085,民盟中央领导赴延安会谈及《会议纪要》线索,https://www.zjmm.gov.cn/a/xiazaizhuanqu/2006/1121/78.html,data/domestic/raw/public_sources/DL-20260802-085_zjmm_yann_an_meeting_minmeng_1945_07_01.html,1,0
1505,domestic-web/DL-20260802-086,《光明报，1941》香港工运剪报索引,1941-10/1941-11,https://commons.ln.edu.hk/profmkchan_indexlist/14/,domestic_web,domestic:LNU:guangmingbao-index-1941,国内公开网页资料,MMHIST-WEB,DL-20260802-086,,,,,,domestic_public_web,domestic-web:DL-20260802-086,《光明报，1941》香港工运剪报索引,https://commons.ln.edu.hk/profmkchan_indexlist/14/,data/domestic/raw/public_sources/DL-20260802-086_lnu_guangmingbao_index_1941.html,1,0
1506,domestic-web/DL-20260802-087,民盟今日解散·张澜等昨开会决定·通告各地盟员停止政治活动,1947-11-06,http://tk.dhcdb.com.tw/tknewsc/tknewskm?@@1,domestic_web,domestic:NLC:dagongbao-shanghai-1947-11-06-page2-full,国内公开网页资料,MMHIST-WEB,DL-20260802-087,,,,,,domestic_public_web,domestic-web:DL-20260802-087,民盟今日解散·张澜等昨开会决定·通告各地盟员停止政治活动,http://tk.dhcdb.com.tw/tknewsc/tknewskm?@@1,data/domestic/raw/public_sources/DL-20260802-087_nlc_dagongbao_shanghai_1947_11_06_page2_full.html,1,0
1507,domestic-web/DL-20260802-088,民盟宣布解散·公告与政府洽商之经过·通知盟员停止政治活动·一律免除登记可享合法自由,1947-11-06,http://tk.dhcdb.com.tw/tknewsc/tknewskm?@@1,domestic_web,domestic:NLC:dagongbao-tianjin-1947-11-06-page2-full,国内公开网页资料,MMHIST-WEB,DL-20260802-088,,,,,,domestic_public_web,domestic-web:DL-20260802-088,民盟宣布解散·公告与政府洽商之经过·通知盟员停止政治活动·一律免除登记可享合法自由,http://tk.dhcdb.com.tw/tknewsc/tknewskm?@@1,data/domestic/raw/public_sources/DL-20260802-088_nlc_dagongbao_tianjin_1947_11_06_page2_full.html,1,0
1508,domestic-web/DL-20260802-089,中国国民党革命委员会成立（民革 1948-01-01 香港）— 民革官网 minge.gov.cn,1948-01-01,https://www.minge.gov.cn,domestic_web,domestic:MG:minge-gov-cn-history-1948-hongkong,国内公开网页资料,MMHIST-WEB,DL-20260802-089,,,,,,domestic_public_web,domestic-web:DL-20260802-089,中国国民党革命委员会成立（民革 1948-01-01 香港）— 民革官网 minge.gov.cn,https://www.minge.gov.cn,data/domestic/raw/public_sources/DL-20260802-089_mg_minge_gov_cn_history_1948_hongkong.html,1,0
1509,domestic-web/DL-20260802-090,中国民主建国会成立（民建 1945-12-16 重庆白象街西南实业大厦）,1945-12-16,https://www.cndca.org.cn,domestic_web,domestic:CJD:cndca-gov-cn-history-1945-chongqing,国内公开网页资料,MMHIST-WEB,DL-20260802-090,,,,,,domestic_public_web,domestic-web:DL-20260802-090,中国民主建国会成立（民建 1945-12-16 重庆白象街西南实业大厦）,https://www.cndca.org.cn,data/domestic/raw/public_sources/DL-20260802-090_cjd_cndca_gov_cn_history_1945_chongqing.html,1,0
1510,domestic-ocr/SAAC:domestic:SAAC:51koukou-p01-dde04,毛泽东给李济深、沈钧儒电报（1948-05-01）,,,saac_page_ocr,,中央档案馆：从「五一口号」到开国大典档案文献专辑,DOMESTIC-PAGE,saac-51koukou,,,,,,domestic_page_ocr,saac-51koukou,中央档案馆：从「五一口号」到开国大典档案文献专辑,https://www.saac.gov.cn/daj/gqzt/,,2,2
1511,domestic-ocr/SAAC:domestic:SAAC:51koukou-p01-dde08-i3,中共中央关于邀请民主党派等代表来解放区开政协的指示（1948-05-01）,,,saac_page_ocr,,中央档案馆：从「五一口号」到开国大典档案文献专辑,DOMESTIC-PAGE,saac-51koukou,,,,,,domestic_page_ocr,saac-51koukou,中央档案馆：从「五一口号」到开国大典档案文献专辑,https://www.saac.gov.cn/daj/gqzt/,,5,5
1512,domestic-ocr/SAAC:domestic:SAAC:51koukou-p01-dde13,中央关于邀请张澜、黄炎培北上的电报（1949-01-20）,,,saac_page_ocr,,中央档案馆：从「五一口号」到开国大典档案文献专辑,DOMESTIC-PAGE,saac-51koukou,,,,,,domestic_page_ocr,saac-51koukou,中央档案馆：从「五一口号」到开国大典档案文献专辑,https://www.saac.gov.cn/daj/gqzt/,,1,1
1513,domestic-ocr/SAAC:domestic:SAAC:51koukou-p01-dde14,56 名民主人士贺电及毛泽东、朱德复电（1949-02-01 至 02）,,,saac_page_ocr,,中央档案馆：从「五一口号」到开国大典档案文献专辑,DOMESTIC-PAGE,saac-51koukou,,,,,,domestic_page_ocr,saac-51koukou,中央档案馆：从「五一口号」到开国大典档案文献专辑,https://www.saac.gov.cn/daj/gqzt/,,5,5
1514,domestic-ocr/SAAC:domestic:SAAC:51koukou-p01-dde15-i3,毛泽东关于新政协时间地点给李济深等的电报（1948-08-01）,,,saac_page_ocr,,中央档案馆：从「五一口号」到开国大典档案文献专辑,DOMESTIC-PAGE,saac-51koukou,,,,,,domestic_page_ocr,saac-51koukou,中央档案馆：从「五一口号」到开国大典档案文献专辑,https://www.saac.gov.cn/daj/gqzt/,,1,1
1515,domestic-ocr/SAAC:domestic:SAAC:51koukou-p01-dde20,毛泽东给宋庆龄的信（1949-06-19）,,,saac_page_ocr,,中央档案馆：从「五一口号」到开国大典档案文献专辑,DOMESTIC-PAGE,saac-51koukou,,,,,,domestic_page_ocr,saac-51koukou,中央档案馆：从「五一口号」到开国大典档案文献专辑,https://www.saac.gov.cn/daj/gqzt/,,3,3
1516,domestic-ocr/SAAC:domestic:SAAC:51koukou-p01-dde21,周恩来给宋庆龄的信（1949-06-21）,,,saac_page_ocr,,中央档案馆：从「五一口号」到开国大典档案文献专辑,DOMESTIC-PAGE,saac-51koukou,,,,,,domestic_page_ocr,saac-51koukou,中央档案馆：从「五一口号」到开国大典档案文献专辑,https://www.saac.gov.cn/daj/gqzt/,,3,3
1517,domestic-ocr/SAAC:domestic:SAAC:51koukou-p01-dde22-i3,中央关于交换政协意见的指示（1948-05-07）,,,saac_page_ocr,,中央档案馆：从「五一口号」到开国大典档案文献专辑,DOMESTIC-PAGE,saac-51koukou,,,,,,domestic_page_ocr,saac-51koukou,中央档案馆：从「五一口号」到开国大典档案文献专辑,https://www.saac.gov.cn/daj/gqzt/,,5,5
1518,domestic-ocr/SAAC:domestic:SAAC:51koukou-p02-dde01-f1,新政治协商会议筹备会各小组开会概要（1949-06 至 07）,,,saac_page_ocr,,中央档案馆：从「五一口号」到开国大典档案文献专辑,DOMESTIC-PAGE,saac-51koukou,,,,,,domestic_page_ocr,saac-51koukou,中央档案馆：从「五一口号」到开国大典档案文献专辑,https://www.saac.gov.cn/daj/gqzt/,,1,1
1519,domestic-ocr/SAAC:domestic:SAAC:51koukou-p02-dde03-f1,新政协筹备会第一小组工作档案（1949-06 起）,,,saac_page_ocr,,中央档案馆：从「五一口号」到开国大典档案文献专辑,DOMESTIC-PAGE,saac-51koukou,,,,,,domestic_page_ocr,saac-51koukou,中央档案馆：从「五一口号」到开国大典档案文献专辑,https://www.saac.gov.cn/daj/gqzt/,,1,1
1520,domestic-ocr/SAAC:domestic:SAAC:51koukou-p02-dde04-f1,新政协筹备会第二小组工作档案（1949-06 起）,,,saac_page_ocr,,中央档案馆：从「五一口号」到开国大典档案文献专辑,DOMESTIC-PAGE,saac-51koukou,,,,,,domestic_page_ocr,saac-51koukou,中央档案馆：从「五一口号」到开国大典档案文献专辑,https://www.saac.gov.cn/daj/gqzt/,,1,1
1521,domestic-ocr/SAAC:domestic:SAAC:51koukou-p02-dde05-f1,新政协筹备会第三小组工作档案（1949-06 起）,,,saac_page_ocr,,中央档案馆：从「五一口号」到开国大典档案文献专辑,DOMESTIC-PAGE,saac-51koukou,,,,,,domestic_page_ocr,saac-51koukou,中央档案馆：从「五一口号」到开国大典档案文献专辑,https://www.saac.gov.cn/daj/gqzt/,,2,2
1522,domestic-ocr/SAAC:domestic:SAAC:51koukou-p02-dde06-f1,新政协筹备会第四小组工作档案（1949-06 起）,,,saac_page_ocr,,中央档案馆：从「五一口号」到开国大典档案文献专辑,DOMESTIC-PAGE,saac-51koukou,,,,,,domestic_page_ocr,saac-51koukou,中央档案馆：从「五一口号」到开国大典档案文献专辑,https://www.saac.gov.cn/daj/gqzt/,,2,2
1523,domestic-ocr/SAAC:domestic:SAAC:51koukou-p02-dde07-f1,新政协筹备会第五小组工作档案（1949-06 起）,,,saac_page_ocr,,中央档案馆：从「五一口号」到开国大典档案文献专辑,DOMESTIC-PAGE,saac-51koukou,,,,,,domestic_page_ocr,saac-51koukou,中央档案馆：从「五一口号」到开国大典档案文献专辑,https://www.saac.gov.cn/daj/gqzt/,,1,1
1524,domestic-ocr/SAAC:domestic:SAAC:51koukou-p02-dde08-f1,新政协筹备会第六小组工作档案（1949-06 起）,,,saac_page_ocr,,中央档案馆：从「五一口号」到开国大典档案文献专辑,DOMESTIC-PAGE,saac-51koukou,,,,,,domestic_page_ocr,saac-51koukou,中央档案馆：从「五一口号」到开国大典档案文献专辑,https://www.saac.gov.cn/daj/gqzt/,,1,1
1525,domestic-ocr/SAAC:domestic:SAAC:51koukou-p03-dde01-f1,周恩来、李维汉在中国人民政治协商会议筹备会第二次全体会议上讲话（1949-09-17）,,,saac_page_ocr,,中央档案馆：从「五一口号」到开国大典档案文献专辑,DOMESTIC-PAGE,saac-51koukou,,,,,,domestic_page_ocr,saac-51koukou,中央档案馆：从「五一口号」到开国大典档案文献专辑,https://www.saac.gov.cn/daj/gqzt/,,2,2
1526,domestic-ocr/SAAC:domestic:SAAC:51koukou-p03-dde02-f1,中国人民政治协商会议筹备会第二次全体会议决议案（1949-09-17）,,,saac_page_ocr,,中央档案馆：从「五一口号」到开国大典档案文献专辑,DOMESTIC-PAGE,saac-51koukou,,,,,,domestic_page_ocr,saac-51koukou,中央档案馆：从「五一口号」到开国大典档案文献专辑,https://www.saac.gov.cn/daj/gqzt/,,4,4
1527,domestic-ocr/SAAC:domestic:SAAC:51koukou-p03-dde03-f1,中国人民政治协商会议筹备会第二次全体会议记录（1949-09-17）,,,saac_page_ocr,,中央档案馆：从「五一口号」到开国大典档案文献专辑,DOMESTIC-PAGE,saac-51koukou,,,,,,domestic_page_ocr,saac-51koukou,中央档案馆：从「五一口号」到开国大典档案文献专辑,https://www.saac.gov.cn/daj/gqzt/,,5,5
1528,domestic-ocr/SAAC:domestic:SAAC:51koukou-p03-dde04-f1,中国人民政治协商会议第一届全体会议主席团及秘书长名单（草案）（1949-09）,,,saac_page_ocr,,中央档案馆：从「五一口号」到开国大典档案文献专辑,DOMESTIC-PAGE,saac-51koukou,,,,,,domestic_page_ocr,saac-51koukou,中央档案馆：从「五一口号」到开国大典档案文献专辑,https://www.saac.gov.cn/daj/gqzt/,,5,5
1529,domestic-ocr/SAAC:domestic:SAAC:51koukou-p03-dde05-f1,中国人民政治协商会议筹备会关于召开中国人民政治协商会议第一届全体会议的通知（1949-09-20）,,,saac_page_ocr,,中央档案馆：从「五一口号」到开国大典档案文献专辑,DOMESTIC-PAGE,saac-51koukou,,,,,,domestic_page_ocr,saac-51koukou,中央档案馆：从「五一口号」到开国大典档案文献专辑,https://www.saac.gov.cn/daj/gqzt/,,2,2
1530,domestic-ocr/SAAC:domestic:SAAC:51koukou-p04-dde01-i3,新政治协商会议筹备会关于召开成立会的通知（1949-06-14）,,,saac_page_ocr,,中央档案馆：从「五一口号」到开国大典档案文献专辑,DOMESTIC-PAGE,saac-51koukou,,,,,,domestic_page_ocr,saac-51koukou,中央档案馆：从「五一口号」到开国大典档案文献专辑,https://www.saac.gov.cn/daj/gqzt/,,2,2
1531,domestic-ocr/SAAC:domestic:SAAC:51koukou-p04-dde02-i3,毛泽东在新政协筹备会开幕典礼上的讲话（1949-06-15）,,,saac_page_ocr,,中央档案馆：从「五一口号」到开国大典档案文献专辑,DOMESTIC-PAGE,saac-51koukou,,,,,,domestic_page_ocr,saac-51koukou,中央档案馆：从「五一口号」到开国大典档案文献专辑,https://www.saac.gov.cn/daj/gqzt/,,2,2
1532,domestic-ocr/SAAC:domestic:SAAC:51koukou-p04-dde03-i3,朱德在新政协筹备会开幕典礼上的讲话（1949-06-15）,,,saac_page_ocr,,中央档案馆：从「五一口号」到开国大典档案文献专辑,DOMESTIC-PAGE,saac-51koukou,,,,,,domestic_page_ocr,saac-51koukou,中央档案馆：从「五一口号」到开国大典档案文献专辑,https://www.saac.gov.cn/daj/gqzt/,,2,2
1533,domestic-ocr/SAAC:domestic:SAAC:51koukou-p04-dde04,李济深在新政治协商会议筹备会开幕典礼上的讲话（1949-06-15）,,,saac_page_ocr,,中央档案馆：从「五一口号」到开国大典档案文献专辑,DOMESTIC-PAGE,saac-51koukou,,,,,,domestic_page_ocr,saac-51koukou,中央档案馆：从「五一口号」到开国大典档案文献专辑,https://www.saac.gov.cn/daj/gqzt/,,1,1
1534,domestic-ocr/SAAC:domestic:SAAC:51koukou-p04-dde05,沈钧儒在新政治协商会议筹备会开幕典礼上的讲话（1949-06-15）,,,saac_page_ocr,,中央档案馆：从「五一口号」到开国大典档案文献专辑,DOMESTIC-PAGE,saac-51koukou,,,,,,domestic_page_ocr,saac-51koukou,中央档案馆：从「五一口号」到开国大典档案文献专辑,https://www.saac.gov.cn/daj/gqzt/,,2,2
1535,domestic-ocr/SAAC:domestic:SAAC:51koukou-p05-dde01-i3,政协一届全体会议会场（1949-09-21）,,,saac_page_ocr,,中央档案馆：从「五一口号」到开国大典档案文献专辑,DOMESTIC-PAGE,saac-51koukou,,,,,,domestic_page_ocr,saac-51koukou,中央档案馆：从「五一口号」到开国大典档案文献专辑,https://www.saac.gov.cn/daj/gqzt/,,3,3
1536,domestic-ocr/SAAC:domestic:SAAC:51koukou-p06-dde11-f1,饶彰风（蒲特）致中央统战部的电报：香港《华商报》等同人举行升旗典礼（1949-10-01）,,,saac_page_ocr,,中央档案馆：从「五一口号」到开国大典档案文献专辑,DOMESTIC-PAGE,saac-51koukou,,,,,,domestic_page_ocr,saac-51koukou,中央档案馆：从「五一口号」到开国大典档案文献专辑,https://www.saac.gov.cn/daj/gqzt/,,2,2
1537,domestic-ocr/SAAC:domestic:SAAC:51koukou-p01-dde07,沈钧儒、谭平山等给毛泽东电报（1948-10-01）,,,saac_page_ocr,,中央档案馆：从「五一口号」到开国大典档案文献专辑,DOMESTIC-PAGE,saac-51koukou,,,,,,domestic_page_ocr,saac-51koukou,中央档案馆：从「五一口号」到开国大典档案文献专辑,https://www.saac.gov.cn/daj/gqzt/,,2,2
1538,domestic-ocr/SAAC:domestic:SAAC:51koukou-p05-dde02,政协一届全体会议单位及代表名单（1949-09-21）,,,saac_page_ocr,,中央档案馆：从「五一口号」到开国大典档案文献专辑,DOMESTIC-PAGE,saac-51koukou,,,,,,domestic_page_ocr,saac-51koukou,中央档案馆：从「五一口号」到开国大典档案文献专辑,https://www.saac.gov.cn/daj/gqzt/,,22,22
1539,domestic-ocr/SAAC:domestic:SAAC:51koukou-p05-dde03-i3,政协一届全体会议代表签名册（1949-09-21）,,,saac_page_ocr,,中央档案馆：从「五一口号」到开国大典档案文献专辑,DOMESTIC-PAGE,saac-51koukou,,,,,,domestic_page_ocr,saac-51koukou,中央档案馆：从「五一口号」到开国大典档案文献专辑,https://www.saac.gov.cn/daj/gqzt/,,3,3
1540,domestic-ocr/SAAC:domestic:SAAC:51koukou-p05-dde04-i3,政协一届全体会议开幕式签到簿（1949-09-21）,,,saac_page_ocr,,中央档案馆：从「五一口号」到开国大典档案文献专辑,DOMESTIC-PAGE,saac-51koukou,,,,,,domestic_page_ocr,saac-51koukou,中央档案馆：从「五一口号」到开国大典档案文献专辑,https://www.saac.gov.cn/daj/gqzt/,,3,3
1541,domestic-ocr/SAAC:domestic:SAAC:51koukou-p05-dde05-i3,政协一届全体会议代表签到（1949-09-21）,,,saac_page_ocr,,中央档案馆：从「五一口号」到开国大典档案文献专辑,DOMESTIC-PAGE,saac-51koukou,,,,,,domestic_page_ocr,saac-51koukou,中央档案馆：从「五一口号」到开国大典档案文献专辑,https://www.saac.gov.cn/daj/gqzt/,,6,6
1542,domestic-ocr/SAAC:domestic:SAAC:51koukou-p05-dde06-i3,政协一届全体会议程序（1949-09-21 至 30）,,,saac_page_ocr,,中央档案馆：从「五一口号」到开国大典档案文献专辑,DOMESTIC-PAGE,saac-51koukou,,,,,,domestic_page_ocr,saac-51koukou,中央档案馆：从「五一口号」到开国大典档案文献专辑,https://www.saac.gov.cn/daj/gqzt/,,4,4
1543,domestic-ocr/SAAC:domestic:SAAC:51koukou-p05-dde07-i3,政协一届全体会议主席团名单（1949-09-21）,,,saac_page_ocr,,中央档案馆：从「五一口号」到开国大典档案文献专辑,DOMESTIC-PAGE,saac-51koukou,,,,,,domestic_page_ocr,saac-51koukou,中央档案馆：从「五一口号」到开国大典档案文献专辑,https://www.saac.gov.cn/daj/gqzt/,,2,2
1544,domestic-ocr/SAAC:domestic:SAAC:51koukou-p06-dde01-f1,中央人民政府委员会第一次会议通知（1949-09-30）,,,saac_page_ocr,,中央档案馆：从「五一口号」到开国大典档案文献专辑,DOMESTIC-PAGE,saac-51koukou,,,,,,domestic_page_ocr,saac-51koukou,中央档案馆：从「五一口号」到开国大典档案文献专辑,https://www.saac.gov.cn/daj/gqzt/,,1,1
1545,domestic-ocr/SAAC:domestic:SAAC:51koukou-p06-dde02-f1,中国人民政治协商会议第一届全体会议会刊第十一期（1949-10-01）,,,saac_page_ocr,,中央档案馆：从「五一口号」到开国大典档案文献专辑,DOMESTIC-PAGE,saac-51koukou,,,,,,domestic_page_ocr,saac-51koukou,中央档案馆：从「五一口号」到开国大典档案文献专辑,https://www.saac.gov.cn/daj/gqzt/,,3,3
1546,domestic-ocr/SAAC:domestic:SAAC:51koukou-p06-dde03-f1,中央人民政府委员会第一次会议签到簿（1949-10-01）,,,saac_page_ocr,,中央档案馆：从「五一口号」到开国大典档案文献专辑,DOMESTIC-PAGE,saac-51koukou,,,,,,domestic_page_ocr,saac-51koukou,中央档案馆：从「五一口号」到开国大典档案文献专辑,https://www.saac.gov.cn/daj/gqzt/,,4,4
1547,domestic-ocr/SAAC:domestic:SAAC:51koukou-p06-dde04-f1,中央人民政府委员会第一次会议议程（1949-10）,,,saac_page_ocr,,中央档案馆：从「五一口号」到开国大典档案文献专辑,DOMESTIC-PAGE,saac-51koukou,,,,,,domestic_page_ocr,saac-51koukou,中央档案馆：从「五一口号」到开国大典档案文献专辑,https://www.saac.gov.cn/daj/gqzt/,,1,1
1548,domestic-ocr/SAAC:domestic:SAAC:51koukou-p06-dde05-f1,中央人民政府委员会第一次会议记录（1949-10-01）,,,saac_page_ocr,,中央档案馆：从「五一口号」到开国大典档案文献专辑,DOMESTIC-PAGE,saac-51koukou,,,,,,domestic_page_ocr,saac-51koukou,中央档案馆：从「五一口号」到开国大典档案文献专辑,https://www.saac.gov.cn/daj/gqzt/,,4,4
1549,domestic-ocr/SAAC:domestic:SAAC:51koukou-p06-dde06-f1,中央人民政府委员会第一次会议任命周恩来为政务院总理兼外交部长的通知书（1949-10-01）,,,saac_page_ocr,,中央档案馆：从「五一口号」到开国大典档案文献专辑,DOMESTIC-PAGE,saac-51koukou,,,,,,domestic_page_ocr,saac-51koukou,中央档案馆：从「五一口号」到开国大典档案文献专辑,https://www.saac.gov.cn/daj/gqzt/,,1,1
1550,domestic-ocr/SAAC:domestic:SAAC:51koukou-p06-dde07-f1,毛泽东与中央人民政府委员会部分委员合影（1949-10-01）,,,saac_page_ocr,,中央档案馆：从「五一口号」到开国大典档案文献专辑,DOMESTIC-PAGE,saac-51koukou,,,,,,domestic_page_ocr,saac-51koukou,中央档案馆：从「五一口号」到开国大典档案文献专辑,https://www.saac.gov.cn/daj/gqzt/,,1,1
1551,domestic-ocr/SAAC:domestic:SAAC:51koukou-p06-dde08-f1,庆祝中华人民共和国中央人民政府成立典礼程序（附周恩来对聂荣臻、薄一波关于抽调部队参加阅兵请示的批示）（1949-10-01）,,,saac_page_ocr,,中央档案馆：从「五一口号」到开国大典档案文献专辑,DOMESTIC-PAGE,saac-51koukou,,,,,,domestic_page_ocr,saac-51koukou,中央档案馆：从「五一口号」到开国大典档案文献专辑,https://www.saac.gov.cn/daj/gqzt/,,14,14
1552,domestic-ocr/SAAC:domestic:SAAC:51koukou-p06-dde09-f1,中华人民共和国中央人民政府公告（1949-10-01）,,,saac_page_ocr,,中央档案馆：从「五一口号」到开国大典档案文献专辑,DOMESTIC-PAGE,saac-51koukou,,,,,,domestic_page_ocr,saac-51koukou,中央档案馆：从「五一口号」到开国大典档案文献专辑,https://www.saac.gov.cn/daj/gqzt/,,1,1
1553,domestic-web/SAAC-ALBUM,《从「五一口号」到开国大典》档案文献专辑总索引,2019,https://www.saac.gov.cn/daj/gqzt/index.html,saac_album_index,,中央档案馆：从「五一口号」到开国大典档案文献专辑,DOMESTIC-ALBUM,saac-51koukou,,,,,,domestic_public_web,saac-51koukou:album,SAAC 五一口号到开国大典 档案专辑 总索引,https://www.saac.gov.cn/daj/gqzt/,,1,0
1554,domestic-ocr/SAAC:domestic:SAAC:51koukou-p06-dde10-f1,周恩来关于将《中华人民共和国中央人民政府公告》通知各国政府给黄华的电报（1949-10-01）,,,saac_page_ocr,,中央档案馆：从「五一口号」到开国大典档案文献专辑,DOMESTIC-PAGE,saac-51koukou,,,,,,domestic_page_ocr,saac-51koukou,中央档案馆：从「五一口号」到开国大典档案文献专辑,https://www.saac.gov.cn/daj/gqzt/,,1,1
1555,domestic-web/DL-20260802-001,九三学社中央委员会简介（93.gov.cn/bsjs-jsjj/，1945-09-03 民主科学座谈会 + 1946-05-04 改称九三学社）,,http://www.93.gov.cn:80/bsjs-jsjj/,domestic_public_web,,国内公开网页资料,MMHIST-WEB,DL-20260802-001,,,,,,domestic_public_web,domestic-web:DL-20260802-001,九三学社中央委员会简介（93.gov.cn/bsjs-jsjj/，1945-09-03 民主科学座谈会 + 1946-05-04 改称九三学社）,http://www.93.gov.cn:80/bsjs-jsjj/,data/domestic/raw/public_sources/DL-20260802-001_domestic_93_bsjs_jsjj_jianyao_1945_1949.html,1,1
1556,domestic-web/DL-20260802-002,九三学社中央历届中央委员会索引页（93.gov.cn/bsjs-ljzywyh/，含 1945-09 成立后历届）,,http://www.93.gov.cn:80/bsjs-ljzywyh/,domestic_public_web,,国内公开网页资料,MMHIST-WEB,DL-20260802-002,,,,,,domestic_public_web,domestic-web:DL-20260802-002,九三学社中央历届中央委员会索引页（93.gov.cn/bsjs-ljzywyh/，含 1945-09 成立后历届）,http://www.93.gov.cn:80/bsjs-ljzywyh/,data/domestic/raw/public_sources/DL-20260802-002_domestic_93_bsjs_ljzywyh_anchor.html,1,1
1557,domestic-web/DL-20260802-003,《梁漱溟与俞颂华共办《光明报》纪念》（财新网 2023-10-18）,,https://mini.caixin.com/m/2023-10-18/102117719.html,domestic_public_web,,国内公开网页资料,MMHIST-WEB,DL-20260802-003,,,,,,domestic_public_web,domestic-web:DL-20260802-003,《梁漱溟与俞颂华共办《光明报》纪念》（财新网 2023-10-18）,https://mini.caixin.com/m/2023-10-18/102117719.html,data/domestic/raw/public_sources/DL-20260802-003_domestic_caixin_2023_10_18_liangshuming_yushenghua_guangming.html,1,1
1558,domestic-web/DL-20260802-004,中国社会科学院（cssn.cn）中国史栏目（民主党派历史研究学术资源）,,https://www.cssn.cn/lsx/lsx_zgs/,domestic_public_web,,国内公开网页资料,MMHIST-WEB,DL-20260802-004,,,,,,domestic_public_web,domestic-web:DL-20260802-004,中国社会科学院（cssn.cn）中国史栏目（民主党派历史研究学术资源）,https://www.cssn.cn/lsx/lsx_zgs/,data/domestic/raw/public_sources/DL-20260802-004_domestic_cssn_lishi_zhuanti_1941_1949.html,1,1
1559,domestic-web/DL-20260802-005,《新闻背景：中国民主同盟》（光明日报 2017-12-07 第 08 版，新华社北京 12 月 6 日电）,,http://epaper.gmw.cn/gmrb/html/2017-12/07/nw.D110000gmrb_20171207_8-03.htm,domestic_public_web,,国内公开网页资料,MMHIST-WEB,DL-20260802-005,,,,,,domestic_public_web,domestic-web:DL-20260802-005,《新闻背景：中国民主同盟》（光明日报 2017-12-07 第 08 版，新华社北京 12 月 6 日电）,http://epaper.gmw.cn/gmrb/html/2017-12/07/nw.D110000gmrb_20171207_8-03.htm,data/domestic/raw/public_sources/DL-20260802-005_domestic_gmd_2017_12_07_xinwen_beijing_zhongguo_minmeng.html,1,1
1560,domestic-web/DL-20260802-006,光明日报 epaper.gmw.cn 民盟 1941-1949 报道聚合（已发现 2 篇）,,http://epaper.gmw.cn/,domestic_public_web,,国内公开网页资料,MMHIST-WEB,DL-20260802-006,,,,,,domestic_public_web,domestic-web:DL-20260802-006,光明日报 epaper.gmw.cn 民盟 1941-1949 报道聚合（已发现 2 篇）,http://epaper.gmw.cn/,data/domestic/raw/public_sources/DL-20260802-006_domestic_gmd_epaper_meng_1941_1949_aggregate.html,1,1
1561,domestic-web/DL-20260802-007,新中国成立前民盟对政治协商制度的贡献,,https://paper.minmengsh.gov.cn/resfile/2024-10-12/03/shmx-20241012-003.pdf,domestic_public_web,,国内公开网页资料,MMHIST-WEB,DL-20260802-007,,,,,,domestic_public_web,domestic-web:DL-20260802-007,新中国成立前民盟对政治协商制度的贡献,https://paper.minmengsh.gov.cn/resfile/2024-10-12/03/shmx-20241012-003.pdf,data/domestic/raw/public_sources/DL-20260802-007_domestic_mmsh_lead.html,1,1
1562,domestic-web/DL-20260802-091,楚图南—民盟文章,,https://www.mmzy.org.cn/mobile/ArticleList.aspx?ColumnId=1182&id=13075&name=Myfc,domestic_public_web,,国内公开网页资料,MMHIST-WEB,DL-20260802-091,,,,,,domestic_public_web,domestic-web:DL-20260802-091,楚图南—民盟文章,https://www.mmzy.org.cn/mobile/ArticleList.aspx?ColumnId=1182&id=13075&name=Myfc,data/domestic/raw/public_sources/DL-20260802-091_domestic_mmzy_lead.html,1,1
1563,domestic-web/DL-20260802-092,"《吃""百家饭""的《光明报》》（人民政协网 rmzxb.com.cn 2015-04-09）",,http://www.rmzxb.com.cn/c/2015-04-09/479732.shtml,domestic_public_web,,国内公开网页资料,MMHIST-WEB,DL-20260802-092,,,,,,domestic_public_web,domestic-web:DL-20260802-092,"《吃""百家饭""的《光明报》》（人民政协网 rmzxb.com.cn 2015-04-09）",http://www.rmzxb.com.cn/c/2015-04-09/479732.shtml,data/domestic/raw/public_sources/DL-20260802-092_domestic_rmzxb_2015_04_09_guangming_bao_chibaijiafan.html,1,1
1564,domestic-web/DL-20260802-093,《黄炎培的旧政协会议之路》（人民政协网 2024-12-10）,,http://www.rmzxb.com.cn/c/2024-12-10/3645690.shtml,domestic_public_web,,国内公开网页资料,MMHIST-WEB,DL-20260802-093,,,,,,domestic_public_web,domestic-web:DL-20260802-093,《黄炎培的旧政协会议之路》（人民政协网 2024-12-10）,http://www.rmzxb.com.cn/c/2024-12-10/3645690.shtml,data/domestic/raw/public_sources/DL-20260802-093_domestic_rmzxb_2024_12_10_huangyanpei_jiuxinzheng.html,1,1
1565,domestic-web/DL-20260802-094,人民政协网 rmzxw.com.cn 聚合锚点（含民主党派 1941-1949 历史专题）,,http://www.rmzxw.com.cn/,domestic_public_web,,国内公开网页资料,MMHIST-WEB,DL-20260802-094,,,,,,domestic_public_web,domestic-web:DL-20260802-094,人民政协网 rmzxw.com.cn 聚合锚点（含民主党派 1941-1949 历史专题）,http://www.rmzxw.com.cn/,data/domestic/raw/public_sources/DL-20260802-094_domestic_rmzxw_website_anchor_1949.html,1,1
1566,domestic-web/DL-20260802-095,"《中共与民盟的一次君子协定——1946""旧政协""》（搜狐网 2024）",,https://www.sohu.com/a/800286372_122010799,domestic_public_web,,国内公开网页资料,MMHIST-WEB,DL-20260802-095,,,,,,domestic_public_web,domestic-web:DL-20260802-095,"《中共与民盟的一次君子协定——1946""旧政协""》（搜狐网 2024）",https://www.sohu.com/a/800286372_122010799,data/domestic/raw/public_sources/DL-20260802-095_domestic_sh_1946_junzi_xieding_jiuxinzheng.html,1,1
1567,domestic-web/DL-20260802-096,"《1946 年 1 月 10 日 ""政协会议"" 否定国民党独裁统治》（搜狐新闻 2010）",,https://news.sohu.com/20100110/n269474189.shtml,domestic_public_web,,国内公开网页资料,MMHIST-WEB,DL-20260802-096,,,,,,domestic_public_web,domestic-web:DL-20260802-096,"《1946 年 1 月 10 日 ""政协会议"" 否定国民党独裁统治》（搜狐新闻 2010）",https://news.sohu.com/20100110/n269474189.shtml,data/domestic/raw/public_sources/DL-20260802-096_domestic_sh_2010_01_10_zhenxie_huifu.html,1,1
1568,domestic-web/DL-20260802-097,台盟中央章程（taimeng.org.cn/tmly/tmzc/，最新版本）,,http://www.taimeng.org.cn/tmly/tmzc/,domestic_public_web,,国内公开网页资料,MMHIST-WEB,DL-20260802-097,,,,,,domestic_public_web,domestic-web:DL-20260802-097,台盟中央章程（taimeng.org.cn/tmly/tmzc/，最新版本）,http://www.taimeng.org.cn/tmly/tmzc/,data/domestic/raw/public_sources/DL-20260802-097_domestic_tm_tmly_tmzc_zhangcheng.html,1,1
1569,domestic-web/DL-20260802-098,The China Democratic League (CDL) closes 12th national congress in Beijing（新华社英文 2017-12-11）,,http://www.xinhuanet.com/english/2017-12/11/c_136816473.htm,domestic_public_web,,国内公开网页资料,MMHIST-WEB,DL-20260802-098,,,,,,domestic_public_web,domestic-web:DL-20260802-098,The China Democratic League (CDL) closes 12th national congress in Beijing（新华社英文 2017-12-11）,http://www.xinhuanet.com/english/2017-12/11/c_136816473.htm,data/domestic/raw/public_sources/DL-20260802-098_domestic_xinhua_2017_12_11_cdl_12th_congress_english.html,1,1
1570,domestic-web/DL-20260802-099,中国致公党中央委员会官网（zg.org.cn，含 1925 美洲旧金山成立 + 1947-05 上海改组）,,http://www.zg.org.cn/,domestic_public_web,,国内公开网页资料,MMHIST-WEB,DL-20260802-099,,,,,,domestic_public_web,domestic-web:DL-20260802-099,中国致公党中央委员会官网（zg.org.cn，含 1925 美洲旧金山成立 + 1947-05 上海改组）,http://www.zg.org.cn/,data/domestic/raw/public_sources/DL-20260802-099_domestic_zg_website_anchor.html,1,1
1571,domestic-web/DL-20260802-100,中国致公党成立（1925-10 美洲旧金山，前身洪门致公堂；1947-05 上海改组）,,https://www.zg.org.cn,domestic_public_web,,国内公开网页资料,MMHIST-WEB,DL-20260802-100,,,,,,domestic_public_web,domestic-web:DL-20260802-100,中国致公党成立（1925-10 美洲旧金山，前身洪门致公堂；1947-05 上海改组）,https://www.zg.org.cn,data/domestic/raw/public_sources/DL-20260802-100_domestic_zg_zg_org_cn_history_1925_america.html,1,1
1572,domestic-web/DL-20260802-101,中央社会主义学院 / 中华文化学院官网（zysy.org.cn，1956 成立，含民主党派研究）,,https://www.zysy.org.cn/,domestic_public_web,,国内公开网页资料,MMHIST-WEB,DL-20260802-101,,,,,,domestic_public_web,domestic-web:DL-20260802-101,中央社会主义学院 / 中华文化学院官网（zysy.org.cn，1956 成立，含民主党派研究）,https://www.zysy.org.cn/,data/domestic/raw/public_sources/DL-20260802-101_domestic_zsy_website_anchor_1941_1949.html,1,1
