id,candidate_id,title,creator,document_date,document_type,repository_code,repository_name,collection_name,archive_fonds,archive_series,archive_file,archive_item,catalog_reference,catalog_reference_status,source_url,source_url_role,access_mode,access_note,medium,online_availability,rights_status,reuse_rights,rights_basis,copy_allowed,authenticity_level_proposed,relevance_grade_proposed,event_tags,person_tags,place_tags,evidence_note,evidence_type,evidence_locator,uncertainty_note,checked_at,checked_by,review_status,review_note,reviewed_at,reviewed_by,check_outcome,inserted_at,authenticity_level_accepted,relevance_grade_accepted,ingested_document_id
1,domestic:MMSH:web-history,历史沿革,中国民主同盟上海市委员会,,官方历史沿革网页,MMSH,民盟上海市委官网,盟史专区,,,,,web:mmgk-3da6fe99-f684-11ec-95d4-94c691be0bb6,verified,https://mng.minmengsh.gov.cn/detailpage/mmgk-3da6fe99-f684-11ec-95d4-94c691be0bb6.html,item_digital,open,官方网页公开可访问,digital,full_item_online,public,citation_only,页面版权声明及站点条款待逐页核对,unknown,L4,related,"[""1945上海组织筹备"", ""1946上海市支部成立"", ""1947民盟被宣布非法""]","[""沈志远"", ""黄竞武""]","[""上海""]",官方历史沿革页面，包含1945—1947年上海民盟组织叙述；属于官方二次呈现，不是原始档案。,official_description,网页正文,需用档案、报刊或盟内原始文件互证。,2026-07-18,codex,accepted,T1 accepted (codex-style 复审 2026-07-21)：L4 29 地方民盟 lead-文章 + ZL1872 + CPPCC = 官方平台 + citation_only + full_item_online；LX 4 wikisource 1941/1946 公开转录 = webfetch 2026-07-21 全部 200；L3 3 强 primary source (HNMM 1948 五一 / YADS 1945 延安会谈记录 / LNU 1941 光明报索引)；accept 表示：URL 可达 / 身份可核 / 引用合规；不代表原档已实物核校 / 全文已逐字转录 / 复制权利已清。,2026-07-21,human,pass,2026-07-18 05:56:25,L4,related,1472
2,domestic:MMSH:web-leaders,民盟上海组织历届领导,中国民主同盟上海市委员会,,官方组织名录网页,MMSH,民盟上海市委官网,盟史专区,,,,,web:mmgk-3d1a262d-f684-11ec-8a00-94c691be0bb6,verified,https://mng.minmengsh.gov.cn/detailpage/mmgk-3d1a262d-f684-11ec-8a00-94c691be0bb6.html,item_digital,open,官方网页公开可访问,digital,full_item_online,public,citation_only,站点版权声明待逐页核对,unknown,L4,related,"[""上海民盟组织沿革""]","[""上海民盟历届领导""]","[""上海""]",官方组织名录和沿革页面，用于建立人物与组织检索词。,official_description,网页正文,领导名录及时间点需与原始组织文件或出版物核对。,2026-07-18,codex,accepted,T1 accepted (codex-style 复审 2026-07-21)：L4 29 地方民盟 lead-文章 + ZL1872 + CPPCC = 官方平台 + citation_only + full_item_online；LX 4 wikisource 1941/1946 公开转录 = webfetch 2026-07-21 全部 200；L3 3 强 primary source (HNMM 1948 五一 / YADS 1945 延安会谈记录 / LNU 1941 光明报索引)；accept 表示：URL 可达 / 身份可核 / 引用合规；不代表原档已实物核校 / 全文已逐字转录 / 复制权利已清。,2026-07-21,human,pass,2026-07-18 05:56:25,L4,related,1473
3,domestic:MMSH:web-bases,12处上海民盟传统教育基地合集,中国民主同盟上海市委员会,,官方历史地点专题网页,MMSH,民盟上海市委官网,教育基地,,,,,web:jyjd-25ee39cd-d19e-11ec-ad68-8c554a2845d4,verified,https://www.minmengsh.gov.cn/detailpage/jyjd-25ee39cd-d19e-11ec-ad68-8c554a2845d4.html,item_digital,open,官方网页公开可访问,digital,full_item_online,public,citation_only,站点版权声明待逐页核对,unknown,L4,related,"[""民盟传统教育基地"", ""上海民盟史迹""]","[""李公朴"", ""史良""]","[""龙华烈士陵园"", ""周公馆"", ""南海花园""]",官方教育基地专题，整理上海民盟历史地点和人物线索。,official_description,网页正文,场馆叙述需要与实物、档案、报刊或馆方目录互证。,2026-07-18,codex,accepted,T1 accepted (codex-style 复审 2026-07-21)：L4 29 地方民盟 lead-文章 + ZL1872 + CPPCC = 官方平台 + citation_only + full_item_online；LX 4 wikisource 1941/1946 公开转录 = webfetch 2026-07-21 全部 200；L3 3 强 primary source (HNMM 1948 五一 / YADS 1945 延安会谈记录 / LNU 1941 光明报索引)；accept 表示：URL 可达 / 身份可核 / 引用合规；不代表原档已实物核校 / 全文已逐字转录 / 复制权利已清。,2026-07-21,human,pass,2026-07-18 05:56:25,L4,related,1470
4,domestic:MMSH:web-office-history,从南京西路到陕西北路——民盟上海市委机关办公,《上海盟讯》,2024-05-12,官方数字报文章,MMSH,民盟上海市委数字报,学习与研究,,,,,paper:2024-05-12:144526_17450774,verified,https://paper.minmengsh.gov.cn/html/2024-05/12/content_144526_17450774.htm,item_digital,open,官方数字报公开可访问,digital,full_item_online,public,citation_only,数字报版权声明待核对,unknown,L4,related,"[""1945上海组织筹备"", ""1946上海民盟"", ""1947上海活动""]","[""沈志远"", ""黄竞武"", ""黄炎培"", ""沈钧儒"", ""梁漱溟""]","[""南京西路"", ""南海花园"", ""陕西北路""]",官方数字报回顾上海民盟机关地点和早期活动线索，属于二次叙述。,official_description,网页正文,具体史料出处和引用报刊需回到原刊或档案核验。,2026-07-18,codex,accepted,T1 accepted (codex-style 复审 2026-07-21)：L4 29 地方民盟 lead-文章 + ZL1872 + CPPCC = 官方平台 + citation_only + full_item_online；LX 4 wikisource 1941/1946 公开转录 = webfetch 2026-07-21 全部 200；L3 3 强 primary source (HNMM 1948 五一 / YADS 1945 延安会谈记录 / LNU 1941 光明报索引)；accept 表示：URL 可达 / 身份可核 / 引用合规；不代表原档已实物核校 / 全文已逐字转录 / 复制权利已清。,2026-07-21,human,pass,2026-07-18 05:56:25,L4,related,1494
5,domestic:MMSH:web-political-cooperation,新中国成立前民盟对政治协商制度的贡献,《上海盟讯》,2024-10-12,官方数字报文章,MMSH,民盟上海市委数字报,学习与研究,,,,,paper:2024-10-12:144526_17882979,verified,https://paper.minmengsh.gov.cn/html/2024-10/12/content_144526_17882979.htm,item_digital,open,官方数字报公开可访问,digital,full_item_online,public,citation_only,数字报版权声明待核对,unknown,L4,related,"[""政治协商"", ""民盟成立"", ""1949前多党合作""]","[""黄炎培"", ""左舜生"", ""章伯钧""]","[""上海"", ""延安""]",官方数字报研究文章，提供民盟与政治协商关系的二次叙述和检索词。,official_description,网页正文,文章中的史实和引文需逐项回溯原始文献。,2026-07-18,codex,accepted,T1 accepted (codex-style 复审 2026-07-21)：L4 29 地方民盟 lead-文章 + ZL1872 + CPPCC = 官方平台 + citation_only + full_item_online；LX 4 wikisource 1941/1946 公开转录 = webfetch 2026-07-21 全部 200；L3 3 强 primary source (HNMM 1948 五一 / YADS 1945 延安会谈记录 / LNU 1941 光明报索引)；accept 表示：URL 可达 / 身份可核 / 引用合规；不代表原档已实物核校 / 全文已逐字转录 / 复制权利已清。,2026-07-21,human,pass,2026-07-18 05:56:25,L4,related,1495
6,domestic:MMSH:web-newspapers,1940年代民盟的声音：中国民主政团同盟全国代表会议前后的报刊宣传,《上海盟讯》,2024-09-12,官方数字报研究文章,MMSH,民盟上海市委数字报,学习与研究,,,,,paper:2024-09-12:144526_17806617,verified,https://paper.minmengsh.gov.cn/html/2024-09/12/content_144526_17806617.htm,item_digital,open,官方数字报公开可访问,digital,full_item_online,public,citation_only,数字报版权声明待核对,unknown,L4,related,"[""1940年代民盟报刊宣传"", ""中国民主政团同盟""]","[""张澜"", ""梁漱溟""]","[""上海"", ""重庆"", ""香港""]",官方数字报研究文章，指向《民宪》《民主周刊》《沪盟通讯》等报刊线索。,official_description,网页正文,报刊原件和具体期号尚未从数据库逐条定位。,2026-07-18,codex,accepted,T1 accepted (codex-style 复审 2026-07-21)：L4 29 地方民盟 lead-文章 + ZL1872 + CPPCC = 官方平台 + citation_only + full_item_online；LX 4 wikisource 1941/1946 公开转录 = webfetch 2026-07-21 全部 200；L3 3 强 primary source (HNMM 1948 五一 / YADS 1945 延安会谈记录 / LNU 1941 光明报索引)；accept 表示：URL 可达 / 身份可核 / 引用合规；不代表原档已实物核校 / 全文已逐字转录 / 复制权利已清。,2026-07-21,human,pass,2026-07-18 05:56:25,L4,related,1496
7,domestic:MMSH:web-zhanglan,雨过天晴月更明——张澜先生在迎接上海解放的日子里,中国民主同盟上海市委员会,,官方人物史文章,MMSH,民盟上海市委官网,盟史人物,,,,,web:mszq-29d09e8a-f61b-11ec-a3f5-94c691be0bb6,verified,https://www.minmengsh.gov.cn/detailpage/mszq-29d09e8a-f61b-11ec-a3f5-94c691be0bb6.html,item_digital,open,官方网页公开可访问,digital,full_item_online,public,citation_only,站点版权声明待逐页核对,unknown,L4,related,"[""上海解放"", ""张澜在沪"", ""周公馆""]","[""张澜""]","[""上海"", ""周公馆""]",官方人物史文章，提供张澜1946—1949年在沪活动和地点线索。,official_description,网页正文,文章中的声明、演讲和活动需回溯原始报刊或档案。,2026-07-18,codex,accepted,T1 accepted (codex-style 复审 2026-07-21)：L4 29 地方民盟 lead-文章 + ZL1872 + CPPCC = 官方平台 + citation_only + full_item_online；LX 4 wikisource 1941/1946 公开转录 = webfetch 2026-07-21 全部 200；L3 3 强 primary source (HNMM 1948 五一 / YADS 1945 延安会谈记录 / LNU 1941 光明报索引)；accept 表示：URL 可达 / 身份可核 / 引用合规；不代表原档已实物核校 / 全文已逐字转录 / 复制权利已清。,2026-07-21,human,pass,2026-07-18 05:56:25,L4,related,1471
8,domestic:MMSH:web-intro,中国民主同盟上海市委员会简介,中国民主同盟上海市委员会,,官方机构简介网页,MMSH,民盟上海市委官网,民盟概况,,,,,web:mmjs,verified,https://mng.minmengsh.gov.cn/detailpage/mmjs.html,item_digital,open,官方网页公开可访问,digital,full_item_online,public,citation_only,站点版权声明待逐页核对,unknown,L4,related,"[""上海民盟组织史""]","[""黄炎培"", ""沈志远"", ""黄竞武""]","[""上海""]",官方机构简介，明确提供1945年筹备、1946年成立等组织史线索。,official_description,网页正文,网页叙述仍需与档案和当时报刊互证。,2026-07-18,codex,accepted,T1 accepted (codex-style 复审 2026-07-21)：L4 29 地方民盟 lead-文章 + ZL1872 + CPPCC = 官方平台 + citation_only + full_item_online；LX 4 wikisource 1941/1946 公开转录 = webfetch 2026-07-21 全部 200；L3 3 强 primary source (HNMM 1948 五一 / YADS 1945 延安会谈记录 / LNU 1941 光明报索引)；accept 表示：URL 可达 / 身份可核 / 引用合规；不代表原档已实物核校 / 全文已逐字转录 / 复制权利已清。,2026-07-21,human,pass,2026-07-18 05:56:25,L4,related,1474
9,domestic:MMSH:web-liukaiqu,刘开渠在上海（1946—1949）,赵彦,2024-10-12,官方数字报文章,MMSH,民盟上海市委数字报,学习与研究,,,,,paper:2024-10-12:144526_17882981,verified,https://paper.minmengsh.gov.cn/html/2024-10/12/content_144526_17882981.htm,item_digital,open,民盟上海市委数字报公开可访问,digital,full_item_online,public,citation_only,数字报版权声明待核对,unknown,L4,related,"[""1946上海"", ""1949上海解放"", ""民主人士活动""]","[""刘开渠"", ""赵彦"", ""赵祖康"", ""陈白尘""]","[""上海"", ""南京路"", ""大新公司""]",官方数字报文章回顾刘开渠1946—1949年在上海的活动，正文包含具体时间、地点和人物线索，属于二次叙述。,official_description,网页正文与数字报页脚,页面未提供原始档案案卷号、报刊期号或原件影像链接，相关事实需回溯原始报刊或档案。,2026-07-18,codex,accepted,T1 accepted (codex-style 复审 2026-07-21)：L4 29 地方民盟 lead-文章 + ZL1872 + CPPCC = 官方平台 + citation_only + full_item_online；LX 4 wikisource 1941/1946 公开转录 = webfetch 2026-07-21 全部 200；L3 3 强 primary source (HNMM 1948 五一 / YADS 1945 延安会谈记录 / LNU 1941 光明报索引)；accept 表示：URL 可达 / 身份可核 / 引用合规；不代表原档已实物核校 / 全文已逐字转录 / 复制权利已清。,2026-07-21,human,pass,2026-07-18 06:26:59,L4,related,1497
10,domestic:DAJS:guangming-suzhou-1949,《光明报》苏州解放号外（1949年）,中国民主同盟苏州支部；黄肇模,1949-04-27,地方报刊号外,DAJS,苏州市档案馆,珍档赏析 / 江苏百件红色珍档,,,,《光明报》（号外）苏州解放,dajs:art_123_45642,verified,https://www.dajs.gov.cn/art/2026/2/19/art_123_45642.html,item_surrogate,open,江苏档案信息网官方展示页；页面含原报图片，原件档号未公开,hybrid,surrogate_online,public,citation_only,档案馆页面与原件影像版权规则待核对,unknown,L1,related,"[""1949苏州解放"", ""地方民盟组织"", ""解放号外""]","[""黄肇模""]","[""苏州""]",苏州市档案馆官方页面标明保管单位，并展示1949年4月27日中国民主同盟苏州支部印刷出版的《光明报》号外及其版面图片；这是具体原件的官方数字替身，但不是上海档案。,digital_image,官方展示页标题、保管单位、正文说明和图片,页面未公开原件档号、全宗号、目录号和原图永久链接，L1仅为待人工复核的建议等级。,2026-07-18,codex,accepted,2026-08-02 降级 lead_only：surrogate_online 无可采集全文，仅线索登记；未真正进入 documents/pages，不再计入已收集。,2026-07-18,codex,lead_only,2026-07-18 06:41:40,L1,related,
11,domestic:SAAC:1948-04-30-01,毛泽东修改的中共中央发布一九四八年“五一”劳动节口号,毛泽东；中共中央,1948-04-30,文件手稿/口号原件,SAAC,中央档案馆,从五一口号到开国大典档案文献专题,,,,,saac:gqzt:content/01/01_01,verified,https://www.saac.gov.cn/daj/gqzt/content/01/01_01.html,item_surrogate,open,国家档案局官方专题页含数字影像入口,hybrid,surrogate_online,public,citation_only,国家档案局专题页面规则待核对,unknown,L1,core,"[""1948五一口号"", ""新政协筹备""]","[""毛泽东""]","[""解放区""]",中央档案馆官方专题的具体条目页，题名和形成日期明确，并提供原件图片入口。,digital_image,条目页标题、日期和图片,公开页未显示完整档号和页码。,2026-07-18,codex,accepted,2026-08-02 降级 lead_only：surrogate_online 无可采集全文，仅线索登记；未真正进入 documents/pages，不再计入已收集。,2026-07-18,codex,lead_only,2026-07-18 06:54:44,L1,core,
12,domestic:SAAC:1948-04-30-02,中共中央关于“五一”劳动节口号连播三天给新华社的电报,中共中央,1948-04-30,电报,SAAC,中央档案馆,从五一口号到开国大典档案文献专题,,,,,saac:gqzt:content/01/01_02,verified,https://www.saac.gov.cn/daj/gqzt/content/01/01_02.html,item_surrogate,open,官方专题页含数字影像入口,hybrid,surrogate_online,public,citation_only,国家档案局专题页面规则待核对,unknown,L1,core,"[""1948五一口号"", ""新华社传播""]",[],"[""解放区""]",中央档案馆官方专题具体电报条目，题名和1948年4月30日日期明确。,digital_image,条目页标题、日期和图片,公开页未显示完整档号和页码。,2026-07-18,codex,accepted,2026-08-02 降级 lead_only：surrogate_online 无可采集全文，仅线索登记；未真正进入 documents/pages，不再计入已收集。,2026-07-18,codex,lead_only,2026-07-18 06:54:44,L1,core,
13,domestic:SAAC:1948-05-01-01,毛泽东关于召开政治协商会议给李济深、沈钧儒的电报,毛泽东,1948-05-01,电报,SAAC,中央档案馆,从五一口号到开国大典档案文献专题,,,,,saac:gqzt:content/01/01_04,verified,https://www.saac.gov.cn/daj/gqzt/content/01/01_04.html,item_surrogate,open,官方专题页含数字影像入口,hybrid,surrogate_online,public,citation_only,国家档案局专题页面规则待核对,unknown,L1,core,"[""1948五一口号"", ""新政协筹备""]","[""毛泽东"", ""李济深"", ""沈钧儒""]","[""解放区"", ""香港""]",中央档案馆官方专题具体电报条目，题名、收发关系和日期明确。,digital_image,条目页标题、日期和图片,公开页未显示完整档号和页码。,2026-07-18,codex,accepted,2026-08-02 降级 lead_only：surrogate_online 无可采集全文，仅线索登记；未真正进入 documents/pages，不再计入已收集。,2026-07-18,codex,lead_only,2026-07-18 06:54:44,L1,core,
14,domestic:SAAC:1948-08-01-01,毛泽东关于召集新政协会议的时间、地点等问题给李济深、沈钧儒等的电报,毛泽东,1948-08-01,电报,SAAC,中央档案馆,从五一口号到开国大典档案文献专题,,,,,saac:gqzt:content/01/01_06,verified,https://www.saac.gov.cn/daj/gqzt/content/01/01_06.html,item_surrogate,open,官方专题页含数字影像入口,hybrid,surrogate_online,public,citation_only,国家档案局专题页面规则待核对,unknown,L1,core,"[""1948新政协"", ""民主党派协商""]","[""毛泽东"", ""李济深"", ""沈钧儒""]","[""解放区"", ""香港""]",中央档案馆官方专题具体电报条目，题名和1948年8月1日日期明确。,digital_image,条目页标题、日期和图片,公开页未显示完整档号和页码。,2026-07-18,codex,accepted,2026-08-02 降级 lead_only：surrogate_online 无可采集全文，仅线索登记；未真正进入 documents/pages，不再计入已收集。,2026-07-18,codex,lead_only,2026-07-18 06:54:44,L1,core,
15,domestic:SAAC:1948-10-01-01,沈钧儒、谭平山等民主人士关于希望早日召集新政协会议给毛泽东的电报,沈钧儒、谭平山等,1948-10-01,电报,SAAC,中央档案馆,从五一口号到开国大典档案文献专题,,,,,saac:gqzt:content/01/01_07,verified,https://www.saac.gov.cn/daj/gqzt/content/01/01_07.html,item_surrogate,open,官方专题页含数字影像入口,hybrid,surrogate_online,public,citation_only,国家档案局专题页面规则待核对,unknown,L1,core,"[""1948新政协"", ""民主人士北上""]","[""沈钧儒"", ""谭平山"", ""毛泽东""]","[""香港"", ""解放区""]",中央档案馆官方专题具体电报条目，题名、形成者和日期明确。,digital_image,条目页标题、日期和图片,公开页未显示完整档号和页码。,2026-07-18,codex,accepted,2026-08-02 降级 lead_only：surrogate_online 无可采集全文，仅线索登记；未真正进入 documents/pages，不再计入已收集。,2026-07-18,codex,lead_only,2026-07-18 06:54:44,L1,core,
16,domestic:SAAC:1948-10-08-01,中共中央关于约集沈钧儒、谭平山等征求对召开新政协诸问题的意见给高岗、李富春的电报,中共中央,1948-10-08,电报,SAAC,中央档案馆,从五一口号到开国大典档案文献专题,,,,,saac:gqzt:content/01/01_08,verified,https://www.saac.gov.cn/daj/gqzt/content/01/01_08.html,item_surrogate,open,官方专题页含数字影像入口,hybrid,surrogate_online,public,citation_only,国家档案局专题页面规则待核对,unknown,L1,core,"[""1948新政协"", ""民主党派协商""]","[""沈钧儒"", ""谭平山"", ""高岗"", ""李富春""]","[""解放区""]",中央档案馆官方专题具体电报条目，题名、收发关系和日期明确。,digital_image,条目页标题、日期和图片,公开页未显示完整档号和页码。,2026-07-18,codex,accepted,2026-08-02 降级 lead_only：surrogate_online 无可采集全文，仅线索登记；未真正进入 documents/pages，不再计入已收集。,2026-07-18,codex,lead_only,2026-07-18 06:54:44,L1,core,
17,domestic:SAAC:1949-01-08-01,中共中央政治局会议通过的《目前形势和党在一九四九年的任务》,中共中央政治局,1949-01-08,会议文件,SAAC,中央档案馆,从五一口号到开国大典档案文献专题,,,,,saac:gqzt:content/01/01_12,verified,https://www.saac.gov.cn/daj/gqzt/content/01/01_12.html,item_surrogate,open,官方专题页含数字影像入口,hybrid,surrogate_online,public,citation_only,国家档案局专题页面规则待核对,unknown,L1,related,"[""1949新政协筹备"", ""解放战争""]",[],"[""解放区""]",中央档案馆官方专题具体会议文件条目，题名和1949年1月8日日期明确。,digital_image,条目页标题、日期和图片,公开页未显示完整档号和页码。,2026-07-18,codex,accepted,2026-08-02 降级 lead_only：surrogate_online 无可采集全文，仅线索登记；未真正进入 documents/pages，不再计入已收集。,2026-07-18,codex,lead_only,2026-07-18 06:54:44,L1,related,
18,domestic:SAAC:1949-02-01-01,李济深、沈钧儒等56名到达解放区的民主人士给中共中央的电报及毛泽东、朱德的复电,李济深、沈钧儒等；毛泽东、朱德,1949-02-01/1949-02-02,电报及复电,SAAC,中央档案馆,从五一口号到开国大典档案文献专题,,,,,saac:gqzt:content/01/01_14,verified,https://www.saac.gov.cn/daj/gqzt/content/01/01_14.html,item_surrogate,open,官方专题页含数字影像入口,hybrid,surrogate_online,public,citation_only,国家档案局专题页面规则待核对,unknown,L1,core,"[""1949民主人士北上"", ""新政协筹备""]","[""李济深"", ""沈钧儒"", ""毛泽东"", ""朱德""]","[""解放区""]",中央档案馆官方专题具体电报条目，题名、参与人数和日期范围明确。,digital_image,条目页标题、日期和图片,公开页未显示完整档号和页码。,2026-07-18,codex,accepted,2026-08-02 降级 lead_only：surrogate_online 无可采集全文，仅线索登记；未真正进入 documents/pages，不再计入已收集。,2026-07-18,codex,lead_only,2026-07-18 06:54:44,L1,core,
19,domestic:SAAC:1949-02-14-01,周恩来拟写的中共中央关于邀请在东北的民主人士迅速来北平筹商新政协筹备会给东北局、华北局等的电报,周恩来；中共中央,1949-02-14,电报草稿,SAAC,中央档案馆,从五一口号到开国大典档案文献专题,,,,,saac:gqzt:content/01/01_15,verified,https://www.saac.gov.cn/daj/gqzt/content/01/01_15.html,item_surrogate,open,官方专题页含数字影像入口,hybrid,surrogate_online,public,citation_only,国家档案局专题页面规则待核对,unknown,L1,core,"[""1949新政协筹备"", ""民主人士北上""]","[""周恩来""]","[""东北"", ""北平""]",中央档案馆官方专题具体电报草稿条目，题名和1949年2月14日日期明确。,digital_image,条目页标题、日期和图片,公开页未显示完整档号和页码。,2026-07-18,codex,accepted,2026-08-02 降级 lead_only：surrogate_online 无可采集全文，仅线索登记；未真正进入 documents/pages，不再计入已收集。,2026-07-18,codex,lead_only,2026-07-18 06:54:44,L1,core,
20,domestic:SAAC:1949-03-12-01,毛泽东拟写的《七届二中全会决议》及七届二中全会会议公报,毛泽东；中共中央,1949-03-12/1949-03-23,会议文件及公报,SAAC,中央档案馆,从五一口号到开国大典档案文献专题,,,,,saac:gqzt:content/01/01_16,verified,https://www.saac.gov.cn/daj/gqzt/content/01/01_16.html,item_surrogate,open,官方专题页含数字影像入口,hybrid,surrogate_online,public,citation_only,国家档案局专题页面规则待核对,unknown,L1,related,"[""1949建国准备"", ""七届二中全会""]","[""毛泽东""]","[""西柏坡""]",中央档案馆官方专题具体会议文件条目，题名和日期范围明确。,digital_image,条目页标题、日期和图片,公开页未显示完整档号和页码。,2026-07-18,codex,accepted,2026-08-02 降级 lead_only：surrogate_online 无可采集全文，仅线索登记；未真正进入 documents/pages，不再计入已收集。,2026-07-18,codex,lead_only,2026-07-18 06:54:44,L1,related,
21,domestic:SAAC:1949-09-21-01,中国人民政治协商会议第一届全体会议单位及代表名单,中国人民政治协商会议第一届全体会议,1949-09-21,代表名册,SAAC,中央档案馆,从五一口号到开国大典档案文献专题,,,,,saac:gqzt:content/05/05_02,verified,https://www.saac.gov.cn/daj/gqzt/content/05/05_02.html,item_surrogate,open,官方专题页含名册影像入口,hybrid,surrogate_online,public,citation_only,国家档案局专题页面规则待核对,unknown,L1,core,"[""1949第一届政协"", ""民盟代表""]","[""张澜"", ""黄炎培"", ""沈钧儒""]","[""北平""]",中央档案馆官方专题具体名册条目，题名和1949年9月21日日期明确，直接涉及各单位及代表构成。,digital_image,条目页标题、日期和多页图片,公开页未显示完整档号和页码。,2026-07-18,codex,accepted,2026-08-02 降级 lead_only：surrogate_online 无可采集全文，仅线索登记；未真正进入 documents/pages，不再计入已收集。,2026-07-18,codex,lead_only,2026-07-18 06:54:44,L1,core,
22,domestic:SAAC:1949-09-21-02,中国人民政治协商会议第一届全体会议代表签名册,中国人民政治协商会议第一届全体会议,1949-09-21,签名册,SAAC,中央档案馆,从五一口号到开国大典档案文献专题,,,,,saac:gqzt:content/05/05_03,verified,https://www.saac.gov.cn/daj/gqzt/content/05/05_03.html,item_surrogate,open,官方专题页含签名册影像入口,hybrid,surrogate_online,public,citation_only,国家档案局专题页面规则待核对,unknown,L1,core,"[""1949第一届政协"", ""民盟代表""]","[""张澜"", ""黄炎培"", ""沈钧儒""]","[""北平""]",中央档案馆官方专题具体签名册条目，题名和日期明确，适合核验代表出席与签名信息。,digital_image,条目页标题、日期和图片,公开页未显示完整档号和页码。,2026-07-18,codex,accepted,2026-08-02 降级 lead_only：surrogate_online 无可采集全文，仅线索登记；未真正进入 documents/pages，不再计入已收集。,2026-07-18,codex,lead_only,2026-07-18 06:54:44,L1,core,
23,domestic:SAAC:1949-09-21-03,中国人民政治协商会议第一届全体会议程序,中国人民政治协商会议第一届全体会议,1949-09-21/1949-09-30,会议程序,SAAC,中央档案馆,从五一口号到开国大典档案文献专题,,,,,saac:gqzt:content/05/05_06,verified,https://www.saac.gov.cn/daj/gqzt/content/05/05_06.html,item_surrogate,open,官方专题页含会议程序影像入口,hybrid,surrogate_online,public,citation_only,国家档案局专题页面规则待核对,unknown,L1,core,"[""1949第一届政协"", ""会议制度""]","[""张澜"", ""黄炎培""]","[""北平""]",中央档案馆官方专题具体会议程序条目，日期覆盖1949年9月21日至30日。,digital_image,条目页标题、日期和图片,公开页未显示完整档号和页码。,2026-07-18,codex,accepted,2026-08-02 降级 lead_only：surrogate_online 无可采集全文，仅线索登记；未真正进入 documents/pages，不再计入已收集。,2026-07-18,codex,lead_only,2026-07-18 06:54:44,L1,core,
24,domestic:SAAC:1949-09-21-04,中国人民政治协商会议第一届全体会议主席团名单,中国人民政治协商会议第一届全体会议,1949-09-21,主席团名册,SAAC,中央档案馆,从五一口号到开国大典档案文献专题,,,,,saac:gqzt:content/05/05_07,verified,https://www.saac.gov.cn/daj/gqzt/content/05/05_07.html,item_surrogate,open,官方专题页含名册影像入口,hybrid,surrogate_online,public,citation_only,国家档案局专题页面规则待核对,unknown,L1,core,"[""1949第一届政协"", ""组织构成""]","[""张澜"", ""黄炎培"", ""沈钧儒""]","[""北平""]",中央档案馆官方专题具体主席团名单条目，题名和日期明确。,digital_image,条目页标题、日期和图片,公开页未显示完整档号和页码。,2026-07-18,codex,accepted,2026-08-02 降级 lead_only：surrogate_online 无可采集全文，仅线索登记；未真正进入 documents/pages，不再计入已收集。,2026-07-18,codex,lead_only,2026-07-18 06:54:44,L1,core,
25,domestic:SAAC:1949-09-21-05,中国民主同盟主席张澜在中国人民政治协商会议第一届全体会议上的讲话,张澜；中国民主同盟,1949-09-21,会议讲话,SAAC,中央档案馆,从五一口号到开国大典档案文献专题,,,,,saac:gqzt:content/05/05_11,verified,https://www.saac.gov.cn/daj/gqzt/content/05/05_11.html,item_surrogate,open,官方专题页含讲话影像入口,hybrid,surrogate_online,public,citation_only,国家档案局专题页面规则待核对,unknown,L1,core,"[""1949第一届政协"", ""民盟代表发言""]","[""张澜""]","[""北平""]",中央档案馆官方专题具体讲话条目，形成者、民盟身份和日期明确。,digital_image,条目页标题、日期和图片,公开页未显示完整档号和页码。,2026-07-18,codex,accepted,2026-08-02 降级 lead_only：surrogate_online 无可采集全文，仅线索登记；未真正进入 documents/pages，不再计入已收集。,2026-07-18,codex,lead_only,2026-07-18 06:54:44,L1,core,
26,domestic:SAAC:1949-09-21-06,中国人民政治协商会议第一届全体会议第一天会议记录,中国人民政治协商会议第一届全体会议,1949-09-21,会议记录,SAAC,中央档案馆,从五一口号到开国大典档案文献专题,,,,,saac:gqzt:content/05/05_18,verified,https://www.saac.gov.cn/daj/gqzt/content/05/05_18.html,item_surrogate,open,官方专题页含会议记录影像入口,hybrid,surrogate_online,public,citation_only,国家档案局专题页面规则待核对,unknown,L1,core,"[""1949第一届政协"", ""民盟代表发言""]","[""张澜"", ""毛泽东"", ""刘少奇""]","[""北平""]",中央档案馆官方专题具体会议记录条目，题名和日期明确。,digital_image,条目页标题、日期和图片,公开页未显示完整档号和页码。,2026-07-18,codex,accepted,2026-08-02 降级 lead_only：surrogate_online 无可采集全文，仅线索登记；未真正进入 documents/pages，不再计入已收集。,2026-07-18,codex,lead_only,2026-07-18 06:54:44,L1,core,
27,domestic:SAAC:1949-09-21-07,中国人民政治协商会议第一届全体会议主席团第一次会议纪要,中国人民政治协商会议第一届全体会议主席团,1949-09-21,会议纪要,SAAC,中央档案馆,从五一口号到开国大典档案文献专题,,,,,saac:gqzt:content/05/05_20,verified,https://www.saac.gov.cn/daj/gqzt/content/05/05_20.html,item_surrogate,open,官方专题页含会议纪要影像入口,hybrid,surrogate_online,public,citation_only,国家档案局专题页面规则待核对,unknown,L1,related,"[""1949第一届政协"", ""会议组织""]","[""张澜"", ""黄炎培""]","[""北平""]",中央档案馆官方专题具体会议纪要条目，题名和日期明确。,digital_image,条目页标题、日期和图片,公开页未显示完整档号和页码。,2026-07-18,codex,accepted,2026-08-02 降级 lead_only：surrogate_online 无可采集全文，仅线索登记；未真正进入 documents/pages，不再计入已收集。,2026-07-18,codex,lead_only,2026-07-18 06:54:44,L1,related,
28,domestic:SAAC:1949-09-22-01,谭平山关于中国人民政治协商会议筹备会第二小组工作的报告,谭平山,1949-09-22,工作报告,SAAC,中央档案馆,从五一口号到开国大典档案文献专题,,,,,saac:gqzt:content/05/05_23,verified,https://www.saac.gov.cn/daj/gqzt/content/05/05_23.html,item_surrogate,open,官方专题页含报告影像入口,hybrid,surrogate_online,public,citation_only,国家档案局专题页面规则待核对,unknown,L1,related,"[""1949第一届政协"", ""政协筹备""]","[""谭平山""]","[""北平""]",中央档案馆官方专题具体报告条目，题名、形成者和日期明确。,digital_image,条目页标题、日期和图片,公开页未显示完整档号和页码。,2026-07-18,codex,accepted,2026-08-02 降级 lead_only：surrogate_online 无可采集全文，仅线索登记；未真正进入 documents/pages，不再计入已收集。,2026-07-18,codex,lead_only,2026-07-18 06:54:44,L1,related,
29,domestic:SAAC:1949-09-22-02,周恩来关于中国人民政治协商会议共同纲领草案的起草经过及其特点的报告,周恩来,1949-09-22,会议报告,SAAC,中央档案馆,从五一口号到开国大典档案文献专题,,,,,saac:gqzt:content/05/05_24,verified,https://www.saac.gov.cn/daj/gqzt/content/05/05_24.html,item_surrogate,open,官方专题页含报告影像入口,hybrid,surrogate_online,public,citation_only,国家档案局专题页面规则待核对,unknown,L1,core,"[""1949第一届政协"", ""共同纲领""]","[""周恩来""]","[""北平""]",中央档案馆官方专题具体报告条目，题名、形成者和日期明确。,digital_image,条目页标题、日期和图片,公开页未显示完整档号和页码。,2026-07-18,codex,accepted,2026-08-02 降级 lead_only：surrogate_online 无可采集全文，仅线索登记；未真正进入 documents/pages，不再计入已收集。,2026-07-18,codex,lead_only,2026-07-18 06:54:44,L1,core,
30,domestic:SAAC:1949-09-23-01,中国人民政治协商会议第一届全体会议第三天会议记录,中国人民政治协商会议第一届全体会议,1949-09-23,会议记录,SAAC,中央档案馆,从五一口号到开国大典档案文献专题,,,,,saac:gqzt:content/05/05_39,verified,https://www.saac.gov.cn/daj/gqzt/content/05/05_39.html,item_surrogate,open,官方专题页含会议记录影像入口,hybrid,surrogate_online,public,citation_only,国家档案局专题页面规则待核对,unknown,L1,related,"[""1949第一届政协"", ""民主党派发言""]","[""李济深"", ""张澜""]","[""北平""]",中央档案馆官方专题具体会议记录条目，题名和日期明确。,digital_image,条目页标题、日期和图片,公开页未显示完整档号和页码。,2026-07-18,codex,accepted,2026-08-02 降级 lead_only：surrogate_online 无可采集全文，仅线索登记；未真正进入 documents/pages，不再计入已收集。,2026-07-18,codex,lead_only,2026-07-18 06:54:44,L1,related,
31,domestic:SAAC:1949-09-25-01,中国人民政治协商会议组织法草案整理委员会第一次会议记录,中国人民政治协商会议组织法草案整理委员会,1949-09-25,委员会会议记录,SAAC,中央档案馆,从五一口号到开国大典档案文献专题,,,,,saac:gqzt:content/05/05_50,verified,https://www.saac.gov.cn/daj/gqzt/content/05/05_50.html,item_surrogate,open,官方专题页含会议记录影像入口,hybrid,surrogate_online,public,citation_only,国家档案局专题页面规则待核对,unknown,L1,related,"[""1949第一届政协"", ""政协组织法""]","[""谭平山""]","[""北平""]",中央档案馆官方专题具体委员会会议记录条目，题名和日期明确。,digital_image,条目页标题、日期和图片,公开页未显示完整档号和页码。,2026-07-18,codex,accepted,2026-08-02 降级 lead_only：surrogate_online 无可采集全文，仅线索登记；未真正进入 documents/pages，不再计入已收集。,2026-07-18,codex,lead_only,2026-07-18 06:54:44,L1,related,
32,domestic:SAAC:1949-09-26-01,毛泽东给周恩来的信,毛泽东,1949-09-26,书信,SAAC,中央档案馆,从五一口号到开国大典档案文献专题,,,,,saac:gqzt:content/05/05_56,verified,https://www.saac.gov.cn/daj/gqzt/content/05/05_56.html,item_surrogate,open,官方专题页含信件影像入口,hybrid,surrogate_online,public,citation_only,国家档案局专题页面规则待核对,unknown,L1,related,"[""1949第一届政协"", ""建国筹备""]","[""毛泽东"", ""周恩来""]","[""北平""]",中央档案馆官方专题具体书信条目，形成者、收信人和日期明确。,digital_image,条目页标题、日期和图片,公开页未显示完整档号和页码。,2026-07-18,codex,accepted,2026-08-02 降级 lead_only：surrogate_online 无可采集全文，仅线索登记；未真正进入 documents/pages，不再计入已收集。,2026-07-18,codex,lead_only,2026-07-18 06:54:44,L1,related,
33,domestic:SAAC:1949-09-27-01,中国人民政治协商会议第一届全体会议通过的《中国人民政治协商会议组织法》,中国人民政治协商会议第一届全体会议,1949-09-27,正式会议文件,SAAC,中央档案馆,从五一口号到开国大典档案文献专题,,,,,saac:gqzt:content/05/05_58,verified,https://www.saac.gov.cn/daj/gqzt/content/05/05_58.html,item_surrogate,open,官方专题页含正式文件影像入口,hybrid,surrogate_online,public,citation_only,国家档案局专题页面规则待核对,unknown,L1,core,"[""1949第一届政协"", ""政协组织法""]","[""张澜"", ""黄炎培"", ""沈钧儒""]","[""北平""]",中央档案馆官方专题具体正式会议文件条目，题名和通过日期明确。,digital_image,条目页标题、日期和图片,公开页未显示完整档号和页码。,2026-07-18,codex,accepted,2026-08-02 降级 lead_only：surrogate_online 无可采集全文，仅线索登记；未真正进入 documents/pages，不再计入已收集。,2026-07-18,codex,lead_only,2026-07-18 06:54:44,L1,core,
34,domestic:SAAC:1949-09-27-02,中国人民政治协商会议第一届全体会议通过的《中华人民共和国中央人民政府组织法》,中国人民政治协商会议第一届全体会议,1949-09-27,正式会议文件,SAAC,中央档案馆,从五一口号到开国大典档案文献专题,,,,,saac:gqzt:content/05/05_59,verified,https://www.saac.gov.cn/daj/gqzt/content/05/05_59.html,item_surrogate,open,官方专题页含正式文件影像入口,hybrid,surrogate_online,public,citation_only,国家档案局专题页面规则待核对,unknown,L1,core,"[""1949第一届政协"", ""中央人民政府组织法""]","[""张澜"", ""黄炎培""]","[""北平""]",中央档案馆官方专题具体正式会议文件条目，题名和通过日期明确。,digital_image,条目页标题、日期和图片,公开页未显示完整档号和页码。,2026-07-18,codex,accepted,2026-08-02 降级 lead_only：surrogate_online 无可采集全文，仅线索登记；未真正进入 documents/pages，不再计入已收集。,2026-07-18,codex,lead_only,2026-07-18 06:54:44,L1,core,
35,domestic:SAAC:1949-09-28-01,中国人民政治协商会议共同纲领草案整理委员会会议记录,中国人民政治协商会议共同纲领草案整理委员会,1949-09-28,委员会会议记录,SAAC,中央档案馆,从五一口号到开国大典档案文献专题,,,,,saac:gqzt:content/05/05_65,verified,https://www.saac.gov.cn/daj/gqzt/content/05/05_65.html,item_surrogate,open,官方专题页含会议记录影像入口,hybrid,surrogate_online,public,citation_only,国家档案局专题页面规则待核对,unknown,L1,core,"[""1949第一届政协"", ""共同纲领""]","[""周恩来"", ""张澜""]","[""北平""]",中央档案馆官方专题具体委员会会议记录条目，题名和日期明确。,digital_image,条目页标题、日期和图片,公开页未显示完整档号和页码。,2026-07-18,codex,accepted,2026-08-02 降级 lead_only：surrogate_online 无可采集全文，仅线索登记；未真正进入 documents/pages，不再计入已收集。,2026-07-18,codex,lead_only,2026-07-18 06:54:44,L1,core,
36,domestic:SAAC:1949-09-29-01,中国人民政治协商会议第一届全体会议通过的《中国人民政治协商会议共同纲领》,中国人民政治协商会议第一届全体会议,1949-09-29,正式会议文件,SAAC,中央档案馆,从五一口号到开国大典档案文献专题,,,,,saac:gqzt:content/05/05_68,verified,https://www.saac.gov.cn/daj/gqzt/content/05/05_68.html,item_surrogate,open,官方专题页含正式文件影像入口,hybrid,surrogate_online,public,citation_only,国家档案局专题页面规则待核对,unknown,L1,core,"[""1949第一届政协"", ""共同纲领""]","[""张澜"", ""黄炎培"", ""沈钧儒""]","[""北平""]",中央档案馆官方专题具体正式文件条目，题名和通过日期明确，是新政协建国文件核心记录。,digital_image,条目页标题、日期和图片,公开页未显示完整档号和页码。,2026-07-18,codex,accepted,2026-08-02 降级 lead_only：surrogate_online 无可采集全文，仅线索登记；未真正进入 documents/pages，不再计入已收集。,2026-07-18,codex,lead_only,2026-07-18 06:54:44,L1,core,
37,domestic:SAAC:1949-09-29-02,中国人民政治协商会议第一届全体会议第七天会议记录,中国人民政治协商会议第一届全体会议,1949-09-29,会议记录,SAAC,中央档案馆,从五一口号到开国大典档案文献专题,,,,,saac:gqzt:content/05/05_71,verified,https://www.saac.gov.cn/daj/gqzt/content/05/05_71.html,item_surrogate,open,官方专题页含会议记录影像入口,hybrid,surrogate_online,public,citation_only,国家档案局专题页面规则待核对,unknown,L1,related,"[""1949第一届政协"", ""共同纲领""]","[""张澜"", ""黄炎培""]","[""北平""]",中央档案馆官方专题具体会议记录条目，题名和日期明确。,digital_image,条目页标题、日期和图片,公开页未显示完整档号和页码。,2026-07-18,codex,accepted,2026-08-02 降级 lead_only：surrogate_online 无可采集全文，仅线索登记；未真正进入 documents/pages，不再计入已收集。,2026-07-18,codex,lead_only,2026-07-18 06:54:44,L1,related,
38,domestic:SAAC:1949-09-30-01,中国人民政治协商会议第一届全体会议宣言（草案）,中国人民政治协商会议第一届全体会议,1949-09-30,会议文件草案,SAAC,中央档案馆,从五一口号到开国大典档案文献专题,,,,,saac:gqzt:content/05/05_80,verified,https://www.saac.gov.cn/daj/gqzt/content/05/05_80.html,item_surrogate,open,官方专题页含文件草案影像入口,hybrid,surrogate_online,public,citation_only,国家档案局专题页面规则待核对,unknown,L1,core,"[""1949第一届政协"", ""建国宣言""]","[""张澜"", ""黄炎培""]","[""北平""]",中央档案馆官方专题具体文件草案条目，题名和日期明确。,digital_image,条目页标题、日期和图片,公开页未显示完整档号和页码。,2026-07-18,codex,accepted,2026-08-02 降级 lead_only：surrogate_online 无可采集全文，仅线索登记；未真正进入 documents/pages，不再计入已收集。,2026-07-18,codex,lead_only,2026-07-18 06:54:44,L1,core,
39,domestic:SAAC:1949-09-30-02,中国人民政治协商会议第一届全体会议全国委员会委员名单,中国人民政治协商会议第一届全体会议,1949-09-30,委员会委员名册,SAAC,中央档案馆,从五一口号到开国大典档案文献专题,,,,,saac:gqzt:content/05/05_82,verified,https://www.saac.gov.cn/daj/gqzt/content/05/05_82.html,item_surrogate,open,官方专题页含名单影像入口,hybrid,surrogate_online,public,citation_only,国家档案局专题页面规则待核对,unknown,L1,core,"[""1949第一届政协"", ""全国委员会""]","[""张澜"", ""黄炎培"", ""沈钧儒""]","[""北平""]",中央档案馆官方专题具体委员名单条目，题名和日期明确，可用于核验民盟代表进入政协全国委员会情况。,digital_image,条目页标题、日期和图片,公开页未显示完整档号和页码。,2026-07-18,codex,accepted,2026-08-02 降级 lead_only：surrogate_online 无可采集全文，仅线索登记；未真正进入 documents/pages，不再计入已收集。,2026-07-18,codex,lead_only,2026-07-18 06:54:44,L1,core,
40,domestic:SAAC:1949-09-30-03,朱德在中国人民政治协商会议第一届全体会议上致闭幕词,朱德,1949-09-30,闭幕词,SAAC,中央档案馆,从五一口号到开国大典档案文献专题,,,,,saac:gqzt:content/05/05_84,verified,https://www.saac.gov.cn/daj/gqzt/content/05/05_84.html,item_surrogate,open,官方专题页含闭幕词影像入口,hybrid,surrogate_online,public,citation_only,国家档案局专题页面规则待核对,unknown,L1,related,"[""1949第一届政协"", ""会议闭幕""]","[""朱德"", ""张澜""]","[""北平""]",中央档案馆官方专题具体闭幕词条目，题名、形成者和日期明确。,digital_image,条目页标题、日期和图片,公开页未显示完整档号和页码。,2026-07-18,codex,accepted,2026-08-02 降级 lead_only：surrogate_online 无可采集全文，仅线索登记；未真正进入 documents/pages，不再计入已收集。,2026-07-18,codex,lead_only,2026-07-18 06:54:44,L1,related,
41,domestic:SAAC:1949-index-c01,中国人民政治协商会议第一届全体会议会场,中国人民政治协商会议第一届全体会议,1949-09-21,照片,SAAC,中央档案馆,从五一口号到开国大典档案文献专题,,,,,saac:gqzt:content/05/05_01,verified,https://www.saac.gov.cn/daj/gqzt/content/05/05_01.html,item_surrogate,open,国家档案局官方具体条目页可访问，含公开图片入口；完整档号待补,hybrid,surrogate_online,public,citation_only,国家档案局专题页面规则待核对,unknown,L1,related,"[""1949第一届政协""]","[""张澜"", ""黄炎培""]","[""北平""]",国家档案局官方具体条目页可访问，题名和形成日期明确，并提供公开图片入口；暂按官方影印/数字替身候选处理。,digital_image,具体条目页标题、日期和图片入口,公开页未显示完整全宗号、案卷号和页码，影像文字与复制权利仍待人工核验。,2026-07-18,codex,accepted,2026-08-02 降级 lead_only：surrogate_online 无可采集全文，仅线索登记；未真正进入 documents/pages，不再计入已收集。,2026-07-18,codex,lead_only,2026-07-18 06:58:13,L1,related,
42,domestic:SAAC:1949-index-c02,中国人民政治协商会议第一届全体会议开幕式签到簿,中国人民政治协商会议第一届全体会议,1949-09-21,签到簿,SAAC,中央档案馆,从五一口号到开国大典档案文献专题,,,,,saac:gqzt:content/05/05_04,verified,https://www.saac.gov.cn/daj/gqzt/content/05/05_04.html,item_surrogate,open,国家档案局官方具体条目页可访问，含公开图片入口；完整档号待补,hybrid,surrogate_online,public,citation_only,国家档案局专题页面规则待核对,unknown,L1,core,"[""1949第一届政协""]","[""张澜"", ""黄炎培""]","[""北平""]",国家档案局官方具体条目页可访问，题名和形成日期明确，并提供公开图片入口；暂按官方影印/数字替身候选处理。,digital_image,具体条目页标题、日期和图片入口,公开页未显示完整全宗号、案卷号和页码，影像文字与复制权利仍待人工核验。,2026-07-18,codex,accepted,2026-08-02 降级 lead_only：surrogate_online 无可采集全文，仅线索登记；未真正进入 documents/pages，不再计入已收集。,2026-07-18,codex,lead_only,2026-07-18 06:58:13,L1,core,
43,domestic:SAAC:1949-index-c03,中国人民政治协商会议第一届全体会议代表签到,中国人民政治协商会议第一届全体会议,1949-09-21,签到记录,SAAC,中央档案馆,从五一口号到开国大典档案文献专题,,,,,saac:gqzt:content/05/05_05,verified,https://www.saac.gov.cn/daj/gqzt/content/05/05_05.html,item_surrogate,open,国家档案局官方具体条目页可访问，含公开图片入口；完整档号待补,hybrid,surrogate_online,public,citation_only,国家档案局专题页面规则待核对,unknown,L1,core,"[""1949第一届政协""]","[""张澜"", ""黄炎培""]","[""北平""]",国家档案局官方具体条目页可访问，题名和形成日期明确，并提供公开图片入口；暂按官方影印/数字替身候选处理。,digital_image,具体条目页标题、日期和图片入口,公开页未显示完整全宗号、案卷号和页码，影像文字与复制权利仍待人工核验。,2026-07-18,codex,accepted,2026-08-02 降级 lead_only：surrogate_online 无可采集全文，仅线索登记；未真正进入 documents/pages，不再计入已收集。,2026-07-18,codex,lead_only,2026-07-18 06:58:13,L1,core,
44,domestic:SAAC:1949-index-c04,毛泽东在中国人民政治协商会议第一届全体会议上致开幕词,毛泽东,1949-09-21,开幕词,SAAC,中央档案馆,从五一口号到开国大典档案文献专题,,,,,saac:gqzt:content/05/05_08,verified,https://www.saac.gov.cn/daj/gqzt/content/05/05_08.html,item_surrogate,open,国家档案局官方具体条目页可访问，含公开图片入口；完整档号待补,hybrid,surrogate_online,public,citation_only,国家档案局专题页面规则待核对,unknown,L1,related,"[""1949第一届政协""]","[""毛泽东""]","[""北平""]",国家档案局官方具体条目页可访问，题名和形成日期明确，并提供公开图片入口；暂按官方影印/数字替身候选处理。,digital_image,具体条目页标题、日期和图片入口,公开页未显示完整全宗号、案卷号和页码，影像文字与复制权利仍待人工核验。,2026-07-18,codex,accepted,2026-08-02 降级 lead_only：surrogate_online 无可采集全文，仅线索登记；未真正进入 documents/pages，不再计入已收集。,2026-07-18,codex,lead_only,2026-07-18 06:58:13,L1,related,
45,domestic:SAAC:1949-index-c05,中国共产党代表刘少奇在中国人民政治协商会议第一届全体会议上的讲话,刘少奇,1949-09-21,会议讲话,SAAC,中央档案馆,从五一口号到开国大典档案文献专题,,,,,saac:gqzt:content/05/05_09,verified,https://www.saac.gov.cn/daj/gqzt/content/05/05_09.html,item_surrogate,open,国家档案局官方具体条目页可访问，含公开图片入口；完整档号待补,hybrid,surrogate_online,public,citation_only,国家档案局专题页面规则待核对,unknown,L1,related,"[""1949第一届政协""]","[""刘少奇"", ""张澜""]","[""北平""]",国家档案局官方具体条目页可访问，题名和形成日期明确，并提供公开图片入口；暂按官方影印/数字替身候选处理。,digital_image,具体条目页标题、日期和图片入口,公开页未显示完整全宗号、案卷号和页码，影像文字与复制权利仍待人工核验。,2026-07-18,codex,accepted,2026-08-02 降级 lead_only：surrogate_online 无可采集全文，仅线索登记；未真正进入 documents/pages，不再计入已收集。,2026-07-18,codex,lead_only,2026-07-18 06:58:13,L1,related,
46,domestic:SAAC:1949-index-c06,特邀代表宋庆龄在中国人民政治协商会议第一届全体会议上的讲话,宋庆龄,1949-09-21,会议讲话,SAAC,中央档案馆,从五一口号到开国大典档案文献专题,,,,,saac:gqzt:content/05/05_10,verified,https://www.saac.gov.cn/daj/gqzt/content/05/05_10.html,item_surrogate,open,国家档案局官方具体条目页可访问，含公开图片入口；完整档号待补,hybrid,surrogate_online,public,citation_only,国家档案局专题页面规则待核对,unknown,L1,related,"[""1949第一届政协""]","[""宋庆龄"", ""张澜""]","[""北平""]",国家档案局官方具体条目页可访问，题名和形成日期明确，并提供公开图片入口；暂按官方影印/数字替身候选处理。,digital_image,具体条目页标题、日期和图片入口,公开页未显示完整全宗号、案卷号和页码，影像文字与复制权利仍待人工核验。,2026-07-18,codex,accepted,2026-08-02 降级 lead_only：surrogate_online 无可采集全文，仅线索登记；未真正进入 documents/pages，不再计入已收集。,2026-07-18,codex,lead_only,2026-07-18 06:58:13,L1,related,
47,domestic:SAAC:1949-index-c07,中华全国总工会副主席李立三在中国人民政治协商会议第一届全体会议上的讲话,李立三,1949-09-21,会议讲话,SAAC,中央档案馆,从五一口号到开国大典档案文献专题,,,,,saac:gqzt:content/05/05_12,verified,https://www.saac.gov.cn/daj/gqzt/content/05/05_12.html,item_surrogate,open,国家档案局官方具体条目页可访问，含公开图片入口；完整档号待补,hybrid,surrogate_online,public,citation_only,国家档案局专题页面规则待核对,unknown,L1,related,"[""1949第一届政协""]","[""李立三"", ""张澜""]","[""北平""]",国家档案局官方具体条目页可访问，题名和形成日期明确，并提供公开图片入口；暂按官方影印/数字替身候选处理。,digital_image,具体条目页标题、日期和图片入口,公开页未显示完整全宗号、案卷号和页码，影像文字与复制权利仍待人工核验。,2026-07-18,codex,accepted,2026-08-02 降级 lead_only：surrogate_online 无可采集全文，仅线索登记；未真正进入 documents/pages，不再计入已收集。,2026-07-18,codex,lead_only,2026-07-18 06:58:13,L1,related,
48,domestic:SAAC:1949-index-c08,特邀代表张治中在中国人民政治协商会议第一届全体会议上的讲话,张治中,1949-09-21,会议讲话,SAAC,中央档案馆,从五一口号到开国大典档案文献专题,,,,,saac:gqzt:content/05/05_13,verified,https://www.saac.gov.cn/daj/gqzt/content/05/05_13.html,item_surrogate,open,国家档案局官方具体条目页可访问，含公开图片入口；完整档号待补,hybrid,surrogate_online,public,citation_only,国家档案局专题页面规则待核对,unknown,L1,related,"[""1949第一届政协""]","[""张治中"", ""张澜""]","[""北平""]",国家档案局官方具体条目页可访问，题名和形成日期明确，并提供公开图片入口；暂按官方影印/数字替身候选处理。,digital_image,具体条目页标题、日期和图片入口,公开页未显示完整全宗号、案卷号和页码，影像文字与复制权利仍待人工核验。,2026-07-18,codex,accepted,2026-08-02 降级 lead_only：surrogate_online 无可采集全文，仅线索登记；未真正进入 documents/pages，不再计入已收集。,2026-07-18,codex,lead_only,2026-07-18 06:58:13,L1,related,
49,domestic:SAAC:1949-index-c09,特邀代表程潜在中国人民政治协商会议第一届全体会议上的讲话,程潜,1949-09-21,会议讲话,SAAC,中央档案馆,从五一口号到开国大典档案文献专题,,,,,saac:gqzt:content/05/05_14,verified,https://www.saac.gov.cn/daj/gqzt/content/05/05_14.html,item_surrogate,open,国家档案局官方具体条目页可访问，含公开图片入口；完整档号待补,hybrid,surrogate_online,public,citation_only,国家档案局专题页面规则待核对,unknown,L1,related,"[""1949第一届政协""]","[""程潜"", ""张澜""]","[""北平""]",国家档案局官方具体条目页可访问，题名和形成日期明确，并提供公开图片入口；暂按官方影印/数字替身候选处理。,digital_image,具体条目页标题、日期和图片入口,公开页未显示完整全宗号、案卷号和页码，影像文字与复制权利仍待人工核验。,2026-07-18,codex,accepted,2026-08-02 降级 lead_only：surrogate_online 无可采集全文，仅线索登记；未真正进入 documents/pages，不再计入已收集。,2026-07-18,codex,lead_only,2026-07-18 06:58:13,L1,related,
50,domestic:SAAC:1949-index-c10,华侨代表司徒美堂在中国人民政治协商会议第一届全体会议上的讲话,司徒美堂,1949-09-21,会议讲话,SAAC,中央档案馆,从五一口号到开国大典档案文献专题,,,,,saac:gqzt:content/05/05_15,verified,https://www.saac.gov.cn/daj/gqzt/content/05/05_15.html,item_surrogate,open,国家档案局官方具体条目页可访问，含公开图片入口；完整档号待补,hybrid,surrogate_online,public,citation_only,国家档案局专题页面规则待核对,unknown,L1,related,"[""1949第一届政协""]","[""司徒美堂"", ""张澜""]","[""北平""]",国家档案局官方具体条目页可访问，题名和形成日期明确，并提供公开图片入口；暂按官方影印/数字替身候选处理。,digital_image,具体条目页标题、日期和图片入口,公开页未显示完整全宗号、案卷号和页码，影像文字与复制权利仍待人工核验。,2026-07-18,codex,accepted,2026-08-02 降级 lead_only：surrogate_online 无可采集全文，仅线索登记；未真正进入 documents/pages，不再计入已收集。,2026-07-18,codex,lead_only,2026-07-18 06:58:13,L1,related,
51,domestic:SAAC:1949-index-c11,何香凝、陈毅、黄炎培在中国人民政治协商会议第一届全体会议上讲话照片,何香凝、陈毅、黄炎培,1949-09-21,照片,SAAC,中央档案馆,从五一口号到开国大典档案文献专题,,,,,saac:gqzt:content/05/05_16,verified,https://www.saac.gov.cn/daj/gqzt/content/05/05_16.html,item_surrogate,open,国家档案局官方具体条目页可访问，含公开图片入口；完整档号待补,hybrid,surrogate_online,public,citation_only,国家档案局专题页面规则待核对,unknown,L1,core,"[""1949第一届政协""]","[""黄炎培"", ""何香凝"", ""陈毅""]","[""北平""]",国家档案局官方具体条目页可访问，题名和形成日期明确，并提供公开图片入口；暂按官方影印/数字替身候选处理。,digital_image,具体条目页标题、日期和图片入口,公开页未显示完整全宗号、案卷号和页码，影像文字与复制权利仍待人工核验。,2026-07-18,codex,accepted,2026-08-02 降级 lead_only：surrogate_online 无可采集全文，仅线索登记；未真正进入 documents/pages，不再计入已收集。,2026-07-18,codex,lead_only,2026-07-18 06:58:13,L1,core,
52,domestic:SAAC:1949-index-c12,中国人民政治协商会议第一届全体会议会议现场,中国人民政治协商会议第一届全体会议,1949-09-21,会议照片,SAAC,中央档案馆,从五一口号到开国大典档案文献专题,,,,,saac:gqzt:content/05/05_17,verified,https://www.saac.gov.cn/daj/gqzt/content/05/05_17.html,item_surrogate,open,国家档案局官方具体条目页可访问，含公开图片入口；完整档号待补,hybrid,surrogate_online,public,citation_only,国家档案局专题页面规则待核对,unknown,L1,related,"[""1949第一届政协""]","[""张澜"", ""黄炎培""]","[""北平""]",国家档案局官方具体条目页可访问，题名和形成日期明确，并提供公开图片入口；暂按官方影印/数字替身候选处理。,digital_image,具体条目页标题、日期和图片入口,公开页未显示完整全宗号、案卷号和页码，影像文字与复制权利仍待人工核验。,2026-07-18,codex,accepted,2026-08-02 降级 lead_only：surrogate_online 无可采集全文，仅线索登记；未真正进入 documents/pages，不再计入已收集。,2026-07-18,codex,lead_only,2026-07-18 06:58:13,L1,related,
53,domestic:SAAC:1949-index-c13,董必武关于草拟中华人民共和国中央人民政府组织法的经过及其基本内容的报告,董必武,1949-09-22,会议报告,SAAC,中央档案馆,从五一口号到开国大典档案文献专题,,,,,saac:gqzt:content/05/05_25,verified,https://www.saac.gov.cn/daj/gqzt/content/05/05_25.html,item_surrogate,open,国家档案局官方具体条目页可访问，含公开图片入口；完整档号待补,hybrid,surrogate_online,public,citation_only,国家档案局专题页面规则待核对,unknown,L1,core,"[""1949第一届政协""]","[""董必武"", ""黄炎培""]","[""北平""]",国家档案局官方具体条目页可访问，题名和形成日期明确，并提供公开图片入口；暂按官方影印/数字替身候选处理。,digital_image,具体条目页标题、日期和图片入口,公开页未显示完整全宗号、案卷号和页码，影像文字与复制权利仍待人工核验。,2026-07-18,codex,accepted,2026-08-02 降级 lead_only：surrogate_online 无可采集全文，仅线索登记；未真正进入 documents/pages，不再计入已收集。,2026-07-18,codex,lead_only,2026-07-18 06:58:13,L1,core,
54,domestic:SAAC:1949-index-c14,林伯渠、谭平山在中国人民政治协商会议第一届全体会议上作报告照片,林伯渠、谭平山,1949-09-22,照片,SAAC,中央档案馆,从五一口号到开国大典档案文献专题,,,,,saac:gqzt:content/05/05_26,verified,https://www.saac.gov.cn/daj/gqzt/content/05/05_26.html,item_surrogate,open,国家档案局官方具体条目页可访问，含公开图片入口；完整档号待补,hybrid,surrogate_online,public,citation_only,国家档案局专题页面规则待核对,unknown,L1,related,"[""1949第一届政协""]","[""谭平山""]","[""北平""]",国家档案局官方具体条目页可访问，题名和形成日期明确，并提供公开图片入口；暂按官方影印/数字替身候选处理。,digital_image,具体条目页标题、日期和图片入口,公开页未显示完整全宗号、案卷号和页码，影像文字与复制权利仍待人工核验。,2026-07-18,codex,accepted,2026-08-02 降级 lead_only：surrogate_online 无可采集全文，仅线索登记；未真正进入 documents/pages，不再计入已收集。,2026-07-18,codex,lead_only,2026-07-18 06:58:13,L1,related,
55,domestic:SAAC:1949-index-c15,中国人民政治协商会议第一届全体会议主席团常委会第一次会议记录,中国人民政治协商会议第一届全体会议主席团常委会,1949-09-22,会议记录,SAAC,中央档案馆,从五一口号到开国大典档案文献专题,,,,,saac:gqzt:content/05/05_27,verified,https://www.saac.gov.cn/daj/gqzt/content/05/05_27.html,item_surrogate,open,国家档案局官方具体条目页可访问，含公开图片入口；完整档号待补,hybrid,surrogate_online,public,citation_only,国家档案局专题页面规则待核对,unknown,L1,related,"[""1949第一届政协""]","[""张澜"", ""黄炎培""]","[""北平""]",国家档案局官方具体条目页可访问，题名和形成日期明确，并提供公开图片入口；暂按官方影印/数字替身候选处理。,digital_image,具体条目页标题、日期和图片入口,公开页未显示完整全宗号、案卷号和页码，影像文字与复制权利仍待人工核验。,2026-07-18,codex,accepted,2026-08-02 降级 lead_only：surrogate_online 无可采集全文，仅线索登记；未真正进入 documents/pages，不再计入已收集。,2026-07-18,codex,lead_only,2026-07-18 06:58:13,L1,related,
56,domestic:SAAC:1949-index-c16,中国人民政治协商会议筹备会第六小组第五次全体会议记录,中国人民政治协商会议筹备会第六小组,1949-09-22,会议记录,SAAC,中央档案馆,从五一口号到开国大典档案文献专题,,,,,saac:gqzt:content/05/05_28,verified,https://www.saac.gov.cn/daj/gqzt/content/05/05_28.html,item_surrogate,open,国家档案局官方具体条目页可访问，含公开图片入口；完整档号待补,hybrid,surrogate_online,public,citation_only,国家档案局专题页面规则待核对,unknown,L1,related,"[""1949第一届政协""]","[""谭平山""]","[""北平""]",国家档案局官方具体条目页可访问，题名和形成日期明确，并提供公开图片入口；暂按官方影印/数字替身候选处理。,digital_image,具体条目页标题、日期和图片入口,公开页未显示完整全宗号、案卷号和页码，影像文字与复制权利仍待人工核验。,2026-07-18,codex,accepted,2026-08-02 降级 lead_only：surrogate_online 无可采集全文，仅线索登记；未真正进入 documents/pages，不再计入已收集。,2026-07-18,codex,lead_only,2026-07-18 06:58:13,L1,related,
57,domestic:SAAC:1949-index-c17,中国人民政治协商会议第一届全体会议会刊第二期,中国人民政治协商会议第一届全体会议,1949-09-22,会议刊物,SAAC,中央档案馆,从五一口号到开国大典档案文献专题,,,,,saac:gqzt:content/05/05_29,verified,https://www.saac.gov.cn/daj/gqzt/content/05/05_29.html,item_surrogate,open,国家档案局官方具体条目页可访问，含公开图片入口；完整档号待补,hybrid,surrogate_online,public,citation_only,国家档案局专题页面规则待核对,unknown,L1,core,"[""1949第一届政协""]","[""张澜"", ""黄炎培""]","[""北平""]",国家档案局官方具体条目页可访问，题名和形成日期明确，并提供公开图片入口；暂按官方影印/数字替身候选处理。,digital_image,具体条目页标题、日期和图片入口,公开页未显示完整全宗号、案卷号和页码，影像文字与复制权利仍待人工核验。,2026-07-18,codex,accepted,2026-08-02 降级 lead_only：surrogate_online 无可采集全文，仅线索登记；未真正进入 documents/pages，不再计入已收集。,2026-07-18,codex,lead_only,2026-07-18 06:58:13,L1,core,
58,domestic:SAAC:1949-index-c18,中国国民党革命委员会主席李济深在中国人民政治协商会议第一届全体会议上的发言,李济深,1949-09-23,会议讲话,SAAC,中央档案馆,从五一口号到开国大典档案文献专题,,,,,saac:gqzt:content/05/05_30,verified,https://www.saac.gov.cn/daj/gqzt/content/05/05_30.html,item_surrogate,open,国家档案局官方具体条目页可访问，含公开图片入口；完整档号待补,hybrid,surrogate_online,public,citation_only,国家档案局专题页面规则待核对,unknown,L1,related,"[""1949第一届政协""]","[""李济深"", ""张澜""]","[""北平""]",国家档案局官方具体条目页可访问，题名和形成日期明确，并提供公开图片入口；暂按官方影印/数字替身候选处理。,digital_image,具体条目页标题、日期和图片入口,公开页未显示完整全宗号、案卷号和页码，影像文字与复制权利仍待人工核验。,2026-07-18,codex,accepted,2026-08-02 降级 lead_only：surrogate_online 无可采集全文，仅线索登记；未真正进入 documents/pages，不再计入已收集。,2026-07-18,codex,lead_only,2026-07-18 06:58:13,L1,related,
59,domestic:SAAC:1949-index-c19,人民解放军第二野战军首席代表刘伯承在中国人民政治协商会议第一届全体会议上的发言,刘伯承,1949-09-23,会议讲话,SAAC,中央档案馆,从五一口号到开国大典档案文献专题,,,,,saac:gqzt:content/05/05_31,verified,https://www.saac.gov.cn/daj/gqzt/content/05/05_31.html,item_surrogate,open,国家档案局官方具体条目页可访问，含公开图片入口；完整档号待补,hybrid,surrogate_online,public,citation_only,国家档案局专题页面规则待核对,unknown,L1,related,"[""1949第一届政协""]","[""刘伯承"", ""张澜""]","[""北平""]",国家档案局官方具体条目页可访问，题名和形成日期明确，并提供公开图片入口；暂按官方影印/数字替身候选处理。,digital_image,具体条目页标题、日期和图片入口,公开页未显示完整全宗号、案卷号和页码，影像文字与复制权利仍待人工核验。,2026-07-18,codex,accepted,2026-08-02 降级 lead_only：surrogate_online 无可采集全文，仅线索登记；未真正进入 documents/pages，不再计入已收集。,2026-07-18,codex,lead_only,2026-07-18 06:58:13,L1,related,
60,domestic:SAAC:1949-index-c20,特邀代表傅作义在中国人民政治协商会议第一届全体会议上的发言,傅作义,1949-09-23,会议讲话,SAAC,中央档案馆,从五一口号到开国大典档案文献专题,,,,,saac:gqzt:content/05/05_32,verified,https://www.saac.gov.cn/daj/gqzt/content/05/05_32.html,item_surrogate,open,国家档案局官方具体条目页可访问，含公开图片入口；完整档号待补,hybrid,surrogate_online,public,citation_only,国家档案局专题页面规则待核对,unknown,L1,related,"[""1949第一届政协""]","[""傅作义"", ""张澜""]","[""北平""]",国家档案局官方具体条目页可访问，题名和形成日期明确，并提供公开图片入口；暂按官方影印/数字替身候选处理。,digital_image,具体条目页标题、日期和图片入口,公开页未显示完整全宗号、案卷号和页码，影像文字与复制权利仍待人工核验。,2026-07-18,codex,accepted,2026-08-02 降级 lead_only：surrogate_online 无可采集全文，仅线索登记；未真正进入 documents/pages，不再计入已收集。,2026-07-18,codex,lead_only,2026-07-18 06:58:13,L1,related,
61,domestic:SAAC:1949-index-c21,人民解放军第三野战军首席代表粟裕在中国人民政治协商会议第一届全体会议上的发言,粟裕,1949-09-23,会议讲话,SAAC,中央档案馆,从五一口号到开国大典档案文献专题,,,,,saac:gqzt:content/05/05_33,verified,https://www.saac.gov.cn/daj/gqzt/content/05/05_33.html,item_surrogate,open,国家档案局官方具体条目页可访问，含公开图片入口；完整档号待补,hybrid,surrogate_online,public,citation_only,国家档案局专题页面规则待核对,unknown,L1,related,"[""1949第一届政协""]","[""粟裕"", ""张澜""]","[""北平""]",国家档案局官方具体条目页可访问，题名和形成日期明确，并提供公开图片入口；暂按官方影印/数字替身候选处理。,digital_image,具体条目页标题、日期和图片入口,公开页未显示完整全宗号、案卷号和页码，影像文字与复制权利仍待人工核验。,2026-07-18,codex,accepted,2026-08-02 降级 lead_only：surrogate_online 无可采集全文，仅线索登记；未真正进入 documents/pages，不再计入已收集。,2026-07-18,codex,lead_only,2026-07-18 06:58:13,L1,related,
62,domestic:SAAC:1949-index-c22,中华全国民主青年联合总会首席代表廖承志在中国人民政治协商会议第一届全体会议上的发言,廖承志,1949-09-23,会议讲话,SAAC,中央档案馆,从五一口号到开国大典档案文献专题,,,,,saac:gqzt:content/05/05_34,verified,https://www.saac.gov.cn/daj/gqzt/content/05/05_34.html,item_surrogate,open,国家档案局官方具体条目页可访问，含公开图片入口；完整档号待补,hybrid,surrogate_online,public,citation_only,国家档案局专题页面规则待核对,unknown,L1,related,"[""1949第一届政协""]","[""廖承志"", ""张澜""]","[""北平""]",国家档案局官方具体条目页可访问，题名和形成日期明确，并提供公开图片入口；暂按官方影印/数字替身候选处理。,digital_image,具体条目页标题、日期和图片入口,公开页未显示完整全宗号、案卷号和页码，影像文字与复制权利仍待人工核验。,2026-07-18,codex,accepted,2026-08-02 降级 lead_only：surrogate_online 无可采集全文，仅线索登记；未真正进入 documents/pages，不再计入已收集。,2026-07-18,codex,lead_only,2026-07-18 06:58:13,L1,related,
63,domestic:SAAC:1949-index-c23,中国人民政治协商会议第一届全体会议会刊第三期,中国人民政治协商会议第一届全体会议,1949-09-23,会议刊物,SAAC,中央档案馆,从五一口号到开国大典档案文献专题,,,,,saac:gqzt:content/05/05_41,verified,https://www.saac.gov.cn/daj/gqzt/content/05/05_41.html,item_surrogate,open,国家档案局官方具体条目页可访问，含公开图片入口；完整档号待补,hybrid,surrogate_online,public,citation_only,国家档案局专题页面规则待核对,unknown,L1,core,"[""1949第一届政协""]","[""张澜"", ""黄炎培""]","[""北平""]",国家档案局官方具体条目页可访问，题名和形成日期明确，并提供公开图片入口；暂按官方影印/数字替身候选处理。,digital_image,具体条目页标题、日期和图片入口,公开页未显示完整全宗号、案卷号和页码，影像文字与复制权利仍待人工核验。,2026-07-18,codex,accepted,2026-08-02 降级 lead_only：surrogate_online 无可采集全文，仅线索登记；未真正进入 documents/pages，不再计入已收集。,2026-07-18,codex,lead_only,2026-07-18 06:58:13,L1,core,
64,domestic:SAAC:1949-index-c24,中华全国民主妇女联合会代表邓颖超在中国人民政治协商会议第一届全体会议上的发言,邓颖超,1949-09-24,会议讲话,SAAC,中央档案馆,从五一口号到开国大典档案文献专题,,,,,saac:gqzt:content/05/05_42,verified,https://www.saac.gov.cn/daj/gqzt/content/05/05_42.html,item_surrogate,open,国家档案局官方具体条目页可访问，含公开图片入口；完整档号待补,hybrid,surrogate_online,public,citation_only,国家档案局专题页面规则待核对,unknown,L1,related,"[""1949第一届政协""]","[""邓颖超"", ""张澜""]","[""北平""]",国家档案局官方具体条目页可访问，题名和形成日期明确，并提供公开图片入口；暂按官方影印/数字替身候选处理。,digital_image,具体条目页标题、日期和图片入口,公开页未显示完整全宗号、案卷号和页码，影像文字与复制权利仍待人工核验。,2026-07-18,codex,accepted,2026-08-02 降级 lead_only：surrogate_online 无可采集全文，仅线索登记；未真正进入 documents/pages，不再计入已收集。,2026-07-18,codex,lead_only,2026-07-18 06:58:13,L1,related,
65,domestic:SAAC:1949-index-c25,九三学社首席代表许德珩在中国人民政治协商会议第一届全体会议上的发言,许德珩,1949-09-24,会议讲话,SAAC,中央档案馆,从五一口号到开国大典档案文献专题,,,,,saac:gqzt:content/05/05_43,verified,https://www.saac.gov.cn/daj/gqzt/content/05/05_43.html,item_surrogate,open,国家档案局官方具体条目页可访问，含公开图片入口；完整档号待补,hybrid,surrogate_online,public,citation_only,国家档案局专题页面规则待核对,unknown,L1,related,"[""1949第一届政协""]","[""许德珩"", ""张澜""]","[""北平""]",国家档案局官方具体条目页可访问，题名和形成日期明确，并提供公开图片入口；暂按官方影印/数字替身候选处理。,digital_image,具体条目页标题、日期和图片入口,公开页未显示完整全宗号、案卷号和页码，影像文字与复制权利仍待人工核验。,2026-07-18,codex,accepted,2026-08-02 降级 lead_only：surrogate_online 无可采集全文，仅线索登记；未真正进入 documents/pages，不再计入已收集。,2026-07-18,codex,lead_only,2026-07-18 06:58:13,L1,related,
66,domestic:SAAC:1949-index-c26,马明方、高崇民、彭泽民、张云逸、乌兰夫、梅兰芳、谢邦定在中国人民政治协商会议第一届全体会议上发言照片,多位政协代表,1949-09-24,照片,SAAC,中央档案馆,从五一口号到开国大典档案文献专题,,,,,saac:gqzt:content/05/05_44,verified,https://www.saac.gov.cn/daj/gqzt/content/05/05_44.html,item_surrogate,open,国家档案局官方具体条目页可访问，含公开图片入口；完整档号待补,hybrid,surrogate_online,public,citation_only,国家档案局专题页面规则待核对,unknown,L1,related,"[""1949第一届政协""]","[""张澜"", ""黄炎培""]","[""北平""]",国家档案局官方具体条目页可访问，题名和形成日期明确，并提供公开图片入口；暂按官方影印/数字替身候选处理。,digital_image,具体条目页标题、日期和图片入口,公开页未显示完整全宗号、案卷号和页码，影像文字与复制权利仍待人工核验。,2026-07-18,codex,accepted,2026-08-02 降级 lead_only：surrogate_online 无可采集全文，仅线索登记；未真正进入 documents/pages，不再计入已收集。,2026-07-18,codex,lead_only,2026-07-18 06:58:13,L1,related,
67,domestic:SAAC:1949-index-c27,中国人民政治协商会议秘书处关于召开主席团常委会第二次会议的通知,中国人民政治协商会议秘书处,1949-09-24,会议通知,SAAC,中央档案馆,从五一口号到开国大典档案文献专题,,,,,saac:gqzt:content/05/05_45,verified,https://www.saac.gov.cn/daj/gqzt/content/05/05_45.html,item_surrogate,open,国家档案局官方具体条目页可访问，含公开图片入口；完整档号待补,hybrid,surrogate_online,public,citation_only,国家档案局专题页面规则待核对,unknown,L1,related,"[""1949第一届政协""]","[""张澜"", ""黄炎培""]","[""北平""]",国家档案局官方具体条目页可访问，题名和形成日期明确，并提供公开图片入口；暂按官方影印/数字替身候选处理。,digital_image,具体条目页标题、日期和图片入口,公开页未显示完整全宗号、案卷号和页码，影像文字与复制权利仍待人工核验。,2026-07-18,codex,accepted,2026-08-02 降级 lead_only：surrogate_online 无可采集全文，仅线索登记；未真正进入 documents/pages，不再计入已收集。,2026-07-18,codex,lead_only,2026-07-18 06:58:13,L1,related,
68,domestic:SAAC:1949-index-c28,召开政府组织法草案整理委员会第一次会议的通知,中国人民政治协商会议秘书处,1949-09-24,会议通知,SAAC,中央档案馆,从五一口号到开国大典档案文献专题,,,,,saac:gqzt:content/05/05_46,verified,https://www.saac.gov.cn/daj/gqzt/content/05/05_46.html,item_surrogate,open,国家档案局官方具体条目页可访问，含公开图片入口；完整档号待补,hybrid,surrogate_online,public,citation_only,国家档案局专题页面规则待核对,unknown,L1,related,"[""1949第一届政协""]","[""黄炎培"", ""张澜""]","[""北平""]",国家档案局官方具体条目页可访问，题名和形成日期明确，并提供公开图片入口；暂按官方影印/数字替身候选处理。,digital_image,具体条目页标题、日期和图片入口,公开页未显示完整全宗号、案卷号和页码，影像文字与复制权利仍待人工核验。,2026-07-18,codex,accepted,2026-08-02 降级 lead_only：surrogate_online 无可采集全文，仅线索登记；未真正进入 documents/pages，不再计入已收集。,2026-07-18,codex,lead_only,2026-07-18 06:58:13,L1,related,
69,domestic:SAAC:1949-index-c29,中国人民政治协商会议第一届全体会议会刊第四期,中国人民政治协商会议第一届全体会议,1949-09-24,会议刊物,SAAC,中央档案馆,从五一口号到开国大典档案文献专题,,,,,saac:gqzt:content/05/05_47,verified,https://www.saac.gov.cn/daj/gqzt/content/05/05_47.html,item_surrogate,open,国家档案局官方具体条目页可访问，含公开图片入口；完整档号待补,hybrid,surrogate_online,public,citation_only,国家档案局专题页面规则待核对,unknown,L1,core,"[""1949第一届政协""]","[""张澜"", ""黄炎培""]","[""北平""]",国家档案局官方具体条目页可访问，题名和形成日期明确，并提供公开图片入口；暂按官方影印/数字替身候选处理。,digital_image,具体条目页标题、日期和图片入口,公开页未显示完整全宗号、案卷号和页码，影像文字与复制权利仍待人工核验。,2026-07-18,codex,accepted,2026-08-02 降级 lead_only：surrogate_online 无可采集全文，仅线索登记；未真正进入 documents/pages，不再计入已收集。,2026-07-18,codex,lead_only,2026-07-18 06:58:13,L1,core,
70,domestic:SAAC:1949-index-c30,贺龙在中国人民政治协商会议第一届全体会议上发言照片,贺龙,1949-09-25,照片,SAAC,中央档案馆,从五一口号到开国大典档案文献专题,,,,,saac:gqzt:content/05/05_48,verified,https://www.saac.gov.cn/daj/gqzt/content/05/05_48.html,item_surrogate,open,国家档案局官方具体条目页可访问，含公开图片入口；完整档号待补,hybrid,surrogate_online,public,citation_only,国家档案局专题页面规则待核对,unknown,L1,related,"[""1949第一届政协""]","[""贺龙"", ""张澜""]","[""北平""]",国家档案局官方具体条目页可访问，题名和形成日期明确，并提供公开图片入口；暂按官方影印/数字替身候选处理。,digital_image,具体条目页标题、日期和图片入口,公开页未显示完整全宗号、案卷号和页码，影像文字与复制权利仍待人工核验。,2026-07-18,codex,accepted,2026-08-02 降级 lead_only：surrogate_online 无可采集全文，仅线索登记；未真正进入 documents/pages，不再计入已收集。,2026-07-18,codex,lead_only,2026-07-18 06:58:13,L1,related,
71,domestic:SAAC:1949-index-c31,中国人民政治协商会议代表提案审查委员会第一次会议记录,中国人民政治协商会议代表提案审查委员会,1949-09-25,会议记录,SAAC,中央档案馆,从五一口号到开国大典档案文献专题,,,,,saac:gqzt:content/05/05_49,verified,https://www.saac.gov.cn/daj/gqzt/content/05/05_49.html,item_surrogate,open,国家档案局官方具体条目页可访问，含公开图片入口；完整档号待补,hybrid,surrogate_online,public,citation_only,国家档案局专题页面规则待核对,unknown,L1,related,"[""1949第一届政协""]","[""张澜"", ""黄炎培""]","[""北平""]",国家档案局官方具体条目页可访问，题名和形成日期明确，并提供公开图片入口；暂按官方影印/数字替身候选处理。,digital_image,具体条目页标题、日期和图片入口,公开页未显示完整全宗号、案卷号和页码，影像文字与复制权利仍待人工核验。,2026-07-18,codex,accepted,2026-08-02 降级 lead_only：surrogate_online 无可采集全文，仅线索登记；未真正进入 documents/pages，不再计入已收集。,2026-07-18,codex,lead_only,2026-07-18 06:58:13,L1,related,
72,domestic:SAAC:1949-index-c32,政府组织法草案整理委员会第一次全体会议记录,政府组织法草案整理委员会,1949-09-25,会议记录,SAAC,中央档案馆,从五一口号到开国大典档案文献专题,,,,,saac:gqzt:content/05/05_51,verified,https://www.saac.gov.cn/daj/gqzt/content/05/05_51.html,item_surrogate,open,国家档案局官方具体条目页可访问，含公开图片入口；完整档号待补,hybrid,surrogate_online,public,citation_only,国家档案局专题页面规则待核对,unknown,L1,related,"[""1949第一届政协""]","[""黄炎培"", ""张澜""]","[""北平""]",国家档案局官方具体条目页可访问，题名和形成日期明确，并提供公开图片入口；暂按官方影印/数字替身候选处理。,digital_image,具体条目页标题、日期和图片入口,公开页未显示完整全宗号、案卷号和页码，影像文字与复制权利仍待人工核验。,2026-07-18,codex,accepted,2026-08-02 降级 lead_only：surrogate_online 无可采集全文，仅线索登记；未真正进入 documents/pages，不再计入已收集。,2026-07-18,codex,lead_only,2026-07-18 06:58:13,L1,related,
73,domestic:SAAC:1949-item-a01,国旗国徽国歌纪年国都协商会座谈会主要发言摘录,国旗国徽国歌国都纪年协商会,1949-09-25,座谈会发言摘录,SAAC,中央档案馆,从五一口号到开国大典档案文献专题,,,,,saac:gqzt:content/05/05_52,verified,https://www.saac.gov.cn/daj/gqzt/content/05/05_52.html,item_surrogate,open,国家档案局官方具体条目页可访问，含公开图片入口；完整档号待补,hybrid,surrogate_online,public,citation_only,国家档案局专题页面规则待核对,unknown,L1,core,"[""1949第一届政协""]","[""张澜"", ""黄炎培""]","[""北平""]",国家档案局官方具体条目页，题名和形成日期明确，并提供公开图片入口；暂按官方影印/数字替身候选处理。,digital_image,具体条目页标题、日期和图片入口,公开页未显示完整全宗号、案卷号和页码，影像文字与复制权利仍待人工核验。,2026-07-18,codex,accepted,2026-08-02 降级 lead_only：surrogate_online 无可采集全文，仅线索登记；未真正进入 documents/pages，不再计入已收集。,2026-07-18,codex,lead_only,2026-07-18 07:01:13,L1,core,
74,domestic:SAAC:1949-item-a02,中国人民政治协商会议第一届全体会议会刊第五期,中国人民政治协商会议第一届全体会议,1949-09-25,会议刊物,SAAC,中央档案馆,从五一口号到开国大典档案文献专题,,,,,saac:gqzt:content/05/05_53,verified,https://www.saac.gov.cn/daj/gqzt/content/05/05_53.html,item_surrogate,open,国家档案局官方具体条目页可访问，含公开图片入口；完整档号待补,hybrid,surrogate_online,public,citation_only,国家档案局专题页面规则待核对,unknown,L1,core,"[""1949第一届政协""]","[""张澜"", ""黄炎培""]","[""北平""]",国家档案局官方具体条目页，题名和形成日期明确，并提供公开图片入口；暂按官方影印/数字替身候选处理。,digital_image,具体条目页标题、日期和图片入口,公开页未显示完整全宗号、案卷号和页码，影像文字与复制权利仍待人工核验。,2026-07-18,codex,accepted,2026-08-02 降级 lead_only：surrogate_online 无可采集全文，仅线索登记；未真正进入 documents/pages，不再计入已收集。,2026-07-18,codex,lead_only,2026-07-18 07:01:13,L1,core,
75,domestic:SAAC:1949-item-a03,中国人民政治协商会议第一届全体会议代表提案审查委员会审查报告,中国人民政治协商会议代表提案审查委员会,1949-09-26,审查报告,SAAC,中央档案馆,从五一口号到开国大典档案文献专题,,,,,saac:gqzt:content/05/05_54,verified,https://www.saac.gov.cn/daj/gqzt/content/05/05_54.html,item_surrogate,open,国家档案局官方具体条目页可访问，含公开图片入口；完整档号待补,hybrid,surrogate_online,public,citation_only,国家档案局专题页面规则待核对,unknown,L1,core,"[""1949第一届政协""]","[""张澜"", ""黄炎培""]","[""北平""]",国家档案局官方具体条目页，题名和形成日期明确，并提供公开图片入口；暂按官方影印/数字替身候选处理。,digital_image,具体条目页标题、日期和图片入口,公开页未显示完整全宗号、案卷号和页码，影像文字与复制权利仍待人工核验。,2026-07-18,codex,accepted,2026-08-02 降级 lead_only：surrogate_online 无可采集全文，仅线索登记；未真正进入 documents/pages，不再计入已收集。,2026-07-18,codex,lead_only,2026-07-18 07:01:13,L1,core,
76,domestic:SAAC:1949-item-a04,国旗国徽国歌国都纪年审查委员会第一次会议记录,国旗国徽国歌国都纪年审查委员会,1949-09-26,会议记录,SAAC,中央档案馆,从五一口号到开国大典档案文献专题,,,,,saac:gqzt:content/05/05_55,verified,https://www.saac.gov.cn/daj/gqzt/content/05/05_55.html,item_surrogate,open,国家档案局官方具体条目页可访问，含公开图片入口；完整档号待补,hybrid,surrogate_online,public,citation_only,国家档案局专题页面规则待核对,unknown,L1,core,"[""1949第一届政协""]","[""张澜"", ""黄炎培""]","[""北平""]",国家档案局官方具体条目页，题名和形成日期明确，并提供公开图片入口；暂按官方影印/数字替身候选处理。,digital_image,具体条目页标题、日期和图片入口,公开页未显示完整全宗号、案卷号和页码，影像文字与复制权利仍待人工核验。,2026-07-18,codex,accepted,2026-08-02 降级 lead_only：surrogate_online 无可采集全文，仅线索登记；未真正进入 documents/pages，不再计入已收集。,2026-07-18,codex,lead_only,2026-07-18 07:01:13,L1,core,
77,domestic:SAAC:1949-item-a05,中国人民政治协商会议第一届全体会议会刊第六期,中国人民政治协商会议第一届全体会议,1949-09-26,会议刊物,SAAC,中央档案馆,从五一口号到开国大典档案文献专题,,,,,saac:gqzt:content/05/05_57,verified,https://www.saac.gov.cn/daj/gqzt/content/05/05_57.html,item_surrogate,open,国家档案局官方具体条目页可访问，含公开图片入口；完整档号待补,hybrid,surrogate_online,public,citation_only,国家档案局专题页面规则待核对,unknown,L1,core,"[""1949第一届政协""]","[""张澜"", ""黄炎培""]","[""北平""]",国家档案局官方具体条目页，题名和形成日期明确，并提供公开图片入口；暂按官方影印/数字替身候选处理。,digital_image,具体条目页标题、日期和图片入口,公开页未显示完整全宗号、案卷号和页码，影像文字与复制权利仍待人工核验。,2026-07-18,codex,accepted,2026-08-02 降级 lead_only：surrogate_online 无可采集全文，仅线索登记；未真正进入 documents/pages，不再计入已收集。,2026-07-18,codex,lead_only,2026-07-18 07:01:13,L1,core,
78,domestic:SAAC:1949-item-a06,蓝公武、赵寿山、刘善本、刘清扬在中国人民政治协商会议第一届全体会议上发言照片,多位政协代表,1949-09-27,照片,SAAC,中央档案馆,从五一口号到开国大典档案文献专题,,,,,saac:gqzt:content/05/05_61,verified,https://www.saac.gov.cn/daj/gqzt/content/05/05_61.html,item_surrogate,open,国家档案局官方具体条目页可访问，含公开图片入口；完整档号待补,hybrid,surrogate_online,public,citation_only,国家档案局专题页面规则待核对,unknown,L1,core,"[""1949第一届政协""]","[""张澜"", ""黄炎培""]","[""北平""]",国家档案局官方具体条目页，题名和形成日期明确，并提供公开图片入口；暂按官方影印/数字替身候选处理。,digital_image,具体条目页标题、日期和图片入口,公开页未显示完整全宗号、案卷号和页码，影像文字与复制权利仍待人工核验。,2026-07-18,codex,accepted,2026-08-02 降级 lead_only：surrogate_online 无可采集全文，仅线索登记；未真正进入 documents/pages，不再计入已收集。,2026-07-18,codex,lead_only,2026-07-18 07:01:13,L1,core,
79,domestic:SAAC:1949-item-a07,中国人民政治协商会议第一届全体会议第六天会议记录,中国人民政治协商会议第一届全体会议,1949-09-27,会议记录,SAAC,中央档案馆,从五一口号到开国大典档案文献专题,,,,,saac:gqzt:content/05/05_62,verified,https://www.saac.gov.cn/daj/gqzt/content/05/05_62.html,item_surrogate,open,国家档案局官方具体条目页可访问，含公开图片入口；完整档号待补,hybrid,surrogate_online,public,citation_only,国家档案局专题页面规则待核对,unknown,L1,core,"[""1949第一届政协""]","[""张澜"", ""黄炎培""]","[""北平""]",国家档案局官方具体条目页，题名和形成日期明确，并提供公开图片入口；暂按官方影印/数字替身候选处理。,digital_image,具体条目页标题、日期和图片入口,公开页未显示完整全宗号、案卷号和页码，影像文字与复制权利仍待人工核验。,2026-07-18,codex,accepted,2026-08-02 降级 lead_only：surrogate_online 无可采集全文，仅线索登记；未真正进入 documents/pages，不再计入已收集。,2026-07-18,codex,lead_only,2026-07-18 07:01:13,L1,core,
80,domestic:SAAC:1949-item-a08,中国人民政治协商会议第一届全体会议主席团常委会第三次会议记录,中国人民政治协商会议第一届全体会议主席团常委会,1949-09-27,会议记录,SAAC,中央档案馆,从五一口号到开国大典档案文献专题,,,,,saac:gqzt:content/05/05_63,verified,https://www.saac.gov.cn/daj/gqzt/content/05/05_63.html,item_surrogate,open,国家档案局官方具体条目页可访问，含公开图片入口；完整档号待补,hybrid,surrogate_online,public,citation_only,国家档案局专题页面规则待核对,unknown,L1,core,"[""1949第一届政协""]","[""张澜"", ""黄炎培""]","[""北平""]",国家档案局官方具体条目页，题名和形成日期明确，并提供公开图片入口；暂按官方影印/数字替身候选处理。,digital_image,具体条目页标题、日期和图片入口,公开页未显示完整全宗号、案卷号和页码，影像文字与复制权利仍待人工核验。,2026-07-18,codex,accepted,2026-08-02 降级 lead_only：surrogate_online 无可采集全文，仅线索登记；未真正进入 documents/pages，不再计入已收集。,2026-07-18,codex,lead_only,2026-07-18 07:01:13,L1,core,
81,domestic:SAAC:1949-item-a09,中国人民政治协商会议第一届全体会议会刊第七期,中国人民政治协商会议第一届全体会议,1949-09-27,会议刊物,SAAC,中央档案馆,从五一口号到开国大典档案文献专题,,,,,saac:gqzt:content/05/05_64,verified,https://www.saac.gov.cn/daj/gqzt/content/05/05_64.html,item_surrogate,open,国家档案局官方具体条目页可访问，含公开图片入口；完整档号待补,hybrid,surrogate_online,public,citation_only,国家档案局专题页面规则待核对,unknown,L1,core,"[""1949第一届政协""]","[""张澜"", ""黄炎培""]","[""北平""]",国家档案局官方具体条目页，题名和形成日期明确，并提供公开图片入口；暂按官方影印/数字替身候选处理。,digital_image,具体条目页标题、日期和图片入口,公开页未显示完整全宗号、案卷号和页码，影像文字与复制权利仍待人工核验。,2026-07-18,codex,accepted,2026-08-02 降级 lead_only：surrogate_online 无可采集全文，仅线索登记；未真正进入 documents/pages，不再计入已收集。,2026-07-18,codex,lead_only,2026-07-18 07:01:13,L1,core,
82,domestic:SAAC:1949-item-a10,中国人民政治协商会议第一届全体会议会刊第八期,中国人民政治协商会议第一届全体会议,1949-09-28,会议刊物,SAAC,中央档案馆,从五一口号到开国大典档案文献专题,,,,,saac:gqzt:content/05/05_66,verified,https://www.saac.gov.cn/daj/gqzt/content/05/05_66.html,item_surrogate,open,国家档案局官方具体条目页可访问，含公开图片入口；完整档号待补,hybrid,surrogate_online,public,citation_only,国家档案局专题页面规则待核对,unknown,L1,core,"[""1949第一届政协""]","[""张澜"", ""黄炎培""]","[""北平""]",国家档案局官方具体条目页，题名和形成日期明确，并提供公开图片入口；暂按官方影印/数字替身候选处理。,digital_image,具体条目页标题、日期和图片入口,公开页未显示完整全宗号、案卷号和页码，影像文字与复制权利仍待人工核验。,2026-07-18,codex,accepted,2026-08-02 降级 lead_only：surrogate_online 无可采集全文，仅线索登记；未真正进入 documents/pages，不再计入已收集。,2026-07-18,codex,lead_only,2026-07-18 07:01:13,L1,core,
83,domestic:SAAC:1949-item-a11,中国人民政治协商会议第一届全体会议第七天会议议程,中国人民政治协商会议第一届全体会议,1949-09-29,会议议程,SAAC,中央档案馆,从五一口号到开国大典档案文献专题,,,,,saac:gqzt:content/05/05_67,verified,https://www.saac.gov.cn/daj/gqzt/content/05/05_67.html,item_surrogate,open,国家档案局官方具体条目页可访问，含公开图片入口；完整档号待补,hybrid,surrogate_online,public,citation_only,国家档案局专题页面规则待核对,unknown,L1,core,"[""1949第一届政协""]","[""张澜"", ""黄炎培""]","[""北平""]",国家档案局官方具体条目页，题名和形成日期明确，并提供公开图片入口；暂按官方影印/数字替身候选处理。,digital_image,具体条目页标题、日期和图片入口,公开页未显示完整全宗号、案卷号和页码，影像文字与复制权利仍待人工核验。,2026-07-18,codex,accepted,2026-08-02 降级 lead_only：surrogate_online 无可采集全文，仅线索登记；未真正进入 documents/pages，不再计入已收集。,2026-07-18,codex,lead_only,2026-07-18 07:01:13,L1,core,
84,domestic:SAAC:1949-item-a12,中国人民政治协商会议第一届全体会议关于选举政协全国委员会和中央人民政府委员会的规定,中国人民政治协商会议第一届全体会议,1949-09-29,选举规定,SAAC,中央档案馆,从五一口号到开国大典档案文献专题,,,,,saac:gqzt:content/05/05_69,verified,https://www.saac.gov.cn/daj/gqzt/content/05/05_69.html,item_surrogate,open,国家档案局官方具体条目页可访问，含公开图片入口；完整档号待补,hybrid,surrogate_online,public,citation_only,国家档案局专题页面规则待核对,unknown,L1,core,"[""1949第一届政协""]","[""张澜"", ""黄炎培""]","[""北平""]",国家档案局官方具体条目页，题名和形成日期明确，并提供公开图片入口；暂按官方影印/数字替身候选处理。,digital_image,具体条目页标题、日期和图片入口,公开页未显示完整全宗号、案卷号和页码，影像文字与复制权利仍待人工核验。,2026-07-18,codex,accepted,2026-08-02 降级 lead_only：surrogate_online 无可采集全文，仅线索登记；未真正进入 documents/pages，不再计入已收集。,2026-07-18,codex,lead_only,2026-07-18 07:01:13,L1,core,
85,domestic:SAAC:1949-item-a13,中国人民政治协商会议第一届全体会议第七天会议对代表提案的决议,中国人民政治协商会议第一届全体会议,1949-09-29,会议决议,SAAC,中央档案馆,从五一口号到开国大典档案文献专题,,,,,saac:gqzt:content/05/05_70,verified,https://www.saac.gov.cn/daj/gqzt/content/05/05_70.html,item_surrogate,open,国家档案局官方具体条目页可访问，含公开图片入口；完整档号待补,hybrid,surrogate_online,public,citation_only,国家档案局专题页面规则待核对,unknown,L1,core,"[""1949第一届政协""]","[""张澜"", ""黄炎培""]","[""北平""]",国家档案局官方具体条目页，题名和形成日期明确，并提供公开图片入口；暂按官方影印/数字替身候选处理。,digital_image,具体条目页标题、日期和图片入口,公开页未显示完整全宗号、案卷号和页码，影像文字与复制权利仍待人工核验。,2026-07-18,codex,accepted,2026-08-02 降级 lead_only：surrogate_online 无可采集全文，仅线索登记；未真正进入 documents/pages，不再计入已收集。,2026-07-18,codex,lead_only,2026-07-18 07:01:13,L1,core,
86,domestic:SAAC:1949-item-a14,中国人民政治协商会议第一届全体会议主席团第二次会议纪要,中国人民政治协商会议第一届全体会议主席团,1949-09-29,会议纪要,SAAC,中央档案馆,从五一口号到开国大典档案文献专题,,,,,saac:gqzt:content/05/05_72,verified,https://www.saac.gov.cn/daj/gqzt/content/05/05_72.html,item_surrogate,open,国家档案局官方具体条目页可访问，含公开图片入口；完整档号待补,hybrid,surrogate_online,public,citation_only,国家档案局专题页面规则待核对,unknown,L1,core,"[""1949第一届政协""]","[""张澜"", ""黄炎培""]","[""北平""]",国家档案局官方具体条目页，题名和形成日期明确，并提供公开图片入口；暂按官方影印/数字替身候选处理。,digital_image,具体条目页标题、日期和图片入口,公开页未显示完整全宗号、案卷号和页码，影像文字与复制权利仍待人工核验。,2026-07-18,codex,accepted,2026-08-02 降级 lead_only：surrogate_online 无可采集全文，仅线索登记；未真正进入 documents/pages，不再计入已收集。,2026-07-18,codex,lead_only,2026-07-18 07:01:13,L1,core,
87,domestic:SAAC:1949-item-a15,中国人民政治协商会议第一届全体会议主席团常委会第四次会议记录,中国人民政治协商会议第一届全体会议主席团常委会,1949-09-29,会议记录,SAAC,中央档案馆,从五一口号到开国大典档案文献专题,,,,,saac:gqzt:content/05/05_73,verified,https://www.saac.gov.cn/daj/gqzt/content/05/05_73.html,item_surrogate,open,国家档案局官方具体条目页可访问，含公开图片入口；完整档号待补,hybrid,surrogate_online,public,citation_only,国家档案局专题页面规则待核对,unknown,L1,core,"[""1949第一届政协""]","[""张澜"", ""黄炎培""]","[""北平""]",国家档案局官方具体条目页，题名和形成日期明确，并提供公开图片入口；暂按官方影印/数字替身候选处理。,digital_image,具体条目页标题、日期和图片入口,公开页未显示完整全宗号、案卷号和页码，影像文字与复制权利仍待人工核验。,2026-07-18,codex,accepted,2026-08-02 降级 lead_only：surrogate_online 无可采集全文，仅线索登记；未真正进入 documents/pages，不再计入已收集。,2026-07-18,codex,lead_only,2026-07-18 07:01:13,L1,core,
88,domestic:SAAC:1949-item-a16,中华人民共和国中央人民政府委员会候选名单,中国人民政治协商会议第一届全体会议,1949-09-30,候选名单,SAAC,中央档案馆,从五一口号到开国大典档案文献专题,,,,,saac:gqzt:content/05/05_75,verified,https://www.saac.gov.cn/daj/gqzt/content/05/05_75.html,item_surrogate,open,国家档案局官方具体条目页可访问，含公开图片入口；完整档号待补,hybrid,surrogate_online,public,citation_only,国家档案局专题页面规则待核对,unknown,L1,core,"[""1949第一届政协""]","[""张澜"", ""黄炎培""]","[""北平""]",国家档案局官方具体条目页，题名和形成日期明确，并提供公开图片入口；暂按官方影印/数字替身候选处理。,digital_image,具体条目页标题、日期和图片入口,公开页未显示完整全宗号、案卷号和页码，影像文字与复制权利仍待人工核验。,2026-07-18,codex,accepted,2026-08-02 降级 lead_only：surrogate_online 无可采集全文，仅线索登记；未真正进入 documents/pages，不再计入已收集。,2026-07-18,codex,lead_only,2026-07-18 07:01:13,L1,core,
89,domestic:SAAC:1949-item-a17,参加选举中华人民共和国中央人民政府主席、副主席及委员的代表人数统计,中国人民政治协商会议第一届全体会议,1949-09-30,统计表,SAAC,中央档案馆,从五一口号到开国大典档案文献专题,,,,,saac:gqzt:content/05/05_76,verified,https://www.saac.gov.cn/daj/gqzt/content/05/05_76.html,item_surrogate,open,国家档案局官方具体条目页可访问，含公开图片入口；完整档号待补,hybrid,surrogate_online,public,citation_only,国家档案局专题页面规则待核对,unknown,L1,core,"[""1949第一届政协""]","[""张澜"", ""黄炎培""]","[""北平""]",国家档案局官方具体条目页，题名和形成日期明确，并提供公开图片入口；暂按官方影印/数字替身候选处理。,digital_image,具体条目页标题、日期和图片入口,公开页未显示完整全宗号、案卷号和页码，影像文字与复制权利仍待人工核验。,2026-07-18,codex,accepted,2026-08-02 降级 lead_only：surrogate_online 无可采集全文，仅线索登记；未真正进入 documents/pages，不再计入已收集。,2026-07-18,codex,lead_only,2026-07-18 07:01:13,L1,core,
90,domestic:WS:democratic-league-declaration-1941,中国民主政团同盟成立宣言,中国民主政团同盟,1941-10-10,政治宣言转录,WS,维基文库公开转录,民国文献转录,,,,,wikisource:中国民主政团同盟成立宣言,verified,https://zh.wikisource.org/zh-hans/中国民主政团同盟成立宣言,item_digital,open,公开全文转录；非原件影像,digital,full_item_online,public,citation_only,页面版本和底本说明待核对,unknown,LX,related,"[""1941中国民主政团同盟成立""]","[""中国民主政团同盟""]","[""重庆"", ""香港""]",页面标注文献作者为中国民主政团同盟、发表时间为1941年10月10日，并提供全文转录；可作为原文追索线索，不能替代《光明报》原刊影像。,secondary_lead,页面题名、作者、发表时间和全文,未核验原刊、期号、版面和原件影像。,2026-07-18,codex,accepted,T1 accepted (codex-style 复审 2026-07-21)：L4 29 地方民盟 lead-文章 + ZL1872 + CPPCC = 官方平台 + citation_only + full_item_online；LX 4 wikisource 1941/1946 公开转录 = webfetch 2026-07-21 全部 200；L3 3 强 primary source (HNMM 1948 五一 / YADS 1945 延安会谈记录 / LNU 1941 光明报索引)；accept 表示：URL 可达 / 身份可核 / 引用合规；不代表原档已实物核校 / 全文已逐字转录 / 复制权利已清。,2026-07-21,human,pass,2026-07-18 07:03:13,LX,related,1349
91,domestic:WS:peace-building-program-1946,和平建国纲领,政治协商会议,1946-01-31,政治协商会议决议文本转录,WS,维基文库公开转录,政治协商会议决议,,,,,wikisource:和平建国纲领,verified,https://zh.wikisource.org/zh-hans/和平建国纲领,item_digital,open,公开全文转录；非原件影像,digital,full_item_online,public,citation_only,页面版本和底本说明待核对,unknown,LX,related,"[""1946旧政协""]","[""张澜"", ""沈钧儒""]","[""重庆""]",页面标注1946年1月重庆政治协商会议通过，并提供全文转录；用于旧政协和民盟代表参与议题的原文追索。,secondary_lead,页面题名、制定机关、日期和全文,未核验会议原件、正式汇编版本、页码和民盟代表具体批注。,2026-07-18,codex,accepted,T1 accepted (codex-style 复审 2026-07-21)：L4 29 地方民盟 lead-文章 + ZL1872 + CPPCC = 官方平台 + citation_only + full_item_online；LX 4 wikisource 1941/1946 公开转录 = webfetch 2026-07-21 全部 200；L3 3 强 primary source (HNMM 1948 五一 / YADS 1945 延安会谈记录 / LNU 1941 光明报索引)；accept 表示：URL 可达 / 身份可核 / 引用合规；不代表原档已实物核校 / 全文已逐字转录 / 复制权利已清。,2026-07-21,human,pass,2026-07-18 07:03:13,LX,related,1447
92,domestic:MMZY:1945-first-congress-page,中国民主同盟第一次全国代表大会,中国民主同盟中央委员会,1945-10-01/1945-10-12,官方盟史专题网页,MMZY,中国民主同盟中央委员会网站,盟史专题,,,,,web:mmzy:34517,verified,https://www.mmzy.org.cn/mmzt/sydzt/lcdbdh/34517.aspx,item_digital,open,民盟中央官方历史专题页公开浏览,digital,full_item_online,public,citation_only,民盟中央网站规则待核对,unknown,L4,related,"[""1945民盟第一次全国代表大会""]","[""张澜"", ""沈钧儒"", ""黄炎培"", ""章伯钧""]","[""重庆"", ""特园""]",已核对民盟中央官方专题页：1945-10-01至10-12在重庆特园召开临时全国代表大会，推选代表63人、实到48人；页面记载大会通过政治报告、临时全国代表大会宣言和纲领，并说明《组织规程》涉及组织原则、中央与地方机构以及盟员入盟和退盟办法。,official_description,官方专题页正文中的日期、地点、人数、文件名称和组织规程内容；https://www.mmzy.org.cn/mmzt/sydzt/lcdbdh/34517.aspx,该页面发布日期为2012-11-23，是民盟中央后期历史叙述，不是1945年大会原始文件影像；《组织规程》全文、原刊/印本页码、档号和底本仍待取得。,2026-07-18,codex,accepted,L4 accepted (cheer 2026-07-21 拍板)：5 条均为 8 民主党派中央官网（mmzy.org.cn / 93.gov.cn）衍生内容（lead-人物文章 / lead-事件专题 / 大事记 / 党史专题页）；L4 等级保持不变（衍生品 = secondary，非原始档案影印件），accept 表示：URL 可访问 + 身份可核 + 引用合规（reuse_rights=citation_only），不代表原档已实物核校。；网页 2026-08-02 不可采 (HTTP 500) 2026-08-02T08:16:40+00:00,2026-07-21,human,lead_only,2026-07-18 07:03:13,L4,related,
93,domestic:HNMM:response-may-day-1948,中国民主同盟响应中共“五一”号召致全国各民主党派各人民团体各报馆暨全国同胞书,中国民主同盟,1948-06-14,政治宣言文本转载,HNMM,民盟湖南省委员会网站,盟史资料,,,,,web:hnmm:644247:54:12382002,verified,https://www.hnmm.gov.cn/content/644247/54/12382002.html,item_digital,open,官方地方组织网站全文转载,digital,full_item_online,public,citation_only,网站规则和原文来源待核对,unknown,L3,core,"[""1948五一口号"", ""新政协筹备""]","[""中国民主同盟""]","[""香港""]",官方地方民盟网站完整转载1948年6月14日民盟致全国同胞书，文献形成日期和文本题名明确。,official_description,网页标题、日期和全文,页面未提供原刊影像、报刊版面、档号或正式汇编页码，L3为待核建议。,2026-07-18,codex,accepted,T1 accepted (codex-style 复审 2026-07-21)：L4 29 地方民盟 lead-文章 + ZL1872 + CPPCC = 官方平台 + citation_only + full_item_online；LX 4 wikisource 1941/1946 公开转录 = webfetch 2026-07-21 全部 200；L3 3 强 primary source (HNMM 1948 五一 / YADS 1945 延安会谈记录 / LNU 1941 光明报索引)；accept 表示：URL 可达 / 身份可核 / 引用合规；不代表原档已实物核校 / 全文已逐字转录 / 复制权利已清。,2026-07-21,human,pass,2026-07-18 07:03:13,L3,core,1475
94,domestic:SAAC:catalog-01-01_03,中共中央关于邀请各民主党派及人民团体代表来解放区召开政治协商会议给上海局、香港分局的指示,形成机关待核,1948-05-01,档案文献/数字影像替身,SAAC,中央档案馆,从五一口号到开国大典档案文献专题,,,,,saac:gqzt:content/01/01_03,verified,https://www.saac.gov.cn/daj/gqzt/content/01/01_03.html,item_surrogate,open,国家档案局官方专题页提供条目页和公开影像入口,hybrid,surrogate_online,public,citation_only,国家档案局专题页面规则待核对,unknown,L1,core,"[""新政协筹备"", ""1948五一口号""]",[],"[""北京""]",国家档案局／中央档案馆官方专题具体条目页，题名、形成日期和公开影像入口可追踪。,digital_image,官方条目页题名、日期、影像入口,公开页未展示完整全宗号、案卷号和页码；形成机关、影像文字及复制权利仍需人工核对。,2026-07-18,codex,accepted,2026-08-02 降级 lead_only：surrogate_online 无可采集全文，仅线索登记；未真正进入 documents/pages，不再计入已收集。,2026-07-22,codex,lead_only,2026-07-18 07:20:48,L1,core,
95,domestic:SAAC:catalog-01-01_05,中共中央关于与各民主党派及人民团体交换召开政治协商会议的意见给上海局、香港分局等的指示,形成机关待核,1948-05-07,档案文献/数字影像替身,SAAC,中央档案馆,从五一口号到开国大典档案文献专题,,,,,saac:gqzt:content/01/01_05,verified,https://www.saac.gov.cn/daj/gqzt/content/01/01_05.html,item_surrogate,open,国家档案局官方专题页提供条目页和公开影像入口,hybrid,surrogate_online,public,citation_only,国家档案局专题页面规则待核对,unknown,L1,core,"[""新政协筹备"", ""1948五一口号""]",[],"[""北京""]",国家档案局／中央档案馆官方专题具体条目页，题名、形成日期和公开影像入口可追踪。,digital_image,官方条目页题名、日期、影像入口,公开页未展示完整全宗号、案卷号和页码；形成机关、影像文字及复制权利仍需人工核对。,2026-07-18,codex,accepted,2026-08-02 降级 lead_only：surrogate_online 无可采集全文，仅线索登记；未真正进入 documents/pages，不再计入已收集。,2026-07-22,codex,lead_only,2026-07-18 07:20:48,L1,core,
96,domestic:SAAC:catalog-01-01_09,沈钧儒、谭平山等民主人士关于济南、锦州两战役胜利给中共中央的贺电,形成机关待核,1948-10-17,档案文献/数字影像替身,SAAC,中央档案馆,从五一口号到开国大典档案文献专题,,,,,saac:gqzt:content/01/01_09,verified,https://www.saac.gov.cn/daj/gqzt/content/01/01_09.html,item_surrogate,open,国家档案局官方专题页提供条目页和公开影像入口,hybrid,surrogate_online,public,citation_only,国家档案局专题页面规则待核对,unknown,L1,core,"[""新政协筹备"", ""1948五一口号""]","[""沈钧儒"", ""谭平山""]","[""北京""]",国家档案局／中央档案馆官方专题具体条目页，题名、形成日期和公开影像入口可追踪。,digital_image,官方条目页题名、日期、影像入口,公开页未展示完整全宗号、案卷号和页码；形成机关、影像文字及复制权利仍需人工核对。,2026-07-18,codex,accepted,2026-08-02 降级 lead_only：surrogate_online 无可采集全文，仅线索登记；未真正进入 documents/pages，不再计入已收集。,2026-07-22,codex,lead_only,2026-07-18 07:20:48,L1,core,
97,domestic:SAAC:catalog-01-01_10,钱之光关于报送在香港的民主人士输送内地计划给周恩来、任弼时等的电报,形成机关待核,1948-10-31,档案文献/数字影像替身,SAAC,中央档案馆,从五一口号到开国大典档案文献专题,,,,,saac:gqzt:content/01/01_10,verified,https://www.saac.gov.cn/daj/gqzt/content/01/01_10.html,item_surrogate,open,国家档案局官方专题页提供条目页和公开影像入口,hybrid,surrogate_online,public,citation_only,国家档案局专题页面规则待核对,unknown,L1,core,"[""新政协筹备"", ""1948五一口号""]","[""钱之光"", ""周恩来""]","[""北京""]",国家档案局／中央档案馆官方专题具体条目页，题名、形成日期和公开影像入口可追踪。,digital_image,官方条目页题名、日期、影像入口,公开页未展示完整全宗号、案卷号和页码；形成机关、影像文字及复制权利仍需人工核对。,2026-07-18,codex,accepted,2026-08-02 降级 lead_only：surrogate_online 无可采集全文，仅线索登记；未真正进入 documents/pages，不再计入已收集。,2026-07-22,codex,lead_only,2026-07-18 07:20:48,L1,core,
98,domestic:SAAC:catalog-01-01_11,周恩来拟写的中共中央关于港沪两地迅速动员一批民主人士等经天津进入解放区给上海局、香港分局的电报,形成机关待核,1948-11-20,档案文献/数字影像替身,SAAC,中央档案馆,从五一口号到开国大典档案文献专题,,,,,saac:gqzt:content/01/01_11,verified,https://www.saac.gov.cn/daj/gqzt/content/01/01_11.html,item_surrogate,open,国家档案局官方专题页提供条目页和公开影像入口,hybrid,surrogate_online,public,citation_only,国家档案局专题页面规则待核对,unknown,L1,core,"[""新政协筹备"", ""1948五一口号""]","[""周恩来""]","[""北京""]",国家档案局／中央档案馆官方专题具体条目页，题名、形成日期和公开影像入口可追踪。,digital_image,官方条目页题名、日期、影像入口,公开页未展示完整全宗号、案卷号和页码；形成机关、影像文字及复制权利仍需人工核对。,2026-07-18,codex,accepted,2026-08-02 降级 lead_only：surrogate_online 无可采集全文，仅线索登记；未真正进入 documents/pages，不再计入已收集。,2026-07-22,codex,lead_only,2026-07-18 07:20:48,L1,core,
99,domestic:SAAC:catalog-01-01_13,中共中央关于邀请张澜、黄炎培北上给方方、潘汉年等的电报,形成机关待核,1949-01-20,档案文献/数字影像替身,SAAC,中央档案馆,从五一口号到开国大典档案文献专题,,,,,saac:gqzt:content/01/01_13,verified,https://www.saac.gov.cn/daj/gqzt/content/01/01_13.html,item_surrogate,open,国家档案局官方专题页提供条目页和公开影像入口,hybrid,surrogate_online,public,citation_only,国家档案局专题页面规则待核对,unknown,L1,core,"[""新政协筹备"", ""1948五一口号""]","[""张澜"", ""黄炎培""]","[""北京""]",国家档案局／中央档案馆官方专题具体条目页，题名、形成日期和公开影像入口可追踪。,digital_image,官方条目页题名、日期、影像入口,公开页未展示完整全宗号、案卷号和页码；形成机关、影像文字及复制权利仍需人工核对。,2026-07-18,codex,accepted,2026-08-02 降级 lead_only：surrogate_online 无可采集全文，仅线索登记；未真正进入 documents/pages，不再计入已收集。,2026-07-22,codex,lead_only,2026-07-18 07:20:48,L1,core,
100,domestic:SAAC:catalog-01-01_17,叶剑英、李克农关于迎接中央迁平工作布置给周恩来等的请示电报及周恩来的复电,形成机关待核,1949-03-21/1949-03-22,档案文献/数字影像替身,SAAC,中央档案馆,从五一口号到开国大典档案文献专题,,,,,saac:gqzt:content/01/01_17,verified,https://www.saac.gov.cn/daj/gqzt/content/01/01_17.html,item_surrogate,open,国家档案局官方专题页提供条目页和公开影像入口,hybrid,surrogate_online,public,citation_only,国家档案局专题页面规则待核对,unknown,L1,related,"[""新政协筹备"", ""1948五一口号""]","[""叶剑英"", ""李克农"", ""周恩来""]","[""北京""]",国家档案局／中央档案馆官方专题具体条目页，题名、形成日期和公开影像入口可追踪。,digital_image,官方条目页题名、日期、影像入口,公开页未展示完整全宗号、案卷号和页码；形成机关、影像文字及复制权利仍需人工核对。,2026-07-18,codex,accepted,2026-08-02 降级 lead_only：surrogate_online 无可采集全文，仅线索登记；未真正进入 documents/pages，不再计入已收集。,2026-07-22,codex,lead_only,2026-07-18 07:20:48,L1,related,
101,domestic:SAAC:catalog-01-01_18,毛泽东在北平西苑机场与各界群众代表见面、检阅部队,形成机关待核,1949-03-25,档案文献/数字影像替身,SAAC,中央档案馆,从五一口号到开国大典档案文献专题,,,,,saac:gqzt:content/01/01_18,verified,https://www.saac.gov.cn/daj/gqzt/content/01/01_18.html,item_surrogate,open,国家档案局官方专题页提供条目页和公开影像入口,hybrid,surrogate_online,public,citation_only,国家档案局专题页面规则待核对,unknown,L1,related,"[""新政协筹备"", ""1948五一口号""]","[""毛泽东""]","[""北京""]",国家档案局／中央档案馆官方专题具体条目页，题名、形成日期和公开影像入口可追踪。,digital_image,官方条目页题名、日期、影像入口,公开页未展示完整全宗号、案卷号和页码；形成机关、影像文字及复制权利仍需人工核对。,2026-07-18,codex,accepted,2026-08-02 降级 lead_only：surrogate_online 无可采集全文，仅线索登记；未真正进入 documents/pages，不再计入已收集。,2026-07-22,codex,lead_only,2026-07-18 07:20:48,L1,related,
102,domestic:SAAC:catalog-01-01_19,《人民日报》关于中共中央和人民解放军总部进驻北平的报道,形成机关待核,1949-03-26,档案文献/数字影像替身,SAAC,中央档案馆,从五一口号到开国大典档案文献专题,,,,,saac:gqzt:content/01/01_19,verified,https://www.saac.gov.cn/daj/gqzt/content/01/01_19.html,item_surrogate,open,国家档案局官方专题页提供条目页和公开影像入口,hybrid,surrogate_online,public,citation_only,国家档案局专题页面规则待核对,unknown,L1,related,"[""新政协筹备"", ""1948五一口号""]","[""毛泽东""]","[""北京""]",国家档案局／中央档案馆官方专题具体条目页，题名、形成日期和公开影像入口可追踪。,digital_image,官方条目页题名、日期、影像入口,公开页未展示完整全宗号、案卷号和页码；形成机关、影像文字及复制权利仍需人工核对。,2026-07-18,codex,accepted,2026-08-02 降级 lead_only：surrogate_online 无可采集全文，仅线索登记；未真正进入 documents/pages，不再计入已收集。,2026-07-22,codex,lead_only,2026-07-18 07:20:48,L1,related,
103,domestic:SAAC:catalog-01-01_20,毛泽东给宋庆龄的信,形成机关待核,1949-06-19,档案文献/数字影像替身,SAAC,中央档案馆,从五一口号到开国大典档案文献专题,,,,,saac:gqzt:content/01/01_20,verified,https://www.saac.gov.cn/daj/gqzt/content/01/01_20.html,item_surrogate,open,国家档案局官方专题页提供条目页和公开影像入口,hybrid,surrogate_online,public,citation_only,国家档案局专题页面规则待核对,unknown,L1,core,"[""新政协筹备"", ""1948五一口号""]","[""毛泽东"", ""宋庆龄""]","[""北京""]",国家档案局／中央档案馆官方专题具体条目页，题名、形成日期和公开影像入口可追踪。,digital_image,官方条目页题名、日期、影像入口,公开页未展示完整全宗号、案卷号和页码；形成机关、影像文字及复制权利仍需人工核对。,2026-07-18,codex,accepted,2026-08-02 降级 lead_only：surrogate_online 无可采集全文，仅线索登记；未真正进入 documents/pages，不再计入已收集。,2026-07-22,codex,lead_only,2026-07-18 07:20:48,L1,core,
104,domestic:SAAC:catalog-01-01_21,周恩来给宋庆龄的信,形成机关待核,1949-06-21,档案文献/数字影像替身,SAAC,中央档案馆,从五一口号到开国大典档案文献专题,,,,,saac:gqzt:content/01/01_21,verified,https://www.saac.gov.cn/daj/gqzt/content/01/01_21.html,item_surrogate,open,国家档案局官方专题页提供条目页和公开影像入口,hybrid,surrogate_online,public,citation_only,国家档案局专题页面规则待核对,unknown,L1,core,"[""新政协筹备"", ""1948五一口号""]","[""周恩来"", ""宋庆龄""]","[""北京""]",国家档案局／中央档案馆官方专题具体条目页，题名、形成日期和公开影像入口可追踪。,digital_image,官方条目页题名、日期、影像入口,公开页未展示完整全宗号、案卷号和页码；形成机关、影像文字及复制权利仍需人工核对。,2026-07-18,codex,accepted,2026-08-02 降级 lead_only：surrogate_online 无可采集全文，仅线索登记；未真正进入 documents/pages，不再计入已收集。,2026-07-22,codex,lead_only,2026-07-18 07:20:48,L1,core,
105,domestic:SAAC:catalog-01-01_22,毛泽东《论人民民主专政》手稿,形成机关待核,1949-06-30,档案文献/数字影像替身,SAAC,中央档案馆,从五一口号到开国大典档案文献专题,,,,,saac:gqzt:content/01/01_22,verified,https://www.saac.gov.cn/daj/gqzt/content/01/01_22.html,item_surrogate,open,国家档案局官方专题页提供条目页和公开影像入口,hybrid,surrogate_online,public,citation_only,国家档案局专题页面规则待核对,unknown,L1,core,"[""新政协筹备"", ""1948五一口号""]","[""毛泽东""]","[""北京""]",国家档案局／中央档案馆官方专题具体条目页，题名、形成日期和公开影像入口可追踪。,digital_image,官方条目页题名、日期、影像入口,公开页未展示完整全宗号、案卷号和页码；形成机关、影像文字及复制权利仍需人工核对。,2026-07-18,codex,accepted,2026-08-02 降级 lead_only：surrogate_online 无可采集全文，仅线索登记；未真正进入 documents/pages，不再计入已收集。,2026-07-22,codex,lead_only,2026-07-18 07:20:48,L1,core,
106,domestic:SAAC:catalog-02-02_01,新政治协商会议筹备会关于召开成立会的通知,形成机关待核,1949-06-14,档案文献/数字影像替身,SAAC,中央档案馆,从五一口号到开国大典档案文献专题,,,,,saac:gqzt:content/02/02_01,verified,https://www.saac.gov.cn/daj/gqzt/content/02/02_01.html,item_surrogate,open,国家档案局官方专题页提供条目页和公开影像入口,hybrid,surrogate_online,public,citation_only,国家档案局专题页面规则待核对,unknown,L1,core,"[""新政协筹备"", ""1949政协筹备会""]",[],"[""北京""]",国家档案局／中央档案馆官方专题具体条目页，题名、形成日期和公开影像入口可追踪。,digital_image,官方条目页题名、日期、影像入口,公开页未展示完整全宗号、案卷号和页码；形成机关、影像文字及复制权利仍需人工核对。,2026-07-18,codex,accepted,2026-08-02 降级 lead_only：surrogate_online 无可采集全文，仅线索登记；未真正进入 documents/pages，不再计入已收集。,2026-07-22,codex,lead_only,2026-07-18 07:20:48,L1,core,
107,domestic:SAAC:catalog-02-02_02,毛泽东在新政治协商会议筹备会开幕典礼上的讲话,形成机关待核,1949-06-15,档案文献/数字影像替身,SAAC,中央档案馆,从五一口号到开国大典档案文献专题,,,,,saac:gqzt:content/02/02_02,verified,https://www.saac.gov.cn/daj/gqzt/content/02/02_02.html,item_surrogate,open,国家档案局官方专题页提供条目页和公开影像入口,hybrid,surrogate_online,public,citation_only,国家档案局专题页面规则待核对,unknown,L1,core,"[""新政协筹备"", ""1949政协筹备会""]","[""毛泽东""]","[""北京""]",国家档案局／中央档案馆官方专题具体条目页，题名、形成日期和公开影像入口可追踪。,digital_image,官方条目页题名、日期、影像入口,公开页未展示完整全宗号、案卷号和页码；形成机关、影像文字及复制权利仍需人工核对。,2026-07-18,codex,accepted,2026-08-02 降级 lead_only：surrogate_online 无可采集全文，仅线索登记；未真正进入 documents/pages，不再计入已收集。,2026-07-22,codex,lead_only,2026-07-18 07:20:48,L1,core,
108,domestic:SAAC:catalog-02-02_03,朱德在新政治协商会议筹备会开幕典礼上的讲话,形成机关待核,1949-06-15,档案文献/数字影像替身,SAAC,中央档案馆,从五一口号到开国大典档案文献专题,,,,,saac:gqzt:content/02/02_03,verified,https://www.saac.gov.cn/daj/gqzt/content/02/02_03.html,item_surrogate,open,国家档案局官方专题页提供条目页和公开影像入口,hybrid,surrogate_online,public,citation_only,国家档案局专题页面规则待核对,unknown,L1,core,"[""新政协筹备"", ""1949政协筹备会""]","[""朱德""]","[""北京""]",国家档案局／中央档案馆官方专题具体条目页，题名、形成日期和公开影像入口可追踪。,digital_image,官方条目页题名、日期、影像入口,公开页未展示完整全宗号、案卷号和页码；形成机关、影像文字及复制权利仍需人工核对。,2026-07-18,codex,accepted,2026-08-02 降级 lead_only：surrogate_online 无可采集全文，仅线索登记；未真正进入 documents/pages，不再计入已收集。,2026-07-22,codex,lead_only,2026-07-18 07:20:48,L1,core,
109,domestic:SAAC:catalog-02-02_04,李济深在新政治协商会议筹备会开幕典礼上的讲话,形成机关待核,1949-06-15,档案文献/数字影像替身,SAAC,中央档案馆,从五一口号到开国大典档案文献专题,,,,,saac:gqzt:content/02/02_04,verified,https://www.saac.gov.cn/daj/gqzt/content/02/02_04.html,item_surrogate,open,国家档案局官方专题页提供条目页和公开影像入口,hybrid,surrogate_online,public,citation_only,国家档案局专题页面规则待核对,unknown,L1,core,"[""新政协筹备"", ""1949政协筹备会""]","[""李济深""]","[""北京""]",国家档案局／中央档案馆官方专题具体条目页，题名、形成日期和公开影像入口可追踪。,digital_image,官方条目页题名、日期、影像入口,公开页未展示完整全宗号、案卷号和页码；形成机关、影像文字及复制权利仍需人工核对。,2026-07-18,codex,accepted,2026-08-02 降级 lead_only：surrogate_online 无可采集全文，仅线索登记；未真正进入 documents/pages，不再计入已收集。,2026-07-22,codex,lead_only,2026-07-18 07:20:48,L1,core,
110,domestic:SAAC:catalog-02-02_05,沈钧儒在新政治协商会议筹备会开幕典礼上的讲话,形成机关待核,1949-06-15,档案文献/数字影像替身,SAAC,中央档案馆,从五一口号到开国大典档案文献专题,,,,,saac:gqzt:content/02/02_05,verified,https://www.saac.gov.cn/daj/gqzt/content/02/02_05.html,item_surrogate,open,国家档案局官方专题页提供条目页和公开影像入口,hybrid,surrogate_online,public,citation_only,国家档案局专题页面规则待核对,unknown,L1,core,"[""新政协筹备"", ""1949政协筹备会""]","[""沈钧儒""]","[""北京""]",国家档案局官方条目页明确标示《沈钧儒在新政治协商会议筹备会开幕典礼上的讲话（1949年6月15日）》，页面提供两张官方影像直链，已核对条目页、日期和影像入口。,digital_image,条目页 https://www.saac.gov.cn/daj/gqzt/content/02/02_05.html；官方影像 https://www.saac.gov.cn/daj/gqzt/img/a02/02-05/01.jpg、https://www.saac.gov.cn/daj/gqzt/img/a02/02-05/02.jpg,官方条目页未公开完整全宗号、案卷号和页码；影像复制权利仍需按国家档案局规则核对。L1表示官方数字替身已定位，不表示已取得无条件原件复制授权。,2026-07-18,codex,accepted,2026-08-02 降级 lead_only：surrogate_online 无可采集全文，仅线索登记；未真正进入 documents/pages，不再计入已收集。,2026-07-18,codex,lead_only,2026-07-18 07:20:48,L1,core,
111,domestic:SAAC:catalog-02-02_06,郭沫若在新政治协商会议筹备会开幕典礼上的讲话,形成机关待核,1949-06-15,档案文献/数字影像替身,SAAC,中央档案馆,从五一口号到开国大典档案文献专题,,,,,saac:gqzt:content/02/02_06,verified,https://www.saac.gov.cn/daj/gqzt/content/02/02_06.html,item_surrogate,open,国家档案局官方专题页提供条目页和公开影像入口,hybrid,surrogate_online,public,citation_only,国家档案局专题页面规则待核对,unknown,L1,core,"[""新政协筹备"", ""1949政协筹备会""]","[""郭沫若""]","[""北京""]",国家档案局／中央档案馆官方专题具体条目页，题名、形成日期和公开影像入口可追踪。,digital_image,官方条目页题名、日期、影像入口,公开页未展示完整全宗号、案卷号和页码；形成机关、影像文字及复制权利仍需人工核对。,2026-07-18,codex,accepted,2026-08-02 降级 lead_only：surrogate_online 无可采集全文，仅线索登记；未真正进入 documents/pages，不再计入已收集。,2026-07-22,codex,lead_only,2026-07-18 07:20:48,L1,core,
112,domestic:SAAC:catalog-02-02_07,陈叔通在新政治协商会议筹备会开幕典礼上的讲话,形成机关待核,1949-06-15,档案文献/数字影像替身,SAAC,中央档案馆,从五一口号到开国大典档案文献专题,,,,,saac:gqzt:content/02/02_07,verified,https://www.saac.gov.cn/daj/gqzt/content/02/02_07.html,item_surrogate,open,国家档案局官方专题页提供条目页和公开影像入口,hybrid,surrogate_online,public,citation_only,国家档案局专题页面规则待核对,unknown,L1,core,"[""新政协筹备"", ""1949政协筹备会""]","[""陈叔通""]","[""北京""]",国家档案局／中央档案馆官方专题具体条目页，题名、形成日期和公开影像入口可追踪。,digital_image,官方条目页题名、日期、影像入口,公开页未展示完整全宗号、案卷号和页码；形成机关、影像文字及复制权利仍需人工核对。,2026-07-18,codex,accepted,2026-08-02 降级 lead_only：surrogate_online 无可采集全文，仅线索登记；未真正进入 documents/pages，不再计入已收集。,2026-07-22,codex,lead_only,2026-07-18 07:20:48,L1,core,
113,domestic:SAAC:catalog-02-02_08,陈嘉庚在新政治协商会议筹备会开幕典礼上的讲话,形成机关待核,1949-06-15,档案文献/数字影像替身,SAAC,中央档案馆,从五一口号到开国大典档案文献专题,,,,,saac:gqzt:content/02/02_08,verified,https://www.saac.gov.cn/daj/gqzt/content/02/02_08.html,item_surrogate,open,国家档案局官方专题页提供条目页和公开影像入口,hybrid,surrogate_online,public,citation_only,国家档案局专题页面规则待核对,unknown,L1,core,"[""新政协筹备"", ""1949政协筹备会""]","[""陈嘉庚""]","[""北京""]",国家档案局／中央档案馆官方专题具体条目页，题名、形成日期和公开影像入口可追踪。,digital_image,官方条目页题名、日期、影像入口,公开页未展示完整全宗号、案卷号和页码；形成机关、影像文字及复制权利仍需人工核对。,2026-07-18,codex,accepted,2026-08-02 降级 lead_only：surrogate_online 无可采集全文，仅线索登记；未真正进入 documents/pages，不再计入已收集。,2026-07-22,codex,lead_only,2026-07-18 07:20:48,L1,core,
114,domestic:SAAC:catalog-02-02_09,新政治协商会议筹备会第一次全体会议议程,形成机关待核,1949-06-16,档案文献/数字影像替身,SAAC,中央档案馆,从五一口号到开国大典档案文献专题,,,,,saac:gqzt:content/02/02_09,verified,https://www.saac.gov.cn/daj/gqzt/content/02/02_09.html,item_surrogate,open,国家档案局官方专题页提供条目页和公开影像入口,hybrid,surrogate_online,public,citation_only,国家档案局专题页面规则待核对,unknown,L1,core,"[""新政协筹备"", ""1949政协筹备会""]",[],"[""北京""]",国家档案局／中央档案馆官方专题具体条目页，题名、形成日期和公开影像入口可追踪。,digital_image,官方条目页题名、日期、影像入口,公开页未展示完整全宗号、案卷号和页码；形成机关、影像文字及复制权利仍需人工核对。,2026-07-18,codex,accepted,2026-08-02 降级 lead_only：surrogate_online 无可采集全文，仅线索登记；未真正进入 documents/pages，不再计入已收集。,2026-07-22,codex,lead_only,2026-07-18 07:20:48,L1,core,
115,domestic:SAAC:catalog-02-02_10,新政治协商会议筹备会组织条例,形成机关待核,1949-06-16,档案文献/数字影像替身,SAAC,中央档案馆,从五一口号到开国大典档案文献专题,,,,,saac:gqzt:content/02/02_10,verified,https://www.saac.gov.cn/daj/gqzt/content/02/02_10.html,item_surrogate,open,国家档案局官方专题页提供条目页和公开影像入口,hybrid,surrogate_online,public,citation_only,国家档案局专题页面规则待核对,unknown,L1,related,"[""新政协筹备"", ""1949政协筹备会""]",[],"[""北京""]",国家档案局／中央档案馆官方专题具体条目页，题名、形成日期和公开影像入口可追踪。,digital_image,官方条目页题名、日期、影像入口,公开页未展示完整全宗号、案卷号和页码；形成机关、影像文字及复制权利仍需人工核对。,2026-07-18,codex,accepted,2026-08-02 降级 lead_only：surrogate_online 无可采集全文，仅线索登记；未真正进入 documents/pages，不再计入已收集。,2026-07-22,codex,lead_only,2026-07-18 07:20:48,L1,related,
116,domestic:SAAC:catalog-02-02_11,新政治协商会议筹备会常委会第一次会议记录,形成机关待核,1949-06-16,档案文献/数字影像替身,SAAC,中央档案馆,从五一口号到开国大典档案文献专题,,,,,saac:gqzt:content/02/02_11,verified,https://www.saac.gov.cn/daj/gqzt/content/02/02_11.html,item_surrogate,open,国家档案局官方专题页提供条目页和公开影像入口,hybrid,surrogate_online,public,citation_only,国家档案局专题页面规则待核对,unknown,L1,related,"[""新政协筹备"", ""1949政协筹备会""]",[],"[""北京""]",国家档案局／中央档案馆官方专题具体条目页，题名、形成日期和公开影像入口可追踪。,digital_image,官方条目页题名、日期、影像入口,公开页未展示完整全宗号、案卷号和页码；形成机关、影像文字及复制权利仍需人工核对。,2026-07-18,codex,accepted,2026-08-02 降级 lead_only：surrogate_online 无可采集全文，仅线索登记；未真正进入 documents/pages，不再计入已收集。,2026-07-22,codex,lead_only,2026-07-18 07:20:48,L1,related,
117,domestic:SAAC:catalog-02-02_12,新政治协商会议筹备会关于参加新政治协商会议的单位及其代表名额的规定,形成机关待核,1949-06-19,档案文献/数字影像替身,SAAC,中央档案馆,从五一口号到开国大典档案文献专题,,,,,saac:gqzt:content/02/02_12,verified,https://www.saac.gov.cn/daj/gqzt/content/02/02_12.html,item_surrogate,open,国家档案局官方专题页提供条目页和公开影像入口,hybrid,surrogate_online,public,citation_only,国家档案局专题页面规则待核对,unknown,L1,related,"[""新政协筹备"", ""1949政协筹备会""]",[],"[""北京""]",国家档案局／中央档案馆官方专题具体条目页，题名、形成日期和公开影像入口可追踪。,digital_image,官方条目页题名、日期、影像入口,公开页未展示完整全宗号、案卷号和页码；形成机关、影像文字及复制权利仍需人工核对。,2026-07-18,codex,accepted,2026-08-02 降级 lead_only：surrogate_online 无可采集全文，仅线索登记；未真正进入 documents/pages，不再计入已收集。,2026-07-22,codex,lead_only,2026-07-18 07:20:48,L1,related,
118,domestic:SAAC:catalog-02-02_13,新政治协商会议筹备会第一次全体会议记录,形成机关待核,1949-06-19,档案文献/数字影像替身,SAAC,中央档案馆,从五一口号到开国大典档案文献专题,,,,,saac:gqzt:content/02/02_13,verified,https://www.saac.gov.cn/daj/gqzt/content/02/02_13.html,item_surrogate,open,国家档案局官方专题页提供条目页和公开影像入口,hybrid,surrogate_online,public,citation_only,国家档案局专题页面规则待核对,unknown,L1,related,"[""新政协筹备"", ""1949政协筹备会""]",[],"[""北京""]",国家档案局／中央档案馆官方专题具体条目页，题名、形成日期和公开影像入口可追踪。,digital_image,官方条目页题名、日期、影像入口,公开页未展示完整全宗号、案卷号和页码；形成机关、影像文字及复制权利仍需人工核对。,2026-07-18,codex,accepted,2026-08-02 降级 lead_only：surrogate_online 无可采集全文，仅线索登记；未真正进入 documents/pages，不再计入已收集。,2026-07-22,codex,lead_only,2026-07-18 07:20:48,L1,related,
119,domestic:SAAC:catalog-02-02_14,周恩来关于组织新政治协商会议筹备会党组干事会及常委名单的通知,形成机关待核,1949-07-11,档案文献/数字影像替身,SAAC,中央档案馆,从五一口号到开国大典档案文献专题,,,,,saac:gqzt:content/02/02_15,verified,https://www.saac.gov.cn/daj/gqzt/content/02/02_15.html,item_surrogate,open,国家档案局官方专题页提供条目页和公开影像入口,hybrid,surrogate_online,public,citation_only,国家档案局专题页面规则待核对,unknown,L1,related,"[""新政协筹备"", ""1949政协筹备会""]","[""周恩来""]","[""北京""]",国家档案局／中央档案馆官方专题具体条目页，题名、形成日期和公开影像入口可追踪。,digital_image,官方条目页题名、日期、影像入口,公开页未展示完整全宗号、案卷号和页码；形成机关、影像文字及复制权利仍需人工核对。,2026-07-18,codex,accepted,2026-08-02 降级 lead_only：surrogate_online 无可采集全文，仅线索登记；未真正进入 documents/pages，不再计入已收集。,2026-07-22,codex,lead_only,2026-07-18 07:20:48,L1,related,
120,domestic:SAAC:catalog-02-02_15,新政治协商会议筹备会秘书长会议第一次会议记录,形成机关待核,1949-07-11,档案文献/数字影像替身,SAAC,中央档案馆,从五一口号到开国大典档案文献专题,,,,,saac:gqzt:content/02/02_16,verified,https://www.saac.gov.cn/daj/gqzt/content/02/02_16.html,item_surrogate,open,国家档案局官方专题页提供条目页和公开影像入口,hybrid,surrogate_online,public,citation_only,国家档案局专题页面规则待核对,unknown,L1,related,"[""新政协筹备"", ""1949政协筹备会""]",[],"[""北京""]",国家档案局／中央档案馆官方专题具体条目页，题名、形成日期和公开影像入口可追踪。,digital_image,官方条目页题名、日期、影像入口,公开页未展示完整全宗号、案卷号和页码；形成机关、影像文字及复制权利仍需人工核对。,2026-07-18,codex,accepted,2026-08-02 降级 lead_only：surrogate_online 无可采集全文，仅线索登记；未真正进入 documents/pages，不再计入已收集。,2026-07-22,codex,lead_only,2026-07-18 07:20:48,L1,related,
121,domestic:SAAC:catalog-02-02_16,新政治协商会议筹备会秘书长会议第二次会议记录,形成机关待核,1949-07-13,档案文献/数字影像替身,SAAC,中央档案馆,从五一口号到开国大典档案文献专题,,,,,saac:gqzt:content/02/02_17,verified,https://www.saac.gov.cn/daj/gqzt/content/02/02_17.html,item_surrogate,open,国家档案局官方专题页提供条目页和公开影像入口,hybrid,surrogate_online,public,citation_only,国家档案局专题页面规则待核对,unknown,L1,related,"[""新政协筹备"", ""1949政协筹备会""]",[],"[""北京""]",国家档案局／中央档案馆官方专题具体条目页，题名、形成日期和公开影像入口可追踪。,digital_image,官方条目页题名、日期、影像入口,公开页未展示完整全宗号、案卷号和页码；形成机关、影像文字及复制权利仍需人工核对。,2026-07-18,codex,accepted,2026-08-02 降级 lead_only：surrogate_online 无可采集全文，仅线索登记；未真正进入 documents/pages，不再计入已收集。,2026-07-22,codex,lead_only,2026-07-18 07:20:48,L1,related,
122,domestic:SAAC:catalog-02-02_17,新政治协商会议筹备会秘书长会议第三次会议记录,形成机关待核,1949-07-18,档案文献/数字影像替身,SAAC,中央档案馆,从五一口号到开国大典档案文献专题,,,,,saac:gqzt:content/02/02_18,verified,https://www.saac.gov.cn/daj/gqzt/content/02/02_18.html,item_surrogate,open,国家档案局官方专题页提供条目页和公开影像入口,hybrid,surrogate_online,public,citation_only,国家档案局专题页面规则待核对,unknown,L1,related,"[""新政协筹备"", ""1949政协筹备会""]",[],"[""北京""]",国家档案局／中央档案馆官方专题具体条目页，题名、形成日期和公开影像入口可追踪。,digital_image,官方条目页题名、日期、影像入口,公开页未展示完整全宗号、案卷号和页码；形成机关、影像文字及复制权利仍需人工核对。,2026-07-18,codex,accepted,2026-08-02 降级 lead_only：surrogate_online 无可采集全文，仅线索登记；未真正进入 documents/pages，不再计入已收集。,2026-07-22,codex,lead_only,2026-07-18 07:20:48,L1,related,
123,domestic:SAAC:catalog-03-03_01_01,新政治协商会议筹备会第一小组第一次会议记录,形成机关待核,1949-06-17,档案文献/数字影像替身,SAAC,中央档案馆,从五一口号到开国大典档案文献专题,,,,,saac:gqzt:content/03/03_01_01,verified,https://www.saac.gov.cn/daj/gqzt/content/03/03_01_01.html,item_surrogate,open,国家档案局官方专题页提供条目页和公开影像入口,hybrid,surrogate_online,public,citation_only,国家档案局专题页面规则待核对,unknown,L1,related,"[""新政协筹备"", ""1949政协筹备会""]",[],"[""北京""]",国家档案局／中央档案馆官方专题具体条目页，题名、形成日期和公开影像入口可追踪。,digital_image,官方条目页题名、日期、影像入口,公开页未展示完整全宗号、案卷号和页码；形成机关、影像文字及复制权利仍需人工核对。,2026-07-18,codex,accepted,2026-08-02 降级 lead_only：surrogate_online 无可采集全文，仅线索登记；未真正进入 documents/pages，不再计入已收集。,2026-07-22,codex,lead_only,2026-07-18 07:20:48,L1,related,
124,domestic:SAAC:catalog-03-03_01_02,新政治协商会议筹备会第一小组关于召开小组会议讨论新政治协商会议参加单位及人数事项的通知,形成机关待核,1949-06-17,档案文献/数字影像替身,SAAC,中央档案馆,从五一口号到开国大典档案文献专题,,,,,saac:gqzt:content/03/03_01_02,verified,https://www.saac.gov.cn/daj/gqzt/content/03/03_01_02.html,item_surrogate,open,国家档案局官方专题页提供条目页和公开影像入口,hybrid,surrogate_online,public,citation_only,国家档案局专题页面规则待核对,unknown,L1,related,"[""新政协筹备"", ""1949政协筹备会""]",[],"[""北京""]",国家档案局／中央档案馆官方专题具体条目页，题名、形成日期和公开影像入口可追踪。,digital_image,官方条目页题名、日期、影像入口,公开页未展示完整全宗号、案卷号和页码；形成机关、影像文字及复制权利仍需人工核对。,2026-07-18,codex,accepted,2026-08-02 降级 lead_only：surrogate_online 无可采集全文，仅线索登记；未真正进入 documents/pages，不再计入已收集。,2026-07-22,codex,lead_only,2026-07-18 07:20:48,L1,related,
125,domestic:SAAC:catalog-03-03_02_01,新政治协商会议筹备会第二小组第一次会议记录,形成机关待核,1949-06-18,档案文献/数字影像替身,SAAC,中央档案馆,从五一口号到开国大典档案文献专题,,,,,saac:gqzt:content/03/03_02_01,verified,https://www.saac.gov.cn/daj/gqzt/content/03/03_02_01.html,item_surrogate,open,国家档案局官方专题页提供条目页和公开影像入口,hybrid,surrogate_online,public,citation_only,国家档案局专题页面规则待核对,unknown,L1,related,"[""新政协筹备"", ""1949政协筹备会""]",[],"[""北京""]",国家档案局／中央档案馆官方专题具体条目页，题名、形成日期和公开影像入口可追踪。,digital_image,官方条目页题名、日期、影像入口,公开页未展示完整全宗号、案卷号和页码；形成机关、影像文字及复制权利仍需人工核对。,2026-07-18,codex,accepted,2026-08-02 降级 lead_only：surrogate_online 无可采集全文，仅线索登记；未真正进入 documents/pages，不再计入已收集。,2026-07-22,codex,lead_only,2026-07-18 07:20:48,L1,related,
126,domestic:SAAC:catalog-03-03_02_02,新政治协商会议筹备会第二小组第二次会议记录,形成机关待核,1949-06-28,档案文献/数字影像替身,SAAC,中央档案馆,从五一口号到开国大典档案文献专题,,,,,saac:gqzt:content/03/03_02_02,verified,https://www.saac.gov.cn/daj/gqzt/content/03/03_02_02.html,item_surrogate,open,国家档案局官方专题页提供条目页和公开影像入口,hybrid,surrogate_online,public,citation_only,国家档案局专题页面规则待核对,unknown,L1,related,"[""新政协筹备"", ""1949政协筹备会""]",[],"[""北京""]",国家档案局／中央档案馆官方专题具体条目页，题名、形成日期和公开影像入口可追踪。,digital_image,官方条目页题名、日期、影像入口,公开页未展示完整全宗号、案卷号和页码；形成机关、影像文字及复制权利仍需人工核对。,2026-07-18,codex,accepted,2026-08-02 降级 lead_only：surrogate_online 无可采集全文，仅线索登记；未真正进入 documents/pages，不再计入已收集。,2026-07-22,codex,lead_only,2026-07-18 07:20:48,L1,related,
127,domestic:SAAC:catalog-03-03_02_03,新政治协商会议筹备会第二小组第三次会议记录,形成机关待核,1949-08-18,档案文献/数字影像替身,SAAC,中央档案馆,从五一口号到开国大典档案文献专题,,,,,saac:gqzt:content/03/03_02_03,verified,https://www.saac.gov.cn/daj/gqzt/content/03/03_02_03.html,item_surrogate,open,国家档案局官方专题页提供条目页和公开影像入口,hybrid,surrogate_online,public,citation_only,国家档案局专题页面规则待核对,unknown,L1,related,"[""新政协筹备"", ""1949政协筹备会""]",[],"[""北京""]",国家档案局／中央档案馆官方专题具体条目页，题名、形成日期和公开影像入口可追踪。,digital_image,官方条目页题名、日期、影像入口,公开页未展示完整全宗号、案卷号和页码；形成机关、影像文字及复制权利仍需人工核对。,2026-07-18,codex,accepted,2026-08-02 降级 lead_only：surrogate_online 无可采集全文，仅线索登记；未真正进入 documents/pages，不再计入已收集。,2026-07-22,codex,lead_only,2026-07-18 07:20:48,L1,related,
128,domestic:SAAC:catalog-03-03_02_04,新政治协商会议筹备会第二小组第四次会议记录,形成机关待核,1949-09-15,档案文献/数字影像替身,SAAC,中央档案馆,从五一口号到开国大典档案文献专题,,,,,saac:gqzt:content/03/03_02_04,verified,https://www.saac.gov.cn/daj/gqzt/content/03/03_02_04.html,item_surrogate,open,国家档案局官方专题页提供条目页和公开影像入口,hybrid,surrogate_online,public,citation_only,国家档案局专题页面规则待核对,unknown,L1,related,"[""新政协筹备"", ""1949政协筹备会""]",[],"[""北京""]",国家档案局／中央档案馆官方专题具体条目页，题名、形成日期和公开影像入口可追踪。,digital_image,官方条目页题名、日期、影像入口,公开页未展示完整全宗号、案卷号和页码；形成机关、影像文字及复制权利仍需人工核对。,2026-07-18,codex,accepted,2026-08-02 降级 lead_only：surrogate_online 无可采集全文，仅线索登记；未真正进入 documents/pages，不再计入已收集。,2026-07-22,codex,lead_only,2026-07-18 07:20:48,L1,related,
129,domestic:SAAC:catalog-03-03_03_01,周恩来拟写的新民主主义纲领（草案初稿）,形成机关待核,1948,档案文献/数字影像替身,SAAC,中央档案馆,从五一口号到开国大典档案文献专题,,,,,saac:gqzt:content/03/03_03_01,verified,https://www.saac.gov.cn/daj/gqzt/content/03/03_03_01.html,item_surrogate,open,国家档案局官方专题页提供条目页和公开影像入口,hybrid,surrogate_online,public,citation_only,国家档案局专题页面规则待核对,unknown,L1,core,"[""新政协筹备"", ""1949政协筹备会""]",[],"[""北京""]",国家档案局／中央档案馆官方专题具体条目页，题名、形成日期和公开影像入口可追踪。,digital_image,官方条目页题名、日期、影像入口,公开页未展示完整全宗号、案卷号和页码；形成机关、影像文字及复制权利仍需人工核对。,2026-07-18,codex,accepted,2026-08-02 降级 lead_only：surrogate_online 无可采集全文，仅线索登记；未真正进入 documents/pages，不再计入已收集。,2026-07-22,codex,lead_only,2026-07-18 07:20:48,L1,core,
130,domestic:SAAC:catalog-03-03_03_02,新政治协商会议筹备会第三小组成立会议记录,形成机关待核,1949-06-18,档案文献/数字影像替身,SAAC,中央档案馆,从五一口号到开国大典档案文献专题,,,,,saac:gqzt:content/03/03_03_02,verified,https://www.saac.gov.cn/daj/gqzt/content/03/03_03_02.html,item_surrogate,open,国家档案局官方专题页提供条目页和公开影像入口,hybrid,surrogate_online,public,citation_only,国家档案局专题页面规则待核对,unknown,L1,core,"[""新政协筹备"", ""1949政协筹备会""]",[],"[""北京""]",国家档案局／中央档案馆官方专题具体条目页，题名、形成日期和公开影像入口可追踪。,digital_image,官方条目页题名、日期、影像入口,公开页未展示完整全宗号、案卷号和页码；形成机关、影像文字及复制权利仍需人工核对。,2026-07-18,codex,accepted,2026-08-02 降级 lead_only：surrogate_online 无可采集全文，仅线索登记；未真正进入 documents/pages，不再计入已收集。,2026-07-22,codex,lead_only,2026-07-18 07:20:48,L1,core,
131,domestic:SAAC:catalog-03-03_03_03,新政治协商会议筹备会第三小组第一分组意见,形成机关待核,1949-06,档案文献/数字影像替身,SAAC,中央档案馆,从五一口号到开国大典档案文献专题,,,,,saac:gqzt:content/03/03_03_03,verified,https://www.saac.gov.cn/daj/gqzt/content/03/03_03_03.html,item_surrogate,open,国家档案局官方专题页提供条目页和公开影像入口,hybrid,surrogate_online,public,citation_only,国家档案局专题页面规则待核对,unknown,L1,core,"[""新政协筹备"", ""1949政协筹备会""]",[],"[""北京""]",国家档案局／中央档案馆官方专题具体条目页，题名、形成日期和公开影像入口可追踪。,digital_image,官方条目页题名、日期、影像入口,公开页未展示完整全宗号、案卷号和页码；形成机关、影像文字及复制权利仍需人工核对。,2026-07-18,codex,accepted,2026-08-02 降级 lead_only：surrogate_online 无可采集全文，仅线索登记；未真正进入 documents/pages，不再计入已收集。,2026-07-22,codex,lead_only,2026-07-18 07:20:48,L1,core,
132,domestic:SAAC:catalog-03-03_03_04,新政治协商会议筹备会第三小组第四分组意见,形成机关待核,1949-06-25,档案文献/数字影像替身,SAAC,中央档案馆,从五一口号到开国大典档案文献专题,,,,,saac:gqzt:content/03/03_03_04,verified,https://www.saac.gov.cn/daj/gqzt/content/03/03_03_04.html,item_surrogate,open,国家档案局官方专题页提供条目页和公开影像入口,hybrid,surrogate_online,public,citation_only,国家档案局专题页面规则待核对,unknown,L1,core,"[""新政协筹备"", ""1949政协筹备会""]",[],"[""北京""]",国家档案局／中央档案馆官方专题具体条目页，题名、形成日期和公开影像入口可追踪。,digital_image,官方条目页题名、日期、影像入口,公开页未展示完整全宗号、案卷号和页码；形成机关、影像文字及复制权利仍需人工核对。,2026-07-18,codex,accepted,2026-08-02 降级 lead_only：surrogate_online 无可采集全文，仅线索登记；未真正进入 documents/pages，不再计入已收集。,2026-07-22,codex,lead_only,2026-07-18 07:20:48,L1,core,
133,domestic:SAAC:catalog-03-03_03_05,新政治协商会议筹备会第三小组第二分组讨论总结,形成机关待核,1949-06-30,档案文献/数字影像替身,SAAC,中央档案馆,从五一口号到开国大典档案文献专题,,,,,saac:gqzt:content/03/03_03_05,verified,https://www.saac.gov.cn/daj/gqzt/content/03/03_03_05.html,item_surrogate,open,国家档案局官方专题页提供条目页和公开影像入口,hybrid,surrogate_online,public,citation_only,国家档案局专题页面规则待核对,unknown,L1,core,"[""新政协筹备"", ""1949政协筹备会""]",[],"[""北京""]",国家档案局／中央档案馆官方专题具体条目页，题名、形成日期和公开影像入口可追踪。,digital_image,官方条目页题名、日期、影像入口,公开页未展示完整全宗号、案卷号和页码；形成机关、影像文字及复制权利仍需人工核对。,2026-07-18,codex,accepted,2026-08-02 降级 lead_only：surrogate_online 无可采集全文，仅线索登记；未真正进入 documents/pages，不再计入已收集。,2026-07-22,codex,lead_only,2026-07-18 07:20:48,L1,core,
134,domestic:SAAC:catalog-03-03_04_01,新政治协商会议筹备会第四小组第一次会议记录,形成机关待核,1949-06-18,档案文献/数字影像替身,SAAC,中央档案馆,从五一口号到开国大典档案文献专题,,,,,saac:gqzt:content/03/03_04_01,verified,https://www.saac.gov.cn/daj/gqzt/content/03/03_04_01.html,item_surrogate,open,国家档案局官方专题页提供条目页和公开影像入口,hybrid,surrogate_online,public,citation_only,国家档案局专题页面规则待核对,unknown,L1,related,"[""新政协筹备"", ""1949政协筹备会""]",[],"[""北京""]",国家档案局／中央档案馆官方专题具体条目页，题名、形成日期和公开影像入口可追踪。,digital_image,官方条目页题名、日期、影像入口,公开页未展示完整全宗号、案卷号和页码；形成机关、影像文字及复制权利仍需人工核对。,2026-07-18,codex,accepted,2026-08-02 降级 lead_only：surrogate_online 无可采集全文，仅线索登记；未真正进入 documents/pages，不再计入已收集。,2026-07-22,codex,lead_only,2026-07-18 07:20:48,L1,related,
135,domestic:SAAC:catalog-03-03_04_02,新政治协商会议筹备会第四小组起草委员会第一次会议记录,形成机关待核,1949-07-09,档案文献/数字影像替身,SAAC,中央档案馆,从五一口号到开国大典档案文献专题,,,,,saac:gqzt:content/03/03_04_02,verified,https://www.saac.gov.cn/daj/gqzt/content/03/03_04_02.html,item_surrogate,open,国家档案局官方专题页提供条目页和公开影像入口,hybrid,surrogate_online,public,citation_only,国家档案局专题页面规则待核对,unknown,L1,related,"[""新政协筹备"", ""1949政协筹备会""]",[],"[""北京""]",国家档案局／中央档案馆官方专题具体条目页，题名、形成日期和公开影像入口可追踪。,digital_image,官方条目页题名、日期、影像入口,公开页未展示完整全宗号、案卷号和页码；形成机关、影像文字及复制权利仍需人工核对。,2026-07-18,codex,accepted,2026-08-02 降级 lead_only：surrogate_online 无可采集全文，仅线索登记；未真正进入 documents/pages，不再计入已收集。,2026-07-22,codex,lead_only,2026-07-18 07:20:48,L1,related,
136,domestic:SAAC:catalog-03-03_04_03,董必武关于修改中华人民共和国中央人民政府组织大纲草案给赖亚力的信,形成机关待核,1949-07-20,档案文献/数字影像替身,SAAC,中央档案馆,从五一口号到开国大典档案文献专题,,,,,saac:gqzt:content/03/03_04_03,verified,https://www.saac.gov.cn/daj/gqzt/content/03/03_04_03.html,item_surrogate,open,国家档案局官方专题页提供条目页和公开影像入口,hybrid,surrogate_online,public,citation_only,国家档案局专题页面规则待核对,unknown,L1,related,"[""新政协筹备"", ""1949政协筹备会""]",[],"[""北京""]",国家档案局／中央档案馆官方专题具体条目页，题名、形成日期和公开影像入口可追踪。,digital_image,官方条目页题名、日期、影像入口,公开页未展示完整全宗号、案卷号和页码；形成机关、影像文字及复制权利仍需人工核对。,2026-07-18,codex,accepted,2026-08-02 降级 lead_only：surrogate_online 无可采集全文，仅线索登记；未真正进入 documents/pages，不再计入已收集。,2026-07-22,codex,lead_only,2026-07-18 07:20:48,L1,related,
137,domestic:SAAC:catalog-03-03_04_04,中华人民共和国中央人民政府组织表,形成机关待核,1949-08,档案文献/数字影像替身,SAAC,中央档案馆,从五一口号到开国大典档案文献专题,,,,,saac:gqzt:content/03/03_04_04,verified,https://www.saac.gov.cn/daj/gqzt/content/03/03_04_04.html,item_surrogate,open,国家档案局官方专题页提供条目页和公开影像入口,hybrid,surrogate_online,public,citation_only,国家档案局专题页面规则待核对,unknown,L1,related,"[""新政协筹备"", ""1949政协筹备会""]",[],"[""北京""]",国家档案局／中央档案馆官方专题具体条目页，题名、形成日期和公开影像入口可追踪。,digital_image,官方条目页题名、日期、影像入口,公开页未展示完整全宗号、案卷号和页码；形成机关、影像文字及复制权利仍需人工核对。,2026-07-18,codex,accepted,2026-08-02 降级 lead_only：surrogate_online 无可采集全文，仅线索登记；未真正进入 documents/pages，不再计入已收集。,2026-07-22,codex,lead_only,2026-07-18 07:20:48,L1,related,
138,domestic:SAAC:catalog-03-03_04_05,《中华人民共和国中央人民政府组织法（草案）》,形成机关待核,1949-09-02,档案文献/数字影像替身,SAAC,中央档案馆,从五一口号到开国大典档案文献专题,,,,,saac:gqzt:content/03/03_04_05,verified,https://www.saac.gov.cn/daj/gqzt/content/03/03_04_05.html,item_surrogate,open,国家档案局官方专题页提供条目页和公开影像入口,hybrid,surrogate_online,public,citation_only,国家档案局专题页面规则待核对,unknown,L1,core,"[""新政协筹备"", ""1949政协筹备会""]",[],"[""北京""]",国家档案局／中央档案馆官方专题具体条目页，题名、形成日期和公开影像入口可追踪。,digital_image,官方条目页题名、日期、影像入口,公开页未展示完整全宗号、案卷号和页码；形成机关、影像文字及复制权利仍需人工核对。,2026-07-18,codex,accepted,2026-08-02 降级 lead_only：surrogate_online 无可采集全文，仅线索登记；未真正进入 documents/pages，不再计入已收集。,2026-07-22,codex,lead_only,2026-07-18 07:20:48,L1,core,
139,domestic:SAAC:catalog-03-03_05_01,新政治协商会议筹备会第五小组第一次小组会议记录,形成机关待核,1949-06-18,档案文献/数字影像替身,SAAC,中央档案馆,从五一口号到开国大典档案文献专题,,,,,saac:gqzt:content/03/03_05_01,verified,https://www.saac.gov.cn/daj/gqzt/content/03/03_05_01.html,item_surrogate,open,国家档案局官方专题页提供条目页和公开影像入口,hybrid,surrogate_online,public,citation_only,国家档案局专题页面规则待核对,unknown,L1,related,"[""新政协筹备"", ""1949政协筹备会""]",[],"[""北京""]",国家档案局／中央档案馆官方专题具体条目页，题名、形成日期和公开影像入口可追踪。,digital_image,官方条目页题名、日期、影像入口,公开页未展示完整全宗号、案卷号和页码；形成机关、影像文字及复制权利仍需人工核对。,2026-07-18,codex,accepted,2026-08-02 降级 lead_only：surrogate_online 无可采集全文，仅线索登记；未真正进入 documents/pages，不再计入已收集。,2026-07-22,codex,lead_only,2026-07-18 07:20:48,L1,related,
140,domestic:SAAC:catalog-03-03_05_02,新政治协商会议筹备会第五小组第二次小组会议记录,形成机关待核,1949-08-21,档案文献/数字影像替身,SAAC,中央档案馆,从五一口号到开国大典档案文献专题,,,,,saac:gqzt:content/03/03_05_02,verified,https://www.saac.gov.cn/daj/gqzt/content/03/03_05_02.html,item_surrogate,open,国家档案局官方专题页提供条目页和公开影像入口,hybrid,surrogate_online,public,citation_only,国家档案局专题页面规则待核对,unknown,L1,related,"[""新政协筹备"", ""1949政协筹备会""]",[],"[""北京""]",国家档案局／中央档案馆官方专题具体条目页，题名、形成日期和公开影像入口可追踪。,digital_image,官方条目页题名、日期、影像入口,公开页未展示完整全宗号、案卷号和页码；形成机关、影像文字及复制权利仍需人工核对。,2026-07-18,codex,accepted,2026-08-02 降级 lead_only：surrogate_online 无可采集全文，仅线索登记；未真正进入 documents/pages，不再计入已收集。,2026-07-22,codex,lead_only,2026-07-18 07:20:48,L1,related,
141,domestic:SAAC:catalog-03-03_06_01,新政治协商会议筹备会第六小组第一次全体会议记录,形成机关待核,1949-07-04,档案文献/数字影像替身,SAAC,中央档案馆,从五一口号到开国大典档案文献专题,,,,,saac:gqzt:content/03/03_06_01,verified,https://www.saac.gov.cn/daj/gqzt/content/03/03_06_01.html,item_surrogate,open,国家档案局官方专题页提供条目页和公开影像入口,hybrid,surrogate_online,public,citation_only,国家档案局专题页面规则待核对,unknown,L1,related,"[""新政协筹备"", ""1949政协筹备会""]",[],"[""北京""]",国家档案局／中央档案馆官方专题具体条目页，题名、形成日期和公开影像入口可追踪。,digital_image,官方条目页题名、日期、影像入口,公开页未展示完整全宗号、案卷号和页码；形成机关、影像文字及复制权利仍需人工核对。,2026-07-18,codex,accepted,2026-08-02 降级 lead_only：surrogate_online 无可采集全文，仅线索登记；未真正进入 documents/pages，不再计入已收集。,2026-07-22,codex,lead_only,2026-07-18 07:20:48,L1,related,
142,domestic:SAAC:catalog-03-03_06_02,新政治协商会议筹备会征求国旗国徽图案及国歌辞谱启事（草案）,形成机关待核,1949-07-10,档案文献/数字影像替身,SAAC,中央档案馆,从五一口号到开国大典档案文献专题,,,,,saac:gqzt:content/03/03_06_02,verified,https://www.saac.gov.cn/daj/gqzt/content/03/03_06_02.html,item_surrogate,open,国家档案局官方专题页提供条目页和公开影像入口,hybrid,surrogate_online,public,citation_only,国家档案局专题页面规则待核对,unknown,L1,related,"[""新政协筹备"", ""1949政协筹备会""]",[],"[""北京""]",国家档案局／中央档案馆官方专题具体条目页，题名、形成日期和公开影像入口可追踪。,digital_image,官方条目页题名、日期、影像入口,公开页未展示完整全宗号、案卷号和页码；形成机关、影像文字及复制权利仍需人工核对。,2026-07-18,codex,accepted,2026-08-02 降级 lead_only：surrogate_online 无可采集全文，仅线索登记；未真正进入 documents/pages，不再计入已收集。,2026-07-22,codex,lead_only,2026-07-18 07:20:48,L1,related,
143,domestic:SAAC:catalog-03-03_06_03,新政治协商会议筹备会第六小组第二次全体会议记录,形成机关待核,1949-08-05,档案文献/数字影像替身,SAAC,中央档案馆,从五一口号到开国大典档案文献专题,,,,,saac:gqzt:content/03/03_06_03,verified,https://www.saac.gov.cn/daj/gqzt/content/03/03_06_03.html,item_surrogate,open,国家档案局官方专题页提供条目页和公开影像入口,hybrid,surrogate_online,public,citation_only,国家档案局专题页面规则待核对,unknown,L1,related,"[""新政协筹备"", ""1949政协筹备会""]",[],"[""北京""]",国家档案局／中央档案馆官方专题具体条目页，题名、形成日期和公开影像入口可追踪。,digital_image,官方条目页题名、日期、影像入口,公开页未展示完整全宗号、案卷号和页码；形成机关、影像文字及复制权利仍需人工核对。,2026-07-18,codex,accepted,2026-08-02 降级 lead_only：surrogate_online 无可采集全文，仅线索登记；未真正进入 documents/pages，不再计入已收集。,2026-07-22,codex,lead_only,2026-07-18 07:20:48,L1,related,
144,domestic:SAAC:catalog-03-03_06_04,新政治协商会议筹备会第六小组第三次全体会议记录,形成机关待核,1949-08-24,档案文献/数字影像替身,SAAC,中央档案馆,从五一口号到开国大典档案文献专题,,,,,saac:gqzt:content/03/03_06_04,verified,https://www.saac.gov.cn/daj/gqzt/content/03/03_06_04.html,item_surrogate,open,国家档案局官方专题页提供条目页和公开影像入口,hybrid,surrogate_online,public,citation_only,国家档案局专题页面规则待核对,unknown,L1,related,"[""新政协筹备"", ""1949政协筹备会""]",[],"[""北京""]",国家档案局／中央档案馆官方专题具体条目页，题名、形成日期和公开影像入口可追踪。,digital_image,官方条目页题名、日期、影像入口,公开页未展示完整全宗号、案卷号和页码；形成机关、影像文字及复制权利仍需人工核对。,2026-07-18,codex,accepted,2026-08-02 降级 lead_only：surrogate_online 无可采集全文，仅线索登记；未真正进入 documents/pages，不再计入已收集。,2026-07-22,codex,lead_only,2026-07-18 07:20:48,L1,related,
145,domestic:SAAC:catalog-03-03_06_05,曾联松设计的国旗图案,形成机关待核,1949-08,档案文献/数字影像替身,SAAC,中央档案馆,从五一口号到开国大典档案文献专题,,,,,saac:gqzt:content/03/03_06_05,verified,https://www.saac.gov.cn/daj/gqzt/content/03/03_06_05.html,item_surrogate,open,国家档案局官方专题页提供条目页和公开影像入口,hybrid,surrogate_online,public,citation_only,国家档案局专题页面规则待核对,unknown,L1,related,"[""新政协筹备"", ""1949政协筹备会""]",[],"[""北京""]",国家档案局／中央档案馆官方专题具体条目页，题名、形成日期和公开影像入口可追踪。,digital_image,官方条目页题名、日期、影像入口,公开页未展示完整全宗号、案卷号和页码；形成机关、影像文字及复制权利仍需人工核对。,2026-07-18,codex,accepted,2026-08-02 降级 lead_only：surrogate_online 无可采集全文，仅线索登记；未真正进入 documents/pages，不再计入已收集。,2026-07-22,codex,lead_only,2026-07-18 07:20:48,L1,related,
146,domestic:SAAC:catalog-03-03_06_06,新政治协商会议筹备会第六小组第四次全体会议记录,形成机关待核,1949-09-14,档案文献/数字影像替身,SAAC,中央档案馆,从五一口号到开国大典档案文献专题,,,,,saac:gqzt:content/03/03_06_06,verified,https://www.saac.gov.cn/daj/gqzt/content/03/03_06_06.html,item_surrogate,open,国家档案局官方专题页提供条目页和公开影像入口,hybrid,surrogate_online,public,citation_only,国家档案局专题页面规则待核对,unknown,L1,related,"[""新政协筹备"", ""1949政协筹备会""]",[],"[""北京""]",国家档案局／中央档案馆官方专题具体条目页，题名、形成日期和公开影像入口可追踪。,digital_image,官方条目页题名、日期、影像入口,公开页未展示完整全宗号、案卷号和页码；形成机关、影像文字及复制权利仍需人工核对。,2026-07-18,codex,accepted,2026-08-02 降级 lead_only：surrogate_online 无可采集全文，仅线索登记；未真正进入 documents/pages，不再计入已收集。,2026-07-22,codex,lead_only,2026-07-18 07:20:48,L1,related,
147,domestic:SAAC:catalog-03-03_06_07,新政治协商会议筹备会第六小组第五次全体会议记录,形成机关待核,1949-09-22,档案文献/数字影像替身,SAAC,中央档案馆,从五一口号到开国大典档案文献专题,,,,,saac:gqzt:content/03/03_06_07,verified,https://www.saac.gov.cn/daj/gqzt/content/03/03_06_07.html,item_surrogate,open,国家档案局官方专题页提供条目页和公开影像入口,hybrid,surrogate_online,public,citation_only,国家档案局专题页面规则待核对,unknown,L1,related,"[""新政协筹备"", ""1949政协筹备会""]",[],"[""北京""]",国家档案局／中央档案馆官方专题具体条目页，题名、形成日期和公开影像入口可追踪。,digital_image,官方条目页题名、日期、影像入口,公开页未展示完整全宗号、案卷号和页码；形成机关、影像文字及复制权利仍需人工核对。,2026-07-18,codex,accepted,2026-08-02 降级 lead_only：surrogate_online 无可采集全文，仅线索登记；未真正进入 documents/pages，不再计入已收集。,2026-07-22,codex,lead_only,2026-07-18 07:20:48,L1,related,
148,domestic:SAAC:catalog-03-03_06_08,新政治协商会议筹备会编印的国旗图案参考资料,形成机关待核,1949-09,档案文献/数字影像替身,SAAC,中央档案馆,从五一口号到开国大典档案文献专题,,,,,saac:gqzt:content/03/03_06_08,verified,https://www.saac.gov.cn/daj/gqzt/content/03/03_06_08.html,item_surrogate,open,国家档案局官方专题页提供条目页和公开影像入口,hybrid,surrogate_online,public,citation_only,国家档案局专题页面规则待核对,unknown,L1,related,"[""新政协筹备"", ""1949政协筹备会""]",[],"[""北京""]",国家档案局／中央档案馆官方专题具体条目页，题名、形成日期和公开影像入口可追踪。,digital_image,官方条目页题名、日期、影像入口,公开页未展示完整全宗号、案卷号和页码；形成机关、影像文字及复制权利仍需人工核对。,2026-07-18,codex,accepted,2026-08-02 降级 lead_only：surrogate_online 无可采集全文，仅线索登记；未真正进入 documents/pages，不再计入已收集。,2026-07-22,codex,lead_only,2026-07-18 07:20:48,L1,related,
149,domestic:SAAC:catalog-03-03_06_09,新政治协商会议筹备会国旗分解图,形成机关待核,1949-09,档案文献/数字影像替身,SAAC,中央档案馆,从五一口号到开国大典档案文献专题,,,,,saac:gqzt:content/03/03_06_09,verified,https://www.saac.gov.cn/daj/gqzt/content/03/03_06_09.html,item_surrogate,open,国家档案局官方专题页提供条目页和公开影像入口,hybrid,surrogate_online,public,citation_only,国家档案局专题页面规则待核对,unknown,L1,related,"[""新政协筹备"", ""1949政协筹备会""]",[],"[""北京""]",国家档案局／中央档案馆官方专题具体条目页，题名、形成日期和公开影像入口可追踪。,digital_image,官方条目页题名、日期、影像入口,公开页未展示完整全宗号、案卷号和页码；形成机关、影像文字及复制权利仍需人工核对。,2026-07-18,codex,accepted,2026-08-02 降级 lead_only：surrogate_online 无可采集全文，仅线索登记；未真正进入 documents/pages，不再计入已收集。,2026-07-22,codex,lead_only,2026-07-18 07:20:48,L1,related,
150,domestic:SAAC:catalog-04-04_01,周恩来、李维汉在中国人民政治协商会议筹备会第二次全体会议上讲话,形成机关待核,1949-09-17,档案文献/数字影像替身,SAAC,中央档案馆,从五一口号到开国大典档案文献专题,,,,,saac:gqzt:content/04/04_01,verified,https://www.saac.gov.cn/daj/gqzt/content/04/04_01.html,item_surrogate,open,国家档案局官方专题页提供条目页和公开影像入口,hybrid,surrogate_online,public,citation_only,国家档案局专题页面规则待核对,unknown,L1,core,"[""新政协筹备"", ""1949政协筹备会""]","[""周恩来"", ""李维汉""]","[""北京""]",国家档案局／中央档案馆官方专题具体条目页，题名、形成日期和公开影像入口可追踪。,digital_image,官方条目页题名、日期、影像入口,公开页未展示完整全宗号、案卷号和页码；形成机关、影像文字及复制权利仍需人工核对。,2026-07-18,codex,accepted,2026-08-02 降级 lead_only：surrogate_online 无可采集全文，仅线索登记；未真正进入 documents/pages，不再计入已收集。,2026-07-22,codex,lead_only,2026-07-18 07:20:48,L1,core,
151,domestic:SAAC:catalog-04-04_02,中国人民政治协商会议筹备会第二次全体会议决议案,形成机关待核,1949-09-17,档案文献/数字影像替身,SAAC,中央档案馆,从五一口号到开国大典档案文献专题,,,,,saac:gqzt:content/04/04_02,verified,https://www.saac.gov.cn/daj/gqzt/content/04/04_02.html,item_surrogate,open,国家档案局官方专题页提供条目页和公开影像入口,hybrid,surrogate_online,public,citation_only,国家档案局专题页面规则待核对,unknown,L1,core,"[""新政协筹备"", ""1949政协筹备会""]",[],"[""北京""]",国家档案局／中央档案馆官方专题具体条目页，题名、形成日期和公开影像入口可追踪。,digital_image,官方条目页题名、日期、影像入口,公开页未展示完整全宗号、案卷号和页码；形成机关、影像文字及复制权利仍需人工核对。,2026-07-18,codex,accepted,2026-08-02 降级 lead_only：surrogate_online 无可采集全文，仅线索登记；未真正进入 documents/pages，不再计入已收集。,2026-07-22,codex,lead_only,2026-07-18 07:20:48,L1,core,
152,domestic:SAAC:catalog-04-04_03,中国人民政治协商会议筹备会第二次全体会议记录,形成机关待核,1949-09-17,档案文献/数字影像替身,SAAC,中央档案馆,从五一口号到开国大典档案文献专题,,,,,saac:gqzt:content/04/04_03,verified,https://www.saac.gov.cn/daj/gqzt/content/04/04_03.html,item_surrogate,open,国家档案局官方专题页提供条目页和公开影像入口,hybrid,surrogate_online,public,citation_only,国家档案局专题页面规则待核对,unknown,L1,related,"[""新政协筹备"", ""1949政协筹备会""]",[],"[""北京""]",国家档案局／中央档案馆官方专题具体条目页，题名、形成日期和公开影像入口可追踪。,digital_image,官方条目页题名、日期、影像入口,公开页未展示完整全宗号、案卷号和页码；形成机关、影像文字及复制权利仍需人工核对。,2026-07-18,codex,accepted,2026-08-02 降级 lead_only：surrogate_online 无可采集全文，仅线索登记；未真正进入 documents/pages，不再计入已收集。,2026-07-22,codex,lead_only,2026-07-18 07:20:48,L1,related,
153,domestic:SAAC:catalog-04-04_04,中国人民政治协商会议第一届全体会议主席团及秘书长名单（草案）,形成机关待核,1949-09,档案文献/数字影像替身,SAAC,中央档案馆,从五一口号到开国大典档案文献专题,,,,,saac:gqzt:content/04/04_04,verified,https://www.saac.gov.cn/daj/gqzt/content/04/04_04.html,item_surrogate,open,国家档案局官方专题页提供条目页和公开影像入口,hybrid,surrogate_online,public,citation_only,国家档案局专题页面规则待核对,unknown,L1,related,"[""新政协筹备"", ""1949政协筹备会""]","[""张澜""]","[""北京""]",国家档案局／中央档案馆官方专题具体条目页，题名、形成日期和公开影像入口可追踪。,digital_image,官方条目页题名、日期、影像入口,公开页未展示完整全宗号、案卷号和页码；形成机关、影像文字及复制权利仍需人工核对。,2026-07-18,codex,accepted,2026-08-02 降级 lead_only：surrogate_online 无可采集全文，仅线索登记；未真正进入 documents/pages，不再计入已收集。,2026-07-22,codex,lead_only,2026-07-18 07:20:48,L1,related,
154,domestic:SAAC:catalog-04-04_05,中国人民政治协商会议筹备会关于召开中国人民政治协商会议第一届全体会议的通知,形成机关待核,1949-09-20,档案文献/数字影像替身,SAAC,中央档案馆,从五一口号到开国大典档案文献专题,,,,,saac:gqzt:content/04/04_05,verified,https://www.saac.gov.cn/daj/gqzt/content/04/04_05.html,item_surrogate,open,国家档案局官方专题页提供条目页和公开影像入口,hybrid,surrogate_online,public,citation_only,国家档案局专题页面规则待核对,unknown,L1,related,"[""新政协筹备"", ""1949政协筹备会""]",[],"[""北京""]",国家档案局／中央档案馆官方专题具体条目页，题名、形成日期和公开影像入口可追踪。,digital_image,官方条目页题名、日期、影像入口,公开页未展示完整全宗号、案卷号和页码；形成机关、影像文字及复制权利仍需人工核对。,2026-07-18,codex,accepted,2026-08-02 降级 lead_only：surrogate_online 无可采集全文，仅线索登记；未真正进入 documents/pages，不再计入已收集。,2026-07-22,codex,lead_only,2026-07-18 07:20:48,L1,related,
155,domestic:SAAC:catalog-05-05_01,中国人民政治协商会议第一届全体会议会场,形成机关待核,1949-09-21,档案文献/数字影像替身,SAAC,中央档案馆,从五一口号到开国大典档案文献专题,,,,,saac:gqzt:content/05/05_01,verified,https://www.saac.gov.cn/daj/gqzt/content/05/05_01.html,item_surrogate,open,国家档案局官方专题页提供条目页和公开影像入口,hybrid,surrogate_online,public,citation_only,国家档案局专题页面规则待核对,unknown,L1,core,"[""1949政协一届全会""]",[],"[""北京""]",国家档案局／中央档案馆官方专题具体条目页，题名、形成日期和公开影像入口可追踪。,digital_image,官方条目页题名、日期、影像入口,公开页未展示完整全宗号、案卷号和页码；形成机关、影像文字及复制权利仍需人工核对。,2026-07-18,codex,accepted,2026-08-02 降级 lead_only：surrogate_online 无可采集全文，仅线索登记；未真正进入 documents/pages，不再计入已收集。,2026-07-22,codex,lead_only,2026-07-18 07:20:48,L1,core,
156,domestic:SAAC:catalog-05-05_19,中国人民政治协商会议第一届全体会议主席团第一次会议议程,形成机关待核,1949-09-21,档案文献/数字影像替身,SAAC,中央档案馆,从五一口号到开国大典档案文献专题,,,,,saac:gqzt:content/05/05_19,verified,https://www.saac.gov.cn/daj/gqzt/content/05/05_19.html,item_surrogate,open,国家档案局官方专题页提供条目页和公开影像入口,hybrid,surrogate_online,public,citation_only,国家档案局专题页面规则待核对,unknown,L1,core,"[""1949政协一届全会""]",[],"[""北京""]",国家档案局／中央档案馆官方专题具体条目页，题名、形成日期和公开影像入口可追踪。,digital_image,官方条目页题名、日期、影像入口,公开页未展示完整全宗号、案卷号和页码；形成机关、影像文字及复制权利仍需人工核对。,2026-07-18,codex,accepted,2026-08-02 降级 lead_only：surrogate_online 无可采集全文，仅线索登记；未真正进入 documents/pages，不再计入已收集。,2026-07-22,codex,lead_only,2026-07-18 07:20:48,L1,core,
157,domestic:SAAC:catalog-05-05_21,中国人民政治协商会议拟制国旗国徽国歌方案组报告,形成机关待核,1949-09-21,档案文献/数字影像替身,SAAC,中央档案馆,从五一口号到开国大典档案文献专题,,,,,saac:gqzt:content/05/05_21,verified,https://www.saac.gov.cn/daj/gqzt/content/05/05_21.html,item_surrogate,open,国家档案局官方专题页提供条目页和公开影像入口,hybrid,surrogate_online,public,citation_only,国家档案局专题页面规则待核对,unknown,L1,core,"[""1949政协一届全会""]",[],"[""北京""]",国家档案局／中央档案馆官方专题具体条目页，题名、形成日期和公开影像入口可追踪。,digital_image,官方条目页题名、日期、影像入口,公开页未展示完整全宗号、案卷号和页码；形成机关、影像文字及复制权利仍需人工核对。,2026-07-18,codex,accepted,2026-08-02 降级 lead_only：surrogate_online 无可采集全文，仅线索登记；未真正进入 documents/pages，不再计入已收集。,2026-07-22,codex,lead_only,2026-07-18 07:20:48,L1,core,
158,domestic:SAAC:catalog-05-05_22,中国人民政治协商会议第一届全体会议会刊第一期,形成机关待核,1949-09-21,档案文献/数字影像替身,SAAC,中央档案馆,从五一口号到开国大典档案文献专题,,,,,saac:gqzt:content/05/05_22,verified,https://www.saac.gov.cn/daj/gqzt/content/05/05_22.html,item_surrogate,open,国家档案局官方专题页提供条目页和公开影像入口,hybrid,surrogate_online,public,citation_only,国家档案局专题页面规则待核对,unknown,L1,related,"[""1949政协一届全会""]",[],"[""北京""]",国家档案局／中央档案馆官方专题具体条目页，题名、形成日期和公开影像入口可追踪。,digital_image,官方条目页题名、日期、影像入口,公开页未展示完整全宗号、案卷号和页码；形成机关、影像文字及复制权利仍需人工核对。,2026-07-18,codex,accepted,2026-08-02 降级 lead_only：surrogate_online 无可采集全文，仅线索登记；未真正进入 documents/pages，不再计入已收集。,2026-07-22,codex,lead_only,2026-07-18 07:20:48,L1,related,
159,domestic:SAAC:catalog-05-05_35,全国工商界首席代表陈叔通在中国人民政治协商会议第一届全体会议上的发言,形成机关待核,1949-09-23,档案文献/数字影像替身,SAAC,中央档案馆,从五一口号到开国大典档案文献专题,,,,,saac:gqzt:content/05/05_35,verified,https://www.saac.gov.cn/daj/gqzt/content/05/05_35.html,item_surrogate,open,国家档案局官方专题页提供条目页和公开影像入口,hybrid,surrogate_online,public,citation_only,国家档案局专题页面规则待核对,unknown,L1,related,"[""1949政协一届全会""]","[""陈叔通""]","[""北京""]",国家档案局／中央档案馆官方专题具体条目页，题名、形成日期和公开影像入口可追踪。,digital_image,官方条目页题名、日期、影像入口,公开页未展示完整全宗号、案卷号和页码；形成机关、影像文字及复制权利仍需人工核对。,2026-07-18,codex,accepted,2026-08-02 降级 lead_only：surrogate_online 无可采集全文，仅线索登记；未真正进入 documents/pages，不再计入已收集。,2026-07-22,codex,lead_only,2026-07-18 07:20:48,L1,related,
160,domestic:SAAC:catalog-05-05_36,中华全国文学艺术界联合会首席代表沈雁冰（茅盾）在中国人民政治协商会议第一届全体会议上的发言,形成机关待核,1949-09-23,档案文献/数字影像替身,SAAC,中央档案馆,从五一口号到开国大典档案文献专题,,,,,saac:gqzt:content/05/05_36,verified,https://www.saac.gov.cn/daj/gqzt/content/05/05_36.html,item_surrogate,open,国家档案局官方专题页提供条目页和公开影像入口,hybrid,surrogate_online,public,citation_only,国家档案局专题页面规则待核对,unknown,L1,related,"[""1949政协一届全会""]","[""沈雁冰""]","[""北京""]",国家档案局／中央档案馆官方专题具体条目页，题名、形成日期和公开影像入口可追踪。,digital_image,官方条目页题名、日期、影像入口,公开页未展示完整全宗号、案卷号和页码；形成机关、影像文字及复制权利仍需人工核对。,2026-07-18,codex,accepted,2026-08-02 降级 lead_only：surrogate_online 无可采集全文，仅线索登记；未真正进入 documents/pages，不再计入已收集。,2026-07-22,codex,lead_only,2026-07-18 07:20:48,L1,related,
161,domestic:SAAC:catalog-05-05_37,台湾民主自治同盟首席代表谢雪红在中国人民政治协商会议第一届全体会议上的发言,形成机关待核,1949-09-23,档案文献/数字影像替身,SAAC,中央档案馆,从五一口号到开国大典档案文献专题,,,,,saac:gqzt:content/05/05_37,verified,https://www.saac.gov.cn/daj/gqzt/content/05/05_37.html,item_surrogate,open,国家档案局官方专题页提供条目页和公开影像入口,hybrid,surrogate_online,public,citation_only,国家档案局专题页面规则待核对,unknown,L1,related,"[""1949政协一届全会""]","[""谢雪红""]","[""北京""]",国家档案局／中央档案馆官方专题具体条目页，题名、形成日期和公开影像入口可追踪。,digital_image,官方条目页题名、日期、影像入口,公开页未展示完整全宗号、案卷号和页码；形成机关、影像文字及复制权利仍需人工核对。,2026-07-18,codex,accepted,2026-08-02 降级 lead_only：surrogate_online 无可采集全文，仅线索登记；未真正进入 documents/pages，不再计入已收集。,2026-07-22,codex,lead_only,2026-07-18 07:20:48,L1,related,
162,domestic:SAAC:catalog-05-05_38,黄克诚、梁希、胡乔木在中国人民政治协商会议第一届全体会议上发言照片,形成机关待核,1949-09-23,档案文献/数字影像替身,SAAC,中央档案馆,从五一口号到开国大典档案文献专题,,,,,saac:gqzt:content/05/05_38,verified,https://www.saac.gov.cn/daj/gqzt/content/05/05_38.html,item_surrogate,open,国家档案局官方专题页提供条目页和公开影像入口,hybrid,surrogate_online,public,citation_only,国家档案局专题页面规则待核对,unknown,L1,related,"[""1949政协一届全会""]","[""黄克诚"", ""梁希"", ""胡乔木""]","[""北京""]",国家档案局／中央档案馆官方专题具体条目页，题名、形成日期和公开影像入口可追踪。,digital_image,官方条目页题名、日期、影像入口,公开页未展示完整全宗号、案卷号和页码；形成机关、影像文字及复制权利仍需人工核对。,2026-07-18,codex,accepted,2026-08-02 降级 lead_only：surrogate_online 无可采集全文，仅线索登记；未真正进入 documents/pages，不再计入已收集。,2026-07-22,codex,lead_only,2026-07-18 07:20:48,L1,related,
163,domestic:SAAC:catalog-05-05_40,中国人民政治协商会议组织法草案座谈会记录,形成机关待核,1949-09-23,档案文献/数字影像替身,SAAC,中央档案馆,从五一口号到开国大典档案文献专题,,,,,saac:gqzt:content/05/05_40,verified,https://www.saac.gov.cn/daj/gqzt/content/05/05_40.html,item_surrogate,open,国家档案局官方专题页提供条目页和公开影像入口,hybrid,surrogate_online,public,citation_only,国家档案局专题页面规则待核对,unknown,L1,related,"[""1949政协一届全会""]",[],"[""北京""]",国家档案局／中央档案馆官方专题具体条目页，题名、形成日期和公开影像入口可追踪。,digital_image,官方条目页题名、日期、影像入口,公开页未展示完整全宗号、案卷号和页码；形成机关、影像文字及复制权利仍需人工核对。,2026-07-18,codex,accepted,2026-08-02 降级 lead_only：surrogate_online 无可采集全文，仅线索登记；未真正进入 documents/pages，不再计入已收集。,2026-07-22,codex,lead_only,2026-07-18 07:20:48,L1,related,
164,domestic:SAAC:catalog-05-05_60,中国人民政治协商会议第一届全体会议通过的关于国旗、国徽、国歌、国都、纪年的四个决议草案,形成机关待核,1949-09-26,档案文献/数字影像替身,SAAC,中央档案馆,从五一口号到开国大典档案文献专题,,,,,saac:gqzt:content/05/05_60,verified,https://www.saac.gov.cn/daj/gqzt/content/05/05_60.html,item_surrogate,open,国家档案局官方专题页提供条目页和公开影像入口,hybrid,surrogate_online,public,citation_only,国家档案局专题页面规则待核对,unknown,L1,core,"[""1949政协一届全会""]",[],"[""北京""]",国家档案局／中央档案馆官方专题具体条目页，题名、形成日期和公开影像入口可追踪。,digital_image,官方条目页题名、日期、影像入口,公开页未展示完整全宗号、案卷号和页码；形成机关、影像文字及复制权利仍需人工核对。,2026-07-18,codex,accepted,2026-08-02 降级 lead_only：surrogate_online 无可采集全文，仅线索登记；未真正进入 documents/pages，不再计入已收集。,2026-07-22,codex,lead_only,2026-07-18 07:20:48,L1,core,
165,domestic:SAAC:catalog-05-05_74,中国人民政治协商会议第一届全体会议主席团常委会关于代表提案的审查报告,形成机关待核,1949-09-29,档案文献/数字影像替身,SAAC,中央档案馆,从五一口号到开国大典档案文献专题,,,,,saac:gqzt:content/05/05_74,verified,https://www.saac.gov.cn/daj/gqzt/content/05/05_74.html,item_surrogate,open,国家档案局官方专题页提供条目页和公开影像入口,hybrid,surrogate_online,public,citation_only,国家档案局专题页面规则待核对,unknown,L1,core,"[""1949政协一届全会""]",[],"[""北京""]",国家档案局／中央档案馆官方专题具体条目页，题名、形成日期和公开影像入口可追踪。,digital_image,官方条目页题名、日期、影像入口,公开页未展示完整全宗号、案卷号和页码；形成机关、影像文字及复制权利仍需人工核对。,2026-07-18,codex,accepted,2026-08-02 降级 lead_only：surrogate_online 无可采集全文，仅线索登记；未真正进入 documents/pages，不再计入已收集。,2026-07-22,codex,lead_only,2026-07-18 07:20:48,L1,core,
166,domestic:SAAC:catalog-05-05_77,中华人民共和国中央人民政府委员会选举办法及监票人员名单（草案）,形成机关待核,1949-09-30,档案文献/数字影像替身,SAAC,中央档案馆,从五一口号到开国大典档案文献专题,,,,,saac:gqzt:content/05/05_77,verified,https://www.saac.gov.cn/daj/gqzt/content/05/05_77.html,item_surrogate,open,国家档案局官方专题页提供条目页和公开影像入口,hybrid,surrogate_online,public,citation_only,国家档案局专题页面规则待核对,unknown,L1,core,"[""1949政协一届全会""]",[],"[""北京""]",国家档案局／中央档案馆官方专题具体条目页，题名、形成日期和公开影像入口可追踪。,digital_image,官方条目页题名、日期、影像入口,公开页未展示完整全宗号、案卷号和页码；形成机关、影像文字及复制权利仍需人工核对。,2026-07-18,codex,accepted,2026-08-02 降级 lead_only：surrogate_online 无可采集全文，仅线索登记；未真正进入 documents/pages，不再计入已收集。,2026-07-22,codex,lead_only,2026-07-18 07:20:48,L1,core,
167,domestic:SAAC:catalog-05-05_78,中华人民共和国中央人民政府委员会选举票,形成机关待核,1949-09-30,档案文献/数字影像替身,SAAC,中央档案馆,从五一口号到开国大典档案文献专题,,,,,saac:gqzt:content/05/05_78,verified,https://www.saac.gov.cn/daj/gqzt/content/05/05_78.html,item_surrogate,open,国家档案局官方专题页提供条目页和公开影像入口,hybrid,surrogate_online,public,citation_only,国家档案局专题页面规则待核对,unknown,L1,related,"[""1949政协一届全会""]",[],"[""北京""]",国家档案局／中央档案馆官方专题具体条目页，题名、形成日期和公开影像入口可追踪。,digital_image,官方条目页题名、日期、影像入口,公开页未展示完整全宗号、案卷号和页码；形成机关、影像文字及复制权利仍需人工核对。,2026-07-18,codex,accepted,2026-08-02 降级 lead_only：surrogate_online 无可采集全文，仅线索登记；未真正进入 documents/pages，不再计入已收集。,2026-07-22,codex,lead_only,2026-07-18 07:20:48,L1,related,
168,domestic:SAAC:catalog-05-05_79,中国人民政治协商会议第一届全体会议选举现场,形成机关待核,1949-09-30,档案文献/数字影像替身,SAAC,中央档案馆,从五一口号到开国大典档案文献专题,,,,,saac:gqzt:content/05/05_79,verified,https://www.saac.gov.cn/daj/gqzt/content/05/05_79.html,item_surrogate,open,国家档案局官方专题页提供条目页和公开影像入口,hybrid,surrogate_online,public,citation_only,国家档案局专题页面规则待核对,unknown,L1,related,"[""1949政协一届全会""]",[],"[""北京""]",国家档案局／中央档案馆官方专题具体条目页，题名、形成日期和公开影像入口可追踪。,digital_image,官方条目页题名、日期、影像入口,公开页未展示完整全宗号、案卷号和页码；形成机关、影像文字及复制权利仍需人工核对。,2026-07-18,codex,accepted,2026-08-02 降级 lead_only：surrogate_online 无可采集全文，仅线索登记；未真正进入 documents/pages，不再计入已收集。,2026-07-22,codex,lead_only,2026-07-18 07:20:48,L1,related,
169,domestic:SAAC:catalog-05-05_81,中国人民政治协商会议第一届全体会议致中国人民解放军全体指挥员战斗员的慰问电,形成机关待核,1949-09-30,档案文献/数字影像替身,SAAC,中央档案馆,从五一口号到开国大典档案文献专题,,,,,saac:gqzt:content/05/05_81,verified,https://www.saac.gov.cn/daj/gqzt/content/05/05_81.html,item_surrogate,open,国家档案局官方专题页提供条目页和公开影像入口,hybrid,surrogate_online,public,citation_only,国家档案局专题页面规则待核对,unknown,L1,core,"[""1949政协一届全会""]",[],"[""北京""]",国家档案局／中央档案馆官方专题具体条目页，题名、形成日期和公开影像入口可追踪。,digital_image,官方条目页题名、日期、影像入口,公开页未展示完整全宗号、案卷号和页码；形成机关、影像文字及复制权利仍需人工核对。,2026-07-18,codex,accepted,2026-08-02 降级 lead_only：surrogate_online 无可采集全文，仅线索登记；未真正进入 documents/pages，不再计入已收集。,2026-07-22,codex,lead_only,2026-07-18 07:20:48,L1,core,
170,domestic:SAAC:catalog-05-05_83,中华人民共和国中央人民政府主席、副主席及全体委员名单,形成机关待核,1949-09-30,档案文献/数字影像替身,SAAC,中央档案馆,从五一口号到开国大典档案文献专题,,,,,saac:gqzt:content/05/05_83,verified,https://www.saac.gov.cn/daj/gqzt/content/05/05_83.html,item_surrogate,open,国家档案局官方专题页提供条目页和公开影像入口,hybrid,surrogate_online,public,citation_only,国家档案局专题页面规则待核对,unknown,L1,core,"[""1949政协一届全会""]",[],"[""北京""]",国家档案局官方条目页明确标示《中华人民共和国中央人民政府主席、副主席及全体委员名单（1949年9月30日）》，页面提供两张官方影像直链，已核对条目页、日期和影像入口。,digital_image,条目页 https://www.saac.gov.cn/daj/gqzt/content/05/05_83.html；官方影像 https://www.saac.gov.cn/daj/gqzt/img/a05/83/01.jpg、https://www.saac.gov.cn/daj/gqzt/img/a05/83/02.jpg,官方条目页未公开完整全宗号、案卷号和页码；影像复制权利仍需按国家档案局规则核对。L1表示官方数字替身已定位，不表示已取得无条件原件复制授权。,2026-07-18,codex,accepted,2026-08-02 降级 lead_only：surrogate_online 无可采集全文，仅线索登记；未真正进入 documents/pages，不再计入已收集。,2026-07-18,codex,lead_only,2026-07-18 07:20:48,L1,core,
171,domestic:SAAC:catalog-05-05_85,中国人民政治协商会议秘书处给中国人民政治协商会议第一届全国委员会委员、秘书长的当选通知,形成机关待核,1949-09-30,档案文献/数字影像替身,SAAC,中央档案馆,从五一口号到开国大典档案文献专题,,,,,saac:gqzt:content/05/05_85,verified,https://www.saac.gov.cn/daj/gqzt/content/05/05_85.html,item_surrogate,open,国家档案局官方专题页提供条目页和公开影像入口,hybrid,surrogate_online,public,citation_only,国家档案局专题页面规则待核对,unknown,L1,related,"[""1949政协一届全会""]",[],"[""北京""]",国家档案局／中央档案馆官方专题具体条目页，题名、形成日期和公开影像入口可追踪。,digital_image,官方条目页题名、日期、影像入口,公开页未展示完整全宗号、案卷号和页码；形成机关、影像文字及复制权利仍需人工核对。,2026-07-18,codex,accepted,2026-08-02 降级 lead_only：surrogate_online 无可采集全文，仅线索登记；未真正进入 documents/pages，不再计入已收集。,2026-07-22,codex,lead_only,2026-07-18 07:20:48,L1,related,
172,domestic:SAAC:catalog-05-05_86,中国人民政治协商会议秘书处关于周恩来当选为中央人民政府委员的通知,形成机关待核,1949-09-30,档案文献/数字影像替身,SAAC,中央档案馆,从五一口号到开国大典档案文献专题,,,,,saac:gqzt:content/05/05_86,verified,https://www.saac.gov.cn/daj/gqzt/content/05/05_86.html,item_surrogate,open,国家档案局官方专题页提供条目页和公开影像入口,hybrid,surrogate_online,public,citation_only,国家档案局专题页面规则待核对,unknown,L1,related,"[""1949政协一届全会""]","[""周恩来""]","[""北京""]",国家档案局／中央档案馆官方专题具体条目页，题名、形成日期和公开影像入口可追踪。,digital_image,官方条目页题名、日期、影像入口,公开页未展示完整全宗号、案卷号和页码；形成机关、影像文字及复制权利仍需人工核对。,2026-07-18,codex,accepted,2026-08-02 降级 lead_only：surrogate_online 无可采集全文，仅线索登记；未真正进入 documents/pages，不再计入已收集。,2026-07-22,codex,lead_only,2026-07-18 07:20:48,L1,related,
173,domestic:SAAC:catalog-05-05_87,中国人民政治协商会议第一届全体会议第八天会议记录,形成机关待核,1949-09-30,档案文献/数字影像替身,SAAC,中央档案馆,从五一口号到开国大典档案文献专题,,,,,saac:gqzt:content/05/05_87,verified,https://www.saac.gov.cn/daj/gqzt/content/05/05_87.html,item_surrogate,open,国家档案局官方专题页提供条目页和公开影像入口,hybrid,surrogate_online,public,citation_only,国家档案局专题页面规则待核对,unknown,L1,core,"[""1949政协一届全会""]",[],"[""北京""]",国家档案局／中央档案馆官方专题具体条目页，题名、形成日期和公开影像入口可追踪。,digital_image,官方条目页题名、日期、影像入口,公开页未展示完整全宗号、案卷号和页码；形成机关、影像文字及复制权利仍需人工核对。,2026-07-18,codex,accepted,2026-08-02 降级 lead_only：surrogate_online 无可采集全文，仅线索登记；未真正进入 documents/pages，不再计入已收集。,2026-07-22,codex,lead_only,2026-07-18 07:20:48,L1,core,
174,domestic:SAAC:catalog-05-05_88,人民英雄纪念碑奠基典礼程序,形成机关待核,1949-09-30,档案文献/数字影像替身,SAAC,中央档案馆,从五一口号到开国大典档案文献专题,,,,,saac:gqzt:content/05/05_88,verified,https://www.saac.gov.cn/daj/gqzt/content/05/05_88.html,item_surrogate,open,国家档案局官方专题页提供条目页和公开影像入口,hybrid,surrogate_online,public,citation_only,国家档案局专题页面规则待核对,unknown,L1,related,"[""1949政协一届全会""]",[],"[""北京""]",国家档案局／中央档案馆官方专题具体条目页，题名、形成日期和公开影像入口可追踪。,digital_image,官方条目页题名、日期、影像入口,公开页未展示完整全宗号、案卷号和页码；形成机关、影像文字及复制权利仍需人工核对。,2026-07-18,codex,accepted,2026-08-02 降级 lead_only：surrogate_online 无可采集全文，仅线索登记；未真正进入 documents/pages，不再计入已收集。,2026-07-22,codex,lead_only,2026-07-18 07:20:48,L1,related,
175,domestic:SAAC:catalog-05-05_89,周恩来为人民英雄纪念碑书写的碑文,形成机关待核,1949-09-30,档案文献/数字影像替身,SAAC,中央档案馆,从五一口号到开国大典档案文献专题,,,,,saac:gqzt:content/05/05_89,verified,https://www.saac.gov.cn/daj/gqzt/content/05/05_89.html,item_surrogate,open,国家档案局官方专题页提供条目页和公开影像入口,hybrid,surrogate_online,public,citation_only,国家档案局专题页面规则待核对,unknown,L1,related,"[""1949政协一届全会""]","[""周恩来""]","[""北京""]",国家档案局／中央档案馆官方专题具体条目页，题名、形成日期和公开影像入口可追踪。,digital_image,官方条目页题名、日期、影像入口,公开页未展示完整全宗号、案卷号和页码；形成机关、影像文字及复制权利仍需人工核对。,2026-07-18,codex,accepted,2026-08-02 降级 lead_only：surrogate_online 无可采集全文，仅线索登记；未真正进入 documents/pages，不再计入已收集。,2026-07-22,codex,lead_only,2026-07-18 07:20:48,L1,related,
176,domestic:SAAC:catalog-05-05_90,毛泽东为人民英雄纪念碑奠基,形成机关待核,1949-09-30,档案文献/数字影像替身,SAAC,中央档案馆,从五一口号到开国大典档案文献专题,,,,,saac:gqzt:content/05/05_90,verified,https://www.saac.gov.cn/daj/gqzt/content/05/05_90.html,item_surrogate,open,国家档案局官方专题页提供条目页和公开影像入口,hybrid,surrogate_online,public,citation_only,国家档案局专题页面规则待核对,unknown,L1,related,"[""1949政协一届全会""]","[""毛泽东""]","[""北京""]",国家档案局／中央档案馆官方专题具体条目页，题名、形成日期和公开影像入口可追踪。,digital_image,官方条目页题名、日期、影像入口,公开页未展示完整全宗号、案卷号和页码；形成机关、影像文字及复制权利仍需人工核对。,2026-07-18,codex,accepted,2026-08-02 降级 lead_only：surrogate_online 无可采集全文，仅线索登记；未真正进入 documents/pages，不再计入已收集。,2026-07-22,codex,lead_only,2026-07-18 07:20:48,L1,related,
177,domestic:SAAC:catalog-06-06_01,中央人民政府委员会第一次会议通知,形成机关待核,1949-09-30,档案文献/数字影像替身,SAAC,中央档案馆,从五一口号到开国大典档案文献专题,,,,,saac:gqzt:content/06/06_01,verified,https://www.saac.gov.cn/daj/gqzt/content/06/06_01.html,item_surrogate,open,国家档案局官方专题页提供条目页和公开影像入口,hybrid,surrogate_online,public,citation_only,国家档案局专题页面规则待核对,unknown,L1,core,"[""1949开国大典""]",[],"[""北京""]",国家档案局／中央档案馆官方专题具体条目页，题名、形成日期和公开影像入口可追踪。,digital_image,官方条目页题名、日期、影像入口,公开页未展示完整全宗号、案卷号和页码；形成机关、影像文字及复制权利仍需人工核对。,2026-07-18,codex,accepted,2026-08-02 降级 lead_only：surrogate_online 无可采集全文，仅线索登记；未真正进入 documents/pages，不再计入已收集。,2026-07-22,codex,lead_only,2026-07-18 07:20:48,L1,core,
178,domestic:SAAC:catalog-06-06_02,中国人民政治协商会议第一届全体会议会刊第十一期,形成机关待核,1949-10-01,档案文献/数字影像替身,SAAC,中央档案馆,从五一口号到开国大典档案文献专题,,,,,saac:gqzt:content/06/06_02,verified,https://www.saac.gov.cn/daj/gqzt/content/06/06_02.html,item_surrogate,open,国家档案局官方专题页提供条目页和公开影像入口,hybrid,surrogate_online,public,citation_only,国家档案局专题页面规则待核对,unknown,L1,related,"[""1949开国大典""]",[],"[""北京""]",国家档案局／中央档案馆官方专题具体条目页，题名、形成日期和公开影像入口可追踪。,digital_image,官方条目页题名、日期、影像入口,公开页未展示完整全宗号、案卷号和页码；形成机关、影像文字及复制权利仍需人工核对。,2026-07-18,codex,accepted,2026-08-02 降级 lead_only：surrogate_online 无可采集全文，仅线索登记；未真正进入 documents/pages，不再计入已收集。,2026-07-22,codex,lead_only,2026-07-18 07:20:48,L1,related,
179,domestic:SAAC:catalog-06-06_03,中央人民政府委员会第一次会议签到簿,形成机关待核,1949-10-01,档案文献/数字影像替身,SAAC,中央档案馆,从五一口号到开国大典档案文献专题,,,,,saac:gqzt:content/06/06_03,verified,https://www.saac.gov.cn/daj/gqzt/content/06/06_03.html,item_surrogate,open,国家档案局官方专题页提供条目页和公开影像入口,hybrid,surrogate_online,public,citation_only,国家档案局专题页面规则待核对,unknown,L1,related,"[""1949开国大典""]",[],"[""北京""]",国家档案局／中央档案馆官方专题具体条目页，题名、形成日期和公开影像入口可追踪。,digital_image,官方条目页题名、日期、影像入口,公开页未展示完整全宗号、案卷号和页码；形成机关、影像文字及复制权利仍需人工核对。,2026-07-18,codex,accepted,2026-08-02 降级 lead_only：surrogate_online 无可采集全文，仅线索登记；未真正进入 documents/pages，不再计入已收集。,2026-07-22,codex,lead_only,2026-07-18 07:20:48,L1,related,
180,domestic:SAAC:catalog-06-06_04,中央人民政府委员会第一次会议议程,形成机关待核,1949-10,档案文献/数字影像替身,SAAC,中央档案馆,从五一口号到开国大典档案文献专题,,,,,saac:gqzt:content/06/06_04,verified,https://www.saac.gov.cn/daj/gqzt/content/06/06_04.html,item_surrogate,open,国家档案局官方专题页提供条目页和公开影像入口,hybrid,surrogate_online,public,citation_only,国家档案局专题页面规则待核对,unknown,L1,core,"[""1949开国大典""]",[],"[""北京""]",国家档案局／中央档案馆官方专题具体条目页，题名、形成日期和公开影像入口可追踪。,digital_image,官方条目页题名、日期、影像入口,公开页未展示完整全宗号、案卷号和页码；形成机关、影像文字及复制权利仍需人工核对。,2026-07-18,codex,accepted,2026-08-02 降级 lead_only：surrogate_online 无可采集全文，仅线索登记；未真正进入 documents/pages，不再计入已收集。,2026-07-22,codex,lead_only,2026-07-18 07:20:48,L1,core,
181,domestic:SAAC:catalog-06-06_05,中央人民政府委员会第一次会议记录,形成机关待核,1949-10-01,档案文献/数字影像替身,SAAC,中央档案馆,从五一口号到开国大典档案文献专题,,,,,saac:gqzt:content/06/06_05,verified,https://www.saac.gov.cn/daj/gqzt/content/06/06_05.html,item_surrogate,open,国家档案局官方专题页提供条目页和公开影像入口,hybrid,surrogate_online,public,citation_only,国家档案局专题页面规则待核对,unknown,L1,core,"[""1949开国大典""]",[],"[""北京""]",国家档案局／中央档案馆官方专题具体条目页，题名、形成日期和公开影像入口可追踪。,digital_image,官方条目页题名、日期、影像入口,公开页未展示完整全宗号、案卷号和页码；形成机关、影像文字及复制权利仍需人工核对。,2026-07-18,codex,accepted,2026-08-02 降级 lead_only：surrogate_online 无可采集全文，仅线索登记；未真正进入 documents/pages，不再计入已收集。,2026-07-22,codex,lead_only,2026-07-18 07:20:48,L1,core,
182,domestic:SAAC:catalog-06-06_06,中央人民政府委员会第一次会议任命周恩来为政务院总理兼外交部长的通知书,形成机关待核,1949-10-01,档案文献/数字影像替身,SAAC,中央档案馆,从五一口号到开国大典档案文献专题,,,,,saac:gqzt:content/06/06_06,verified,https://www.saac.gov.cn/daj/gqzt/content/06/06_06.html,item_surrogate,open,国家档案局官方专题页提供条目页和公开影像入口,hybrid,surrogate_online,public,citation_only,国家档案局专题页面规则待核对,unknown,L1,core,"[""1949开国大典""]","[""周恩来""]","[""北京""]",国家档案局／中央档案馆官方专题具体条目页，题名、形成日期和公开影像入口可追踪。,digital_image,官方条目页题名、日期、影像入口,公开页未展示完整全宗号、案卷号和页码；形成机关、影像文字及复制权利仍需人工核对。,2026-07-18,codex,accepted,2026-08-02 降级 lead_only：surrogate_online 无可采集全文，仅线索登记；未真正进入 documents/pages，不再计入已收集。,2026-07-22,codex,lead_only,2026-07-18 07:20:48,L1,core,
183,domestic:SAAC:catalog-06-06_07,毛泽东与中央人民政府委员会部分委员合影,形成机关待核,1949-10-01,档案文献/数字影像替身,SAAC,中央档案馆,从五一口号到开国大典档案文献专题,,,,,saac:gqzt:content/06/06_07,verified,https://www.saac.gov.cn/daj/gqzt/content/06/06_07.html,item_surrogate,open,国家档案局官方专题页提供条目页和公开影像入口,hybrid,surrogate_online,public,citation_only,国家档案局专题页面规则待核对,unknown,L1,related,"[""1949开国大典""]","[""毛泽东""]","[""北京""]",国家档案局／中央档案馆官方专题具体条目页，题名、形成日期和公开影像入口可追踪。,digital_image,官方条目页题名、日期、影像入口,公开页未展示完整全宗号、案卷号和页码；形成机关、影像文字及复制权利仍需人工核对。,2026-07-18,codex,accepted,2026-08-02 降级 lead_only：surrogate_online 无可采集全文，仅线索登记；未真正进入 documents/pages，不再计入已收集。,2026-07-22,codex,lead_only,2026-07-18 07:20:48,L1,related,
184,domestic:SAAC:catalog-06-06_08,庆祝中华人民共和国中央人民政府成立典礼程序（附周恩来批示）,形成机关待核,1949-10-01,档案文献/数字影像替身,SAAC,中央档案馆,从五一口号到开国大典档案文献专题,,,,,saac:gqzt:content/06/06_08,verified,https://www.saac.gov.cn/daj/gqzt/content/06/06_08.html,item_surrogate,open,国家档案局官方专题页提供条目页和公开影像入口,hybrid,surrogate_online,public,citation_only,国家档案局专题页面规则待核对,unknown,L1,core,"[""1949开国大典""]","[""周恩来""]","[""北京""]",国家档案局／中央档案馆官方专题具体条目页，题名、形成日期和公开影像入口可追踪。,digital_image,官方条目页题名、日期、影像入口,公开页未展示完整全宗号、案卷号和页码；形成机关、影像文字及复制权利仍需人工核对。,2026-07-18,codex,accepted,2026-08-02 降级 lead_only：surrogate_online 无可采集全文，仅线索登记；未真正进入 documents/pages，不再计入已收集。,2026-07-22,codex,lead_only,2026-07-18 07:20:48,L1,core,
185,domestic:SAAC:catalog-06-06_09,中华人民共和国中央人民政府公告,形成机关待核,1949-10-01,档案文献/数字影像替身,SAAC,中央档案馆,从五一口号到开国大典档案文献专题,,,,,saac:gqzt:content/06/06_09,verified,https://www.saac.gov.cn/daj/gqzt/content/06/06_09.html,item_surrogate,open,国家档案局官方专题页提供条目页和公开影像入口,hybrid,surrogate_online,public,citation_only,国家档案局专题页面规则待核对,unknown,L1,core,"[""1949开国大典""]",[],"[""北京""]",国家档案局官方条目页明确标示《中华人民共和国中央人民政府公告（1949年10月1日）》，页面提供官方影像直链，已核对条目页与影像入口。,digital_image,条目页 https://www.saac.gov.cn/daj/gqzt/content/06/06_09.html；官方影像 https://www.saac.gov.cn/daj/gqzt/img/a06/09/01.jpg,官方条目页未公开完整全宗号、案卷号和页码；影像复制权利仍需按国家档案局规则核对。L1表示官方数字替身已定位，不表示已取得无条件原件复制授权。,2026-07-18,codex,accepted,2026-08-02 降级 lead_only：surrogate_online 无可采集全文，仅线索登记；未真正进入 documents/pages，不再计入已收集。,2026-07-18,codex,lead_only,2026-07-18 07:20:48,L1,core,
186,domestic:SAAC:catalog-06-06_10,周恩来关于将《中华人民共和国中央人民政府公告》通知各国政府给黄华的电报,形成机关待核,1949-10-01,档案文献/数字影像替身,SAAC,中央档案馆,从五一口号到开国大典档案文献专题,,,,,saac:gqzt:content/06/06_10,verified,https://www.saac.gov.cn/daj/gqzt/content/06/06_10.html,item_surrogate,open,国家档案局官方专题页提供条目页和公开影像入口,hybrid,surrogate_online,public,citation_only,国家档案局专题页面规则待核对,unknown,L1,related,"[""1949开国大典""]","[""周恩来""]","[""北京""]",国家档案局／中央档案馆官方专题具体条目页，题名、形成日期和公开影像入口可追踪。,digital_image,官方条目页题名、日期、影像入口,公开页未展示完整全宗号、案卷号和页码；形成机关、影像文字及复制权利仍需人工核对。,2026-07-18,codex,accepted,2026-08-02 降级 lead_only：surrogate_online 无可采集全文，仅线索登记；未真正进入 documents/pages，不再计入已收集。,2026-07-22,codex,lead_only,2026-07-18 07:20:48,L1,related,
187,domestic:SAAC:catalog-06-06_11,饶彰风致中央统战部的电报：香港《华商报》等同人举行升旗典礼,形成机关待核,1949-10-01,档案文献/数字影像替身,SAAC,中央档案馆,从五一口号到开国大典档案文献专题,,,,,saac:gqzt:content/06/06_11,verified,https://www.saac.gov.cn/daj/gqzt/content/06/06_11.html,item_surrogate,open,国家档案局官方专题页提供条目页和公开影像入口,hybrid,surrogate_online,public,citation_only,国家档案局专题页面规则待核对,unknown,L1,related,"[""1949开国大典""]","[""饶彰风""]","[""北京""]",国家档案局／中央档案馆官方专题具体条目页，题名、形成日期和公开影像入口可追踪。,digital_image,官方条目页题名、日期、影像入口,公开页未展示完整全宗号、案卷号和页码；形成机关、影像文字及复制权利仍需人工核对。,2026-07-18,codex,accepted,2026-08-02 降级 lead_only：surrogate_online 无可采集全文，仅线索登记；未真正进入 documents/pages，不再计入已收集。,2026-07-22,codex,lead_only,2026-07-18 07:20:48,L1,related,
188,domestic:SAAC:catalog-06-06_12,开国大典原始影像,形成机关待核,1949-10-01,档案文献/数字影像替身,SAAC,中央档案馆,从五一口号到开国大典档案文献专题,,,,,saac:gqzt:content/06/06_12,verified,https://www.saac.gov.cn/daj/gqzt/content/06/06_12.html,item_surrogate,open,国家档案局官方专题页提供条目页和公开影像入口,hybrid,surrogate_online,public,citation_only,国家档案局专题页面规则待核对,unknown,L1,related,"[""1949开国大典""]",[],"[""北京""]",国家档案局／中央档案馆官方专题具体条目页，题名、形成日期和公开影像入口可追踪。,digital_image,官方条目页题名、日期、影像入口,公开页未展示完整全宗号、案卷号和页码；形成机关、影像文字及复制权利仍需人工核对。,2026-07-18,codex,accepted,2026-08-02 降级 lead_only：surrogate_online 无可采集全文，仅线索登记；未真正进入 documents/pages，不再计入已收集。,2026-07-22,codex,lead_only,2026-07-18 07:20:48,L1,related,
189,domestic:FJMM:lead-福建民盟盟史导言,福建民盟盟史导言,后期官方页面作者待核,1941—1947,官方地方盟史综述／原始材料追踪线索,FJMM,民盟福建省委,国内民盟史与多党合作史公开线索层,,,,,web:FJMM:t20220308_5880339.htm,verified,https://www.fjmm.gov.cn/zsjs/sxjs/msyj/mstd/202203/t20220308_5880339.htm,item_digital,open,官方公开网页或公开数字报；仅作线索和引用入口,digital,full_item_online,public,citation_only,网站或数字报版权规则待核对,unknown,L4,related,"[""1941年民盟前身与1947年被宣布非法""]",[],[],中国民主同盟前身、1945年一大、1946年政协和1947年被宣布非法等阶段性线索，供回追原始报刊和档案。,secondary_lead,官方页面标题、正文和出处线索,该记录是后期官方综述、回忆或研究页面，不是1941—1949年原始档案；必须回追同期报刊、档案影像或正式汇编后才能升级。,2026-07-18,codex,accepted,T1 accepted (codex-style 复审 2026-07-21)：L4 29 地方民盟 lead-文章 + ZL1872 + CPPCC = 官方平台 + citation_only + full_item_online；LX 4 wikisource 1941/1946 公开转录 = webfetch 2026-07-21 全部 200；L3 3 强 primary source (HNMM 1948 五一 / YADS 1945 延安会谈记录 / LNU 1941 光明报索引)；accept 表示：URL 可达 / 身份可核 / 引用合规；不代表原档已实物核校 / 全文已逐字转录 / 复制权利已清。,2026-07-21,human,pass,2026-07-18 07:20:48,L4,related,1498
190,domestic:93JS:lead-九三学社1947年大事记,九三学社1947年大事记,后期官方页面作者待核,1947,其他民主党派官方史料综述／同期文献线索,93JS,九三学社中央委员会,国内民盟史与多党合作史公开线索层,,,,,web:93JS:250156,verified,https://www.93.gov.cn/lshm-dsj/250156.html,item_digital,open,官方公开网页或公开数字报；仅作线索和引用入口,digital,full_item_online,public,citation_only,网站或数字报版权规则待核对,unknown,L4,related,"[""1947民盟被宣布非法""]","[""许德珩"", ""雷洁琼""]",[],九三学社中央官方大事记载有1947年11月4日声援民盟的联合声明线索，需回追《新民报》《观察》同期版面。,secondary_lead,官方页面标题、正文和出处线索,该记录是后期官方综述、回忆或研究页面，不是1941—1949年原始档案；必须回追同期报刊、档案影像或正式汇编后才能升级。,2026-07-18,codex,accepted,L4 accepted (cheer 2026-07-21 拍板)：5 条均为 8 民主党派中央官网（mmzy.org.cn / 93.gov.cn）衍生内容（lead-人物文章 / lead-事件专题 / 大事记 / 党史专题页）；L4 等级保持不变（衍生品 = secondary，非原始档案影印件），accept 表示：URL 可访问 + 身份可核 + 引用合规（reuse_rights=citation_only），不代表原档已实物核校。,2026-07-21,human,pass,2026-07-18 07:20:48,L4,related,1455
191,domestic:HNMM:lead-民盟精神解析,民盟精神解析,后期官方页面作者待核,1941—1948,地方盟史综述／报刊档案线索,HNMM,民盟湖南省委,国内民盟史与多党合作史公开线索层,,,,,web:HNMM:12381106,verified,https://www.hnmm.gov.cn/content/645445/97/12381106.html,item_digital,open,官方公开网页或公开数字报；仅作线索和引用入口,digital,full_item_online,public,citation_only,网站或数字报版权规则待核对,unknown,L4,related,"[""1941民盟前身；1946李闻血案；1947民盟被宣布非法""]",[],[],民盟湖南省委官方文章列出《光明报》《民主报》、李闻血案和1947年取缔等可追查对象，不作为核心原件。,secondary_lead,官方页面标题、正文和出处线索,该记录是后期官方综述、回忆或研究页面，不是1941—1949年原始档案；必须回追同期报刊、档案影像或正式汇编后才能升级。,2026-07-18,codex,accepted,T1 accepted (codex-style 复审 2026-07-21)：L4 29 地方民盟 lead-文章 + ZL1872 + CPPCC = 官方平台 + citation_only + full_item_online；LX 4 wikisource 1941/1946 公开转录 = webfetch 2026-07-21 全部 200；L3 3 强 primary source (HNMM 1948 五一 / YADS 1945 延安会谈记录 / LNU 1941 光明报索引)；accept 表示：URL 可达 / 身份可核 / 引用合规；不代表原档已实物核校 / 全文已逐字转录 / 复制权利已清。,2026-07-21,human,pass,2026-07-18 07:20:48,L4,related,1476
192,domestic:GXMM:lead--大公报-和-观察-对民盟被迫解散的不同反应,《大公报》和《观察》对民盟被迫解散的不同反应,后期官方页面作者待核,1947-11,官方转载研究／同期报刊线索,GXMM,民盟广西区委,国内民盟史与多党合作史公开线索层,,,,,web:GXMM:7063,verified,https://www.gxmm.gov.cn/index/index/artical/id/7063.html,item_digital,open,官方公开网页或公开数字报；仅作线索和引用入口,digital,full_item_online,public,citation_only,网站或数字报版权规则待核对,unknown,L4,related,"[""1947民盟被宣布非法""]",[],[],民盟广西区委页面梳理1947年《大公报》《新民报》《观察》关于民盟解散的报道和声明出处，待逐期回追。,secondary_lead,官方页面标题、正文和出处线索,该记录是后期官方综述、回忆或研究页面，不是1941—1949年原始档案；必须回追同期报刊、档案影像或正式汇编后才能升级。,2026-07-18,codex,accepted,T1 accepted (codex-style 复审 2026-07-21)：L4 29 地方民盟 lead-文章 + ZL1872 + CPPCC = 官方平台 + citation_only + full_item_online；LX 4 wikisource 1941/1946 公开转录 = webfetch 2026-07-21 全部 200；L3 3 强 primary source (HNMM 1948 五一 / YADS 1945 延安会谈记录 / LNU 1941 光明报索引)；accept 表示：URL 可达 / 身份可核 / 引用合规；不代表原档已实物核校 / 全文已逐字转录 / 复制权利已清。,2026-07-21,human,pass,2026-07-18 07:20:48,L4,related,1463
193,domestic:93JS:lead-历史的必然-郑重的选择-中共中央发布-五一口号-的历史由,历史的必然 郑重的选择——中共中央发布“五一口号”的历史由来,后期官方页面作者待核,1948-05,民主党派官方史料综述／事件线索,93JS,九三学社中央委员会,国内民盟史与多党合作史公开线索层,,,,,web:93JS:208807,verified,https://www.93.gov.cn/xwjc-ddhzdt/208807.html,item_digital,open,官方公开网页或公开数字报；仅作线索和引用入口,digital,full_item_online,public,citation_only,网站或数字报版权规则待核对,unknown,L4,related,"[""1948五一口号；1947民盟被宣布非法""]",[],[],九三学社中央官方页面提供五一口号、新政协和1947年民盟取缔的历史关联，作为跨来源事件线索。,secondary_lead,官方页面标题、正文和出处线索,该记录是后期官方综述、回忆或研究页面，不是1941—1949年原始档案；必须回追同期报刊、档案影像或正式汇编后才能升级。,2026-07-18,codex,accepted,L4 accepted (cheer 2026-07-21 拍板)：5 条均为 8 民主党派中央官网（mmzy.org.cn / 93.gov.cn）衍生内容（lead-人物文章 / lead-事件专题 / 大事记 / 党史专题页）；L4 等级保持不变（衍生品 = secondary，非原始档案影印件），accept 表示：URL 可访问 + 身份可核 + 引用合规（reuse_rights=citation_only），不代表原档已实物核校。,2026-07-21,human,pass,2026-07-18 07:20:48,L4,related,1456
194,domestic:MMZY:lead-周恩来与第一届人民政协会议的召开,周恩来与第一届人民政协会议的召开,后期官方页面作者待核,1945—1949,民盟中央官方专题／会议史料线索,MMZY,中国民主同盟中央委员会,国内民盟史与多党合作史公开线索层,,,,,web:MMZY:Content.aspx?ArticleId=150104&ColumnId=2698,verified,https://www.mmzy.org.cn/mobile/NPC2025/Content.aspx?ArticleId=150104&ColumnId=2698,item_digital,open,官方公开网页或公开数字报；仅作线索和引用入口,digital,full_item_online,public,citation_only,网站或数字报版权规则待核对,unknown,L4,related,"[""1946拒绝参加国民大会；1949政协一届全会""]",[],[],民盟中央页面梳理民盟拒绝参加1946年国民大会、新政协筹备及一届政协，可用于回追会议原件。,secondary_lead,官方页面标题、正文和出处线索,该记录是后期官方综述、回忆或研究页面，不是1941—1949年原始档案；必须回追同期报刊、档案影像或正式汇编后才能升级。,2026-07-18,codex,accepted,L4 accepted (cheer 2026-07-21 拍板)：5 条均为 8 民主党派中央官网（mmzy.org.cn / 93.gov.cn）衍生内容（lead-人物文章 / lead-事件专题 / 大事记 / 党史专题页）；L4 等级保持不变（衍生品 = secondary，非原始档案影印件），accept 表示：URL 可访问 + 身份可核 + 引用合规（reuse_rights=citation_only），不代表原档已实物核校。,2026-07-21,human,pass,2026-07-18 07:20:48,L4,related,1451
195,domestic:MMZY:lead-楚图南-民盟文章,楚图南—民盟文章,后期官方页面作者待核,1945—1949,民盟中央人物史料页／人物文献线索,MMZY,中国民主同盟中央委员会,国内民盟史与多党合作史公开线索层,,,,,web:MMZY:ArticleList.aspx?ColumnId=1182&id=13075&name=Myfc,verified,https://www.mmzy.org.cn/mobile/ArticleList.aspx?ColumnId=1182&id=13075&name=Myfc,item_digital,open,官方公开网页或公开数字报；仅作线索和引用入口,digital,full_item_online,public,citation_only,网站或数字报版权规则待核对,unknown,L4,related,"[""1945民盟一大；1947民盟被宣布非法""]","[""楚图南""]",[],民盟中央人物页面记载楚图南参加1945年临时全国代表大会、1947年解散后活动，供人物档案和同期报刊追踪。,secondary_lead,官方页面标题、正文和出处线索,该记录是后期官方综述、回忆或研究页面，不是1941—1949年原始档案；必须回追同期报刊、档案影像或正式汇编后才能升级。,2026-07-18,codex,accepted,L4 accepted (cheer 2026-07-21 拍板)：5 条均为 8 民主党派中央官网（mmzy.org.cn / 93.gov.cn）衍生内容（lead-人物文章 / lead-事件专题 / 大事记 / 党史专题页）；L4 等级保持不变（衍生品 = secondary，非原始档案影印件），accept 表示：URL 可访问 + 身份可核 + 引用合规（reuse_rights=citation_only），不代表原档已实物核校。；网页 2026-08-02 不可采 (HTTP exception) 2026-08-02T08:16:40+00:00；html-finalize(html-finalize-20260802) 2026-08-02T08:17:29+00:00,2026-07-21,human,pass,2026-07-18 07:20:48,L4,related,1562
196,domestic:BJTZB:lead-人民民主统一战线的巩固和扩大,人民民主统一战线的巩固和扩大,后期官方页面作者待核,1947—1948,官方统战史料综述／会议文件线索,BJTZB,北京市委统战部,国内民盟史与多党合作史公开线索层,,,,,web:BJTZB:7772.shtml,verified,https://www.bjtzb.gov.cn/wwwroot/sdtyzx/publish/article/12/7772.shtml,item_digital,open,官方公开网页或公开数字报；仅作线索和引用入口,digital,full_item_online,public,citation_only,网站或数字报版权规则待核对,unknown,L4,related,"[""1947民盟被宣布非法；1948民盟一届三中全会""]",[],[],北京市委统战部门页面概述1947年民盟被取缔和1948年一届三中全会，作为检索关键词和时间核对线索。,secondary_lead,官方页面标题、正文和出处线索,该记录是后期官方综述、回忆或研究页面，不是1941—1949年原始档案；必须回追同期报刊、档案影像或正式汇编后才能升级。,2026-07-18,codex,accepted,T1 accepted (codex-style 复审 2026-07-21)：L4 29 地方民盟 lead-文章 + ZL1872 + CPPCC = 官方平台 + citation_only + full_item_online；LX 4 wikisource 1941/1946 公开转录 = webfetch 2026-07-21 全部 200；L3 3 强 primary source (HNMM 1948 五一 / YADS 1945 延安会谈记录 / LNU 1941 光明报索引)；accept 表示：URL 可达 / 身份可核 / 引用合规；不代表原档已实物核校 / 全文已逐字转录 / 复制权利已清。,2026-07-21,human,pass,2026-07-18 07:20:48,L4,related,1499
197,domestic:HBMJ:lead-民建简史第三章-迎接新中国的诞生,民建简史第三章：迎接新中国的诞生,后期官方页面作者待核,1947-11,民主党派官方史料综述／上海活动线索,HBMJ,民建湖北省委,国内民盟史与多党合作史公开线索层,,,,,web:HBMJ:302,verified,https://www.hbmj.gov.cn/a/302.html,item_digital,open,官方公开网页或公开数字报；仅作线索和引用入口,digital,full_item_online,public,citation_only,网站或数字报版权规则待核对,unknown,L4,related,"[""1947民盟被宣布非法""]","[""黄炎培"", ""胡厥文""]",[],民建湖北省委页面记录1947年11月上海民主党派应变活动，可用于追查上海地方报刊、会议和组织档案。,secondary_lead,官方页面标题、正文和出处线索,该记录是后期官方综述、回忆或研究页面，不是1941—1949年原始档案；必须回追同期报刊、档案影像或正式汇编后才能升级。,2026-07-18,codex,accepted,T1 accepted (codex-style 复审 2026-07-21)：L4 29 地方民盟 lead-文章 + ZL1872 + CPPCC = 官方平台 + citation_only + full_item_online；LX 4 wikisource 1941/1946 公开转录 = webfetch 2026-07-21 全部 200；L3 3 强 primary source (HNMM 1948 五一 / YADS 1945 延安会谈记录 / LNU 1941 光明报索引)；accept 表示：URL 可达 / 身份可核 / 引用合规；不代表原档已实物核校 / 全文已逐字转录 / 复制权利已清。,2026-07-21,human,pass,2026-07-18 07:20:48,L4,related,1500
198,domestic:ZJMG:lead-中国国民党革命委员会60年-一-,中国国民党革命委员会60年（一）,后期官方页面作者待核,1947,民主党派官方史料综述／跨党派反应线索,ZJMG,相关民主党派官方机构,国内民盟史与多党合作史公开线索层,,,,,web:ZJMG:021400419.shtml,verified,https://www.zjmg.gov.cn/ch119/system/2009/04/29/021400419.shtml,item_digital,open,官方公开网页或公开数字报；仅作线索和引用入口,digital,full_item_online,public,citation_only,网站或数字报版权规则待核对,unknown,L4,related,"[""1947民盟被宣布非法""]","[""李济深""]",[],浙江民革官方页面记载李济深对民盟被宣布非法的反应，供回追1947年香港声明、报刊和民主党派档案。,secondary_lead,官方页面标题、正文和出处线索,该记录是后期官方综述、回忆或研究页面，不是1941—1949年原始档案；必须回追同期报刊、档案影像或正式汇编后才能升级。,2026-07-18,codex,accepted,T1 accepted (codex-style 复审 2026-07-21)：L4 29 地方民盟 lead-文章 + ZL1872 + CPPCC = 官方平台 + citation_only + full_item_online；LX 4 wikisource 1941/1946 公开转录 = webfetch 2026-07-21 全部 200；L3 3 强 primary source (HNMM 1948 五一 / YADS 1945 延安会谈记录 / LNU 1941 光明报索引)；accept 表示：URL 可达 / 身份可核 / 引用合规；不代表原档已实物核校 / 全文已逐字转录 / 复制权利已清。,2026-07-21,human,pass,2026-07-18 07:20:48,L4,related,1501
199,domestic:MMSH:lead-新中国成立前民盟对政治协商制度的贡献,新中国成立前民盟对政治协商制度的贡献,后期官方页面作者待核,1941—1949,民盟上海数字报／研究综述线索,MMSH,民盟上海市委,国内民盟史与多党合作史公开线索层,,,,,web:MMSH:shmx-20241012-003.pdf,verified,https://paper.minmengsh.gov.cn/resfile/2024-10-12/03/shmx-20241012-003.pdf,item_digital,open,官方公开网页或公开数字报；仅作线索和引用入口,digital,full_item_online,public,citation_only,网站或数字报版权规则待核对,unknown,L4,related,"[""1941民盟前身；1949政协一届全会""]",[],"[""上海""]",民盟上海公开数字报文章汇总民盟早期组织史和政协贡献，作为上海地方档案和同期报刊的反查线索，不作为原件。,secondary_lead,官方页面标题、正文和出处线索,该记录是后期官方综述、回忆或研究页面，不是1941—1949年原始档案；必须回追同期报刊、档案影像或正式汇编后才能升级。,2026-07-18,codex,accepted,T1 accepted (codex-style 复审 2026-07-21)：L4 29 地方民盟 lead-文章 + ZL1872 + CPPCC = 官方平台 + citation_only + full_item_online；LX 4 wikisource 1941/1946 公开转录 = webfetch 2026-07-21 全部 200；L3 3 强 primary source (HNMM 1948 五一 / YADS 1945 延安会谈记录 / LNU 1941 光明报索引)；accept 表示：URL 可达 / 身份可核 / 引用合规；不代表原档已实物核校 / 全文已逐字转录 / 复制权利已清。；网页 2026-08-02 不可采 (HTTP exception) 2026-08-02T08:16:40+00:00；html-finalize(html-finalize-20260802) 2026-08-02T08:17:29+00:00,2026-07-21,human,pass,2026-07-18 07:20:48,L4,related,1561
200,domestic:FJMM:lead-少年记忆-初识民盟,少年记忆·初识民盟,后期官方页面作者待核,1947,地方盟史回忆／史料追踪线索,FJMM,民盟福建省委,国内民盟史与多党合作史公开线索层,,,,,web:FJMM:t20220408_5879997.htm,verified,https://www.fjmm.gov.cn/zsjs/sxjs/xxyd/202204/t20220408_5879997.htm,item_digital,open,官方公开网页或公开数字报；仅作线索和引用入口,digital,full_item_online,public,citation_only,网站或数字报版权规则待核对,unknown,L4,related,"[""1947民盟被宣布非法""]",[],[],福建民盟公开回忆文章涉及1947年民盟总部被迫解散，保留为线索层，不纳入核心证据。,secondary_lead,官方页面标题、正文和出处线索,该记录是后期官方综述、回忆或研究页面，不是1941—1949年原始档案；必须回追同期报刊、档案影像或正式汇编后才能升级。,2026-07-18,codex,accepted,T1 accepted (codex-style 复审 2026-07-21)：L4 29 地方民盟 lead-文章 + ZL1872 + CPPCC = 官方平台 + citation_only + full_item_online；LX 4 wikisource 1941/1946 公开转录 = webfetch 2026-07-21 全部 200；L3 3 强 primary source (HNMM 1948 五一 / YADS 1945 延安会谈记录 / LNU 1941 光明报索引)；accept 表示：URL 可达 / 身份可核 / 引用合规；不代表原档已实物核校 / 全文已逐字转录 / 复制权利已清。,2026-07-21,human,pass,2026-07-18 07:20:48,L4,related,1502
201,domestic:WS:democratic-movement-editorial-1941,《民主运动的生力军》——《解放日报》1941年10月28日社论,《解放日报》,1941-10-28,同期报刊社论转录,WS,维基文库公开转录,国内民盟史与多党合作史公开线索层,,,,,web:WS:democratic-movement-editorial-1941,verified,https://zh.wikisource.org/zh-hans/民主運動的生力軍,item_digital,open,官方公开网页或公开转录；仅作线索和引用入口,digital,full_item_online,public,citation_only,页面版权和底本规则待核对,unknown,L3,related,"[""1941民盟前身""]","[""张君劢"", ""梁漱溟"", ""章伯钧"", ""张澜""]",[],维基文库页面明确标注该文为《解放日报》1941年10月28日社论，并保存题名、日期和全文转录；需回追报纸原版影像。,secondary_lead,页面题名、日期、正文和底本说明,现有记录是公开转录而非报纸原版影像，版次、馆藏和原件页码尚未核验。,2026-07-18,codex,accepted,T2.1 accepted (codex-style 复审 2026-07-21)：L3 5 强 primary source (WS 1941 解放日报社论 wikisource 200 / 闻一多 baike 200 已修 URL / WM 张澜墓 wikimedia 200 / WM 西南联大旧址 wikimedia 200 / BJDCMM 1945 宣言剪影 bjdcmm.org.cn 200)；L4 3 张澜 1943 (URL 共享 zl1872.cn/zxxnewsview.aspx?producid=1397 专题页)；accept 表示：URL 可达 / 身份可核 / 引用合规；不代表原档已实物核校 / 全文已逐字转录 / 复制权利已清。,2026-07-21,human,pass,2026-07-18 07:23:46,L3,related,1448
202,domestic:WS:pcc-national-assembly-resolution-1946,政治协商会议国民大会问题决议案,政治协商会议,1946,政协决议公开转录,WS,维基文库公开转录,国内民盟史与多党合作史公开线索层,,,,,web:WS:pcc-national-assembly-resolution-1946,verified,https://zh.wikisource.org/zh/政治协商会议国民大会问题决议案,item_digital,open,官方公开网页或公开转录；仅作线索和引用入口,digital,full_item_online,public,citation_only,页面版权和底本规则待核对,unknown,LX,related,"[""1946旧政协"", ""1946拒绝国民大会""]",[],[],维基文库页面标注该文为1946年政治协商会议决议之一部分，条文直接涉及国民大会名额和党派安排；作为回追正式政协文件的文本线索。,secondary_lead,页面题名、日期、正文和底本说明,公开页面没有可核验的正式汇编版次、馆藏档号或原件影像，不能直接视为L2/L1。,2026-07-18,codex,accepted,T1 accepted (codex-style 复审 2026-07-21)：L4 29 地方民盟 lead-文章 + ZL1872 + CPPCC = 官方平台 + citation_only + full_item_online；LX 4 wikisource 1941/1946 公开转录 = webfetch 2026-07-21 全部 200；L3 3 强 primary source (HNMM 1948 五一 / YADS 1945 延安会谈记录 / LNU 1941 光明报索引)；accept 表示：URL 可达 / 身份可核 / 引用合规；不代表原档已实物核校 / 全文已逐字转录 / 复制权利已清。,2026-07-21,human,pass,2026-07-18 07:23:46,LX,related,1449
203,domestic:WS:pcc-government-reorganization-1946,政治协商会议改组政府案,政治协商会议,1946,政协决议公开转录,WS,维基文库公开转录,国内民盟史与多党合作史公开线索层,,,,,web:WS:pcc-government-reorganization-1946,verified,https://zh.wikisource.org/zh/政治协商会议改组政府案,item_digital,open,官方公开网页或公开转录；仅作线索和引用入口,digital,full_item_online,public,citation_only,页面版权和底本规则待核对,unknown,LX,related,"[""1946旧政协""]",[],[],维基文库公开页面以政协决议为题收录《改组政府案》，用于追查1946年政协正式文件和民盟代表立场。,secondary_lead,页面题名、日期、正文和底本说明,页面访问和底本信息仍需人工复核；没有原件影像、正式汇编页码或档号。,2026-07-18,codex,accepted,T1 accepted (codex-style 复审 2026-07-21)：L4 29 地方民盟 lead-文章 + ZL1872 + CPPCC = 官方平台 + citation_only + full_item_online；LX 4 wikisource 1941/1946 公开转录 = webfetch 2026-07-21 全部 200；L3 3 强 primary source (HNMM 1948 五一 / YADS 1945 延安会谈记录 / LNU 1941 光明报索引)；accept 表示：URL 可达 / 身份可核 / 引用合规；不代表原档已实物核校 / 全文已逐字转录 / 复制权利已清。,2026-07-21,human,pass,2026-07-18 07:23:46,LX,related,1450
204,domestic:BJDCMM:reorganization-1944,民盟史料：1944年全国代表会议改名与改组,民盟北京市东城区委员会网站作者待核,1944-09,官方地方盟史叙述,BJDCMM,民盟北京市东城区委员会,国内民盟史与多党合作史公开线索层,,,,,web:BJDCMM:reorganization-1944,verified,https://www.bjdcmm.org.cn/01msjs/20040310/01.htm,item_digital,open,官方公开网页或公开转录；仅作线索和引用入口,digital,full_item_online,public,citation_only,页面版权和底本规则待核对,unknown,L4,related,"[""1944改组更名""]","[""张澜"", ""沈钧儒"", ""黄炎培""]",[],民盟地方组织公开盟史页面明确记载1944年全国代表会议改名、取消团体会员制和中央委员选举，作为回追会议文件的线索。,secondary_lead,页面题名、日期、正文和底本说明,后期盟史叙述，不是1944年同期原件或正式档案影像，保留在相关线索层。,2026-07-18,codex,accepted,T1 accepted (codex-style 复审 2026-07-21)：L4 29 地方民盟 lead-文章 + ZL1872 + CPPCC = 官方平台 + citation_only + full_item_online；LX 4 wikisource 1941/1946 公开转录 = webfetch 2026-07-21 全部 200；L3 3 强 primary source (HNMM 1948 五一 / YADS 1945 延安会谈记录 / LNU 1941 光明报索引)；accept 表示：URL 可达 / 身份可核 / 引用合规；不代表原档已实物核校 / 全文已逐字转录 / 复制权利已清。,2026-07-21,human,pass,2026-07-18 07:23:46,L4,related,1480
205,domestic:HLJMM:first-congress-files-1945,民盟第一次全国代表大会通过文件线索,民盟黑龙江省委网站作者待核,1945-10,官方地方盟史叙述,HLJMM,民盟黑龙江省委员会,国内民盟史与多党合作史公开线索层,,,,,web:HLJMM:first-congress-files-1945,verified,https://www.hljmm.gov.cn/show.aspx?id=892,item_digital,open,官方公开网页或公开转录；仅作线索和引用入口,digital,full_item_online,public,citation_only,页面版权和底本规则待核对,unknown,L4,related,"[""1945民盟一大""]","[""张澜""]",[],民盟黑龙江省委官方简介列出1945年临时全国代表大会通过的政治报告、宣言、纲领和组织规程，作为正式文件回追线索。,secondary_lead,页面题名、日期、正文和底本说明,后期官方简介未提供原件影像、档号、正式汇编页码或版次，不能作为核心证据。,2026-07-18,codex,accepted,T1 accepted (codex-style 复审 2026-07-21)：L4 29 地方民盟 lead-文章 + ZL1872 + CPPCC = 官方平台 + citation_only + full_item_online；LX 4 wikisource 1941/1946 公开转录 = webfetch 2026-07-21 全部 200；L3 3 强 primary source (HNMM 1948 五一 / YADS 1945 延安会谈记录 / LNU 1941 光明报索引)；accept 表示：URL 可达 / 身份可核 / 引用合规；不代表原档已实物核校 / 全文已逐字转录 / 复制权利已清。,2026-07-21,human,pass,2026-07-18 07:23:46,L4,related,1481
206,domestic:WS:wen-yiduo-last-testament-1946,闻一多同志不朽的遗言,闻一多,1946-07-15,演讲文本／同期刊物转录,WS,维基文库公开转录,国内民盟史与多党合作史公开线索层,,,,,闻一多全集·第二卷:湖北人民出版社:1993,pending,https://baike.baidu.com/item/最后一次讲演/5722557,item_digital,open,公开转录；页面注明演讲日期和发表日期，需回追同期刊物,digital,full_item_online,public,citation_only,页面版权和底本规则待核对,unknown,L3,related,"[""1946李闻血案""]","[""闻一多"", ""李公朴""]","[""昆明""]",webfetch 2026-07-21 验证：baike.baidu.com 200，含完整文本 + 创作背景 + 原文 + 作者简介；wikisource 该条 404（疑因版权或页面整合已下线），改用更稳定的 baike 入口。,secondary_lead,页面题名《最后一次讲演》、作者闻一多、演讲日期 1946-07-15（李公朴追悼会）、原始记录 何丽芳 1946-07-15 速记；最早公开发表于《学生报》1946-07-21 第三版，后收入《闻一多全集·第二卷》（湖北人民出版社 1993 / 三联书店 1982）。URL 已从 wikisource 旧名《聞一多同志不朽的遺言》（404）改到 baidu baike 现行标题《最后一次讲演》。,原候选 evidence_note 提及「维基文库相关版本讨论进一步指出其与《民主周刊》第三卷第十九期有关」 — 改 URL 后该线索保留在 evidence_locator；如需引用《民主周刊》原刊，需走 NLC/特园 cheer-only 函调路径。,2026-07-18,codex,accepted,T2.1 accepted (codex-style 复审 2026-07-21)：L3 5 强 primary source (WS 1941 解放日报社论 wikisource 200 / 闻一多 baike 200 已修 URL / WM 张澜墓 wikimedia 200 / WM 西南联大旧址 wikimedia 200 / BJDCMM 1945 宣言剪影 bjdcmm.org.cn 200)；L4 3 张澜 1943 (URL 共享 zl1872.cn/zxxnewsview.aspx?producid=1397 专题页)；accept 表示：URL 可达 / 身份可核 / 引用合规；不代表原档已实物核校 / 全文已逐字转录 / 复制权利已清。；网页 2026-08-02 不可采 (HTTP 403) 2026-08-02T08:16:40+00:00,2026-07-21,human,lead_only,2026-07-18 07:34:15,L3,related,
207,domestic:GXMM:dagongbao-dissolution-report-1947-11-06,民盟今日解散·张澜等昨开会决定·通告各地盟员停止政治活动,《大公报》上海版,1947-11-06,同期报刊报道线索,GXMM,民盟广西区委公开盟史转载,1947民盟被迫解散报刊线索,,,,,《大公报》上海版:1947-11-06:民盟今日解散,verified,https://www.gxmm.gov.cn/index/index/artical/id/7063.html,finding_aid,open,官方地方盟史页面转述并指向具体报刊题名、日期和版面；原报刊影像待查,digital,full_item_online,public,citation_only,转载页面及原报刊权利待核,unknown,L4,related,"[""1947民盟被宣布非法""]","[""张澜""]","[""上海""]",官方盟史页面明确给出《大公报》上海版1947年11月6日关于民盟解散的报道题名，形成可复查的报刊定位线索。,secondary_lead,官方页面正文中的报刊题名、日期和版名,当前不是《大公报》原版影像，版次、页码和原文需在报刊数据库或馆藏中复核。,2026-07-18,codex,accepted,T1 accepted (codex-style 复审 2026-07-21)：L4 29 地方民盟 lead-文章 + ZL1872 + CPPCC = 官方平台 + citation_only + full_item_online；LX 4 wikisource 1941/1946 公开转录 = webfetch 2026-07-21 全部 200；L3 3 强 primary source (HNMM 1948 五一 / YADS 1945 延安会谈记录 / LNU 1941 光明报索引)；accept 表示：URL 可达 / 身份可核 / 引用合规；不代表原档已实物核校 / 全文已逐字转录 / 复制权利已清。,2026-07-21,human,pass,2026-07-18 07:43:14,L4,related,1464
208,domestic:GXMM:xinminbao-professors-statement-1947-11-04,我们对于政府压迫民盟的看法,周炳琳等北平大学教授,1947-11-04,同期报刊声明线索,GXMM,民盟广西区委公开盟史转载,1947民盟被迫解散报刊线索,,,,,《新民报》北平版:1947-11-04:我们对于政府压迫民盟的看法,verified,https://www.gxmm.gov.cn/index/index/artical/id/7063.html,finding_aid,open,官方地方盟史页面转述并指向具体报刊题名、日期和版面；原报刊影像待查,digital,full_item_online,public,citation_only,转载页面及原报刊权利待核,unknown,L4,related,"[""1947民盟被宣布非法""]","[""周炳琳"", ""李广田"", ""俞平伯"", ""朱自清"", ""朱光潜"", ""陈达"", ""许德珩"", ""雷洁琼"", ""严景耀""]","[""北平""]",官方盟史页面列出1947年11月4日北平版《新民报》刊载的教授联署声明，并给出参与者和事件背景。,secondary_lead,官方页面正文中的报刊题名、日期、版名和联署人,当前不是《新民报》原版影像，版次、页码、联署名单和原文需在报刊数据库或馆藏中复核。,2026-07-19,grok,accepted,T1 accepted (codex-style 复审 2026-07-21)：L4 29 地方民盟 lead-文章 + ZL1872 + CPPCC = 官方平台 + citation_only + full_item_online；LX 4 wikisource 1941/1946 公开转录 = webfetch 2026-07-21 全部 200；L3 3 强 primary source (HNMM 1948 五一 / YADS 1945 延安会谈记录 / LNU 1941 光明报索引)；accept 表示：URL 可达 / 身份可核 / 引用合规；不代表原档已实物核校 / 全文已逐字转录 / 复制权利已清。,2026-07-21,human,pass,2026-07-18 07:43:14,L4,related,1465
209,domestic:GXMM:observer-professors-statement-1947-11-08,我们对于政府压迫民盟的看法,《观察》周刊编辑部／联署教授,1947-11-08,同期周刊声明线索,GXMM,民盟广西区委公开盟史转载,1947民盟被迫解散报刊线索,,,,,《观察》:第三卷:第十一期:1947-11-08:我们对于政府压迫民盟的看法,verified,https://www.gxmm.gov.cn/index/index/artical/id/7063.html,finding_aid,open,官方地方盟史页面转述并指向具体周刊卷期和文章；原刊影像待查,digital,full_item_online,public,citation_only,转载页面及原刊权利待核,unknown,L4,related,"[""1947民盟被宣布非法""]","[""储安平""]","[""上海""]",官方盟史页面明确指出《观察》第三卷第十一期（1947年11月8日）刊载相关声明，形成可复查的卷期定位线索。,secondary_lead,官方页面正文中的刊名、卷期、日期和文章题名,当前不是《观察》原刊影像，页码、编者署名和原文需在报刊数据库或馆藏中复核。,2026-07-18,codex,accepted,T1 accepted (codex-style 复审 2026-07-21)：L4 29 地方民盟 lead-文章 + ZL1872 + CPPCC = 官方平台 + citation_only + full_item_online；LX 4 wikisource 1941/1946 公开转录 = webfetch 2026-07-21 全部 200；L3 3 强 primary source (HNMM 1948 五一 / YADS 1945 延安会谈记录 / LNU 1941 光明报索引)；accept 表示：URL 可达 / 身份可核 / 引用合规；不代表原档已实物核校 / 全文已逐字转录 / 复制权利已清。,2026-07-21,human,pass,2026-07-18 07:43:14,L4,related,1466
210,domestic:SHAC:6-5-1216-meng-illegal-transfer-1947,奉令为宣布民主同盟为非法团体转令遵照由,上海市政府（形成机关和具体承办部门待核）,1947-11-11,上海市政府转令／档案著录线索,SHAC,上海市档案馆,民盟非法化及地方执行文件,6-5,民盟及社会团体管理相关案卷（待核）,,1216,上档6-5-1216,verified,https://www.jstage.jst.go.jp/article/asianstudies/49/3/49_38/_pdf,finding_aid,open,公开学术 PDF 引用该上海市档案馆档号；档案原件需向馆方或目录系统申请核验,digital,catalogue_only_online,unknown,citation_only,档案复制权利待向上海市档案馆确认,unknown,L4,related,"[""1947民盟被宣布非法""]",[],"[""上海""]",公开学术文章引用上海市档案馆‘上档6-5-1216’，并说明该件涉及中央内政部宣布民盟非法后上海市政府的转令执行链；当前只确认档号线索，不确认原件内容全文。,printed_finding_aid,公开 PDF 中的注释/档号引文,形成日期、正式题名、形成机关、案卷层级和影像内容需回到上海市档案馆目录或原件核验。,2026-07-18,codex,accepted,2026-08-02 降级 lead_only：catalogue_only_online 无可采集全文，仅线索登记；未真正进入 documents/pages，不再计入已收集。,2026-07-22,codex,lead_only,2026-07-18 07:45:06,L4,related,
211,domestic:SCU:democratic-league-anti-civil-war-talk-1945-11-02,中国民主同盟发言人发表反对内战的谈话,中国民主同盟发言人,1945-11-02,正式汇编收录的民盟发言,SCU,四川大学马列主义教研室中共党史科研组／公开数字化汇编,《停战谈判资料》（1981）,,,,,《停战谈判资料》（四川大学马列主义教研室中共党史科研组选编，四川人民出版社，1981年6月），第218页；CiNii BN11127530,verified,https://upload.wikimedia.org/wikipedia/commons/2/29/NTUL-9910001969_%E5%81%9C%E6%88%98%E8%B0%88%E5%88%A4%E8%B5%84%E6%96%99%E9%80%89%E7%BC%96.pdf,item_surrogate,open,公开扫描副本；记录题名/日期/页码由目录页核对,hybrid,surrogate_online,public,citation_only,汇编及扫描副本版权/平台规则待核,unknown,L2,related,"[""1945民盟一大""]","[""中国民主同盟""]","[""重庆""]",公开扫描目录页给出题名、1945-11-02日期和第218页；CiNii书目确认正式汇编书目信息。,printed_finding_aid,扫描 PDF 目录页（书内第8页/视觉页10）及 CiNii BN11127530,当前取得的是后期正式汇编扫描和目录定位，不是1945年原件/同期报刊原版；原始出处和形成者完整信息待回追。,2026-07-18,codex,accepted,2026-08-02 降级 lead_only：surrogate_online 无可采集全文，仅线索登记；未真正进入 documents/pages，不再计入已收集。,2026-07-22,codex,lead_only,2026-07-18 08:04:41,L2,related,
212,domestic:SCU:democratic-league-situation-talk-1946-01-02,中国民主同盟发言人对时局重要谈话,中国民主同盟发言人,1946-01-02,正式汇编收录的民盟发言,SCU,四川大学马列主义教研室中共党史科研组／公开数字化汇编,《停战谈判资料》（1981）,,,,,《停战谈判资料》（四川大学马列主义教研室中共党史科研组选编，四川人民出版社，1981年6月），第248页；CiNii BN11127530,verified,https://upload.wikimedia.org/wikipedia/commons/2/29/NTUL-9910001969_%E5%81%9C%E6%88%98%E8%B0%88%E5%88%A4%E8%B5%84%E6%96%99%E9%80%89%E7%BC%96.pdf,item_surrogate,open,公开扫描副本；记录题名/日期/页码由目录页核对,hybrid,surrogate_online,public,citation_only,汇编及扫描副本版权/平台规则待核,unknown,L2,related,"[""1946旧政协""]","[""中国民主同盟""]","[""重庆""]",公开扫描目录页给出题名、1946-01-02日期和第248页；CiNii书目确认正式汇编书目信息。,printed_finding_aid,扫描 PDF 目录页（书内第9页/视觉页11）及 CiNii BN11127530,当前取得的是后期正式汇编扫描和目录定位，不是1946年原件/同期报刊原版；原始出处和形成者完整信息待回追。,2026-07-18,codex,accepted,2026-08-02 降级 lead_only：surrogate_online 无可采集全文，仅线索登记；未真正进入 documents/pages，不再计入已收集。,2026-07-22,codex,lead_only,2026-07-18 08:04:41,L2,related,
213,domestic:MMYunnan:democracy-weekly-run-1944-1946,昆明《民主周刊》出版沿革与馆藏追索线索,中国民主同盟云南省委员会（后期史料页）,1944-12-09/1946-08-02,官方盟史期刊沿革／馆藏追索线索,MMYunnan,中国民主同盟云南省委员会,民盟云南史料专题,,,,,官方页面记载《民主周刊》1944-12-09至1946-08-02共3卷71期；重点回查第三卷第十九期（1946-08-02）,verified,https://www.minmengsh.gov.cn/detailpage/lshm-5881f0f7-d19e-11ec-8d57-8c554a2845d4.html,item_digital,open,官方后期史料页公开浏览；期刊原版需向图书馆/档案馆逐期回查,digital,catalogue_only_online,public,citation_only,官方网页版权规则及期刊原刊复制权利待核,unknown,L4,related,"[""1946李闻血案"", ""1944改组更名""]","[""罗隆基"", ""闻一多"", ""李公朴""]","[""昆明""]",官方页面给出出版起止日期、卷期规模、编者/社长和李闻事件后停刊信息，可直接指导《民主周刊》第三卷第十九期等原版追索。,official_description,官方页面正文的出版沿革段落,当前仅为后期官方描述，不是期刊原版或图书馆记录；各期出版日、页码、文章题名和影像状态需逐期核验。,2026-07-18,codex,accepted,2026-08-02 降级 lead_only：catalogue_only_online 无可采集全文，仅线索登记；未真正进入 documents/pages，不再计入已收集。,2026-07-22,codex,lead_only,2026-07-18 08:08:39,L4,related,
214,domestic:MMHIST:formation-declaration-1941,中国民主政团同盟成立宣言,中国民主政团同盟,1941-10-10,正式汇编收录的成立宣言,MMHIST,中国民主同盟中央文史资料委员会／公开数字化扫描,《中国民主同盟历史文献 1941—1949》（1983）,,,,,《中国民主同盟历史文献 1941—1949》（中国民主同盟中央文史资料委员会编，文史资料出版社，1983年4月），第5页；扫描书内页码,verified,https://www.marxists.org/chinese/pdf/history_of_international/china/mzhtm1.pdf,item_surrogate,open,公开扫描 PDF；版权页、目录页和书内页码可核对,hybrid,surrogate_online,public,citation_only,公开扫描副本及原汇编复制权利待核,unknown,L2,core,"[""1941民盟前身""]","[""中国民主政团同盟""]","[""重庆"", ""香港""]",正文页界已核读：公开扫描 PDF 第35—37页（书内第5—7页）连续构成《中国民主政团同盟成立宣言》，第35页有标题和1941年10月10日日期，第37页正文结束；第38页已转入下一件《中国民主政团同盟对时局主张纲领》（一九四一年十月十日），不是1944年纲领，也不是1945年《中国民主同盟纲领》。,digital_image,PDF第35—37页（书内第5—7页）本地页图：work/domestic/mmhist_formation_1941_pages/page-035.png；page-036.png；page-037.png；PDF第38页为下一文边界核验（对时局主张纲领）：work/domestic/mmhist_formation_1941_pages/page-038.png；目录页同时定位该条目。,当前证据是正式后期汇编扫描，不是1941年《光明报》原刊或档案原件；原刊版次、版面和形成过程需回追。,2026-07-19,grok,accepted,2026-08-02 降级 lead_only：surrogate_online 无可采集全文，仅线索登记；未真正进入 documents/pages，不再计入已收集。,2026-07-19,codex,lead_only,2026-07-18 08:18:19,L2,core,
215,domestic:MMHIST:program-draft-1944-09-19,中国民主同盟纲领草案,中国民主同盟全国代表会议,1944-09-19,正式汇编收录的纲领草案,MMHIST,中国民主同盟中央文史资料委员会／公开数字化扫描,《中国民主同盟历史文献 1941—1949》（1983）,,,,,《中国民主同盟历史文献 1941—1949》（中国民主同盟中央文史资料委员会编，文史资料出版社，1983年4月），第26页；扫描书内页码,verified,https://www.marxists.org/chinese/pdf/history_of_international/china/mzhtm1.pdf,item_surrogate,open,公开扫描 PDF；目录页和书内页码可核对,hybrid,surrogate_online,public,citation_only,公开扫描副本及原汇编复制权利待核,unknown,L2,core,"[""1944改组更名""]","[""中国民主同盟""]","[""重庆""]",正文页已核读：公开扫描 PDF 扫描书内第26页（PDF 第56页）标题为《中国民主同盟纲领草案》，标注‘一九四四年九月十九日全国代表会议通过’；该页正文可见。,digital_image,PDF扫描书内第26页（PDF第56页）正文首页；目录页同时定位该条目。,正式汇编重刊不替代1944年全国代表会议原始文件；原件形成机关和同期发表载体待回追。,2026-07-18,codex,accepted,2026-08-02 降级 lead_only：surrogate_online 无可采集全文，仅线索登记；未真正进入 documents/pages，不再计入已收集。,2026-07-22,codex,lead_only,2026-07-18 08:18:19,L2,core,
216,domestic:MMHIST:platform-1945,中国民主同盟纲领,中国民主同盟临时全国代表大会,1945-10-12,正式汇编收录的大会纲领,MMHIST,中国民主同盟中央文史资料委员会／公开数字化扫描,《中国民主同盟历史文献 1941—1949》（1983）,,,,,《中国民主同盟历史文献 1941—1949》（中国民主同盟中央文史资料委员会编，文史资料出版社，1983年4月），第66页；扫描书内页码,verified,https://www.marxists.org/chinese/pdf/history_of_international/china/mzhtm1.pdf,item_surrogate,open,公开扫描 PDF；目录页和书内页码可核对,hybrid,surrogate_online,public,citation_only,公开扫描副本及原汇编复制权利待核,unknown,L2,core,"[""1945民盟一大""]","[""中国民主同盟"", ""张澜""]","[""重庆"", ""特园""]",正文页界已核读：公开扫描 PDF 第96—100页（书内第66—70页）连续构成《中国民主同盟纲领》，第96页有标题和‘一九四五年十月临时全国代表大会通过’，第100页正文结束；第101页已转入《中国民主同盟临时全国代表大会政治报告》。,digital_image,PDF第96—100页（书内第66—70页）本地页图：work/domestic/mmhist_platform_1945_pages/page-096.png至page-100.png；PDF第101页为下一文边界核验：work/domestic/mmhist_platform_1945_pages/page-101.png；目录页同时定位该条目。,正式汇编重刊不替代1945年大会原件或同期报刊发表版；形成和传递过程待回追。,2026-07-18,codex,accepted,2026-08-02 降级 lead_only：surrogate_online 无可采集全文，仅线索登记；未真正进入 documents/pages，不再计入已收集。,2026-07-19,codex,lead_only,2026-07-18 08:18:19,L2,core,
217,domestic:MMHIST:political-report-1945,中国民主同盟临时全国代表大会政治报告,中国民主同盟临时全国代表大会,1945-10-11,正式汇编收录的大会政治报告,MMHIST,中国民主同盟中央文史资料委员会／公开数字化扫描,《中国民主同盟历史文献 1941—1949》（1983）,,,,,《中国民主同盟历史文献 1941—1949》（中国民主同盟中央文史资料委员会编，文史资料出版社，1983年4月），第71页；扫描书内页码,verified,https://www.marxists.org/chinese/pdf/history_of_international/china/mzhtm1.pdf,item_surrogate,open,公开扫描 PDF；目录页和书内页码可核对,hybrid,surrogate_online,public,citation_only,公开扫描副本及原汇编复制权利待核,unknown,L2,core,"[""1945民盟一大""]","[""中国民主同盟"", ""张澜""]","[""重庆"", ""特园""]",正文连续页已核读：公开扫描 PDF 第101—117页（扫描书内第71—87页）均为《中国民主同盟临时全国代表大会政治报告》正文；第101页标题和日期为1945年10月11日，第117页为报告末页。第118页起进入《中国民主同盟临时全国代表大会宣言》，故不并入政治报告。,digital_image,PDF第101—117页（扫描书内第71—87页）；本地页图：work/domestic/mmhist_platform_1945_pages/page-101.png至page-117.png（含2026-07-19补导的page-111至page-116）；第101页正文首页、第117页末页；第118页起为下一件《中国民主同盟临时全国代表大会宣言》（work/domestic/mmhist_congress_1945_pages/page-118.png）。,该记录证据来自1983年正式汇编公开扫描，不替代1945年大会原始印本或同期发表版；报告署名、原始形成/发表载体和版本异文仍待互校。,2026-07-19,codex,accepted,2026-08-02 降级 lead_only：surrogate_online 无可采集全文，仅线索登记；未真正进入 documents/pages，不再计入已收集。,2026-07-19,codex,lead_only,2026-07-18 08:18:19,L2,core,
218,domestic:MMHIST:congress-declaration-1945,中国民主同盟临时全国代表大会宣言,中国民主同盟临时全国代表大会,1945-10-16,正式汇编收录的大会宣言,MMHIST,中国民主同盟中央文史资料委员会／公开数字化扫描,《中国民主同盟历史文献 1941—1949》（1983）,,,,,《中国民主同盟历史文献 1941—1949》（中国民主同盟中央文史资料委员会编，文史资料出版社，1983年4月），第88页；扫描书内页码,verified,https://www.marxists.org/chinese/pdf/history_of_international/china/mzhtm1.pdf,item_surrogate,open,公开扫描 PDF；目录页和书内页码可核对,hybrid,surrogate_online,public,citation_only,公开扫描副本及原汇编复制权利待核,unknown,L2,core,"[""1945民盟一大""]","[""中国民主同盟"", ""张澜""]","[""重庆"", ""特园""]",正文页界已核读：公开扫描 PDF 第118—123页（书内第88—93页）连续构成《中国民主同盟临时全国代表大会宣言》，第118页有标题和1945年10月16日日期，第123页以‘谨此宣言’收束；第124页已转入《中国民主同盟组织规程》。,digital_image,PDF第118—123页（书内第88—93页）本地页图：work/domestic/mmhist_congress_1945_pages/page-118.png至page-123.png；PDF第124页为下一文边界核验：work/domestic/mmhist_congress_1945_pages/page-124.png；目录页同时定位该条目。,正式汇编重刊不替代大会原件或同期发表版；宣言发表载体及文本异文待回追。,2026-07-18,codex,accepted,2026-08-02 降级 lead_only：surrogate_online 无可采集全文，仅线索登记；未真正进入 documents/pages，不再计入已收集。,2026-07-19,codex,lead_only,2026-07-18 08:18:19,L2,core,
219,domestic:MMHIST:li-gongpu-protest-1946-07-12,中国民主同盟云南省支部为李公朴同志被暴徒暗杀事件提出严重抗议,中国民主同盟云南省支部,1946-07-12,正式汇编收录的抗议声明,MMHIST,中国民主同盟中央文史资料委员会／公开数字化扫描,《中国民主同盟历史文献 1941—1949》（1983）,,,,,《中国民主同盟历史文献 1941—1949》（中国民主同盟中央文史资料委员会编，文史资料出版社，1983年4月），第182页；扫描书内页码,verified,https://www.marxists.org/chinese/pdf/history_of_international/china/mzhtm1.pdf,item_surrogate,open,公开扫描 PDF；目录页和书内页码可核对,hybrid,surrogate_online,public,citation_only,公开扫描副本及原汇编复制权利待核,unknown,L2,core,"[""1946李闻血案""]","[""李公朴"", ""中国民主同盟""]","[""昆明""]",正文页已核读：公开扫描 PDF 扫描书内第182页（PDF 第212页）标题为《中国民主同盟云南省支部为李公朴同志被暴徒暗杀事件提出严重抗议》，日期为1946年7月12日；该页正文可见。,digital_image,PDF扫描书内第182页（PDF第212页）正文首页；目录页同时定位该条目。,正式汇编重刊不替代云南省支部原件、同期报刊或原始发表载体；原件出处待核。,2026-07-18,codex,accepted,2026-08-02 降级 lead_only：surrogate_online 无可采集全文，仅线索登记；未真正进入 documents/pages，不再计入已收集。,2026-07-22,codex,lead_only,2026-07-18 08:18:19,L2,core,
220,domestic:MMHIST:wen-yiduo-emergency-statement-1946-07-16,中国民主同盟云南省支部为闻一多同志复遭暗杀紧急声明,中国民主同盟云南省支部,1946-07-16,正式汇编收录的紧急声明,MMHIST,中国民主同盟中央文史资料委员会／公开数字化扫描,《中国民主同盟历史文献 1941—1949》（1983）,,,,,《中国民主同盟历史文献 1941—1949》（中国民主同盟中央文史资料委员会编，文史资料出版社，1983年4月），第191页；扫描书内页码,verified,https://www.marxists.org/chinese/pdf/history_of_international/china/mzhtm1.pdf,item_surrogate,open,公开扫描 PDF；目录页和书内页码可核对,hybrid,surrogate_online,public,citation_only,公开扫描副本及原汇编复制权利待核,unknown,L2,core,"[""1946李闻血案""]","[""闻一多"", ""李公朴"", ""中国民主同盟""]","[""昆明""]",正文页已核读：公开扫描 PDF 扫描书内第191页（PDF 第221页）标题为《中国民主同盟云南省支部为闻一多同志复遭暗杀紧急声明》，日期为1946年7月16日；该页正文可见。,digital_image,PDF扫描书内第191页（PDF第221页）正文首页；目录页同时定位该条目。,正式汇编重刊不替代云南省支部原件、同期报刊或原始发表载体；原件出处待核。,2026-07-18,codex,accepted,2026-08-02 降级 lead_only：surrogate_online 无可采集全文，仅线索登记；未真正进入 documents/pages，不再计入已收集。,2026-07-22,codex,lead_only,2026-07-18 08:18:19,L2,core,
221,domestic:MMHIST:li-gongpu-statement-1946-07-17,中国民主同盟为李公朴被害发表声明,中国民主同盟,1946-07-17,正式汇编收录的声明,MMHIST,中国民主同盟中央文史资料委员会／公开数字化扫描,《中国民主同盟历史文献 1941—1949》（1983）,,,,,《中国民主同盟历史文献 1941—1949》（中国民主同盟中央文史资料委员会编，文史资料出版社，1983年4月），第194页；扫描书内页码,verified,https://www.marxists.org/chinese/pdf/history_of_international/china/mzhtm1.pdf,item_surrogate,open,公开扫描 PDF；目录页和书内页码可核对,hybrid,surrogate_online,public,citation_only,公开扫描副本及原汇编复制权利待核,unknown,L2,core,"[""1946李闻血案""]","[""李公朴"", ""中国民主同盟""]","[""昆明""]",目录页将民盟为李公朴被害发表的声明定位于书内第194页，并标注1946年7月17日。,printed_finding_aid,PDF扫描目录页（扫描书内第7页）和书内第194页,正式汇编重刊不替代民盟中央原件或同期发表载体；署名、传播路径和原件出处待核。,2026-07-18,codex,accepted,2026-08-02 降级 lead_only：surrogate_online 无可采集全文，仅线索登记；未真正进入 documents/pages，不再计入已收集。,2026-07-22,codex,lead_only,2026-07-18 08:18:19,L2,core,
222,domestic:MMHIST:league-banned-1947-10-27,国民党政府宣布民盟为非法团体,国民党政府（汇编收录）,1947-10-27,正式汇编收录的政府公告,MMHIST,中国民主同盟中央文史资料委员会／公开数字化扫描,《中国民主同盟历史文献 1941—1949》（1983）,,,,,《中国民主同盟历史文献 1941—1949》（中国民主同盟中央文史资料委员会编，文史资料出版社，1983年4月），第360页；扫描书内页码,verified,https://www.marxists.org/chinese/pdf/history_of_international/china/mzhtm1.pdf,item_surrogate,open,公开扫描 PDF；目录页和书内页码可核对,hybrid,surrogate_online,public,citation_only,公开扫描副本及原汇编复制权利待核,unknown,L2,core,"[""1947民盟被宣布非法""]","[""张澜"", ""中国民主同盟""]","[""南京"", ""上海""]",正文页已核读：公开扫描 PDF 第390页（扫描书内第360页）为《国民党政府宣布民盟为非法团体》，题下注明1947年10月27日；该页为独立正文页，页首有“附录”标识和标题，正文说明内政部发言人宣布及政府取缔口径。,digital_image,PDF第390页；扫描书内第360页；该页独立正文标题、日期和正文。,该记录证据来自1983年正式汇编公开扫描，不替代1947年内政部原始公函、国民政府公报或档案原件；汇编底本、正式发布载体和文本异文仍待互校。,2026-07-19,grok,accepted,2026-08-02 降级 lead_only：surrogate_online 无可采集全文，仅线索登记；未真正进入 documents/pages，不再计入已收集。,2026-07-22,codex,lead_only,2026-07-18 08:18:19,L2,core,
223,domestic:MMHIST:league-dissolution-announcement-1947-11-06,中国民主同盟被迫解散公告,中国民主同盟总部／张澜,1947-11-06,正式汇编收录的解散公告,MMHIST,中国民主同盟中央文史资料委员会／公开数字化扫描,《中国民主同盟历史文献 1941—1949》（1983）,,,,,《中国民主同盟历史文献 1941—1949》（中国民主同盟中央文史资料委员会编，文史资料出版社，1983年4月），第355页；扫描书内页码,verified,https://www.marxists.org/chinese/pdf/history_of_international/china/mzhtm1.pdf,item_surrogate,open,公开扫描 PDF；目录页和书内页码可核对,hybrid,surrogate_online,public,citation_only,公开扫描副本及原汇编复制权利待核,unknown,L2,core,"[""1947民盟被宣布非法""]","[""张澜"", ""中国民主同盟""]","[""上海""]",正文页已核读：公开扫描 PDF 第385—386页（扫描书内第355—356页）连续为《中国民主同盟被迫发表解散公告》（1947年11月6日）；第385页为标题、日期和正文首页，第386页为公告续页、政府答复条件和中国民主同盟主席张澜署名。,digital_image,PDF第385—386页；扫描书内第355—356页；第385页正文首页、第386页末页及张澜署名。,该记录证据来自1983年正式汇编公开扫描，不替代1947年民盟总部原始印本、同期报刊原版或档案原件；汇编底本、传播载体和文本异文仍待互校。,2026-07-19,grok,accepted,2026-08-02 降级 lead_only：surrogate_online 无可采集全文，仅线索登记；未真正进入 documents/pages，不再计入已收集。,2026-07-22,codex,lead_only,2026-07-18 08:18:19,L2,core,
224,domestic:MMHIST:lo-lung-chi-national-assembly-1946-01-17,罗隆基在政协讨论国民大会问题时重申民盟主张,罗隆基／中国民主同盟,1946-01-17,正式汇编收录的政协发言,MMHIST,中国民主同盟中央文史资料委员会／公开数字化扫描,《中国民主同盟历史文献 1941—1949》（1983）,,,,,《中国民主同盟历史文献 1941—1949》（中国民主同盟中央文史资料委员会编，文史资料出版社，1983年4月），第130页；扫描书内页码,verified,https://www.marxists.org/chinese/pdf/history_of_international/china/mzhtm1.pdf,item_surrogate,open,公开扫描 PDF；目录页和书内页码可核对,hybrid,surrogate_online,public,citation_only,公开扫描副本及原汇编复制权利待核,unknown,L2,core,"[""1946拒绝国民大会""]","[""罗隆基"", ""中国民主同盟""]","[""重庆""]",正文页已核读：公开扫描 PDF 扫描书内第130页（PDF 第160页）标题为《罗隆基在政协讨论国民大会问题时重申民盟主张》，日期为1946年1月17日；该页正文可见。,digital_image,PDF扫描书内第130页（PDF第160页）正文首页；目录页同时定位该条目。,正式汇编重刊不替代政协发言原始记录或同期报刊；发言全文底本和民盟正式拒参声明的关系待核。,2026-07-18,codex,accepted,2026-08-02 降级 lead_only：surrogate_online 无可采集全文，仅线索登记；未真正进入 documents/pages，不再计入已收集。,2026-07-22,codex,lead_only,2026-07-18 08:26:33,L2,core,
225,domestic:MMHIST:chang-po-chun-national-assembly-1946-01-17,章伯钧重申中国民主同盟关于国民大会的五项主张,章伯钧／中国民主同盟,1946-01-17,正式汇编收录的政协发言,MMHIST,中国民主同盟中央文史资料委员会／公开数字化扫描,《中国民主同盟历史文献 1941—1949》（1983）,,,,,《中国民主同盟历史文献 1941—1949》（中国民主同盟中央文史资料委员会编，文史资料出版社，1983年4月），第132页；扫描书内页码,verified,https://www.marxists.org/chinese/pdf/history_of_international/china/mzhtm1.pdf,item_surrogate,open,公开扫描 PDF；目录页和书内页码可核对,hybrid,surrogate_online,public,citation_only,公开扫描副本及原汇编复制权利待核,unknown,L2,core,"[""1946拒绝国民大会""]","[""章伯钧"", ""中国民主同盟""]","[""重庆""]",正文页已核读：公开扫描 PDF 扫描书内第132页（PDF 第162页）标题为《章伯钧重申中国民主同盟关于国民大会的五项主张》，日期为1946年1月17日至18日；该页正文可见。,digital_image,PDF扫描书内第132页（PDF第162页）正文首页；目录页同时定位该条目。,正式汇编重刊不替代政协发言原始记录或同期报刊；五项主张与正式拒参声明的关系待核。,2026-07-18,codex,accepted,2026-08-02 降级 lead_only：surrogate_online 无可采集全文，仅线索登记；未真正进入 documents/pages，不再计入已收集。,2026-07-22,codex,lead_only,2026-07-18 08:26:33,L2,core,
226,domestic:MMHIST:situation-talk-1946-01-02,中国民主同盟发言人对时局发表谈话,中国民主同盟发言人,1946-01-02,正式汇编收录的民盟发言,MMHIST,中国民主同盟中央文史资料委员会／公开数字化扫描,《中国民主同盟历史文献 1941—1949》（1983）,,,,,《中国民主同盟历史文献 1941—1949》（中国民主同盟中央文史资料委员会编，文史资料出版社，1983年4月），第115页；扫描书内页码,verified,https://www.marxists.org/chinese/pdf/history_of_international/china/mzhtm1.pdf,item_surrogate,open,公开扫描 PDF；目录页和书内页码可核对,hybrid,surrogate_online,public,citation_only,公开扫描副本及原汇编复制权利待核,unknown,L2,core,"[""1946旧政协""]","[""中国民主同盟""]","[""重庆""]",正文页已核读：公开扫描 PDF 扫描书内第115页（PDF 第145页）标题为《中国民主同盟发言人对时局发表谈话》，日期为1946年1月2日；该页正文可见。,digital_image,PDF扫描书内第115页（PDF第145页）正文首页；目录页同时定位该条目。,正式汇编重刊不替代1946年原始发表载体；发言人的具体姓名、原报刊版次和全文底本待核。,2026-07-18,codex,accepted,2026-08-02 降级 lead_only：surrogate_online 无可采集全文，仅线索登记；未真正进入 documents/pages，不再计入已收集。,2026-07-22,codex,lead_only,2026-07-18 08:32:55,L2,core,
227,domestic:MMHIST:chang-lan-pcc-opening-1946-01-10,中国民主同盟主席张澜在政治协商会议开幕式上的讲话,张澜／中国民主同盟,1946-01-10,正式汇编收录的政协开幕讲话,MMHIST,中国民主同盟中央文史资料委员会／公开数字化扫描,《中国民主同盟历史文献 1941—1949》（1983）,,,,,《中国民主同盟历史文献 1941—1949》（中国民主同盟中央文史资料委员会编，文史资料出版社，1983年4月），第117页；扫描书内页码,verified,https://www.marxists.org/chinese/pdf/history_of_international/china/mzhtm1.pdf,item_surrogate,open,公开扫描 PDF；目录页和书内页码可核对,hybrid,surrogate_online,public,citation_only,公开扫描副本及原汇编复制权利待核,unknown,L2,core,"[""1946旧政协""]","[""张澜"", ""中国民主同盟""]","[""重庆""]",正文页已核读：公开扫描 PDF 扫描书内第117页（PDF 第147页）标题为《中国民主同盟主席张澜在政治协商会议开幕式上的讲话》，日期为1946年1月10日；该页正文可见。,digital_image,PDF扫描书内第117页（PDF第147页）正文首页；目录页同时定位该条目。,正式汇编重刊不替代政协原始记录或同期报刊；原始发表载体和完整会议记录待核。,2026-07-18,codex,accepted,2026-08-02 降级 lead_only：surrogate_online 无可采集全文，仅线索登记；未真正进入 documents/pages，不再计入已收集。,2026-07-22,codex,lead_only,2026-07-18 08:32:55,L2,core,
228,domestic:MMHIST:chang-dong-sun-freedom-1946-01-14,张东荪在政协讨论人民基本自由权利的发言,张东荪,1946-01-14,正式汇编收录的政协发言,MMHIST,中国民主同盟中央文史资料委员会／公开数字化扫描,《中国民主同盟历史文献 1941—1949》（1983）,,,,,《中国民主同盟历史文献 1941—1949》（中国民主同盟中央文史资料委员会编，文史资料出版社，1983年4月），第120页；扫描书内页码,verified,https://www.marxists.org/chinese/pdf/history_of_international/china/mzhtm1.pdf,item_surrogate,open,公开扫描 PDF；目录页和书内页码可核对,hybrid,surrogate_online,public,citation_only,公开扫描副本及原汇编复制权利待核,unknown,L2,related,"[""1946旧政协""]","[""张东荪""]","[""重庆""]",正文页已核读：公开扫描 PDF 扫描书内第120页（PDF 第150页）标题为《张东荪在政协讨论人民基本自由权利的发言》，日期为1946年1月14日；该页正文可见。,digital_image,PDF扫描书内第120页（PDF第150页）正文首页；目录页同时定位该条目。,正式汇编重刊不替代政协原始记录；与民盟代表团的具体关联和原始发表载体待核。,2026-07-18,codex,accepted,2026-08-02 降级 lead_only：surrogate_online 无可采集全文，仅线索登记；未真正进入 documents/pages，不再计入已收集。,2026-07-22,codex,lead_only,2026-07-18 08:32:55,L2,related,
229,domestic:MMHIST:lo-lung-chi-government-reorganization-1946-01-14,罗隆基在政协会上提出改组政府三原则,罗隆基／中国民主同盟,1946-01-14,正式汇编收录的政协发言,MMHIST,中国民主同盟中央文史资料委员会／公开数字化扫描,《中国民主同盟历史文献 1941—1949》（1983）,,,,,《中国民主同盟历史文献 1941—1949》（中国民主同盟中央文史资料委员会编，文史资料出版社，1983年4月），第121页；扫描书内页码,verified,https://www.marxists.org/chinese/pdf/history_of_international/china/mzhtm1.pdf,item_surrogate,open,公开扫描 PDF；目录页和书内页码可核对,hybrid,surrogate_online,public,citation_only,公开扫描副本及原汇编复制权利待核,unknown,L2,core,"[""1946旧政协""]","[""罗隆基"", ""中国民主同盟""]","[""重庆""]",正文页已核读：公开扫描 PDF 扫描书内第121页（PDF 第151页）标题为《罗隆基在政协会上提出改组政府三原则》，日期为1946年1月14日；该页正文可见。,digital_image,PDF扫描书内第121页（PDF第151页）正文首页；目录页同时定位该条目。,正式汇编重刊不替代政协原始记录；三原则的原始发表版和与民盟正式文件的对应关系待核。,2026-07-18,codex,accepted,2026-08-02 降级 lead_only：surrogate_online 无可采集全文，仅线索登记；未真正进入 documents/pages，不再计入已收集。,2026-07-22,codex,lead_only,2026-07-18 08:32:55,L2,core,
230,domestic:MMHIST:league-military-proposal-1946-01-16,中国民主同盟关于军事问题的提案,中国民主同盟,1946-01-16,正式汇编收录的民盟提案,MMHIST,中国民主同盟中央文史资料委员会／公开数字化扫描,《中国民主同盟历史文献 1941—1949》（1983）,,,,,《中国民主同盟历史文献 1941—1949》（中国民主同盟中央文史资料委员会编，文史资料出版社，1983年4月），第123页；扫描书内页码,verified,https://www.marxists.org/chinese/pdf/history_of_international/china/mzhtm1.pdf,item_surrogate,open,公开扫描 PDF；目录页和书内页码可核对,hybrid,surrogate_online,public,citation_only,公开扫描副本及原汇编复制权利待核,unknown,L2,core,"[""1946旧政协""]","[""中国民主同盟""]","[""重庆""]",正文页已核读：公开扫描 PDF 扫描书内第123页（PDF 第153页）标题为《中国民主同盟关于军事问题的提案》，日期为1946年1月16日；该页正文可见。,digital_image,PDF扫描书内第123页（PDF第153页）正文首页；目录页同时定位该条目。,正式汇编重刊不替代政协提案原件或会议记录；提案提交手续和原始发表载体待核。,2026-07-18,codex,accepted,2026-08-02 降级 lead_only：surrogate_online 无可采集全文，仅线索登记；未真正进入 documents/pages，不再计入已收集。,2026-07-22,codex,lead_only,2026-07-18 08:32:55,L2,core,
231,domestic:MMHIST:zhang-bo-jun-common-program-1946-01-16,章伯钧在政协讨论共同纲领问题的发言,章伯钧／中国民主同盟,1946-01-16,正式汇编收录的政协发言,MMHIST,中国民主同盟中央文史资料委员会／公开数字化扫描,《中国民主同盟历史文献 1941—1949》（1983）,,,,,《中国民主同盟历史文献 1941—1949》（中国民主同盟中央文史资料委员会编，文史资料出版社，1983年4月），第127页；扫描书内页码,verified,https://www.marxists.org/chinese/pdf/history_of_international/china/mzhtm1.pdf,item_surrogate,open,公开扫描 PDF；目录页和书内页码可核对,hybrid,surrogate_online,public,citation_only,公开扫描副本及原汇编复制权利待核,unknown,L2,core,"[""1946旧政协""]","[""章伯钧"", ""中国民主同盟""]","[""重庆""]",正文页已核读：公开扫描 PDF 扫描书内第127页（PDF 第157页）标题为《章伯钧在政协讨论共同纲领问题的发言》，日期为1946年1月16日；该页正文可见。,digital_image,PDF扫描书内第127页（PDF第157页）正文首页；目录页同时定位该条目。,正式汇编重刊不替代政协原始记录；发言原始发表载体和完整会议上下文待核。,2026-07-18,codex,accepted,2026-08-02 降级 lead_only：surrogate_online 无可采集全文，仅线索登记；未真正进入 documents/pages，不再计入已收集。,2026-07-22,codex,lead_only,2026-07-18 08:32:55,L2,core,
232,domestic:MMHIST:huang-yan-pei-common-program-1946-01-16,黄炎培在政协讨论共同纲领问题的发言,黄炎培／中国民主同盟,1946-01-16,正式汇编收录的政协发言,MMHIST,中国民主同盟中央文史资料委员会／公开数字化扫描,《中国民主同盟历史文献 1941—1949》（1983）,,,,,《中国民主同盟历史文献 1941—1949》（中国民主同盟中央文史资料委员会编，文史资料出版社，1983年4月），第128页；扫描书内页码,verified,https://www.marxists.org/chinese/pdf/history_of_international/china/mzhtm1.pdf,item_surrogate,open,公开扫描 PDF；目录页和书内页码可核对,hybrid,surrogate_online,public,citation_only,公开扫描副本及原汇编复制权利待核,unknown,L2,core,"[""1946旧政协""]","[""黄炎培"", ""中国民主同盟""]","[""重庆""]",正文页已核读：公开扫描 PDF 扫描书内第128页（PDF 第158页）标题为《黄炎培在政协讨论共同纲领问题的发言》，日期为1946年1月16日；该页正文可见。,digital_image,PDF扫描书内第128页（PDF第158页）正文首页；目录页同时定位该条目。,正式汇编重刊不替代政协原始记录；发言原始发表载体和黄炎培当时代表身份的具体记录待核。,2026-07-18,codex,accepted,2026-08-02 降级 lead_only：surrogate_online 无可采集全文，仅线索登记；未真正进入 documents/pages，不再计入已收集。,2026-07-22,codex,lead_only,2026-07-18 08:32:55,L2,core,
233,domestic:MMHIST:lo-lung-chi-common-program-1946-01-16,罗隆基在政协讨论共同纲领问题的发言,罗隆基／中国民主同盟,1946-01-16,正式汇编收录的政协发言,MMHIST,中国民主同盟中央文史资料委员会／公开数字化扫描,《中国民主同盟历史文献 1941—1949》（1983）,,,,,《中国民主同盟历史文献 1941—1949》（中国民主同盟中央文史资料委员会编，文史资料出版社，1983年4月），第129页；扫描书内页码,verified,https://www.marxists.org/chinese/pdf/history_of_international/china/mzhtm1.pdf,item_surrogate,open,公开扫描 PDF；目录页和书内页码可核对,hybrid,surrogate_online,public,citation_only,公开扫描副本及原汇编复制权利待核,unknown,L2,core,"[""1946旧政协""]","[""罗隆基"", ""中国民主同盟""]","[""重庆""]",正文页已核读：公开扫描 PDF 扫描书内第129页（PDF 第159页）标题为《罗隆基在政协讨论共同纲领问题的发言》，日期为1946年1月16日；该页正文可见。,digital_image,PDF扫描书内第129页（PDF第159页）正文首页；目录页同时定位该条目。,正式汇编重刊不替代政协原始记录；发言原始发表载体和完整会议上下文待核。,2026-07-18,codex,accepted,2026-08-02 降级 lead_only：surrogate_online 无可采集全文，仅线索登记；未真正进入 documents/pages，不再计入已收集。,2026-07-22,codex,lead_only,2026-07-18 08:32:55,L2,core,
234,domestic:MMHIST:huang-yan-pei-constitution-draft-1946-01-19,黄炎培在政协讨论修改宪草问题的发言,黄炎培／中国民主同盟,1946-01-19,正式汇编收录的政协发言,MMHIST,中国民主同盟中央文史资料委员会／公开数字化扫描,《中国民主同盟历史文献 1941—1949》（1983）,,,,,《中国民主同盟历史文献 1941—1949》（中国民主同盟中央文史资料委员会编，文史资料出版社，1983年4月），第135页；扫描书内页码,verified,https://www.marxists.org/chinese/pdf/history_of_international/china/mzhtm1.pdf,item_surrogate,open,公开扫描 PDF；目录页和书内页码可核对,hybrid,surrogate_online,public,citation_only,公开扫描副本及原汇编复制权利待核,unknown,L2,related,"[""1946旧政协""]","[""黄炎培"", ""中国民主同盟""]","[""重庆""]",正文页已核读：公开扫描 PDF 扫描书内第135页（PDF 第165页）标题为《黄炎培在政协讨论修改宪草问题的发言》，日期为1946年1月19日；该页正文可见。,digital_image,PDF扫描书内第135页（PDF第165页）正文首页；目录页同时定位该条目。,正式汇编重刊不替代政协原始记录；发言原始发表载体和黄炎培当时代表身份的具体记录待核。,2026-07-18,codex,accepted,2026-08-02 降级 lead_only：surrogate_online 无可采集全文，仅线索登记；未真正进入 documents/pages，不再计入已收集。,2026-07-22,codex,lead_only,2026-07-18 08:32:55,L2,related,
235,domestic:ZL1872:chang-lan-pcc-opening-transcript-1946,在政治协商会议开幕式上的致词,张澜／中国民主同盟,1946-01-10,后期纪念馆史料页转录,ZL1872,张澜纪念馆公开史料页,张澜政治文稿与生平史料,,,,,张澜纪念馆条目 producid=175,verified,http://www.zl1872.cn/zxxnewsview.aspx?producid=175,item_digital,open,公开网页可访问，含讲话文字转录；无同期原件影像,digital,full_item_online,public,citation_only,网站页面及讲话底本版权待核,unknown,L4,core,"[""1946旧政协""]","[""张澜"", ""中国民主同盟""]","[""重庆""]",公开纪念馆史料页以《在政治协商会议开幕式上的致词》为题，页面正文包含张澜代表民盟出席会员向会议致词的连续文字。,secondary_lead,网页标题、正文及条目号 producid=175,当前为后期纪念馆转录，没有1946年报刊版次、会议记录档号或原件影像；需与正式汇编第117页及原始发表载体逐句核对。,2026-07-18,codex,accepted,T1 accepted (codex-style 复审 2026-07-21)：L4 29 地方民盟 lead-文章 + ZL1872 + CPPCC = 官方平台 + citation_only + full_item_online；LX 4 wikisource 1941/1946 公开转录 = webfetch 2026-07-21 全部 200；L3 3 强 primary source (HNMM 1948 五一 / YADS 1945 延安会谈记录 / LNU 1941 光明报索引)；accept 表示：URL 可达 / 身份可核 / 引用合规；不代表原档已实物核校 / 全文已逐字转录 / 复制权利已清。,2026-07-21,human,pass,2026-07-18 08:38:05,L4,core,1477
236,domestic:MMSH:guangmingbao-formation-editorial-1941,《光明报》1941年10月16日关于中国民主政团同盟成立宣言的社论线索,《光明报》,1941-10-16,后期官方数字报转述的同期报刊线索,MMSH,民盟上海市委数字报,1940年代民盟声音专题,,,,,上海盟讯数字报条目 2024-09-12 content_144526_17806617,verified,https://paper.minmengsh.gov.cn/html/2024-09/12/content_144526_17806617.htm,item_digital,open,官方数字报公开可访问；原《光明报》影像未随页面公开,digital,full_item_online,public,citation_only,数字报版权声明及《光明报》原刊权利待核,unknown,L4,core,"[""1941民盟前身""]","[""中国民主政团同盟""]","[""香港""]",民盟上海市委数字报文章明确指出1941年10月16日《光明报》发表《中国民主政团同盟的成立宣言》社论，为原刊日期、报名和题名提供记录级追索线索。,official_description,网页标题、正文及同期报刊日期/题名说明,当前为2024年后期官方数字报转述，不是1941年《光明报》原版影像；版面、馆藏和全文需向报刊数据库或图书馆回查。,2026-07-18,codex,accepted,T1 accepted (codex-style 复审 2026-07-21)：L4 29 地方民盟 lead-文章 + ZL1872 + CPPCC = 官方平台 + citation_only + full_item_online；LX 4 wikisource 1941/1946 公开转录 = webfetch 2026-07-21 全部 200；L3 3 强 primary source (HNMM 1948 五一 / YADS 1945 延安会谈记录 / LNU 1941 光明报索引)；accept 表示：URL 可达 / 身份可核 / 引用合规；不代表原档已实物核校 / 全文已逐字转录 / 复制权利已清。,2026-07-21,human,pass,2026-07-18 08:45:45,L4,core,1503
237,domestic:ZL1872:chang-lan-dissolution-statement-1947,中国民主同盟主席张澜在民盟总部解散后的声明,张澜／中国民主同盟,1947-11-07,后期纪念馆史料页转录,ZL1872,张澜纪念馆公开史料页,张澜政治文稿与生平史料,,,,,张澜纪念馆条目 producid=652,verified,http://www.zl1872.cn/zxxnewsview.aspx?producid=652,item_digital,open,公开网页可访问，含声明文字转录；无同期原件影像,digital,full_item_online,public,citation_only,网站页面及声明底本版权待核,unknown,L4,core,"[""1947民盟被宣布非法""]","[""张澜"", ""中国民主同盟""]","[""上海""]",公开纪念馆史料页以张澜在民盟总部解散后的声明为题，正文明确记载1947年11月6日停止政治活动并宣布总部解散后的立场。2026-07-19复查到民盟广西区委官方整理页的同期出处线索：张澜书面谈话于1947-11-07在上海《时代日报》全文发表，另有《大公报》全文刊载；该线索用于精确追索原版，不改变本记录的L4层级。,secondary_lead,张澜纪念馆条目 producid=652；民盟广西区委整理页对1947-11-07《时代日报》及《大公报》出处的说明,当前仍是后期纪念馆转录，没有《时代日报》1947-11-07版次、页码或原件影像；需与正式汇编第355—361页和同期报刊逐句核对。,2026-07-19,codex,accepted,T1 accepted (codex-style 复审 2026-07-21)：L4 29 地方民盟 lead-文章 + ZL1872 + CPPCC = 官方平台 + citation_only + full_item_online；LX 4 wikisource 1941/1946 公开转录 = webfetch 2026-07-21 全部 200；L3 3 强 primary source (HNMM 1948 五一 / YADS 1945 延安会谈记录 / LNU 1941 光明报索引)；accept 表示：URL 可达 / 身份可核 / 引用合规；不代表原档已实物核校 / 全文已逐字转录 / 复制权利已清。,2026-07-21,human,pass,2026-07-18 08:49:58,L4,core,1478
238,domestic:GXMM:dagongbao-tianjin-dissolution-1947-11-06,《民盟宣布解散》——《大公报》天津版第2版,《大公报》天津版／中央社,1947-11-06,同期报刊报道线索,GXMM,民盟广西区委公开盟史转载,1947民盟被迫解散报刊线索,,,,,《大公报》天津版:1947-11-06:第2版:民盟宣布解散；中央社上海五日电,verified,https://www.gxmm.gov.cn/index/index/artical/id/7063.html,finding_aid,open,官方地方盟史页面转述并指向具体报刊版名、日期、版次和标题；原报刊影像待查,digital,full_item_online,public,citation_only,转载页面及原报刊权利待核,unknown,L4,core,"[""1947民盟被宣布非法""]","[""张澜"", ""黄炎培"", ""罗隆基"", ""沈钧儒"", ""章伯钧"", ""叶笃义""]","[""天津"", ""上海""]",民盟广西区委官方文章明确给出天津版《大公报》1947年11月6日第2版《民盟宣布解散》及中央社上海五日电的报道定位。,secondary_lead,官方页面正文中的报刊题名、版名、日期、版次和电头,当前不是《大公报》天津版原版影像，报纸版面、页码图像和全文需在国家图书馆报刊数据库或馆藏中复核。,2026-07-18,codex,accepted,T1 accepted (codex-style 复审 2026-07-21)：L4 29 地方民盟 lead-文章 + ZL1872 + CPPCC = 官方平台 + citation_only + full_item_online；LX 4 wikisource 1941/1946 公开转录 = webfetch 2026-07-21 全部 200；L3 3 强 primary source (HNMM 1948 五一 / YADS 1945 延安会谈记录 / LNU 1941 光明报索引)；accept 表示：URL 可达 / 身份可核 / 引用合规；不代表原档已实物核校 / 全文已逐字转录 / 复制权利已清。,2026-07-21,human,pass,2026-07-18 08:53:06,L4,core,1467
239,domestic:ZJMM:yann-an-meeting-minmeng-1945-07-01,民盟中央领导赴延安会谈及《会议纪要》线索,黄炎培、章伯钧、傅斯年等民盟中央领导,1945-07-01,官方盟史叙述／会议纪要线索,ZJMM,中国民主同盟浙江省委员会,民盟盟史知识,,,,,web:ZJMM:2006/1121/78,verified,https://www.zjmm.gov.cn/a/xiazaizhuanqu/2006/1121/78.html,item_digital,open,官方盟史网页公开叙述；《会议纪要》原件或正式汇编页码未提供,digital,full_item_online,public,citation_only,网站页面及会议纪要底本版权待核,unknown,L4,related,"[""1945民盟一大""]","[""黄炎培"", ""章伯钧"", ""傅斯年"", ""毛泽东"", ""朱德"", ""周恩来""]","[""延安"", ""重庆""]",民盟浙江省委官方页面记载1945年7月1日民盟中央领导以国民参政员身份赴延安考察，并称形成关于停止国民大会、召开四方政治会议的《会议纪要》。,official_description,官方页面标题、日期、人物、会谈地点和《会议纪要》叙述,当前为后期盟史叙述，未见会议纪要影像、档号、正式汇编页码或原始发表载体；与1945年一大文件的关系待核。,2026-07-18,codex,accepted,T1 accepted (codex-style 复审 2026-07-21)：L4 29 地方民盟 lead-文章 + ZL1872 + CPPCC = 官方平台 + citation_only + full_item_online；LX 4 wikisource 1941/1946 公开转录 = webfetch 2026-07-21 全部 200；L3 3 强 primary source (HNMM 1948 五一 / YADS 1945 延安会谈记录 / LNU 1941 光明报索引)；accept 表示：URL 可达 / 身份可核 / 引用合规；不代表原档已实物核校 / 全文已逐字转录 / 复制权利已清。,2026-07-21,human,pass,2026-07-18 08:53:06,L4,related,1504
240,domestic:MMHIST:yannan-meeting-minutes-1945-07-04,《延安会谈纪要》,中共代表与褚辅成等六位国民参政员,1945-07-01/1945-07-04,正式汇编收录的延安会谈纪要,MMHIST,《国民参政会纪实》公开书目与试读入口,《国民参政会纪实》（1938—1948，武汉·重庆·南京，下册；1985首版，公开书目页列2016版）,,,,,《国民参政会纪实》（下册），第858页；公开书目页目录条目‘延安会谈纪要’,verified,https://www.shukui.net/book/44285.html,finding_aid,open,公开书目页提供出版社、出版信息、总页数和下册目录，并列出《延安会谈纪要》第858页；页面另有17页试读 PDF 入口，完整正文/原件影像仍待取得,digital,catalogue_only_online,public,citation_only,书目页、试读入口及原汇编复制权利待核,unknown,L2,related,"[""1945延安会谈"", ""1945民盟一大""]","[""褚辅成"", ""黄炎培"", ""章伯钧"", ""冷遹"", ""傅斯年"", ""左舜生"", ""毛泽东"", ""周恩来""]","[""延安"", ""重庆""]",公开书目页将《国民参政会纪实》下册识别为重庆出版社出版的国民参政会史料，并在第四届第一次会议相关目录中明确列出‘延安会谈纪要’第858页；该记录纠正此前错误的第1436页和错册 PDF 指向，建立可复查的正式汇编书目入口。,printed_finding_aid,公开书目页图书介绍、出版信息、目录中‘第四届第一次会议／中共中央声明不参加第四届国民参政会／延安会谈纪要 858’条目；试读 PDF 入口,当前证据是正式出版汇编的公开书目和试读入口，不是1945年会谈原件或完整正文影像；第858页正文、编者底本、原件馆藏和复制权利仍待人工核验。,2026-07-18,codex,accepted,2026-08-02 降级 lead_only：catalogue_only_online 无可采集全文，仅线索登记；未真正进入 documents/pages，不再计入已收集。,2026-07-22,codex,lead_only,2026-07-18 09:01:22,L2,related,
241,domestic:YADS:yanan-record-1945-07-04,《中国共产党关于停止国民大会从速召开政治会议的建议——中共代表与褚辅成、黄炎培等六参政员延安会谈记录》,中共代表与褚辅成、黄炎培等六位国民参政员,1945-07-04,正式文献汇编收录的延安会谈记录,YADS,延安党史网／中共延安市委党史研究室页面,《中共中央抗日民族统一战线文件选编》（下）,,,,,《中共中央抗日民族统一战线文件选编》（下），档案出版社，1986，第809页,verified,https://yads.org.cn/index.php?a=index&aid=856&c=View&m=home,item_digital,open,延安党史网公开页面全文叙述会谈过程，明确引用1986年《中共中央抗日民族统一战线文件选编》（下）第809页；底本扫描未在页面提供,digital,full_item_online,public,citation_only,网站页面及被引正式汇编复制权利待核,unknown,L3,core,"[""1945延安会谈"", ""1945民盟一大""]","[""褚辅成"", ""黄炎培"", ""章伯钧"", ""冷遹"", ""傅斯年"", ""左舜生"", ""毛泽东"", ""周恩来""]","[""延安"", ""重庆""]",延安党史网明确记载1945年7月4日中共中央书记处会议通过该会谈记录，概述文件的双方共识与中共建议，并在文末标注来源为《中共中央抗日民族统一战线文件选编》（下）（内部发行，档案出版社，1986）第809页；该卡建立了比‘延安会谈纪要’更精确的正式文献题名和页码定位。,official_description,页面正文中的1945-07-04会议、文件全题名、内容摘要及文末书目注释第809页,当前网页是延安党史研究室页面的后期叙述和引文定位，不是1986汇编第809页扫描或1945年原始记录影像；底本版本、页码和原件馆藏仍需人工复核。,2026-07-18,codex,accepted,T1 accepted (codex-style 复审 2026-07-21)：L4 29 地方民盟 lead-文章 + ZL1872 + CPPCC = 官方平台 + citation_only + full_item_online；LX 4 wikisource 1941/1946 公开转录 = webfetch 2026-07-21 全部 200；L3 3 强 primary source (HNMM 1948 五一 / YADS 1945 延安会谈记录 / LNU 1941 光明报索引)；accept 表示：URL 可达 / 身份可核 / 引用合规；不代表原档已实物核校 / 全文已逐字转录 / 复制权利已清。,2026-07-21,human,pass,2026-07-18 09:10:58,L3,core,1482
242,domestic:LNU:guangmingbao-index-1941,《光明报，1941》香港工运剪报索引,陈明銶（Ming Kou Chan）,1941-10/1941-11,同期报刊剪报索引／馆藏追索入口,LNU,岭南大学数字典藏／陈明銶教授学术藏书,香港工运剪报索引列表,,,,PROFMKCHAN_INDEXLIST item 14,Lingnan Digital Commons item 14：《光明报，1941》；机构描述为1页、13条索引；下载 PDF 共2页（第2页为索引原图）,verified,https://commons.ln.edu.hk/profmkchan_indexlist/14/,item_digital,open,岭南大学页面提供索引下载；本地副本：data/domestic/press_scans/LNU_PROFMKCHAN_INDEXLIST_14_光明報_1941.pdf；第2页为手写索引原图，SHA256 7ff54b899dddbbfe4f089aca87c3ca98b4de1fcd0074e0ae571f598bdcceb3a9,hybrid,full_item_online,public,citation_only,岭南大学数字典藏版权与原剪报权利待核,unknown,L3,core,"[""1941民盟前身"", ""1941《光明报》""]","[""梁漱溟"", ""中国民主政团同盟""]","[""香港""]",已下载并人工核读岭南大学公开索引 PDF：索引第2页为《光明报》1941年10—11月香港工运剪报手写记录，共13条，条目均标注原刊第3版；可辨认日期为1941-10-14、10-18、11-01、11-04、11-08、11-10、11-11、11-12、11-14、11-22、11-23、11-26等。索引中未见1941-10-10成立宣言或1941-10-16成立社论条目，因此本轮形成明确负向结果，不把该索引当作民盟成立原刊。,digital_image,机构页面与本地 PDF 第2页；SHA256 7ff54b899dddbfe4f089aca87c3ca98b4de1fcd0074e0ae571f598bdcceb3a9；data/domestic/press_scans/LNU_PROFMKCHAN_INDEXLIST_14_光明報_1941.pdf,该索引实际只覆盖香港工运剪报，不能据此证明《光明报》1941-10-10或1941-10-16没有民盟文件；原刊影像、剪报原件保存位置和复制权利仍待人工核验。,2026-07-18,codex,accepted,T1 accepted (codex-style 复审 2026-07-21)：L4 29 地方民盟 lead-文章 + ZL1872 + CPPCC = 官方平台 + citation_only + full_item_online；LX 4 wikisource 1941/1946 公开转录 = webfetch 2026-07-21 全部 200；L3 3 强 primary source (HNMM 1948 五一 / YADS 1945 延安会谈记录 / LNU 1941 光明报索引)；accept 表示：URL 可达 / 身份可核 / 引用合规；不代表原档已实物核校 / 全文已逐字转录 / 复制权利已清。,2026-07-21,human,pass,2026-07-18 09:13:03,L3,core,1505
243,domestic:DRNH:002-080200-00321-036,据上海大公报张澜谈话请饬祝绍周呈报杜斌丞勾结匪军证据以便反驳,孔从周,1947-10-13,国史馆档案目录记录／民盟非法化前置材料,DRNH,台湾国史馆檔案史料文物查詢系統,蒋中正总统文物／特交档案／一般资料／民国三十六年（九）,002 蔣中正總統文物,002-080200-00321,002-080200-00321-036,drnh:002-080200-00321-036,002-080200-00321-036,verified,https://ahonline.drnh.gov.tw/index.php?act=Archive/search/eyJxdWVyeSI6W3siZmllbGQiOiJzdG9yZV9ubyIsInZhbHVlIjoiMDAyLTA4MDIwMC0wMDMyMS0wMzYiLCJhdHRyIjoiKyJ9XX0%3D,item_digital,open,国史馆官方档案查询页可定位具体件号；项目本地目录标示数字档在线阅览，原件影像需逐件核读 本轮已取得官方公开水印影像；影像可作为研究底图，但不是无锁定清洁版。,hybrid,surrogate_online,unknown,citation_only,国史馆开放与复制规则待核,unknown,L2,core,"[""1947民盟被宣布非法""]","[""张澜"", ""杜斌丞"", ""孔从周"", ""祝绍周""]","[""上海""]",国史馆目录记录明确给出1947年10月13日、形成者孔从周、题名和档号，并指出依据上海《大公报》张澜谈话要求补报杜斌丞案证据；它把上海报刊线索接入国民政府内部处理链。 本轮通过项目既有公开下载管线取得该件官方水印影像并关联到本地 drnh_images。,digital_image,国史馆具体件查询页、doc_key和项目本地 DRNH 目录摘要,当前核验到的是官方目录和项目本地摘要，不是逐页原件影像；档案案由和政治指控需与原件、上海档案馆及同期报刊交叉核对。 当前影像带国史馆水印、锁定提示和访客覆盖，正文仍需逐页核读，不能据此视为清洁原件复制件。,2026-07-18,codex,accepted,2026-08-02 降级 lead_only：surrogate_online 无可采集全文，仅线索登记；未真正进入 documents/pages，不再计入已收集。,2026-07-22,codex,lead_only,2026-07-18 09:26:32,L2,core,
244,domestic:DRNH:002-020400-00012-067,俞济时呈蒋中正解散民盟及肃清后方潜伏共党办理情况,俞济时,1947-10-22,国史馆档案目录记录／民盟非法化执行材料,DRNH,台湾国史馆檔案史料文物查詢系統,蒋中正总统文物／革命文献／戡乱时期／革命文献—戡乱军事：一般策画与各方建议（一）,002 蔣中正總統文物,002-020400-00012,002-020400-00012-067,drnh:002-020400-00012-067,002-020400-00012-067,verified,https://ahonline.drnh.gov.tw/index.php?act=Archive/search/eyJxdWVyeSI6W3siZmllbGQiOiJzdG9yZV9ubyIsInZhbHVlIjoiMDAyLTAyMDQwMC0wMDAxMi0wNjciLCJhdHRyIjoiKyJ9XX0%3D,item_digital,open,国史馆官方档案查询页可定位具体件号；项目本地目录标示数字档在线阅览，原件影像需逐件核读 本轮已取得官方公开水印影像；影像可作为研究底图，但不是无锁定清洁版。,hybrid,surrogate_online,unknown,citation_only,国史馆开放与复制规则待核,unknown,L2,core,"[""1947民盟被宣布非法""]","[""俞济时"", ""蒋介石"", ""中国民主同盟""]","[""南京""]",国史馆目录记录明确给出1947年10月22日、俞济时呈蒋中正、解散民盟及肃清后方潜伏共党办理情况的题名和档号，是公开宣布非法前后政策执行链的直接档案定位。 本轮通过项目既有公开下载管线取得该件官方水印影像并关联到本地 drnh_images。,digital_image,国史馆具体件查询页、doc_key和项目本地 DRNH 目录摘要,当前核验到的是官方目录和摘要，不是逐页原件影像；题名所述办理内容、形成机关层级和具体执行对象仍待影像核对。 当前影像带国史馆水印、锁定提示和访客覆盖，正文仍需逐页核读，不能据此视为清洁原件复制件。,2026-07-18,codex,accepted,2026-08-02 降级 lead_only：surrogate_online 无可采集全文，仅线索登记；未真正进入 documents/pages，不再计入已收集。,2026-07-22,codex,lead_only,2026-07-18 09:26:32,L2,core,
245,domestic:DRNH:002-060100-00229-023,蒋中正主持作战会报并召见张群吴铁城陈立夫等就选举方针与对民主同盟事有所指示等,蒋介石,1947-10-23,国史馆档案目录记录／民盟非法化前夕决策材料,DRNH,台湾国史馆檔案史料文物查詢系統,蒋中正总统文物／文物图书／稿本（一）／事略稿本—民国三十六年十月,002 蔣中正總統文物,002-060100-00229,002-060100-00229-023,drnh:002-060100-00229-023,002-060100-00229-023,verified,https://ahonline.drnh.gov.tw/index.php?act=Archive/search/eyJxdWVyeSI6W3siZmllbGQiOiJzdG9yZV9ubyIsInZhbHVlIjoiMDAyLTA2MDEwMC0wMDIyOS0wMjMiLCJhdHRyIjoiKyJ9XX0%3D,item_digital,open,国史馆官方档案查询页可定位具体件号；项目本地目录标示数字档在线阅览，原件影像需逐件核读 本轮已取得官方公开水印影像；影像可作为研究底图，但不是无锁定清洁版。,hybrid,surrogate_online,unknown,citation_only,国史馆开放与复制规则待核,unknown,L2,core,"[""1947民盟被宣布非法""]","[""蒋介石"", ""张群"", ""吴铁城"", ""陈立夫""]","[""南京""]",国史馆目录记录明确给出1947年10月23日蒋中正主持作战会报、召见张群吴铁城陈立夫并对民主同盟有所指示的题名和档号，连接10月22日办理报告与后续宣布非法的决策时间链。 本轮通过项目既有公开下载管线取得该件官方水印影像并关联到本地 drnh_images。,digital_image,国史馆具体件查询页、doc_key和项目本地 DRNH 目录摘要,当前核验到的是官方目录和摘要，不是逐页原件影像；对民主同盟的具体指示内容及与宣布非法公文的直接关系仍待影像核对。 当前影像带国史馆水印、锁定提示和访客覆盖，正文仍需逐页核读，不能据此视为清洁原件复制件。,2026-07-18,codex,accepted,2026-08-02 降级 lead_only：surrogate_online 无可采集全文，仅线索登记；未真正进入 documents/pages，不再计入已收集。,2026-07-22,codex,lead_only,2026-07-18 09:26:32,L2,core,
246,domestic:DRNH:002-020400-00011-053,军务局呈蒋中正民主同盟京沪重要人员被监视后多已逃匿,军务局,1947-10-27,国史馆档案目录记录／民盟非法化后组织监视材料,DRNH,台湾国史馆檔案史料文物查詢系統,蒋中正总统文物／革命文献／戡乱时期／革命文献—戡乱军事：一般策画与各方建议（一）,002 蔣中正總統文物,002-020400-00011,002-020400-00011-053,drnh:002-020400-00011-053,002-020400-00011-053,verified,https://ahonline.drnh.gov.tw/index.php?act=Archive/search/eyJxdWVyeSI6W3siZmllbGQiOiJzdG9yZV9ubyIsInZhbHVlIjoiMDAyLTAyMDQwMC0wMDAxMS0wNTMiLCJhdHRyIjoiKyJ9XX0%3D,item_digital,open,国史馆官方档案查询页可定位具体件号；项目本地目录标示数字档在线阅览，原件影像需逐件核读 本轮已取得官方公开水印影像；影像可作为研究底图，但不是无锁定清洁版。,hybrid,surrogate_online,unknown,citation_only,国史馆开放与复制规则待核,unknown,L2,core,"[""1947民盟被宣布非法""]","[""蒋介石""]","[""上海"", ""南京""]",国史馆目录记录明确给出1947年10月27日军务局关于民主同盟京沪重要人员被监视后多已逃匿的题名和档号，补足公开宣布非法后上海与南京组织人员流动的档案侧记录。 本轮通过项目既有公开下载管线取得该件官方水印影像并关联到本地 drnh_images。,digital_image,国史馆具体件查询页、doc_key和项目本地 DRNH 目录摘要,当前核验到的是官方目录和摘要，不是逐页原件影像；‘重要人员’名单、监视措施和逃匿时间需逐页核对，不能仅据题名下结论。 当前影像带国史馆水印、锁定提示和访客覆盖，正文仍需逐页核读，不能据此视为清洁原件复制件。,2026-07-18,codex,accepted,2026-08-02 降级 lead_only：surrogate_online 无可采集全文，仅线索登记；未真正进入 documents/pages，不再计入已收集。,2026-07-22,codex,lead_only,2026-07-18 09:26:32,L2,core,
247,domestic:DRNH:002-080200-00537-081,保密局呈蒋中正民盟留沪人员姓名及疏散情形与中共唆使李济琛等召集非法国民党代表大会等情报提要等四则,保密局,1947-11-05,国史馆档案目录记录／民盟解散前夕上海监视材料,DRNH,台湾国史馆檔案史料文物查詢系統,蒋中正总统文物／特交档案／一般资料／呈表汇集（一一○）,002 蔣中正總統文物,002-080200-00537,002-080200-00537-081,drnh:002-080200-00537-081,002-080200-00537-081,verified,https://ahonline.drnh.gov.tw/index.php?act=Archive/search/eyJxdWVyeSI6W3siZmllbGQiOiJzdG9yZV9ubyIsInZhbHVlIjoiMDAyLTA4MDIwMC0wMDUzNy0wODEiLCJhdHRyIjoiKyJ9XX0%3D,item_digital,open,国史馆官方档案查询页可定位具体件号；项目本地目录标示数字档在线阅览，原件影像需逐件核读 本轮已取得官方公开水印影像；影像可作为研究底图，但不是无锁定清洁版。,hybrid,surrogate_online,unknown,citation_only,国史馆开放与复制规则待核,unknown,L2,core,"[""1947民盟被宣布非法""]","[""张澜"", ""沈钧儒"", ""章伯钧"", ""黄炎培"", ""叶笃义"", ""金爕佳""]","[""上海""]",国史馆目录记录明确给出1947年11月5日保密局关于民盟留沪人员姓名及疏散情形的题名、档号和相关人物，是11月6日总部宣布解散前上海组织状态的直接档案追索入口。 本轮通过项目既有公开下载管线取得该件官方水印影像并关联到本地 drnh_images。,digital_image,国史馆具体件查询页、doc_key和项目本地 DRNH 目录摘要,当前核验到的是官方目录和摘要，不是逐页原件影像；人员名单、疏散地点及其他三则情报需逐页核对。 当前影像带国史馆水印、锁定提示和访客覆盖，正文仍需逐页核读，不能据此视为清洁原件复制件。,2026-07-18,codex,accepted,2026-08-02 降级 lead_only：surrogate_online 无可采集全文，仅线索登记；未真正进入 documents/pages，不再计入已收集。,2026-07-22,codex,lead_only,2026-07-18 09:26:32,L2,core,
248,domestic:DRNH:002-080200-00537-095,薛岳汇呈蒋中正桂境共匪日趋猖獗及山西匪区发起欢迎冯玉祥运动与民盟解散后首要分子之动态等情报提要等七则,薛岳,1947-11-12,国史馆档案目录记录／民盟解散后领导层动态材料,DRNH,台湾国史馆檔案史料文物查詢系統,蒋中正总统文物／特交档案／一般资料／呈表汇集（一一○）,002 蔣中正總統文物,002-080200-00537,002-080200-00537-095,drnh:002-080200-00537-095,002-080200-00537-095,verified,https://ahonline.drnh.gov.tw/index.php?act=Archive/search/eyJxdWVyeSI6W3siZmllbGQiOiJzdG9yZV9ubyIsInZhbHVlIjoiMDAyLTA4MDIwMC0wMDUzNy0wOTUiLCJhdHRyIjoiKyJ9XX0%3D,item_digital,open,国史馆官方档案查询页可定位具体件号；项目本地目录标示数字档在线阅览，原件影像需逐件核读 本轮已取得官方公开水印影像；影像可作为研究底图，但不是无锁定清洁版。,hybrid,surrogate_online,unknown,citation_only,国史馆开放与复制规则待核,unknown,L2,core,"[""1947民盟被宣布非法""]","[""张澜"", ""沈钧儒"", ""章伯钧"", ""罗隆基"", ""黄炎培"", ""叶笃义""]","[""上海"", ""香港"", ""北平"", ""广东"", ""广西""]",国史馆目录记录明确给出1947年11月12日薛岳关于民盟解散后首要分子动态的题名、档号和人物范围，延长了11月6日解散公告之后的领导层追踪链。 本轮通过项目既有公开下载管线取得该件官方水印影像并关联到本地 drnh_images。,digital_image,国史馆具体件查询页、doc_key和项目本地 DRNH 目录摘要,当前核验到的是官方目录和摘要，不是逐页原件影像；各条情报的形成来源、人物行动和地域需逐页核对。 当前影像带国史馆水印、锁定提示和访客覆盖，正文仍需逐页核读，不能据此视为清洁原件复制件。,2026-07-18,codex,accepted,2026-08-02 降级 lead_only：surrogate_online 无可采集全文，仅线索登记；未真正进入 documents/pages，不再计入已收集。,2026-07-22,codex,lead_only,2026-07-18 09:26:32,L2,core,
249,domestic:DRNH:002-080200-00301-062,戴笠电蒋中正据报黄炎培左舜生褚辅成等于七月一日乘美军机赴延安,戴笠,1945-07-01,国史馆档案水印影像／民盟赴延安活动记录,DRNH,台湾国史馆檔案史料文物查詢系統,蒋中正总统文物／特交档案／一般资料／民国三十四年,002 蔣中正總統文物,002-080200-00301,002-080200-00301-062,drnh:002-080200-00301-062,002-080200-00301-062,verified,https://ahonline.drnh.gov.tw/index.php?act=Archive/search/eyJxdWVyeSI6W3siZmllbGQiOiJzdG9yZV9ubyIsInZhbHVlIjoiMDAyLTA4MDIwMC0wMDMwMS0wNjIiLCJhdHRyIjoiKyJ9XX0%3D,item_digital,open,国史馆官方档案查询页可定位具体件号；本轮已取得官方公开水印影像1页，影像可作为研究底图但不是无锁定清洁版,hybrid,surrogate_online,unknown,citation_only,国史馆开放与复制规则待核,unknown,L2,core,"[""1945延安会谈"", ""1945民盟一大""]","[""黄炎培"", ""左舜生"", ""褚辅成"", ""戴笠""]","[""香港"", ""延安""]",国史馆目录记录和水印影像定位1945年7月1日戴笠关于黄炎培、左舜生、褚辅成等乘美军机赴延安的电报，补足延安会谈前的行程与国民政府监视侧记录。已关联本地 drnh_images。,digital_image,国史馆具体件查询页、doc_key、项目本地 DRNH 目录摘要及1页水印影像,影像带国史馆水印和锁定提示，电报全文、收发文时间和与延安会谈纪要的直接关系仍需逐页核读。,2026-07-18,codex,accepted,2026-08-02 降级 lead_only：surrogate_online 无可采集全文，仅线索登记；未真正进入 documents/pages，不再计入已收集。,2026-07-22,codex,lead_only,2026-07-18 09:45:11,L2,core,
250,domestic:DRNH:002-080200-00301-070,叶镇宇函蒋中正中国民主同盟听取黄炎培等报告赴延安与共党毛泽东晤谈及受欢迎情形暨民盟之立场等,叶镇宇,1945-07-07,国史馆档案水印影像／延安会谈后民盟立场记录,DRNH,台湾国史馆檔案史料文物查詢系統,蒋中正总统文物／特交档案／一般资料／民国三十四年,002 蔣中正總統文物,002-080200-00301,002-080200-00301-070,drnh:002-080200-00301-070,002-080200-00301-070,verified,https://ahonline.drnh.gov.tw/index.php?act=Archive/search/eyJxdWVyeSI6W3siZmllbGQiOiJzdG9yZV9ubyIsInZhbHVlIjoiMDAyLTA4MDIwMC0wMDMwMS0wNzAiLCJhdHRyIjoiKyJ9XX0%3D,item_digital,open,国史馆官方档案查询页可定位具体件号；本轮已取得官方公开水印影像3页，影像可作为研究底图但不是无锁定清洁版,hybrid,surrogate_online,unknown,citation_only,国史馆开放与复制规则待核,unknown,L2,core,"[""1945延安会谈"", ""1945民盟一大""]","[""黄炎培"", ""毛泽东"", ""叶镇宇"", ""冷遹"", ""刘清扬"", ""史良"", ""左舜生"", ""张澜"", ""张申府"", ""沈钧儒"", ""章伯钧"", ""罗隆基""]","[""延安"", ""重庆""]",国史馆目录记录和水印影像定位1945年7月7日叶镇宇致蒋中正，涉及民盟听取黄炎培等关于赴延安、与毛泽东会谈及民盟立场的报告，补充延安会谈后国内观察材料。已关联本地 drnh_images。,digital_image,国史馆具体件查询页、doc_key、项目本地 DRNH 目录摘要及3页水印影像,影像带国史馆水印和锁定提示，报告全文、形成链和与正式会议记录的对应关系仍需逐页核读。,2026-07-18,codex,accepted,2026-08-02 降级 lead_only：surrogate_online 无可采集全文，仅线索登记；未真正进入 documents/pages，不再计入已收集。,2026-07-22,codex,lead_only,2026-07-18 09:45:11,L2,core,
251,domestic:DRNH:002-090300-00016-114,陶镕电蒋中正民盟负责人李公朴被人刺死后捕获嫌疑犯一人警备总部正在严缉中惟奸党阴谋借此攻击国民党和青年团支团并煽动学生,陶镕,1946-07-15,国史馆档案水印影像／李公朴遇害后地方治安报告,DRNH,台湾国史馆檔案史料文物查詢系統,蒋中正总统文物／特交档案／一般资料／民国三十五年,002 蔣中正總統文物,002-090300-00016,002-090300-00016-114,drnh:002-090300-00016-114,002-090300-00016-114,verified,https://ahonline.drnh.gov.tw/index.php?act=Archive/search/eyJxdWVyeSI6W3siZmllbGQiOiJzdG9yZV9ubyIsInZhbHVlIjoiMDAyLTA5MDMwMC0wMDAxNi0xMTQiLCJhdHRyIjoiKyJ9XX0%3D,item_digital,open,国史馆官方档案查询页可定位具体件号；本轮已取得官方公开水印影像1页，影像可作为研究底图但不是无锁定清洁版,hybrid,surrogate_online,unknown,citation_only,国史馆开放与复制规则待核,unknown,L2,core,"[""1946李闻事件""]","[""李公朴"", ""陶镕""]","[""昆明""]",国史馆目录记录和水印影像定位1946年7月15日陶镕关于李公朴被刺死、嫌疑犯捕获及警备总部追缉的电报，补入李闻事件的国民政府地方报告。已关联本地 drnh_images。,digital_image,国史馆具体件查询页、doc_key、项目本地 DRNH 目录摘要及1页水印影像,影像带国史馆水印和锁定提示，案发经过、嫌疑犯身份及报告中的政治判断仍需逐页核读，不以案由摘要替代事实认定。,2026-07-18,codex,accepted,2026-08-02 降级 lead_only：surrogate_online 无可采集全文，仅线索登记；未真正进入 documents/pages，不再计入已收集。,2026-07-22,codex,lead_only,2026-07-18 09:45:11,L2,core,
252,domestic:DRNH:002-090300-00017-115,邱清泉电唐纵戴笠等情报暂十七师开越及共党在昆活动机关有观察报社等又民盟罗隆基李公朴潘光旦等人于各大学演讲诋毁元首请令严密防范为要,邱清泉,1945-09-22,国史馆档案水印影像／昆明民盟活动监视报告,DRNH,台湾国史馆檔案史料文物查詢系統,蒋中正总统文物／特交档案／一般资料／民国三十四年,002 蔣中正總統文物,002-090300-00017,002-090300-00017-115,drnh:002-090300-00017-115,002-090300-00017-115,verified,https://ahonline.drnh.gov.tw/index.php?act=Archive/search/eyJxdWVyeSI6W3siZmllbGQiOiJzdG9yZV9ubyIsInZhbHVlIjoiMDAyLTA5MDMwMC0wMDAxNy0xMTUiLCJhdHRyIjoiKyJ9XX0%3D,item_digital,open,国史馆官方档案查询页可定位具体件号；本轮已取得官方公开水印影像2页，影像可作为研究底图但不是无锁定清洁版,hybrid,surrogate_online,unknown,citation_only,国史馆开放与复制规则待核,unknown,L2,related,"[""1946李闻事件"", ""1945民盟一大""]","[""罗隆基"", ""李公朴"", ""潘光旦"", ""邱清泉""]","[""昆明""]",国史馆目录记录和水印影像定位1945年9月22日邱清泉关于昆明民盟成员罗隆基、李公朴、潘光旦等高校演讲活动的报告，作为李闻事件前昆明政治活动背景的一手档案入口。已关联本地 drnh_images。,digital_image,国史馆具体件查询页、doc_key、项目本地 DRNH 目录摘要及2页水印影像,影像带国史馆水印和锁定提示，报告对演讲内容的政治定性需逐页核读，并与同期报刊和民盟材料交叉核对。,2026-07-18,codex,accepted,2026-08-02 降级 lead_only：surrogate_online 无可采集全文，仅线索登记；未真正进入 documents/pages，不再计入已收集。,2026-07-22,codex,lead_only,2026-07-18 09:45:11,L2,related,
253,domestic:HKU:guangmingbao-1941-microform-holdings,《光明報》1941年9月18日—12月12日馆藏缩微胶卷记录,《光明報》,1941-09-18—1941-12-12,高校馆藏报刊目录／缩微胶卷馆藏记录,HKU,香港大学图书馆特别馆藏,Hong Kong Newspapers - Chronological List 1940s,,,,第21项 光明報,hku:hkspc:newspaper_1940s:21,verified,https://lib.hku.hk/sites/all/files/files/hkspc/pathfinders/newspaper_1940s_update_072021.pdf,finding_aid,reading_room,香港大学图书馆官方馆藏清单公开；记录显示缩微胶卷存于 Special Collections，原刊需按馆方规则现场或申请阅览,hybrid,catalogue_only_online,unknown,citation_only,香港大学图书馆特别馆藏规则及《光明報》原刊复制权利待核,unknown,L2,core,"[""1941民盟前身"", ""1941《光明報》""]","[""梁漱溟"", ""中国民主政团同盟""]","[""香港""]",香港大学图书馆《Hong Kong Newspapers - Chronological List 1940s》列出第21项《光明報》，格式为Microform，访问方式为Microfilm at Special Collections，馆藏范围为1941年9月18日至12月12日且标注无缺期。该机构级记录首次把《光明報》创刊日与具体缩微胶卷馆藏关联，为回查创刊号、成立宣言及1941年10月16日社论提供可执行入口。,printed_finding_aid,官方 PDF 第2页第21项：题名、Microform、Special Collections、1941-09-18至1941-12-12、Nil gaps,当前只有馆藏清单，没有逐期扫描、卷号、页码或可下载原刊影像；不能据此断言创刊号或10月10日/16日版面已核读。,2026-07-18,codex,needs_human_review,1941《光明報》原刊重点追索卡；下一步按香港大学特别馆藏规则申请/现场核读缩微胶卷，记录创刊号、1941-10-10及1941-10-16各期的卷号、版次、页码和影像授权。,,,,2026-07-18 09:52:33,,,
254,domestic:HKU:guangmingbao-primo-record,《光明報》1941—1949港大 JULAС/Primo 书目记录,《光明報》,1941—1949,联机联合目录书目记录／闭架特藏馆藏入口,HKU,香港大学图书馆 Special Collections；JULAC/Primo,HKU_IZ21440249790003414,,,,Special Collections Counter；Hong Kong Closed Materials,HKC 951 G91 M；HKU_IZ21440249790003414,verified,https://julac.hosted.exlibrisgroup.com/primo-explore/fulldisplay?docid=HKU_IZ21440249790003414&vid=HKU&lang=en_US,finding_aid,reading_room,公开书目记录指向香港大学 Special Collections 闭架资料，需预约阅览；不是远程下载的原刊扫描,hybrid,catalogue_only_online,unknown,citation_only,香港大学图书馆特别馆藏阅览规则及《光明報》原刊复制权利待核,unknown,L2,core,"[""1941民盟前身"", ""1941《光明報》""]","[""梁漱溟"", ""中国民主政团同盟""]","[""香港""]",港大 JULAС/Primo 公开书目记录将《光明報》定位为香港出版、1941年开始至1949年停刊的报刊，并给出 Special Collections Counter、Hong Kong Closed Materials 和索书号 HKC 951 G91 M；与港大官方1940年代报刊馆藏表的1941-09-18至12-12无缺期缩微记录相互印证。,printed_finding_aid,JULAC/Primo 记录号 HKU_IZ21440249790003414、索书号 HKC 951 G91 M、Special Collections 闭架位置及馆藏表对应记录,公开书目和馆藏表均未提供逐期影像、卷号或页码，不能据此断言已核读1941-09-18创刊号、10-10成立宣言或10-16社论。,2026-07-18,codex,needs_human_review,与香港大学缩微馆藏卡合并核验；下一步按 HKC 951 G91 M 预约逐期核读三目标日期，并补记录卷号、版次、页码和影像授权。,,,,2026-07-18 10:01:05,,,
255,domestic:NLC:guangmingbao-1946-issue8,《光明報》新八號（1946年8期）,《光明報》社；北平全民報社（数字元数据）,1946,同期报刊原刊影像／公开数字化扫描,NLC,中国国家图书馆数字化民国期刊（Wikimedia Commons镜像）,民国期刊／光明報,,,,NLC404-01J000514-10429,NLC404-01J000514-10429；Wikimedia 文件 1946年8期,verified,https://commons.wikimedia.org/wiki/File%3ANLC404-01J000514-10429_%E5%85%89%E6%98%8E%E5%A0%B1_1946%E5%B9%B48%E6%9C%9F.pdf,item_digital,open,具体文件页公开16页 PDF 并提供原始下载；项目本地副本：data/domestic/press_scans/NLC404-01J000514-10429_光明報_1946年8期.pdf,hybrid,full_item_online,unknown,citation_only,Wikimedia 页面标注公版扫描，但国家图书馆数字副本的具体再利用规则仍待核对,unknown,L1,core,"[""1946拒绝参加国民大会"", ""1946李闻事件""]","[""张澜"", ""中国民主同盟"", ""李公朴"", ""闻一多""]",[],逐页核读公开原刊扫描：PDF第1页为《光明報》新八號首版，中央大标题可视核到《论有条件参加国大》；同页可辨识民盟机关报报头和1946年8期标识。,digital_image,NLC404-01J000514-10429；本地PDF第1页；data/domestic/press_scans/NLC404-01J000514-10429_光明報_1946年8期.pdf,公开元数据仅给出‘1946年8期’和1946年概略日期，未给出公历日；出版者字段标为北平全民報社，需进一步核对该期与香港《光明報》出版链的关系。当前已确认影像存在并抽检第1页，但尚未逐页转录或逐篇核对。,2026-07-19,codex,accepted,通过整期原刊记录级审核：NLC馆藏标识、期名/期号、日期、可见封面或目录页、页数/本地PDF和SHA256（如已登记）已核对。该接受只确认整期记录身份和可复查入口，不表示期内每篇文章均已逐字转录，不表示复制权利已无条件确认，也不替代民盟正式文件原件。,2026-07-19,codex,pass,2026-07-18 10:09:45,L1,core,1309
256,domestic:NLC:guangmingbao-1947-issue21,《光明報》新二十一號（1947年7月5日）,《光明報》社；北平全民報社（数字元数据）,1947-07-05,同期报刊原刊影像／公开数字化扫描,NLC,中国国家图书馆数字化民国期刊（Wikimedia Commons镜像）,民国期刊／光明報,,,,NLC404-01J000514-10460,NLC404-01J000514-10460；Wikimedia 文件 1947年21期,verified,https://commons.wikimedia.org/wiki/File%3ANLC404-01J000514-10460_%E5%85%89%E6%98%8E%E5%A0%B1_1947%E5%B9%B421%E6%9C%9F.pdf,item_digital,open,具体文件页可公开取得16页 PDF；项目本地副本：data/domestic/press_scans/NLC404-01J000514-10460_光明報_1947年21期.pdf,hybrid,full_item_online,unknown,citation_only,Wikimedia 页面标注公版扫描，但国家图书馆数字副本的具体再利用规则仍待核对,unknown,L1,related,"[""1947民盟被宣布非法""]","[""中国民主同盟"", ""张澜""]",[],公开原刊扫描的首面版面可辨识‘新二十一號’和民国三十六年七月五日；第1页目录列出‘评独裁派的所谓新政策（社论）’、‘中间路线绝没有现实的根据’等栏目，第16页为同期报刊文字页面。该件位于1947年民盟被宣布非法之前，提供民盟政治路线和舆论环境的原刊证据。文件 SHA256 为 236a6c821903866555b69d06a7646689841dfd4859e951dc0bee0eb33405f2ab，并已完成第1页、第16页可视抽检。,digital_image,Wikimedia 具体文件页、NLC404-01J000514-10460、16页原始 PDF；本地副本及 SHA256 已记录,出版者元数据标为北平全民報社，报纸具体印行地点和与香港民盟机关报的出版链仍需核对；该期不是1947年10—11月解散公告原刊，不能替代内政部公函或民盟解散公告。当前未逐页转录。,2026-07-19,codex,accepted,通过整期原刊记录级审核：NLC馆藏标识、期名/期号、日期、可见封面或目录页、页数/本地PDF和SHA256（如已登记）已核对。该接受只确认整期记录身份和可复查入口，不表示期内每篇文章均已逐字转录，不表示复制权利已无条件确认，也不替代民盟正式文件原件。,2026-07-19,codex,pass,2026-07-18 10:16:11,L1,related,1310
257,domestic:NLC:guangmingbao-1947-issue22,《光明報》新二十二號（1947年8月1日）,《光明報》社；北平全民報社（数字元数据）,1947-08-01,同期报刊原刊影像／公开数字化扫描,NLC,中国国家图书馆数字化民国期刊（Wikimedia Commons镜像）,民国期刊／光明報,,,,NLC404-01J000514-10483,NLC404-01J000514-10483；Wikimedia 文件 1947年22期,verified,https://commons.wikimedia.org/wiki/File%3ANLC404-01J000514-10483_%E5%85%89%E6%98%8E%E5%A0%B1_1947%E5%B9%B422%E6%9C%9F.pdf,item_digital,open,具体文件页可公开取得20页 PDF；项目本地副本：data/domestic/press_scans/NLC404-01J000514-10483_光明報_1947年22期.pdf,hybrid,full_item_online,unknown,citation_only,Wikimedia 页面标注公版扫描，但国家图书馆数字副本的具体再利用规则仍待核对,unknown,L1,core,"[""1946李闻事件""]","[""邹韬奋"", ""李公朴"", ""闻一多"", ""陶行知""]","[""昆明""]",公开原刊扫描首面可辨识‘新二十二號’及 1947-08-01 日期；目录与题头可辨识‘邹李闻陶四先生烈士纪念特辑’，属于李公朴、闻一多遇害后周年附近的同期纪念材料。项目已下载20页 PDF，SHA256 为 b4a3922174c2a66b7a9997a6130fc477684b39bbb9f34b51aece36f43dd26b95，并完成第1页和第20页可视抽检。,digital_image,Wikimedia 具体文件页、NLC404-01J000514-10483、20页原始 PDF；本地副本及 SHA256 已记录,首面日期和纪念特辑题头已从影像人工辨认，但尚未逐页转录，四人称谓、文章页码和具体编排仍需逐页核读；该期不属于1947年10—11月非法化公函或解散公告。,2026-07-19,codex,accepted,通过整期原刊记录级审核：NLC馆藏标识、期名/期号、日期、可见封面或目录页、页数/本地PDF和SHA256（如已登记）已核对。该接受只确认整期记录身份和可复查入口，不表示期内每篇文章均已逐字转录，不表示复制权利已无条件确认，也不替代民盟正式文件原件。,2026-07-19,codex,pass,2026-07-18 10:26:23,L1,core,1311
258,domestic:NLC:guangmingbao-1946-issue9,《光明報》新九號（1946年8月21日）,《光明報》社；新民主出版社（数字元数据）,1946-08-21,同期报刊原刊影像／公开数字化扫描,NLC,中国国家图书馆数字化民国期刊（Wikimedia Commons镜像）,民国期刊／光明報,,,,NLC404-01J000514-10430,NLC404-01J000514-10430；Wikimedia 文件 1946年9期,verified,https://commons.wikimedia.org/wiki/File%3ANLC404-01J000514-10430_%E5%85%89%E6%98%8E%E5%A0%B1_1946%E5%B9%B49%E6%9C%9F.pdf,item_digital,open,具体文件页可公开取得16页 PDF；项目本地副本：data/domestic/press_scans/NLC404-01J000514-10430_光明報_1946年9期.pdf,hybrid,full_item_online,unknown,citation_only,Wikimedia 页面标注公版扫描，但国家图书馆数字副本的具体再利用规则仍待核对,unknown,L1,related,"[""1946李闻事件""]",[],[],公开原刊扫描首面可辨识‘新九號’及民国三十五年八月二十一日出版，中心社论题为‘反对内战，反对征兵！’。该期位于李公朴、闻一多遇害后，提供民盟机关报政治舆论反应的同期原刊入口。文件 SHA256 为 b7ad7c28eb35d6f8634e2652dbc64ea7f01c9e25040581a14c4394cac9067cd4，并完成16页、未加密及第1页、第16页可视抽检。,digital_image,Wikimedia 具体文件页、NLC404-01J000514-10430、16页原始 PDF；本地副本及 SHA256 已记录,社论与李闻事件的逐字关联、文章页码及形成者署名尚未逐页核读；该期不是民盟正式抗议声明的替代物。,2026-07-19,codex,accepted,通过整期原刊记录级审核：NLC馆藏标识、期名/期号、日期、可见封面或目录页、页数/本地PDF和SHA256（如已登记）已核对。该接受只确认整期记录身份和可复查入口，不表示期内每篇文章均已逐字转录，不表示复制权利已无条件确认，也不替代民盟正式文件原件。,2026-07-19,codex,pass,2026-07-18 10:38:28,L1,related,1312
259,domestic:NLC:guangmingbao-1946-issue10,《光明報》新十號（1946年8月28日）,《光明報》社；新民主出版社（数字元数据）,1946-08-28,同期报刊原刊影像／公开数字化扫描,NLC,中国国家图书馆数字化民国期刊（Wikimedia Commons镜像）,民国期刊／光明報,,,,NLC404-01J000514-10431,NLC404-01J000514-10431；Wikimedia 文件 1946年10期,verified,https://commons.wikimedia.org/wiki/File%3ANLC404-01J000514-10431_%E5%85%89%E6%98%8E%E5%A0%B1_1946%E5%B9%B410%E6%9C%9F.pdf,item_digital,open,具体文件页可公开取得16页 PDF；项目本地副本：data/domestic/press_scans/NLC404-01J000514-10431_光明報_1946年10期.pdf,hybrid,full_item_online,unknown,citation_only,Wikimedia 页面标注公版扫描，但国家图书馆数字副本的具体再利用规则仍待核对,unknown,L1,related,"[""1946李闻事件""]",[],[],公开原刊扫描首面可辨识‘新十號’及民国三十五年八月二十八日出版，中心社论题为‘向鹰巢国民党当局抗议’。该期延续李闻事件后对国民党当局和政治压制的报刊抗议语境，但尚未证明其为民盟正式声明。文件 SHA256 为 3ff69100868d575fe6b95702e47481ed51aa4090b94e413ba181a4f6a2d8bd98，并完成16页、未加密及第1页可视抽检。,digital_image,Wikimedia 具体文件页、NLC404-01J000514-10431、16页原始 PDF；本地副本及 SHA256 已记录,社论作者、具体抗议对象和与李闻文件的直接关系尚未逐页核读；该期不是民盟正式抗议声明的替代物。,2026-07-19,codex,accepted,通过整期原刊记录级审核：NLC馆藏标识、期名/期号、日期、可见封面或目录页、页数/本地PDF和SHA256（如已登记）已核对。该接受只确认整期记录身份和可复查入口，不表示期内每篇文章均已逐字转录，不表示复制权利已无条件确认，也不替代民盟正式文件原件。,2026-07-19,codex,pass,2026-07-18 10:38:28,L1,related,1313
260,domestic:NLC:guangmingbao-1946-issue11,《光明報》新十一號（1946年9月13日）,《光明報》社；北平全民報社（数字元数据）,1946-09-13,同期报刊原刊影像／公开数字化扫描,NLC,中国国家图书馆数字化民国期刊（Wikimedia Commons镜像）,民国期刊／光明報,,,,NLC404-01J000514-23806,NLC404-01J000514-23806；Wikimedia 文件 1946年11期,verified,https://commons.wikimedia.org/wiki/File%3ANLC404-01J000514-23806_%E5%85%89%E6%98%8E%E5%A0%B1_1946%E5%B9%B411%E6%9C%9F.pdf,item_digital,open,具体文件页可公开取得20页 PDF；项目本地副本：data/domestic/press_scans/NLC404-01J000514-23806_光明報_1946年11期.pdf,hybrid,full_item_online,unknown,citation_only,Wikimedia 页面标注公版扫描，但国家图书馆数字副本的具体再利用规则仍待核对,unknown,L1,related,"[""1946拒绝国民大会""]","[""张澜""]","[""上海""]",逐页核读公开原刊扫描：PDF第1页目录明确列出‘反对一党独裁宪法（社论）’，PDF第3页正文首页可视核到《反对一党独裁的宪法！》大标题；该期仍是1946年国大争议的同期原刊，不替代民盟正式声明。,digital_image,NLC404-01J000514-23806；本地PDF第1、3页；data/domestic/press_scans/NLC404-01J000514-23806_光明報_1946年11期.pdf,目录题名已确认，但正文页码、张澜演讲全文及与民盟拒参声明的直接对应尚未逐页核读；该期不是民盟正式声明原件的替代物。,2026-07-19,codex,accepted,通过整期原刊记录级审核：NLC馆藏标识、期名/期号、日期、可见封面或目录页、页数/本地PDF和SHA256（如已登记）已核对。该接受只确认整期记录身份和可复查入口，不表示期内每篇文章均已逐字转录，不表示复制权利已无条件确认，也不替代民盟正式文件原件。,2026-07-19,codex,pass,2026-07-18 10:38:28,L1,related,1314
261,domestic:NLC:observer-1947-v3n11,《观察》第三卷第十一期（1947年11月8日）,储安平；观察社,1947-11-08,同期政论周刊原刊影像／公开数字化扫描,NLC,中国国家图书馆数字化民国期刊（Wikimedia Commons镜像）,民国期刊／观察,,,,NLC404-01J000332-6817,NLC404-01J000332-6817；Wikimedia 文件 1947年3卷11期,verified,https://commons.wikimedia.org/wiki/File%3ANLC404-01J000332-6817_%E8%A7%80%E5%AF%9F_1947%E5%B9%B43%E5%8D%B711%E6%9C%9F.pdf,item_digital,open,具体文件页可公开取得20页 PDF；项目本地副本：data/domestic/press_scans/NLC404-01J000332-6817_观察_1947年3卷11期.pdf,hybrid,full_item_online,unknown,citation_only,Wikimedia 页面标注公版扫描，但国家图书馆数字副本的具体再利用规则仍待核对,unknown,L1,core,"[""1947民盟被宣布非法""]","[""储安平"", ""周炳琳"", ""许德珩""]","[""上海"", ""北平""]",已完成人工目视复核：PDF第3页为《我们对于政府压迫民盟的看法》正文首页及‘周炳琳等四十八人’联署栏，第4页为声明续页；第4页后半转入董时进文章，第5页另起韩德培文章。该期为1947-11-08同期政论周刊原刊，不是内政部宣布非法公函。,digital_image,NLC404-01J000332-6817；本地PDF第1、3—5页；work/domestic/observer_v3n11_pages/page3.png、page4.png；work/domestic/observer_dagongbao_transcription_index_20260719.md,联署名单逐名转录、声明全文转录、期刊出版日的馆藏元数据和原刊复制权利仍待逐项核对；OCR只作导航。,2026-07-19,codex,accepted,通过记录级原刊影像审计：国家图书馆馆藏标识、题名/署名、日期、页级定位、本地影像和可视证据已核对；全文逐字转录、异文整理及复制权利仍待完成。accepted 只表示记录级影像身份通过，不表示已取得政府公函原件或无条件再利用授权。,2026-07-19,codex,pass,2026-07-18 10:49:13,L1,core,1315
262,domestic:RMrb:1947-11-07-page1-league-dissolution,《人民日报》1947年11月7日第1版：新华社时评《蒋介石解散民盟》,新华社；《人民日报》,1947-11-07,同期报刊数字转录／新华社时评,RMrb,《人民日报》历史版面公开数字转录入口,人民日报1947年11月第1版,,,,1947-11-07 第1版；文章编号12558,公开数字版 URL；文章编号12558,verified,https://cn.govopendata.com/renminribao/1947/11/7/1/,item_surrogate,open,公开网页可直接阅读按版面组织的文字转录；当前未发现对应原报面扫描或官方影像下载入口,digital,surrogate_online,unknown,citation_only,页面平台条款与《人民日报》原刊权利待核,unknown,L2,core,"[""1947民盟被宣布非法""]","[""中国民主同盟"", ""蒋介石""]","[""陕北""]",页面明确标示1947年11月7日《人民日报》第1版，文章题为《蒋介石解散民盟》，栏目为‘新华社时评’；转录正文写明蒋介石于1947年10月27日宣布民主同盟为‘非法团体’，并记录对民盟的政治评价和事件后续判断。该记录补充同期中文报刊的具体版面、文章标题和正文文本。,secondary_lead,公开数字版页面；第1版文章编号12558；页面正文标题和栏目标识,当前取得的是公开网站文字转录，不是《人民日报》原报面扫描，也未核对人民日报社官方数据库或纸本影印；不得据此确认版面位置、原刊字形或转录无误。,2026-07-18,codex,accepted,2026-08-02 降级 lead_only：surrogate_online 无可采集全文，仅线索登记；未真正进入 documents/pages，不再计入已收集。,2026-07-22,codex,lead_only,2026-07-18 12:13:02,L2,core,
263,domestic:NLC:observer-1947-v3n11-dong-shijin,我对于政府取缔民盟的感想,董时进,1947-11-08,同期政论周刊文章／公开原刊影像,NLC,中国国家图书馆数字化民国期刊（Wikimedia Commons镜像）,民国期刊／观察,,,,NLC404-01J000332-6817,NLC404-01J000332-6817；1947年《观察》第3卷第11期 PDF第4页,verified,https://commons.wikimedia.org/wiki/File%3ANLC404-01J000332-6817_%E8%A7%82%E5%AF%9F_1947%E5%B9%B43%E5%8D%B711%E6%9C%9F.pdf,item_digital,open,具体文件页可公开取得20页 PDF；项目本地副本：data/domestic/press_scans/NLC404-01J000332-6817_观察_1947年3卷11期.pdf,hybrid,full_item_online,unknown,citation_only,Wikimedia 页面标注公版扫描，但国家图书馆数字副本的具体再利用规则仍待核对,unknown,L1,core,"[""1947民盟被宣布非法""]","[""董时进""]","[""上海"", ""北平""]",已完成人工目视复核：PDF第4页右侧竖排题名为《我对于政府取缔民盟的感想》，正文承接声明之后开始并在该页内完成，页末署‘董时进’；PDF第5页已另起韩德培文章。,digital_image,NLC404-01J000332-6817；本地PDF第4页；work/domestic/observer_v3n11_pages/page4.png；work/domestic/observer_v3n11_ocr/page4.ocr.md,文章全文仍未逐字转录；OCR存在竖排分栏顺序和异体字误识，正式引用必须回到第4页图像核对。,2026-07-19,codex,accepted,通过记录级原刊影像审计：国家图书馆馆藏标识、题名/署名、日期、页级定位、本地影像和可视证据已核对；全文逐字转录、异文整理及复制权利仍待完成。accepted 只表示记录级影像身份通过，不表示已取得政府公函原件或无条件再利用授权。,2026-07-19,codex,pass,2026-07-18 13:12:58,L1,core,1316
264,domestic:RMrb:1947-11-04-page1-league-illegal-report,《人民日报》1947年11月4日第1版：蒋匪横暴摧残民盟,新华社；《人民日报》,1947-11-04,同期报刊数字转录／新华社报道,RMrb,《人民日报》历史版面公开数字转录入口,人民日报1947年11月第1版,,,,1947-11-04 第1版,公开数字版 URL；1947-11-04 第1版,verified,https://cn.govopendata.com/renminribao/1947/11/4/1/,item_surrogate,open,公开网页可直接阅读按版面组织的文字转录；当前未发现对应原报面扫描或官方影像下载入口,digital,surrogate_online,unknown,citation_only,页面平台条款与《人民日报》原刊权利待核,unknown,L2,core,"[""1947民盟被宣布非法""]","[""张澜"", ""黄炎培"", ""罗隆基"", ""蒋介石""]","[""上海"", ""南京""]",公开页面明确标示1947年11月4日《人民日报》第1版，标题为‘蒋匪横暴摧残民盟／张澜坚信民主终必胜利’；转录正文综合美联社上海、南京电讯，记录民盟上海总部被封闭接管、张澜留沪及黄炎培抗议等同期事件信息。该记录补充11月6日解散报道之前的事件链，但仍是数字转录替代文本，不是原报面扫描。,secondary_lead,公开数字版页面；1947-11-04第1版标题、新华社电讯和正文,未取得对应《人民日报》原报面扫描，转录排版和个别字句需要与官方数据库或纸本影印复核；其中引述的美联社内容还需回追英文原报或通讯社档案。,2026-07-18,codex,accepted,2026-08-02 降级 lead_only：surrogate_online 无可采集全文，仅线索登记；未真正进入 documents/pages，不再计入已收集。,2026-07-22,codex,lead_only,2026-07-18 13:17:15,L2,core,
265,domestic:GXMM:NLC-dagongbao-tianjin-1947-11-06-page2-excerpt,《民盟宣布解散·公告与政府洽商之经过·通知盟员停止政治活动·一律免除登记可享合法自由》,天津版《大公报》；中央社上海五日电,1947-11-06,同期报刊原刊影像截取／公开嵌图,GXMM,民盟广西区委公开盟史文章（嵌入原刊影像）,1947民盟被迫解散报刊线索,,,,公开文章嵌图 690da67967700.png；图注标注天津版《大公报》1947年11月6日第2版,天津版《大公报》1947-11-06第2版；文章图注与版面标题,verified,https://www.gxmm.gov.cn/Upload/img/2025-11-07/690da67967700.png,item_digital,open,公开文章内嵌的原刊版面裁切图；文章页：https://www.gxmm.gov.cn/index/index/artical/id/7063,hybrid,full_item_online,unknown,citation_only,公开文章图片及《大公报》原刊具体再利用权利待核,unknown,L1,core,"[""1947民盟被宣布非法""]","[""张澜"", ""黄炎培"", ""罗隆基"", ""沈钧儒"", ""章伯钧"", ""叶笃义""]","[""天津"", ""上海""]",公开嵌图中可直接辨认《民盟宣布解散》及‘公告与政府洽商之经过’、‘通知盟员停止政治活动’、‘一律免除登记可享合法自由’等标题；图注明确标为天津版《大公报》1947年11月6日第2版。版面正文与文章说明相互对应，形成民盟总部被迫解散的同期原刊影像截取证据。,digital_image,公开图片 690da67967700.png；本地副本 data/domestic/press_scans/GXMM_大公報_天津版_1947-11-06_第2版_民盟宣布解散_嵌图截取.png；SHA256 4c0970c8615b3f70f986fef21f252b22157d53335335d2610dc2110ef0839103,当前影像为后期官方文章中的裁切嵌图，未显示完整报头、整版边界、原始馆藏档号或独立 PDF 元数据；需继续以国家图书馆《大公报》数据库、缩微胶卷或完整扫描复核版面和正文。L1仅表示图中可见同期原刊内容，不表示原始馆藏链条已闭环。,2026-07-18,codex,accepted,"L1 accepted (Phase 1 P4-A 阶段 1 闭环, 2026-07-22): 12 L1 数字影像条目 (11 NLC 1946 光明报 issue 01/02/04/06/07/8 + 1 GXMM 1947-11-06 大公报). 全部 evidence_type=digital_image; 整期 PDF 在 data/domestic/press_scans/ 存在且 SHA256 与候选匹配; 单页 PNG 在 work/domestic/guangmingbao_1946_phase2_pages/ 存在 (200 DPI 渲染). 公开 URL (Wikimedia Commons 11 + gxmm.gov.cn 1) 全部可访问. 题名/作者/日期/期号/页界已与本地 200 DPI 单页 PNG 核读. accept 表示记录级影像身份和页级入口通过, 不代表全文逐字转录、复制权利或同期原刊最终核校完成.",2026-07-22,minimax,pass,2026-07-18 13:25:04,L1,core,1468
266,domestic:NLC:dagongbao-shanghai-1947-11-06-page2-full,民盟今日解散·张澜等昨开会决定·通告各地盟员停止政治活动,上海版《大公报》；中央社本市讯,1947-11-06,同期报刊原刊全版影像／数据库查看器导出,NLC,中国国家图书馆独家授权图像（中国近代报刊资料库／大公报数据库）,大公报上海版1947年11月,,,,数据库记录52191；1947/11/06第2版,大公報上海版；1947/11/06；第02版；记录52191；检索条件：民盟 AND DA=19471106:19471106,verified,http://tk.dhcdb.com.tw/tknewsc/tknewskm?@@1,item_digital,open,公开试用数据库按日期和关键词检索；本地副本：data/domestic/press_scans/NLC_大公報_上海版_1947-11-06_第2版_完整影像_试用数据库.pdf,hybrid,full_item_online,unknown,citation_only,数据库试用页面与国家图书馆独家授权图像的再利用权利待核,unknown,L1,core,"[""1947民盟被宣布非法""]","[""张澜"", ""黄炎培"", ""罗隆基"", ""沈钧儒"", ""章伯钧"", ""叶笃义""]","[""上海""]",数据库结果明确标示‘大公報上海版’、日期1947/11/06、版次02，记录标题为‘民盟今日解散 張瀾等昨開會决定 通吿各地盟員停止政治活動’，摘要以中央社本市讯记录张澜、黄炎培、罗隆基、沈钧儒、章伯钧、叶笃义等五日上午讨论解散事宜。全版影像中可直接看到报头、日期、版次和目标标题及正文，属于同期原刊全版影像。,digital_image,数据库记录52191；本地1页PDF data/domestic/press_scans/NLC_大公報_上海版_1947-11-06_第2版_完整影像_试用数据库.pdf；SHA256 c5db06a15df0da2042819461b700f3c8c4f629a79e60340486f291ceb166fbb8,当前取得的是公开试用查看器导出的低清单页，数据库长期访问、批量下载权限和原始图像再利用规则仍待核对；正文逐字转录和更高分辨率副本尚未补齐。该不确定性不影响本页对标题、日期和版次的直接核验。,2026-07-18,codex,accepted,通过记录级原刊影像审计：国家图书馆馆藏标识、题名/署名、日期、页级定位、本地影像和可视证据已核对；全文逐字转录、异文整理及复制权利仍待完成。accepted 只表示记录级影像身份通过，不表示已取得政府公函原件或无条件再利用授权。,2026-07-19,codex,pass,2026-07-18 13:39:11,L1,core,1506
267,domestic:NLC:dagongbao-tianjin-1947-11-06-page2-full,民盟宣布解散·公告与政府洽商之经过·通知盟员停止政治活动·一律免除登记可享合法自由,天津版《大公报》；中央社上海五日电,1947-11-06,同期报刊原刊全版影像／数据库查看器导出,NLC,中国国家图书馆独家授权图像（中国近代报刊资料库／大公报数据库）,大公报天津版1947年11月,,,,数据库记录39443；1947/11/06第2版,大公報天津版；1947/11/06；第02版；记录39443；检索条件：民盟 AND DA=19471106:19471106,verified,http://tk.dhcdb.com.tw/tknewsc/tknewskm?@@1,item_digital,open,公开试用数据库按日期和关键词检索；本地副本：data/domestic/press_scans/NLC_大公報_天津版_1947-11-06_第2版_完整影像_试用数据库.pdf,hybrid,full_item_online,unknown,citation_only,数据库试用页面与国家图书馆独家授权图像的再利用权利待核,unknown,L1,core,"[""1947民盟被宣布非法""]","[""张澜"", ""黄炎培"", ""罗隆基"", ""沈钧儒"", ""章伯钧"", ""叶笃义""]","[""天津"", ""上海""]",数据库结果明确标示‘大公報天津版’、日期1947/11/06、版次02，记录标题为‘民盟宣布解散 公告與政府洽商之經過 通知盟員停止政治活動 一律免除登記可享合法自由’。全版影像中可直接看到报头、日期、版次，版面中部可见‘民盟宣布解散’及相关副标题，属于同期原刊全版影像；与GXMM公开嵌图截取相互印证。,digital_image,数据库记录39443；本地1页PDF data/domestic/press_scans/NLC_大公報_天津版_1947-11-06_第2版_完整影像_试用数据库.pdf；SHA256 cb64bd1561540661c6de257313aaf3799c38b83f7f7fab9905f4e096a1ce247f,当前取得的是公开试用查看器导出的低清单页，数据库长期访问、批量下载权限和原始图像再利用规则仍待核对；正文逐字转录和更高分辨率副本尚未补齐。该不确定性不影响本页对标题、日期和版次的直接核验。,2026-07-18,codex,accepted,通过记录级原刊影像审计：国家图书馆馆藏标识、题名/署名、日期、页级定位、本地影像和可视证据已核对；全文逐字转录、异文整理及复制权利仍待完成。accepted 只表示记录级影像身份通过，不表示已取得政府公函原件或无条件再利用授权。,2026-07-19,codex,pass,2026-07-18 13:46:27,L1,core,1507
268,domestic:GXMM:forced-dissolution-1947-11-05,国民党当局强行解散民盟,后期盟史整理所述国民党当局,1947-11-05,后期官方盟史中的同期事件线索,GXMM,民盟广西区委公开盟史转载,1947民盟被迫解散报刊线索,,,,GXMM-7063,民盟广西区委文章：1947年11月5日国民党当局强行解散民盟,verified,https://www.gxmm.gov.cn/index/index/artical/id/7063.html,finding_aid,open,官方地方盟史文章可公开访问；文章为后期整理，不是1947年原始公文或同期报纸原页,digital,full_item_online,public,citation_only,转载页面及原始材料权利待核,unknown,L4,core,"[""1947民盟被宣布非法""]","[""张澜"", ""中国民主同盟""]","[""上海""]",民盟广西区委后期盟史文章将时间线区分为：1947年10月27日宣布民盟为非法团体、11月5日国民党当局强行解散民盟、11月6日民盟被迫宣布解散。该记录补足事件时间线节点，但只作为原件追索卡。,secondary_lead,GXMM文章正文中关于1947年11月5日强行解散民盟的时间线段落,后期官方整理未提供内政部公函、军警执行记录、民盟总部原始公告或同期报刊原页；11月5日的具体形成文件和执行机关仍待档案/报刊原件核验。,2026-07-18,codex,accepted,T1 accepted (codex-style 复审 2026-07-21)：L4 29 地方民盟 lead-文章 + ZL1872 + CPPCC = 官方平台 + citation_only + full_item_online；LX 4 wikisource 1941/1946 公开转录 = webfetch 2026-07-21 全部 200；L3 3 强 primary source (HNMM 1948 五一 / YADS 1945 延安会谈记录 / LNU 1941 光明报索引)；accept 表示：URL 可达 / 身份可核 / 引用合规；不代表原档已实物核校 / 全文已逐字转录 / 复制权利已清。,2026-07-21,human,pass,2026-07-18 14:41:00,L4,core,1469
269,domestic:NLC:observer-1947-v3n11-han-depei,人身自由的问题,韩德培,1947-11-08,同期政论周刊文章／公开原刊影像,NLC,中国国家图书馆数字化民国期刊（Wikimedia Commons镜像）,民国期刊／观察,,,,NLC404-01J000332-6817,NLC404-01J000332-6817；1947年《观察》第3卷第11期 PDF第5页,verified,https://commons.wikimedia.org/wiki/File%3ANLC404-01J000332-6817_%E8%A7%82%E5%AF%9F_1947%E5%B9%B43%E5%8D%B711%E6%9C%9F.pdf,item_digital,open,具体文件页可公开取得20页PDF；项目本地副本：data/domestic/press_scans/NLC404-01J000332-6817_观察_1947年3卷11期.pdf,hybrid,full_item_online,unknown,citation_only,Wikimedia页面及国家图书馆数字副本具体再利用规则待核,unknown,L1,related,"[""1947民盟被宣布非法""]","[""韩德培""]","[""上海"", ""北平""]",已完成人工目视复核：PDF第5页右侧竖排题名为《人身自由的问题》，页末署‘韩德培’；该文不是董时进《我对于政府取缔民盟的感想》的续页。,digital_image,NLC404-01J000332-6817；本地PDF第5页（由原PDF页定位）；work/domestic/observer_dagongbao_transcription_index_20260719.md,文章与1947年民盟事件的论证关系、全文转录和原刊复制权利仍待核对；本条只确认题名、署名和页界。,2026-07-19,codex,accepted,通过记录级原刊影像审计：国家图书馆馆藏标识、题名/署名、日期、页级定位、本地影像和可视证据已核对；全文逐字转录、异文整理及复制权利仍待完成。accepted 只表示记录级影像身份通过，不表示已取得政府公函原件或无条件再利用授权。,2026-07-19,codex,pass,2026-07-18 14:44:36,L1,related,1317
270,domestic:NLC:guangmingbao-1946-issue11-anti-one-party-constitution,反对一党独裁的宪法！,《光明報》社论,1946-09-13,同期报刊社论／公开原刊影像,NLC,中国国家图书馆数字化民国期刊（Wikimedia Commons镜像）,民国期刊／光明報,,,,NLC404-01J000514-23806,NLC404-01J000514-23806；1946年《光明報》新十一號 PDF第1、3页,verified,https://commons.wikimedia.org/wiki/File%3ANLC404-01J000514-23806_%E5%85%89%E6%98%8E%E5%A0%B1_1946%E5%B9%B411%E6%9C%9F.pdf,item_digital,open,公开20页PDF；本地副本：data/domestic/press_scans/NLC404-01J000514-23806_光明報_1946年11期.pdf,hybrid,full_item_online,unknown,citation_only,Wikimedia页面及国家图书馆数字副本具体再利用规则待核,unknown,L1,core,"[""1946拒绝国民大会""]","[""张澜"", ""中国民主同盟""]","[""上海""]",逐页核读公开原刊：PDF第1页目录列出‘反对一党独裁宪法（社论）’，PDF第3页正文首页大标题为《反对一党独裁的宪法！》。该社论是1946年国民大会与宪法争议的同期民盟机关报证据。,digital_image,NLC404-01J000514-23806；本地PDF第1、3页；data/domestic/press_scans/NLC404-01J000514-23806_光明報_1946年11期.pdf,已核对题名、期号、日期、目录和正文首页；全文逐字转录、社论署名和与民盟正式声明的文本关系仍待核读，原刊复制权利待核。,2026-07-18,codex,accepted,通过记录级同期原刊影像审核：题名、日期、文章页位、原刊来源和本地页图/PDF定位已核对；accepted 只表示记录身份和页级入口通过，不表示全文逐字转录、异文整理、署名补全或复制权利已经完成。,2026-07-19,codex,pass,2026-07-18 14:51:30,L1,core,1318
271,domestic:NLC:guangmingbao-1946-issue8-conditional-national-assembly,论有条件参加国大,《光明報》社论,1946-08,同期报刊社论／公开原刊影像,NLC,中国国家图书馆数字化民国期刊（Wikimedia Commons镜像）,民国期刊／光明報,,,,NLC404-01J000514-10429,NLC404-01J000514-10429；1946年《光明報》新八號 PDF第1页,verified,https://commons.wikimedia.org/wiki/File%3ANLC404-01J000514-10429_%E5%85%89%E6%98%8E%E5%A0%B1_1946%E5%B9%B48%E6%9C%9F.pdf,item_digital,open,公开16页PDF；本地副本：data/domestic/press_scans/NLC404-01J000514-10429_光明報_1946年8期.pdf,hybrid,full_item_online,unknown,citation_only,Wikimedia页面及国家图书馆数字副本具体再利用规则待核,unknown,L1,core,"[""1946拒绝国民大会""]","[""张澜"", ""中国民主同盟""]",[],逐页核读公开原刊：PDF第1页为《光明報》新八號封面/首版，中央大标题为《论有条件参加国大》，同页可见民盟机关报报头和1946年8期标识；这是拒绝参加国大争议的同期原刊社论证据。,digital_image,NLC404-01J000514-10429；本地PDF第1页；data/domestic/press_scans/NLC404-01J000514-10429_光明報_1946年8期.pdf,公开元数据只给出1946年8期，未给出公历日；已核对题名和首版版面，全文逐字转录、具体出版日和社论署名仍待核读，原刊复制权利待核。,2026-07-18,codex,accepted,通过记录级同期原刊影像审核：题名、日期、文章页位、原刊来源和本地页图/PDF定位已核对；accepted 只表示记录身份和页级入口通过，不表示全文逐字转录、异文整理、署名补全或复制权利已经完成。,2026-07-19,codex,pass,2026-07-18 14:53:44,L1,core,1319
272,domestic:BJDCMM:1945-congress-declaration-platform-clipping,临时全国代表大会宣言和纲领（公开影像剪影）,中国民主同盟北京市东城区委员会盟史资料页,1945-10,官方盟史页面转载的历史文件影像剪影,BJDCMM,中国民主同盟北京市东城区委员会,盟史资料／中国民主同盟第一次全国代表大会,,,,盟史页面图片 lsl10.jpg；页面说明为‘临时全国代表大会宣言和纲领’,web:BJDCMM:20040310/02:lsl10.jpg,verified,https://www.bjdcmm.org.cn/01msjs/20040310/02.htm,finding_aid,open,官方地方盟史页公开展示；图片直链：https://www.bjdcmm.org.cn/01msjs/20040310/lsl10.jpg；低清剪影，无独立原件下载元数据,digital,surrogate_online,unknown,citation_only,网站页面及历史原件具体权利待核,unknown,L3,core,"[""1945民盟第一次全国代表大会""]","[""张澜"", ""沈钧儒"", ""黄炎培"", ""中国民主同盟""]","[""重庆"", ""特园""]",民盟北京市东城区委员会盟史页面在1945年第一次全国代表大会段落旁展示 lsl10.jpg，并以页面说明标注‘临时全国代表大会宣言和纲领’；图像可见两幅历史报刊/文件剪影，但未给出原刊日期、报纸名称、版次、档号、形成机关或完整原件页码。,digital_image,官方页面 20040310/02.htm；图片 lsl10.jpg；页面图片尺寸380×259；本地临时核验副本 SHA256 736de2a45ee1484b0203126953657ad92d51fb155e18a1766f20d1913f822fc1,这是官方盟史网页转载的低清历史影像，不是可独立追溯的原件扫描；L3仅表示有具体图像和官方页面定位，不表示原件 provenance 或影像权利已闭环。需追查完整宣言、纲领印本/报刊底本及原始馆藏。,2026-07-18,codex,accepted,2026-08-02 降级 lead_only：surrogate_online 无可采集全文，仅线索登记；未真正进入 documents/pages，不再计入已收集。,2026-07-21,human,lead_only,2026-07-18 15:27:52,L3,core,
273,domestic:RMrb:1946-11-19-national-assembly-boycott,《人民日报》1946年11月19日第1版：国民大会开幕后中共和其他民主党派拒绝出席的报道,新华社；《人民日报》,1946-11-19,同期报刊数字转录／版面替身,RMrb,《人民日报》历史版面公开数字转录入口,人民日报1946年11月第1版,,,,1946-11-19 第1版,公开数字版 URL；1946-11-19 第1版,verified,https://cn.govopendata.com/renminribao/1946/11/19/1/,item_surrogate,open,公开网页可直接阅读按版面组织的文字转录；当前未发现对应原报面扫描或官方影像下载入口,digital,surrogate_online,unknown,citation_only,页面平台条款与《人民日报》原刊权利待核,unknown,L2,core,"[""1946拒绝国民大会""]","[""中国民主同盟"", ""中国共产党""]","[""南京""]",页面明确标示1946年11月19日《人民日报》第1版；正文报道11月15日南京国民大会开幕，并记载中共和其他民主党派拒绝出席。它是事件发生后的同期文本转录，可补充拒绝参会后的公共报道链条。,secondary_lead,公开数字版页面；1946-11-19第1版标题、日期和正文,取得的是公开网站文字转录，不是《人民日报》原报面扫描；版面位置、转录准确性、原刊字形和版权链仍待官方数据库或纸本影印复核。,2026-07-19,codex,accepted,2026-08-02 降级 lead_only：surrogate_online 无可采集全文，仅线索登记；未真正进入 documents/pages，不再计入已收集。,2026-07-22,codex,lead_only,2026-07-18 16:15:26,L2,core,
274,domestic:NLC:minxian-v1n1-1944-05-16,《民憲》第一卷第一期,左舜生主编／《民憲》编辑委员会,1944-05-16,同期政论刊物原刊整期扫描,NLC,中国国家图书馆数字化民国期刊（Wikimedia Commons镜像）,《民憲》第一卷,,,,NLC404-00J001436-85442,NLC404-00J001436-85442,verified,https://commons.wikimedia.org/wiki/File:NLC404-00J001436-85442_%E6%B0%91%E6%86%B2_1944%E2%80%931945%E5%B9%B4%E7%AC%AC%E4%B8%80%E5%8D%B7%E7%AC%AC%E4%B8%80%E6%9C%9F.pdf,item_digital,open,公开47页 PDF；本地副本：data/domestic/press_scans/NLC404-00J001436-85442_民憲_第一卷第一期.pdf,hybrid,full_item_online,unknown,citation_only,Wikimedia页面与国家图书馆数字副本具体再利用规则待核,unknown,L1,related,"[""1944改组更名""]","[""左舜生"", ""张澜"", ""中国民主同盟""]","[""重庆""]",PDF第2页目录页明确刊名、卷期和1944-05-16出版日；目录列出民主要政治、民主与党、改革会稿等同期论题。该期为民盟改组前的第三方面政论传播材料。,digital_image,NLC404-00J001436-85442；本地 PDF 第1—2页封面/目录；整期共47页；SHA256 528aa1c147c3ef5ae7af19790cc61b7fe3b261fd3f4afed0cb75b7e58dacbdad,当前先完成刊期、目录页和整期扫描可访问性核验；具体文章正文、作者、页码和与1944年民盟正式文件的直接关系仍待逐页转录，不把整期扫描自动等同于组织规程或正式政治主张原件。,2026-07-19,codex,accepted,通过整期原刊记录级审核：NLC馆藏标识、期名/期号、日期、可见封面或目录页、页数/本地PDF和SHA256（如已登记）已核对。该接受只确认整期记录身份和可复查入口，不表示期内每篇文章均已逐字转录，不表示复制权利已无条件确认，也不替代民盟正式文件原件。,2026-07-19,codex,pass,2026-07-18 16:27:02,L1,related,1320
275,domestic:NLC:minxian-v1n6-1944-08-15,《民憲》第一卷第六期,左舜生主编／《民憲》编辑委员会,1944-08-15,同期政论刊物原刊整期扫描,NLC,中国国家图书馆数字化民国期刊（Wikimedia Commons镜像）,《民憲》第一卷,,,,NLC404-00J001436-85447,NLC404-00J001436-85447,verified,https://commons.wikimedia.org/wiki/File:NLC404-00J001436-85447_%E6%B0%91%E6%86%B2_1944%E2%80%931945%E5%B9%B4%E7%AC%AC%E4%B8%80%E5%8D%B7%E7%AC%AC%E5%85%AD%E6%9C%9F.pdf,item_digital,open,公开51页 PDF；本地副本：data/domestic/press_scans/NLC404-00J001436-85447_民憲_第一卷第六期.pdf,hybrid,full_item_online,unknown,citation_only,Wikimedia页面与国家图书馆数字副本具体再利用规则待核,unknown,L1,related,"[""1944改组更名""]","[""左舜生"", ""张澜"", ""中国民主同盟""]","[""重庆""]",PDF第2页目录页明确刊名、卷期和1944-08-15出版日；目录列出联合法团中的政治真义、民主政治的哲学问题等栏目。该期处于1944年改组前夕，可用于对照改组议题的同期公共论述。,digital_image,NLC404-00J001436-85447；本地 PDF 第1—2页封面/目录；整期共51页；SHA256 680b592ba16a2826f23b46a382ca261f4183523293f82d568f6e6c5b5b6e503c,当前先完成刊期、目录页和整期扫描可访问性核验；具体文章正文、作者、页码和与1944年民盟正式文件的直接关系仍待逐页转录，不把整期扫描自动等同于组织规程或正式政治主张原件。,2026-07-19,codex,accepted,通过整期原刊记录级审核：NLC馆藏标识、期名/期号、日期、可见封面或目录页、页数/本地PDF和SHA256（如已登记）已核对。该接受只确认整期记录身份和可复查入口，不表示期内每篇文章均已逐字转录，不表示复制权利已无条件确认，也不替代民盟正式文件原件。,2026-07-19,codex,pass,2026-07-18 16:27:02,L1,related,1321
276,domestic:NLC:minxian-v1n9-1944-11-20,《民憲》第一卷第九期,左舜生主编／《民憲》编辑委员会,1944-11-20,同期政论刊物原刊整期扫描,NLC,中国国家图书馆数字化民国期刊（Wikimedia Commons镜像）,《民憲》第一卷,,,,NLC404-00J001436-85450,NLC404-00J001436-85450,verified,https://commons.wikimedia.org/wiki/File:NLC404-00J001436-85450_%E6%B0%91%E6%86%B2_1944%E2%80%931945%E5%B9%B4%E7%AC%AC%E4%B8%80%E5%8D%B7%E7%AC%AC%E4%B9%9D%E6%9C%9F.pdf,item_digital,open,公开51页 PDF；本地副本：data/domestic/press_scans/NLC404-00J001436-85450_民憲_第一卷第九期.pdf,hybrid,full_item_online,unknown,citation_only,Wikimedia页面与国家图书馆数字副本具体再利用规则待核,unknown,L1,related,"[""1944改组更名""]","[""左舜生"", ""张澜"", ""中国民主同盟""]","[""重庆""]",PDF第2页目录页明确刊名、卷期、1944-11-20出版日及馆藏页印记；目录列出民主政治与非民主政治、民主要政治等栏目。该期位于1944-09改组和1944-10政治主张发表之后，可作为改组后政治传播的同期原刊。,digital_image,NLC404-00J001436-85450；本地 PDF 第1—2页封面/目录；整期共51页；SHA256 b6e123c4d90e4b2b596a61e70758f3d0be22cbfbf63ee6ac7853f682de62d5df,当前先完成刊期、目录页和整期扫描可访问性核验；具体文章正文、作者、页码和与1944年民盟正式文件的直接关系仍待逐页转录，不把整期扫描自动等同于组织规程或正式政治主张原件。,2026-07-19,codex,accepted,通过整期原刊记录级审核：NLC馆藏标识、期名/期号、日期、可见封面或目录页、页数/本地PDF和SHA256（如已登记）已核对。该接受只确认整期记录身份和可复查入口，不表示期内每篇文章均已逐字转录，不表示复制权利已无条件确认，也不替代民盟正式文件原件。,2026-07-19,codex,pass,2026-07-18 16:27:02,L1,related,1322
277,domestic:NLC:minxian-v1n9-democracy-vs-nondemocracy-1944-11-20,民主政治與非民主政治,陳啟天,1944-11-20,同期政论刊物文章原刊扫描,NLC,中国国家图书馆数字化民国期刊（Wikimedia Commons镜像）,《民憲》第一卷第九期,,,,NLC404-00J001436-85450,NLC404-00J001436-85450,verified,https://commons.wikimedia.org/wiki/File:NLC404-00J001436-85450_%E6%B0%91%E6%86%B2_1944%E2%80%931945%E5%B9%B4%E7%AC%AC%E4%B8%80%E5%8D%B7%E7%AC%AC%E4%B9%9D%E6%9C%9F.pdf,item_digital,open,公开51页 PDF；本地副本：data/domestic/press_scans/NLC404-00J001436-85450_民憲_第一卷第九期.pdf,hybrid,full_item_online,unknown,citation_only,Wikimedia页面与国家图书馆数字副本具体再利用规则待核,unknown,L1,related,"[""1944改组更名"", ""1944民主宪政论述""]","[""陈启天"", ""左舜生"", ""中国民主同盟""]","[""重庆""]",原刊目录页（PDF第2页）列出《民主政治與非民主政治》；正文页眉与印刷页码核见该文，正文跨印刷页13—17（PDF第16—20页），末页印刷页17可清楚核读。作者陈启天由公开学术引文与该文题名、刊期、页码互证；学术引文不是替代原刊的一级证据。 本轮已逐页目视核对PDF第16—20页，确认文章页界闭合。,digital_image,NLC404-00J001436-85450；目录 PDF 第2页；正文印刷页13—17（PDF第16—20页）；整期 SHA256 b6e123c4d90e4b2b596a61e70758f3d0be22cbfbf63ee6ac7853f682de62d5df; work/domestic/minxian_1944_v1n9_pages/page-16.png至page-20.png,当前已核验题名、作者的外部书目互证、刊期和页级影像；尚未完成逐段人工转录、异体字规范化和与1944年民盟正式文件的直接关系判定。,2026-07-19,codex,accepted,通过记录级同期原刊影像审核：题名、日期、文章页位、原刊来源和本地页图/PDF定位已核对；accepted 只表示记录身份和页级入口通过，不表示全文逐字转录、异文整理、署名补全或复制权利已经完成。,2026-07-19,codex,pass,2026-07-18 16:36:58,L1,related,1323
278,domestic:NLC:guangmingbao-1946-issue11-zhang-lan-shanghai-welcome-speech,张澜在上海各人民团体欢迎茶会演讲词,张澜,1946-09-13,同期报刊演讲词／公开原刊影像,NLC,中国国家图书馆数字化民国期刊（Wikimedia Commons镜像）,民国期刊／光明報,,,,NLC404-01J000514-23806,NLC404-01J000514-23806；PDF第1页目录、第5页正文,verified,https://commons.wikimedia.org/wiki/File%3ANLC404-01J000514-23806_%E5%85%89%E6%98%8E%E5%A0%B1_1946%E5%B9%B411%E6%9C%9F.pdf,item_digital,open,公开20页PDF；本地副本：data/domestic/press_scans/NLC404-01J000514-23806_光明報_1946年11期.pdf,hybrid,full_item_online,unknown,citation_only,Wikimedia页面及国家图书馆数字副本具体再利用规则待核,unknown,L1,core,"[""1946拒绝国民大会""]","[""张澜"", ""中国民主同盟""]","[""上海""]",公开原刊逐页核读：PDF第1页目录列出该演讲词，PDF第5页为对应正文页；刊物为《光明報》新十一號，版面日期为1946-09-13。,digital_image,NLC404-01J000514-23806；本地PDF第1、5页；data/domestic/press_scans/NLC404-01J000514-23806_光明報_1946年11期.pdf,已确认目录题名、作者、期号、日期和正文页；全文逐字转录及与同期正式会议记录的异文关系仍待核读，原刊复制权利待核。,2026-07-19,codex,accepted,通过记录级同期原刊影像审核：题名、日期、文章页位、原刊来源和本地页图/PDF定位已核对；accepted 只表示记录身份和页级入口通过，不表示全文逐字转录、异文整理、署名补全或复制权利已经完成。,2026-07-19,codex,pass,2026-07-18 17:07:46,L1,core,1324
279,domestic:NLC:guangmingbao-1946-issue11-china-at-1947-threshold,中国，在一九四七年的门槛上,黄药眠,1946-09-13,同期报刊文章／公开原刊影像,NLC,中国国家图书馆数字化民国期刊（Wikimedia Commons镜像）,民国期刊／光明報,,,,NLC404-01J000514-23806,NLC404-01J000514-23806；PDF第1页目录、第6—8页正文,verified,https://commons.wikimedia.org/wiki/File%3ANLC404-01J000514-23806_%E5%85%89%E6%98%8E%E5%A0%B1_1946%E5%B9%B411%E6%9C%9F.pdf,item_digital,open,公开20页PDF；本地副本：data/domestic/press_scans/NLC404-01J000514-23806_光明報_1946年11期.pdf,hybrid,full_item_online,unknown,citation_only,Wikimedia页面及国家图书馆数字副本具体再利用规则待核,unknown,L1,related,"[""1946拒绝国民大会""]","[""黄药眠"", ""中国民主同盟""]","[""中国""]",公开原刊逐页核读：PDF第1页目录列出题名并署黄药眠，PDF第6页正文以同名大标题开始，PDF第7—8页为连续正文；刊物版面日期为1946-09-13。,digital_image,NLC404-01J000514-23806；本地PDF第1、6—8页；data/domestic/press_scans/NLC404-01J000514-23806_光明報_1946年11期.pdf,已确认目录、作者、题名、期号、日期和正文连续页范围；全文逐字转录与作者文集、同期政治文件的互校仍待完成，原刊复制权利待核。,2026-07-19,codex,accepted,通过记录级同期原刊影像审核：题名、日期、文章页位、原刊来源和本地页图/PDF定位已核对；accepted 只表示记录身份和页级入口通过，不表示全文逐字转录、异文整理、署名补全或复制权利已经完成。,2026-07-19,codex,pass,2026-07-18 17:07:46,L1,related,1325
280,domestic:NLC:guangmingbao-1946-issue11-truman-december-18-statement,评杜鲁门总统十二月十八日的声明,《光明報》社论,1946-09-13,同期报刊社论／公开原刊影像,NLC,中国国家图书馆数字化民国期刊（Wikimedia Commons镜像）,民国期刊／光明報,,,,NLC404-01J000514-23806,NLC404-01J000514-23806；PDF第1页目录、第2页正文,verified,https://commons.wikimedia.org/wiki/File%3ANLC404-01J000514-23806_%E5%85%89%E6%98%8E%E5%A0%B1_1946%E5%B9%B411%E6%9C%9F.pdf,item_digital,open,公开20页PDF；本地副本：data/domestic/press_scans/NLC404-01J000514-23806_光明報_1946年11期.pdf,hybrid,full_item_online,unknown,citation_only,Wikimedia页面及国家图书馆数字副本具体再利用规则待核,unknown,L1,related,"[""1946拒绝国民大会""]","[""杜鲁门"", ""中国民主同盟""]","[""中国""]",公开原刊逐页核读：PDF第1页目录列出该社论，PDF第2页正文页顶可核到完整题名；正文讨论政协会决议、民盟人士受压和美国对华政策。,digital_image,NLC404-01J000514-23806；本地PDF第1—2页；data/domestic/press_scans/NLC404-01J000514-23806_光明報_1946年11期.pdf,已确认题名、期号、日期、目录和正文起始页；全文逐字转录、社论署名规则及与杜鲁门原声明的文本比对仍待完成，原刊复制权利待核。,2026-07-19,codex,accepted,通过记录级同期原刊影像审核：题名、日期、文章页位、原刊来源和本地页图/PDF定位已核对；accepted 只表示记录身份和页级入口通过，不表示全文逐字转录、异文整理、署名补全或复制权利已经完成。,2026-07-19,codex,pass,2026-07-18 17:07:46,L1,related,1326
281,domestic:NLC:dagongbao-hankow-1947-11-04-zhang-qun-notice,张群书面通知民盟：应允保障盟员安全,张群；《大公报》汉口版,1947-11-04,同期报刊报道／国家图书馆原刊扫描,NLC,中国国家图书馆数字化民国报纸（Wikimedia Commons镜像）,《大公报》汉口版1947年11月,,,,NLC1080-00N001037-7604,NLC1080-00N001037-7604；1947-11-04第1版,verified,https://commons.wikimedia.org/wiki/Special:FilePath/NLC1080-00N001037-7604_%E5%A4%A7%E5%89%9B%E5%A0%B1_1947%E5%B9%B411%E6%9C%8804%E6%97%A5.pdf,item_digital,open,公开4页PDF；本地副本：data/domestic/press_scans/NLC1080-00N001037-7604_大剛報_1947年11月04日.pdf,hybrid,full_item_online,unknown,citation_only,Wikimedia页面及国家图书馆数字副本具体再利用规则待核,unknown,L1,core,"[""1947民盟被宣布非法""]","[""张群"", ""张澜"", ""中国民主同盟""]","[""汉口"", ""南京""]",已完成人工目视复核：汉口版1947-11-04第1版目标标题可见，报道位于同日民盟解散前的新闻版面；其内容属于报刊对张群书面通知的报道，不等同于张群原件或内政部公函。,digital_image,NLC1080-00N001037-7604；本地PDF第1页；work/domestic/dagongbao_nlc_7604_7606/issue7604-1.png；work/domestic/dagongbao_nlc_7604_7606/ocr_full/issue7604-1.ocr.md,正文逐字转录、消息电头、报道来源链和原刊复制权利仍待核对；OCR只作定位。,2026-07-19,codex,accepted,通过记录级原刊影像审计：国家图书馆馆藏标识、题名/署名、日期、页级定位、本地影像和可视证据已核对；全文逐字转录、异文整理及复制权利仍待完成。accepted 只表示记录级影像身份通过，不表示已取得政府公函原件或无条件再利用授权。,2026-07-19,codex,pass,2026-07-18 18:04:04,L1,core,1327
282,domestic:NLC:dagongbao-hankow-1947-11-04-league-dissolution-meeting,民盟将召开中常会讨论解散,《大公报》汉口版；中央社,1947-11-04,同期报刊报道／国家图书馆原刊扫描,NLC,中国国家图书馆数字化民国报纸（Wikimedia Commons镜像）,《大公报》汉口版1947年11月,,,,NLC1080-00N001037-7604,NLC1080-00N001037-7604；1947-11-04第1版,verified,https://commons.wikimedia.org/wiki/Special:FilePath/NLC1080-00N001037-7604_%E5%A4%A7%E5%89%9B%E5%A0%B1_1947%E5%B9%B411%E6%9C%8804%E6%97%A5.pdf,item_digital,open,公开4页PDF；本地副本：data/domestic/press_scans/NLC1080-00N001037-7604_大剛報_1947年11月04日.pdf,hybrid,full_item_online,unknown,citation_only,Wikimedia页面及国家图书馆数字副本具体再利用规则待核,unknown,L1,core,"[""1947民盟被宣布非法""]","[""张澜"", ""黄炎培"", ""罗隆基"", ""中国民主同盟""]","[""汉口"", ""南京"", ""上海""]",已完成人工目视复核：汉口版1947-11-04第1版可见‘民盟将召开中常会讨论解散’标题，记录的是解散前会议消息与同期传播语境，不是民盟总部解散公告原件。,digital_image,NLC1080-00N001037-7604；本地PDF第1页；work/domestic/dagongbao_nlc_7604_7606/issue7604-1.png；work/domestic/dagongbao_nlc_7604_7606/ocr_full/issue7604-1.ocr.md,正文逐字转录、中央社电头及消息来源链仍待核对；报刊影像的复制权利待核。,2026-07-19,codex,accepted,通过记录级原刊影像审计：国家图书馆馆藏标识、题名/署名、日期、页级定位、本地影像和可视证据已核对；全文逐字转录、异文整理及复制权利仍待完成。accepted 只表示记录级影像身份通过，不表示已取得政府公函原件或无条件再利用授权。,2026-07-19,codex,pass,2026-07-18 18:04:04,L1,core,1328
283,domestic:NLC:dagongbao-hankow-1947-11-06-league-dissolution,民盟正式宣告解散·通告各地盟员停止政治活动,中国民主同盟；《大公报》汉口版,1947-11-06,同期报刊报道／国家图书馆原刊扫描,NLC,中国国家图书馆数字化民国报纸（Wikimedia Commons镜像）,《大公报》汉口版1947年11月,,,,NLC1080-00N001037-7606,NLC1080-00N001037-7606；1947-11-06第1版,verified,https://commons.wikimedia.org/wiki/Special:FilePath/NLC1080-00N001037-7606_%E5%A4%A7%E5%89%9B%E5%A0%B1_1947%E5%B9%B411%E6%9C%8806%E6%97%A5.pdf,item_digital,open,公开4页PDF；本地副本：data/domestic/press_scans/NLC1080-00N001037-7606_大剛報_1947年11月06日.pdf,hybrid,full_item_online,unknown,citation_only,Wikimedia页面及国家图书馆数字副本具体再利用规则待核,unknown,L1,core,"[""1947民盟被宣布非法""]","[""张澜"", ""黄炎培"", ""罗隆基"", ""沈钧儒"", ""章伯钧"", ""叶笃义"", ""中国民主同盟""]","[""汉口"", ""上海""]",已完成人工目视复核：汉口版1947-11-06第1版版头、日期和刊名可见，目标大标题为‘民盟正式宣告解散’，副标题为‘通告各地盟员停止政治活动’；该页同时编排报道、公告转引和其他中央社材料，须分栏引用。,digital_image,NLC1080-00N001037-7606；本地PDF第1页；work/domestic/dagongbao_nlc_7604_7606/issue7606-1.png；work/domestic/dagongbao_nlc_7604_7606/ocr_full/issue7606-1.ocr.md,报道与公告转引的逐栏边界、全文逐字转录及原刊复制权利仍待核对；本条是同期报刊报道，不等同于民盟总部原始解散公告。,2026-07-19,codex,accepted,通过记录级原刊影像审计：国家图书馆馆藏标识、题名/署名、日期、页级定位、本地影像和可视证据已核对；全文逐字转录、异文整理及复制权利仍待完成。accepted 只表示记录级影像身份通过，不表示已取得政府公函原件或无条件再利用授权。,2026-07-19,codex,pass,2026-07-18 18:04:04,L1,core,1329
284,domestic:NLC:guangmingbao-1946-issue01,《光明報》新一號（复刊号）,《光明報》社；梁漱溟等,1946-09-18,同期政论报刊原刊整期扫描,NLC,中国国家图书馆数字化民国期刊（Wikimedia Commons镜像）,民国期刊／光明報,,,,NLC404-01J000514-10834,NLC404-01J000514-10834；《光明報》新一號；1946-09-18,verified,https://commons.wikimedia.org/wiki/File%3ANLC404-01J000514-10834_%E5%85%89%E6%98%8E%E5%A0%B1_1946%E5%B9%B41%E6%9C%9F.pdf,item_digital,open,公开24页PDF；本地副本：data/domestic/press_scans/NLC404-01J000514-10834_光明報_1946年1期.pdf,hybrid,full_item_online,unknown,citation_only,Wikimedia页面及国家图书馆数字副本具体再利用规则待核,unknown,L1,core,"[""1946旧政协""]","[""梁漱溟"", ""张澜"", ""李公朴"", ""闻一多"", ""中国民主同盟""]","[""香港"", ""重庆""]",整期原刊封面可视确认‘新一號’和民國三十五年九月十八日出版；PDF第1页首篇题为《复刊词》，正文回顾抗战胜利、民主政治、李公朴与闻一多遇害、张澜受辱，并明确提及本年一月政治协商会议。该期补足1946年旧政协后民盟机关报连续出版和政治语境。,digital_image,NLC404-01J000514-10834；本地PDF第1页封面/正文；work/domestic/guangmingbao_1946_early/ocr/issue01-01.ocr.md；整期24页；SHA256 29a5d3149bf83793ece67f8f7efe6280c29f68e584209add4f60aafafbefcbc5,当前已确认刊名、期号、日期、整期页数和首篇题名；《复刊词》全文转录、作者署名规范化和与民盟正式文件的关系仍待逐页核读，原刊复制权利待核。,2026-07-19,codex,accepted,通过整期原刊记录级审核：NLC馆藏标识、期名/期号、日期、可见封面或目录页、页数/本地PDF和SHA256（如已登记）已核对。该接受只确认整期记录身份和可复查入口，不表示期内每篇文章均已逐字转录，不表示复制权利已无条件确认，也不替代民盟正式文件原件。,2026-07-19,codex,pass,2026-07-18 18:25:48,L1,core,1330
285,domestic:NLC:guangmingbao-1946-issue01-refounding-editorial,复刊词,《光明報》社,1946-09-18,同期报刊社论／公开原刊影像,NLC,中国国家图书馆数字化民国期刊（Wikimedia Commons镜像）,《光明報》新一號,,,,NLC404-01J000514-10834,NLC404-01J000514-10834；PDF第1页,verified,https://commons.wikimedia.org/wiki/File%3ANLC404-01J000514-10834_%E5%85%89%E6%98%8E%E5%A0%B1_1946%E5%B9%B41%E6%9C%9F.pdf,item_digital,open,公开24页PDF；本地副本：data/domestic/press_scans/NLC404-01J000514-10834_光明報_1946年1期.pdf,hybrid,full_item_online,unknown,citation_only,Wikimedia页面及国家图书馆数字副本具体再利用规则待核,unknown,L1,core,"[""1946旧政协""]","[""梁漱溟"", ""张澜"", ""李公朴"", ""闻一多"", ""中国民主同盟""]","[""香港"", ""重庆""]",《光明報》新一號1946-09-18第1页原刊首篇竖排标题明确为《复刊词》；正文回顾民盟机关报停刊、抗战胜利、李公朴与闻一多遇害、张澜受辱以及本年一月政治协商会议，属于民盟战后恢复出版后的直接政治表达。,digital_image,NLC404-01J000514-10834；本地PDF第1页；work/domestic/guangmingbao_1946_early/issue01-01.png及ocr/issue01-01.ocr.md,已确认题名、日期、版面和原刊影像；全文逐字转录和与旧政协正式文件、民盟历史文献的异文关系仍待完成。,2026-07-19,codex,accepted,通过记录级同期原刊影像审核：题名、日期、文章页位、原刊来源和本地页图/PDF定位已核对；accepted 只表示记录身份和页级入口通过，不表示全文逐字转录、异文整理、署名补全或复制权利已经完成。,2026-07-19,codex,pass,2026-07-18 18:25:48,L1,core,1331
286,domestic:NLC:guangmingbao-1946-issue02,《光明報》新二號,《光明報》社；梁漱溟等,1946-09-28,同期政论报刊原刊整期扫描,NLC,中国国家图书馆数字化民国期刊（Wikimedia Commons镜像）,民国期刊／光明報,,,,NLC404-01J000514-10835,NLC404-01J000514-10835；《光明報》新二號；1946-09-28,verified,https://commons.wikimedia.org/wiki/File%3ANLC404-01J000514-10835_%E5%85%89%E6%98%8E%E5%A0%B1_1946%E5%B9%B42%E6%9C%9F.pdf,item_digital,open,公开16页PDF；本地副本：data/domestic/press_scans/NLC404-01J000514-10835_光明報_1946年2期.pdf,hybrid,full_item_online,unknown,citation_only,Wikimedia页面及国家图书馆数字副本具体再利用规则待核,unknown,L1,related,"[""1946旧政协""]","[""梁漱溟"", ""张澜"", ""中国民主同盟""]","[""香港"", ""重庆""]",整期原刊封面可视确认‘新二號’和民國三十五年九月二十八日出版；PDF第1页首篇题为《我们相信人民的力量》，正文讨论内战、人民意志和民主政治，补充1946年民盟机关报战后连续出版材料。,digital_image,NLC404-01J000514-10835；本地PDF第1页封面/正文；work/domestic/guangmingbao_1946_early/ocr/issue02-01.ocr.md；整期16页；SHA256 c6d05b14da2f4a46bbddd868df8a3ea559d1b7db06527ee42913d908eb3be792,当前已确认刊名、期号、日期、整期页数和首篇题名；全文转录、作者署名和与1946旧政协/拒绝内战材料的关系仍待逐页核读，原刊复制权利待核。,2026-07-19,codex,accepted,通过整期原刊记录级审核：NLC馆藏标识、期名/期号、日期、可见封面或目录页、页数/本地PDF和SHA256（如已登记）已核对。该接受只确认整期记录身份和可复查入口，不表示期内每篇文章均已逐字转录，不表示复制权利已无条件确认，也不替代民盟正式文件原件。,2026-07-19,codex,pass,2026-07-18 18:25:48,L1,related,1332
287,domestic:NLC:guangmingbao-1946-issue02-people-power-editorial,我们相信人民的力量,《光明報》社,1946-09-28,同期报刊社论／公开原刊影像,NLC,中国国家图书馆数字化民国期刊（Wikimedia Commons镜像）,《光明報》新二號,,,,NLC404-01J000514-10835,NLC404-01J000514-10835；PDF第1页,verified,https://commons.wikimedia.org/wiki/File%3ANLC404-01J000514-10835_%E5%85%89%E6%98%8E%E5%A0%B1_1946%E5%B9%B42%E6%9C%9F.pdf,item_digital,open,公开16页PDF；本地副本：data/domestic/press_scans/NLC404-01J000514-10835_光明報_1946年2期.pdf,hybrid,full_item_online,unknown,citation_only,Wikimedia页面及国家图书馆数字副本具体再利用规则待核,unknown,L1,related,"[""1946旧政协""]","[""梁漱溟"", ""张澜"", ""中国民主同盟""]","[""香港"", ""重庆""]",《光明報》新二號1946-09-28第1页原刊首篇竖排标题明确为《我们相信人民的力量》；正文围绕反对内战、人民意志和民主政治展开，属于旧政协后民盟机关报的直接政治表达。,digital_image,NLC404-01J000514-10835；本地PDF第1页；work/domestic/guangmingbao_1946_early/issue02-01.png及ocr/issue02-01.ocr.md,已确认题名、日期、版面和原刊影像；全文逐字转录及与1946年正式政协文件的互校仍待完成。,2026-07-19,codex,accepted,通过记录级同期原刊影像审核：题名、日期、文章页位、原刊来源和本地页图/PDF定位已核对；accepted 只表示记录身份和页级入口通过，不表示全文逐字转录、异文整理、署名补全或复制权利已经完成。,2026-07-19,codex,pass,2026-07-18 18:25:48,L1,related,1333
288,domestic:NLC:guangmingbao-1946-issue03,《光明報》新三號,《光明報》社；梁漱溟等,1946-10-08,同期政论报刊原刊整期扫描,NLC,中国国家图书馆数字化民国期刊（Wikimedia Commons镜像）,民国期刊／光明報,,,,NLC404-01J000514-10424,NLC404-01J000514-10424；《光明報》新三號；1946-10-08,verified,https://commons.wikimedia.org/wiki/File%3ANLC404-01J000514-10424_%E5%85%89%E6%98%8E%E5%A0%B1_1946%E5%B9%B43%E6%9C%9F.pdf,item_digital,open,公开16页PDF；本地副本：data/domestic/press_scans/NLC404-01J000514-10424_光明報_1946年3期.pdf,hybrid,full_item_online,unknown,citation_only,Wikimedia页面及国家图书馆数字副本具体再利用规则待核,unknown,L1,related,"[""1946旧政协""]","[""梁漱溟"", ""张澜"", ""中国民主同盟""]","[""香港"", ""重庆""]",整期原刊封面可视确认‘新三號’和民國三十五年十月八日出版；首面正文围绕反内战、民主力量、双十节历史语境展开。由于首面低清且题名尚未逐字核定，本记录只作为整期候选，不把 OCR 片段当作文章标题。,digital_image,NLC404-01J000514-10424；本地PDF第1页；work/domestic/guangmingbao_1946_early_03_04/issue03-01.png及ocr/issue03-01.ocr.md；整期16页；SHA256 826fba6a608093972cf54dabf8a9a117ff6e1416767610d6d49a35c0c58328de,已确认刊名、期号、日期、整期页数和首面主题；首面文章题名、全文转录、作者署名和事件关系仍待逐页核读，原刊复制权利待核。,2026-07-19,codex,accepted,通过整期原刊记录级审核：NLC馆藏标识、期名/期号、日期、可见封面或目录页、页数/本地PDF和SHA256（如已登记）已核对。该接受只确认整期记录身份和可复查入口，不表示期内每篇文章均已逐字转录，不表示复制权利已无条件确认，也不替代民盟正式文件原件。,2026-07-19,codex,pass,2026-07-18 18:34:13,L1,related,1334
289,domestic:NLC:guangmingbao-1946-issue04,《光明報》新四號,《光明報》社；梁漱溟等,1946-10-18,同期政论报刊原刊整期扫描,NLC,中国国家图书馆数字化民国期刊（Wikimedia Commons镜像）,民国期刊／光明報,,,,NLC404-01J000514-10425,NLC404-01J000514-10425；《光明報》新四號；1946-10-18,verified,https://commons.wikimedia.org/wiki/File%3ANLC404-01J000514-10425_%E5%85%89%E6%98%8E%E5%A0%B1_1946%E5%B9%B44%E6%9C%9F.pdf,item_digital,open,公开16页PDF；本地副本：data/domestic/press_scans/NLC404-01J000514-10425_光明報_1946年4期.pdf,hybrid,full_item_online,unknown,citation_only,Wikimedia页面及国家图书馆数字副本具体再利用规则待核,unknown,L1,core,"[""1946拒绝参加国民大会""]","[""梁漱溟"", ""张澜"", ""李公朴"", ""闻一多"", ""中国民主同盟""]","[""香港"", ""重庆"", ""上海""]",整期原刊封面可视确认‘新四號’和民國三十五年十月十八日出版；第1页中央社论题名可辨为《时机紧急中我们的态度》，正文涉及内战、国民大会和民盟工作方针，补足1946年10月中旬同期政治表达。,digital_image,NLC404-01J000514-10425；本地PDF第1页；work/domestic/guangmingbao_1946_early_03_04/issue04-01.png及ocr04/issue04-01.ocr.md；整期16页；SHA256 cfe3ac1821e7d400622079d75d6e9e455391804199b52d35f6757e37f426c163,已确认刊名、期号、日期、整期页数和首面社论题名；全文转录、作者署名和与民盟正式文件的关系仍待逐页核读，原刊复制权利待核。,2026-07-19,codex,accepted,通过整期原刊记录级审核：NLC馆藏标识、期名/期号、日期、可见封面或目录页、页数/本地PDF和SHA256（如已登记）已核对。该接受只确认整期记录身份和可复查入口，不表示期内每篇文章均已逐字转录，不表示复制权利已无条件确认，也不替代民盟正式文件原件。,2026-07-19,codex,pass,2026-07-18 18:34:13,L1,core,1335
290,domestic:NLC:guangmingbao-1946-issue04-urgent-situation-editorial,时机紧急中我们的态度,《光明報》社,1946-10-18,同期报刊社论／公开原刊影像,NLC,中国国家图书馆数字化民国期刊（Wikimedia Commons镜像）,《光明報》新四號,,,,NLC404-01J000514-10425,NLC404-01J000514-10425；PDF第1页,verified,https://commons.wikimedia.org/wiki/File%3ANLC404-01J000514-10425_%E5%85%89%E6%98%8E%E5%A0%B1_1946%E5%B9%B44%E6%9C%9F.pdf,item_digital,open,公开16页PDF；本地副本：data/domestic/press_scans/NLC404-01J000514-10425_光明報_1946年4期.pdf,hybrid,full_item_online,unknown,citation_only,Wikimedia页面及国家图书馆数字副本具体再利用规则待核,unknown,L1,core,"[""1946拒绝参加国民大会""]","[""梁漱溟"", ""张澜"", ""李公朴"", ""闻一多"", ""中国民主同盟""]","[""香港"", ""重庆"", ""上海""]",《光明報》新四號1946-10-18第1页中央社论题名可辨为《时机紧急中我们的态度》；正文明确讨论国民大会、内战爆发、民盟在国府改组前不参加国民大会等立场，属于拒绝国大前的直接同期政治表达。,digital_image,NLC404-01J000514-10425；本地PDF第1页；work/domestic/guangmingbao_1946_early_03_04/issue04-01.png及ocr04/issue04-01.ocr.md,已确认题名、日期、版面和原刊影像；全文逐字转录、异体字规范化和与1946年正式政协文件的互校仍待完成。,2026-07-19,codex,accepted,通过记录级同期原刊影像审核：题名、日期、文章页位、原刊来源和本地页图/PDF定位已核对；accepted 只表示记录身份和页级入口通过，不表示全文逐字转录、异文整理、署名补全或复制权利已经完成。,2026-07-19,codex,pass,2026-07-18 18:34:13,L1,core,1336
291,domestic:NLC:guangmingbao-1946-issue05,《光明報》新五號,《光明報》社；梁漱溟等,1946-10-28,同期政论报刊原刊整期扫描,NLC,中国国家图书馆数字化民国期刊（Wikimedia Commons镜像）,民国期刊／光明報,,,,NLC404-01J000514-10426,NLC404-01J000514-10426；《光明報》新五號；1946-10-28,verified,https://commons.wikimedia.org/wiki/File%3ANLC404-01J000514-10426_%E5%85%89%E6%98%8E%E5%A0%B1_1946%E5%B9%B45%E6%9C%9F.pdf,item_digital,open,公开20页PDF；本地副本：data/domestic/press_scans/NLC404-01J000514-10426_光明報_1946年5期.pdf,hybrid,full_item_online,unknown,citation_only,Wikimedia页面及国家图书馆数字副本具体再利用规则待核,unknown,L1,core,"[""1946拒绝参加国民大会""]","[""梁漱溟"", ""张澜"", ""中国民主同盟""]","[""香港"", ""南京"", ""重庆""]",整期原刊封面可视确认‘新五號’和民國三十五年十月二十八日出版；第1页首面讨论民盟代表赴京、和平谈判及国民大会争议，补足1946年10月底同期政治表达。,digital_image,NLC404-01J000514-10426；本地PDF第1页；work/domestic/guangmingbao_1946_early_05_06/issue05-01.png及ocr05/issue05-01.ocr.md；整期20页；SHA256 306b5dbe735a5950497c26e2f7ff510961f54e2dbdf4f443c8f0dfa83468194f,已确认刊名、期号、日期、整期页数和首面主题；全文转录、首面文章题名、作者署名和事件关系仍待逐页核读，原刊复制权利待核。,2026-07-19,codex,accepted,通过整期原刊记录级审核：NLC馆藏标识、期名/期号、日期、可见封面或目录页、页数/本地PDF和SHA256（如已登记）已核对。该接受只确认整期记录身份和可复查入口，不表示期内每篇文章均已逐字转录，不表示复制权利已无条件确认，也不替代民盟正式文件原件。,2026-07-19,codex,pass,2026-07-18 18:43:19,L1,core,1337
292,domestic:NLC:guangmingbao-1946-issue06,《光明報》新六號,《光明報》社；梁漱溟等,1946-11-08,同期政论报刊原刊整期扫描,NLC,中国国家图书馆数字化民国期刊（Wikimedia Commons镜像）,民国期刊／光明報,,,,NLC404-01J000514-10427,NLC404-01J000514-10427；《光明報》新六號；1946-11-08,verified,https://commons.wikimedia.org/wiki/File%3ANLC404-01J000514-10427_%E5%85%89%E6%98%8E%E5%A0%B1_1946%E5%B9%B46%E6%9C%9F.pdf,item_digital,open,公开16页PDF；本地副本：data/domestic/press_scans/NLC404-01J000514-10427_光明報_1946年6期.pdf,hybrid,full_item_online,unknown,citation_only,Wikimedia页面及国家图书馆数字副本具体再利用规则待核,unknown,L1,core,"[""1946拒绝参加国民大会""]","[""梁漱溟"", ""张澜"", ""中国民主同盟""]","[""香港"", ""南京"", ""重庆""]",整期原刊封面可视确认‘新六號’和民國三十五年十一月八日出版；第1页集中讨论在野党派拒绝参加国民大会、政协决议和和平民主，补充1946年11月同期民盟机关报表达。,digital_image,NLC404-01J000514-10427；本地PDF第1页；work/domestic/guangmingbao_1946_early_05_06/issue06-01.png及ocr06/issue06-01.ocr.md；整期16页；SHA256 aee7e822dde154aecf04f451e36a3c207d98a3dc58e9b0ba22a3132bfc9d0f16,已确认刊名、期号、日期、整期页数和首面主题；全文转录、首面文章题名、作者署名和与国民大会相关正式文件的关系仍待逐页核读，原刊复制权利待核。,2026-07-19,codex,accepted,通过整期原刊记录级审核：NLC馆藏标识、期名/期号、日期、可见封面或目录页、页数/本地PDF和SHA256（如已登记）已核对。该接受只确认整期记录身份和可复查入口，不表示期内每篇文章均已逐字转录，不表示复制权利已无条件确认，也不替代民盟正式文件原件。,2026-07-19,codex,pass,2026-07-18 18:43:19,L1,core,1338
293,domestic:NLC:guangmingbao-1946-issue07,《光明報》新七號,《光明報》社；梁漱溟等,1946-11-18,同期政论报刊原刊整期扫描,NLC,中国国家图书馆数字化民国期刊（Wikimedia Commons镜像）,民国期刊／光明報,,,,NLC404-01J000514-10428,NLC404-01J000514-10428；《光明報》新七號；1946-11-18,verified,https://commons.wikimedia.org/wiki/File%3ANLC404-01J000514-10428_%E5%85%89%E6%98%8E%E5%A0%B1_1946%E5%B9%B47%E6%9C%9F.pdf,item_digital,open,公开16页PDF；本地副本：data/domestic/press_scans/NLC404-01J000514-10428_光明報_1946年7期.pdf,hybrid,full_item_online,unknown,citation_only,Wikimedia页面及国家图书馆数字副本具体再利用规则待核,unknown,L1,core,"[""1946拒绝参加国民大会""]","[""梁漱溟"", ""张澜"", ""中国民主同盟""]","[""香港"", ""南京"", ""重庆""]",整期原刊封面可视确认‘新七號’和民國三十五年十一月十八日出版；第1页中央社论题名可辨为《我们为什么不参加国大》，正文讨论政协决议、内战和在野党派立场，直接补充1946年11月民盟拒参国民大会语境。,digital_image,NLC404-01J000514-10428；本地PDF第1页；work/domestic/guangmingbao_1946_early_07/issue07-01.png；整期16页；SHA256 367165396035893b6a8882a6c270cff4a4cf61dc1d9284525ebcd3240be68f8b,已确认刊名、期号、日期、整期页数和首面题名；全文转录、作者署名和与政协正式文件的关系仍待逐页核读，原刊复制权利待核。,2026-07-19,codex,accepted,通过整期原刊记录级审核：NLC馆藏标识、期名/期号、日期、可见封面或目录页、页数/本地PDF和SHA256（如已登记）已核对。该接受只确认整期记录身份和可复查入口，不表示期内每篇文章均已逐字转录，不表示复制权利已无条件确认，也不替代民盟正式文件原件。,2026-07-19,codex,pass,2026-07-18 18:48:37,L1,core,1339
294,domestic:NLC:guangmingbao-1946-issue07-why-not-national-assembly,我们为什么不参加国大,《光明報》社,1946-11-18,同期报刊社论／公开原刊影像,NLC,中国国家图书馆数字化民国期刊（Wikimedia Commons镜像）,《光明報》新七號,,,,NLC404-01J000514-10428,NLC404-01J000514-10428；PDF第1页,verified,https://commons.wikimedia.org/wiki/File%3ANLC404-01J000514-10428_%E5%85%89%E6%98%8E%E5%A0%B1_1946%E5%B9%B47%E6%9C%9F.pdf,item_digital,open,公开16页PDF；本地副本：data/domestic/press_scans/NLC404-01J000514-10428_光明報_1946年7期.pdf,hybrid,full_item_online,unknown,citation_only,Wikimedia页面及国家图书馆数字副本具体再利用规则待核,unknown,L1,core,"[""1946拒绝参加国民大会""]","[""梁漱溟"", ""张澜"", ""中国民主同盟""]","[""香港"", ""南京"", ""重庆""]",《光明報》新七號1946-11-18第1页中央社论题名可辨为《我们为什么不参加国大》；正文围绕政协决议、国民大会、内战与在野党派立场展开，是目前连续期号中最直接的拒参国大同期政论材料。,digital_image,NLC404-01J000514-10428；本地PDF第1页；work/domestic/guangmingbao_1946_early_07/issue07-01.png,已确认题名、日期、版面和原刊影像；全文逐字转录、异体字规范化和与1946年正式政协文件的互校仍待完成。,2026-07-19,codex,accepted,通过记录级同期原刊影像审核：题名、日期、文章页位、原刊来源和本地页图/PDF定位已核对；accepted 只表示记录身份和页级入口通过，不表示全文逐字转录、异文整理、署名补全或复制权利已经完成。,2026-07-19,codex,pass,2026-07-18 18:48:37,L1,core,1340
295,domestic:GXMM:dagongbao-1947-10-28-illegal-declaration,内部宣布民盟非法·该盟分子到处图谋不轨·各地治安机关严加取缔,中央社；《大公报》,1947-10-28,同期报刊报道定位线索,GXMM,民盟广西区委公开盟史转载,1947民盟非法化报刊线索,,,,,《大公报》1947-10-28：内部宣布民盟非法·该盟分子到处图谋不轨·各地治安机关严加取缔,verified,https://www.gxmm.gov.cn/index/index/artical/id/7063.html,finding_aid,open,官方地方盟史页面列出具体报刊题名和日期；原报面及版次待通过《大公报》数据库或馆藏复核,digital,catalogue_only_online,unknown,citation_only,,unknown,L4,core,"[""1947民盟被宣布非法""]","[""中国民主同盟"", ""董显光""]","[""南京""]",公开官方盟史页面列出《大公报》1947年10月28日关于中央社《政府宣布民盟非法》后续的具体报道题名，提供10月27日内政部宣布与翌日全国报刊传播之间的可复查线索。,secondary_lead,GXMM官方页面中10月28日《大公报》报道题名及出处说明,当前没有取得《大公报》1947-10-28原报面、版次、页码或中央社原稿；后期转载不能替代同期原刊或政府公函。,2026-07-19,codex,accepted,2026-08-02 降级 lead_only：catalogue_only_online 无可采集全文，仅线索登记；未真正进入 documents/pages，不再计入已收集。,2026-07-22,codex,lead_only,2026-07-18 19:20:59,L4,core,
296,domestic:GXMM:dagongbao-1947-10-29-self-surrender,民盟分子自首·须向治安机关申请·首都负责方面宣布,《大公报》；政府治安机关发言人,1947-10-29,同期报刊报道定位线索,GXMM,民盟广西区委公开盟史转载,1947民盟非法化报刊线索,,,,,《大公报》1947-10-29：民盟分子自首·须向治安机关申请·首都负责方面宣布,verified,https://www.gxmm.gov.cn/index/index/artical/id/7063.html,finding_aid,open,官方地方盟史页面列出具体报刊题名和日期；原报面及版次待通过《大公报》数据库或馆藏复核,digital,catalogue_only_online,unknown,citation_only,,unknown,L4,related,"[""1947民盟被宣布非法""]","[""中国民主同盟""]","[""南京""]",公开官方盟史页面列出《大公报》1947年10月29日关于民盟成员登记/自首与治安机关要求的具体报道题名，可追踪非法化宣布后的执行层传播。,secondary_lead,GXMM官方页面中10月29日《大公报》报道题名及出处说明,未取得原报面、版次、页码和完整正文；该记录不等同于内政部公函或治安机关原始命令。,2026-07-19,codex,accepted,2026-08-02 降级 lead_only：catalogue_only_online 无可采集全文，仅线索登记；未真正进入 documents/pages，不再计入已收集。,2026-07-22,codex,lead_only,2026-07-18 19:20:59,L4,related,
297,domestic:GXMM:dagongbao-1947-10-30-ban-activities,民盟禁止活动·董显光答记者问·无越轨行动盟员可登记,董显光；《大公报》,1947-10-30,同期报刊报道定位线索,GXMM,民盟广西区委公开盟史转载,1947民盟非法化报刊线索,,,,,《大公报》1947-10-30：民盟禁止活动·董显光答记者问·无越轨行动盟员可登记,verified,https://www.gxmm.gov.cn/index/index/artical/id/7063.html,finding_aid,open,官方地方盟史页面列出具体报刊题名和日期；原报面及版次待通过《大公报》数据库或馆藏复核,digital,catalogue_only_online,unknown,citation_only,,unknown,L4,core,"[""1947民盟被宣布非法""]","[""董显光"", ""中国民主同盟""]","[""南京""]",公开官方盟史页面列出《大公报》1947年10月30日董显光答记者问的报道题名，记录非法化后对民盟活动、盟员登记和政府口径的公开传播。,secondary_lead,GXMM官方页面中10月30日《大公报》报道题名及出处说明,未取得原报面、版次、页码和完整正文；董显光后期转述不能替代同期《大公报》原刊或政府公函。,2026-07-19,codex,accepted,2026-08-02 降级 lead_only：catalogue_only_online 无可采集全文，仅线索登记；未真正进入 documents/pages，不再计入已收集。,2026-07-22,codex,lead_only,2026-07-18 19:20:59,L4,core,
298,domestic:SHCM:revolutionary-relics-1945-minmeng-platform,1945年10月中国民主同盟发布的《中国民主同盟纲领》,中国民主同盟,1945-10,革命文物名录中的民盟纲领实物追索卡,SHCM,中国共产党第一次全国代表大会纪念馆,上海市第二批革命文物名录,,,,名录条目1046,《上海市第二批革命文物名录》PDF第159页，条目1046；三级，数量1,verified,https://whlyj.sh.gov.cn/cmsres/87/87d4d293b6c24280a7650666d4a1aa0c/23771e474dbca731946c814f88200362.pdf,finding_aid,reading_room,官方名录公开；需向中国共产党第一次全国代表大会纪念馆核实实物、馆藏编号、开放状态和复制条件,physical,catalogue_only_online,unknown,unknown,具体实物影像及文物复制规则待馆方确认,unknown,L3,core,"[""1945民盟一大""]","[""中国民主同盟""]","[""上海"", ""重庆""]",上海市文化和旅游局官方名录第1046条明确登记：黄浦区中国共产党第一次全国代表大会纪念馆保存‘1945年10月中国民主同盟发布的《中国民主同盟纲领》’实物1件，等级为三级。该条把1945年纲领从一般后期叙述推进到具体馆藏实物追索，但目前只有官方目录证据。,catalogue,官方 PDF 第159页，名录条目1046；馆藏机构字段为中国共产党第一次全国代表大会纪念馆,尚未取得实物照片、原件页数、印刷/形成信息、馆藏编号或复制授权；名录条目不能替代原件影像或逐页核读。,2026-07-19,codex,accepted,2026-08-02 降级 lead_only：catalogue_only_online 无可采集全文，仅线索登记；未真正进入 documents/pages，不再计入已收集。,2026-07-22,minimax,lead_only,2026-07-18 19:31:09,L3,core,
299,domestic:NLC:guangmingbao-1948-1949-v1n1,《光明報》1948年1卷1期（1948-03-01）,《光明報》社；北平全民報社,1948-03-01,同期政论报刊原刊整期扫描,NLC,中国国家图书馆数字化民国期刊（Wikimedia Commons镜像）,民国期刊／光明報,,,,NLC404-01J000514-10484,NLC404-01J000514-10484；《光明報》1948年1卷1期,verified,https://commons.wikimedia.org/wiki/File:NLC404-01J000514-10484_光明報_1948年1卷1期.pdf,item_digital,open,公开24页PDF；本地副本：data/domestic/press_scans/NLC404-01J000514-10484_光明報_1948年1卷1期.pdf,hybrid,full_item_online,unknown,citation_only,,unknown,L1,core,"[""1948五一口号""]","[""中国民主同盟"", ""张澜"", ""沈钧儒""]","[""香港""]",公开原刊扫描首面可视确认《光明報》1948年1卷1期；出版日期记录为1948-03-01，整期共24页。本期目录/首面与第2页内容显示：民盟三中全会的决议、略论民主同盟当前的任务、坚持路线击破阴谋。,digital_image,NLC404-01J000514-10484；本地PDF第1—2页；data/domestic/press_scans/NLC404-01J000514-10484_光明報_1948年1卷1期.pdf；SHA256 55ac4cedee420a41427dbed23ccd4870adfac4315e987ef78aed20b1101b26e8,原刊影像已保存并核验哈希；全文逐字转录、异体字规范化、作者署名与跨来源关系仍待完成。OCR仅作检索辅助，英文馆藏日期戳不作为出版日期。,2026-07-19,codex,accepted,通过整期原刊记录级审核：NLC馆藏标识、期名/期号、日期、可见封面或目录页、页数/本地PDF和SHA256（如已登记）已核对。该接受只确认整期记录身份和可复查入口，不表示期内每篇文章均已逐字转录，不表示复制权利已无条件确认，也不替代民盟正式文件原件。,2026-07-19,codex,pass,2026-07-18 20:41:54,L1,core,1341
300,domestic:NLC:guangmingbao-1948-1949-v1n1-article,民盟三中全会的成就,沈钧儒；《光明報》,1948-03-01,同期政论报刊文章／整期公开原刊影像,NLC,中国国家图书馆数字化民国期刊（Wikimedia Commons镜像）,民国期刊／光明報,,,,NLC404-01J000514-10484,NLC404-01J000514-10484；《光明報》1948年1卷1期,verified,https://commons.wikimedia.org/wiki/File:NLC404-01J000514-10484_光明報_1948年1卷1期.pdf,item_digital,open,公开24页PDF；本地副本：data/domestic/press_scans/NLC404-01J000514-10484_光明報_1948年1卷1期.pdf,hybrid,full_item_online,unknown,citation_only,,unknown,L1,core,"[""1948五一口号""]","[""中国民主同盟"", ""张澜"", ""沈钧儒""]","[""香港""]",PDF第2页目录列出《民盟三中全会的成就》并署沈钧儒；PDF第4页版面大标题和右下署名均可见，第5页已转入《略论民主同盟当前的任务》。,digital_image,PDF第2页目录列于第4页；正文PDF第4页；work/domestic/guangmingbao_1948_1949/v1n1_pages/page-04.png；work/domestic/guangmingbao_1948_1949/v1n1_ocr/page-04.ocr.md,原刊影像已保存并核验哈希；全文逐字转录、异体字规范化、作者署名与跨来源关系仍待完成。OCR仅作检索辅助，英文馆藏日期戳不作为出版日期。,2026-07-19,codex,accepted,通过记录级同期原刊影像审核：题名、日期、文章页位、原刊来源和本地页图/PDF定位已核对；accepted 只表示记录身份和页级入口通过，不表示全文逐字转录、异文整理、署名补全或复制权利已经完成。,2026-07-19,codex,pass,2026-07-18 20:41:54,L1,core,1301
301,domestic:NLC:guangmingbao-1948-1949-v1n12,《光明報》1948年1卷12期（1948-08-16）,《光明報》社；北平全民報社,1948-08-16,同期政论报刊原刊整期扫描,NLC,中国国家图书馆数字化民国期刊（Wikimedia Commons镜像）,民国期刊／光明報,,,,NLC404-01J000514-10514,NLC404-01J000514-10514；《光明報》1948年1卷12期,verified,https://commons.wikimedia.org/wiki/File:NLC404-01J000514-10514_光明報_1948年1卷12期.pdf,item_digital,open,公开20页PDF；本地副本：data/domestic/press_scans/NLC404-01J000514-10514_光明報_1948年1卷12期.pdf,hybrid,full_item_online,unknown,citation_only,,unknown,L1,core,"[""1948五一口号""]","[""中国民主同盟"", ""张澜"", ""沈钧儒""]","[""香港""]",公开原刊扫描首面可视确认《光明報》1948年1卷12期；出版日期记录为1948-08-16，整期共20页。本期目录/首面与第2页内容显示：反對美國援蔣扶日、民盟政治声明、民族独立。,digital_image,NLC404-01J000514-10514；本地PDF第1—2页；data/domestic/press_scans/NLC404-01J000514-10514_光明報_1948年1卷12期.pdf；SHA256 0ae20c45cbc20e06399c7133d12379a318643c0f2eafa2fc3852fac222a47450,原刊影像已保存并核验哈希；全文逐字转录、异体字规范化、作者署名与跨来源关系仍待完成。OCR仅作检索辅助，英文馆藏日期戳不作为出版日期。,2026-07-19,codex,accepted,通过整期原刊记录级审核：NLC馆藏标识、期名/期号、日期、可见封面或目录页、页数/本地PDF和SHA256（如已登记）已核对。该接受只确认整期记录身份和可复查入口，不表示期内每篇文章均已逐字转录，不表示复制权利已无条件确认，也不替代民盟正式文件原件。,2026-07-19,codex,pass,2026-07-18 20:41:54,L1,core,1342
302,domestic:NLC:guangmingbao-1948-1949-v1n12-article,反對美國援蔣扶日,《光明報》社,1948-08-16,同期政论报刊文章／整期公开原刊影像,NLC,中国国家图书馆数字化民国期刊（Wikimedia Commons镜像）,民国期刊／光明報,,,,NLC404-01J000514-10514,NLC404-01J000514-10514；《光明報》1948年1卷12期,verified,https://commons.wikimedia.org/wiki/File:NLC404-01J000514-10514_光明報_1948年1卷12期.pdf,item_digital,open,公开20页PDF；本地副本：data/domestic/press_scans/NLC404-01J000514-10514_光明報_1948年1卷12期.pdf,hybrid,full_item_online,unknown,citation_only,,unknown,L1,core,"[""1948五一口号""]","[""中国民主同盟"", ""张澜"", ""沈钧儒""]","[""香港""]",PDF第2页可视核到《反對美國援蔣扶日》标题与正文；第3页已转入《二個前提與五項原則》，因此当前文章页界为PDF第2页；OCR仅作定位辅助。,digital_image,PDF第2页标题与正文；work/domestic/guangmingbao_1948_1949/v1n12_pages/page-02.png；work/domestic/guangmingbao_1948_1949/v1n12_ocr/page-02.ocr.md,原刊影像已保存并核验哈希；全文逐字转录、异体字规范化、作者署名与跨来源关系仍待完成。OCR仅作检索辅助，英文馆藏日期戳不作为出版日期。,2026-07-19,codex,accepted,通过记录级同期原刊影像审核：题名、日期、文章页位、原刊来源和本地页图/PDF定位已核对；accepted 只表示记录身份和页级入口通过，不表示全文逐字转录、异文整理、署名补全或复制权利已经完成。,2026-07-19,codex,pass,2026-07-18 20:41:54,L1,core,1302
303,domestic:NLC:guangmingbao-1948-1949-v2n1,《光明報》1949年2卷1期（1949-01-10）,《光明報》社；北平全民報社,1949-01-10,同期政论报刊原刊整期扫描,NLC,中国国家图书馆数字化民国期刊（Wikimedia Commons镜像）,民国期刊／光明報,,,,NLC404-01J000514-10515,NLC404-01J000514-10515；《光明報》1949年2卷1期,verified,https://commons.wikimedia.org/wiki/File:NLC404-01J000514-10515_光明報_1949年2卷1期.pdf,item_digital,open,公开20页PDF；本地副本：data/domestic/press_scans/NLC404-01J000514-10515_光明報_1949年2卷1期.pdf,hybrid,full_item_online,unknown,citation_only,,unknown,L1,core,"[""1949第一届政协""]","[""中国民主同盟"", ""沈钧儒"", ""马叙伦""]","[""香港""]",公开原刊扫描首面可视确认《光明報》1949年2卷1期；出版日期记录为1949-01-10，整期共20页。本期目录/首面与第2页内容显示：新政协问题笔谈、加强掠夺的币制改革、民主人士笔谈。,digital_image,NLC404-01J000514-10515；本地PDF第1—2页；data/domestic/press_scans/NLC404-01J000514-10515_光明報_1949年2卷1期.pdf；SHA256 71c72759499aca2025c18e3fae397850fd6ffb3be802ea06cd12e00d813e5623,原刊影像已保存并核验哈希；全文逐字转录、异体字规范化、作者署名与跨来源关系仍待完成。OCR仅作检索辅助，英文馆藏日期戳不作为出版日期。,2026-07-19,codex,accepted,通过整期原刊记录级审核：NLC馆藏标识、期名/期号、日期、可见封面或目录页、页数/本地PDF和SHA256（如已登记）已核对。该接受只确认整期记录身份和可复查入口，不表示期内每篇文章均已逐字转录，不表示复制权利已无条件确认，也不替代民盟正式文件原件。,2026-07-19,codex,pass,2026-07-18 20:41:54,L1,core,1343
304,domestic:NLC:guangmingbao-1948-1949-v2n1-article,新政协问题笔谈,《光明報》编辑部；罗子为、沈志远、马叙伦等,1949-01-10,同期政论报刊文章／整期公开原刊影像,NLC,中国国家图书馆数字化民国期刊（Wikimedia Commons镜像）,民国期刊／光明報,,,,NLC404-01J000514-10515,NLC404-01J000514-10515；《光明報》1949年2卷1期,verified,https://commons.wikimedia.org/wiki/File:NLC404-01J000514-10515_光明報_1949年2卷1期.pdf,item_digital,open,公开20页PDF；本地副本：data/domestic/press_scans/NLC404-01J000514-10515_光明報_1949年2卷1期.pdf,hybrid,full_item_online,unknown,citation_only,,unknown,L1,core,"[""1949第一届政协""]","[""中国民主同盟"", ""沈钧儒"", ""马叙伦""]","[""香港""]",《光明報》1949年第二卷第一期PDF第2页页首大题可辨为《新政協問題筆談》；同页列出罗子为、沈志远、陈此生等征稿/作者名单及三项问题（新政协到联合政府、怎样的新中国、共同纲领）。PDF第3页转入《论美蒋…》等其他文章，故本轮将笔谈正文页界保守记为PDF第2页。,digital_image,NLC404-01J000514-10515；PDF第2页；work/domestic/guangmingbao_1948_1949/v2n1_pages/page-02.png；边界page-03.png；整期20页,原刊影像已保存并核验哈希；全文逐字转录、异体字规范化、作者署名与跨来源关系仍待完成。OCR仅作检索辅助，英文馆藏日期戳不作为出版日期。,2026-07-19,codex,accepted,通过记录级同期原刊影像审核：题名、日期、文章页位、原刊来源和本地页图/PDF定位已核对；accepted 只表示记录身份和页级入口通过，不表示全文逐字转录、异文整理、署名补全或复制权利已经完成。 统一审核：笔谈PDF第2页题名/名单与第3页他文边界通过。,2026-07-19,codex,pass,2026-07-18 20:41:54,L1,core,1344
305,domestic:NLC:guangmingbao-1948-1949-v2n12,《光明報》1949年2卷12期（1949-02-12）,《光明報》社；北平全民報社,1949-02-12,同期政论报刊原刊整期扫描,NLC,中国国家图书馆数字化民国期刊（Wikimedia Commons镜像）,民国期刊／光明報,,,,NLC404-01J000514-72821,NLC404-01J000514-72821；《光明報》1949年2卷12期,verified,https://commons.wikimedia.org/wiki/File:NLC404-01J000514-72821_光明報_1949年2卷12期.pdf,item_digital,open,公开20页PDF；本地副本：data/domestic/press_scans/NLC404-01J000514-72821_光明報_1949年2卷12期.pdf,hybrid,full_item_online,unknown,citation_only,,unknown,L1,core,"[""1949第一届政协""]","[""中国民主同盟"", ""沈钧儒"", ""马叙伦""]","[""香港""]",公开原刊扫描首面可视确认《光明報》1949年2卷12期；出版日期记录为1949-02-12，整期共20页。本期目录/首面与第2页内容显示：我們對和平的態度、談台灣解放問題、追悼馮裕芳同志特輯。,digital_image,NLC404-01J000514-72821；本地PDF第1—2页；data/domestic/press_scans/NLC404-01J000514-72821_光明報_1949年2卷12期.pdf；SHA256 48932502dcf7bff7dd01c86bb330ab3ba16d4f1ea9c7cc3b54bad4a38a7f16ae,原刊影像已保存并核验哈希；全文逐字转录、异体字规范化、作者署名与跨来源关系仍待完成。OCR仅作检索辅助，英文馆藏日期戳不作为出版日期。,2026-07-19,codex,accepted,通过整期原刊记录级审核：NLC馆藏标识、期名/期号、日期、可见封面或目录页、页数/本地PDF和SHA256（如已登记）已核对。该接受只确认整期记录身份和可复查入口，不表示期内每篇文章均已逐字转录，不表示复制权利已无条件确认，也不替代民盟正式文件原件。,2026-07-19,codex,pass,2026-07-18 20:41:54,L1,core,1345
306,domestic:NLC:guangmingbao-1948-1949-v2n12-article,我們對和平的態度,《光明報》社,1949-02-12,同期政论报刊文章／整期公开原刊影像,NLC,中国国家图书馆数字化民国期刊（Wikimedia Commons镜像）,民国期刊／光明報,,,,NLC404-01J000514-72821,NLC404-01J000514-72821；《光明報》1949年2卷12期,verified,https://commons.wikimedia.org/wiki/File:NLC404-01J000514-72821_光明報_1949年2卷12期.pdf,item_digital,open,公开20页PDF；本地副本：data/domestic/press_scans/NLC404-01J000514-72821_光明報_1949年2卷12期.pdf,hybrid,full_item_online,unknown,citation_only,,unknown,L1,core,"[""1949第一届政协""]","[""中国民主同盟"", ""沈钧儒"", ""马叙伦""]","[""香港""]",《光明報》1949年第二卷第十二期PDF第2—3页连续为《我們對和平的態度》正文；第2页有全题与开篇，第3页续文可见三中全会以来和平主张；PDF第4页转入《談台灣解放問題》（庄喜农），故文章页界为PDF第2—3页。,digital_image,NLC404-01J000514-72821；PDF第2—3页；work/domestic/guangmingbao_1948_1949/v2n12_pages/page-02.png至page-03.png；边界page-04.png；整期20页,原刊影像已保存并核验哈希；全文逐字转录、异体字规范化、作者署名与跨来源关系仍待完成。OCR仅作检索辅助，英文馆藏日期戳不作为出版日期。,2026-07-19,codex,accepted,通过记录级同期原刊影像审核：题名、日期、文章页位、原刊来源和本地页图/PDF定位已核对；accepted 只表示记录身份和页级入口通过，不表示全文逐字转录、异文整理、署名补全或复制权利已经完成。 统一审核：和平态度PDF第2—3页连续、第4页他文边界通过。,2026-07-19,codex,pass,2026-07-18 20:41:54,L1,core,1346
307,domestic:NLC:minxian-v1n10-1944-12-20,《民憲》第一卷第十期,左舜生主编／《民憲》编辑委员会,1944-12-20,同期政论刊物原刊整期扫描,NLC,中国国家图书馆数字化民国期刊（Wikimedia Commons镜像）,《民憲》第一卷,,,,NLC404-00J001436-85451,NLC404-00J001436-85451,verified,https://commons.wikimedia.org/wiki/File:NLC404-00J001436-85451_%E6%B0%91%E6%86%B2_1944%E2%80%931945%E5%B9%B4%E7%AC%AC%E4%B8%80%E5%8D%B7%E7%AC%AC%E5%8D%81%E6%9C%9F.pdf,item_digital,open,公开49页PDF；本地副本：data/domestic/press_scans/NLC404-00J001436-85451_民憲_第一卷第十期.pdf,hybrid,full_item_online,unknown,citation_only,,unknown,L1,related,"[""1944改组更名""]","[""左舜生"", ""张澜"", ""中国民主同盟""]","[""重庆""]",PDF第2页目录可视核到第一卷第十期、民国三十三年十二月二十日；目录列有《威尔斯氏政治思想及其近作人权宣言》《论今日习气之由来及其教治法》、《民主与哲学》、巴黎光复后法国政情、麦克阿瑟和西南太平洋战场等同期政论题目。该期可作为1944年改组后政治传播环境的原刊材料，但不能替代民盟组织规程、政治报告或正式纲领原件。,digital_image,NLC404-00J001436-85451；本地PDF第1—2页；共49页；SHA256 7383f69dd74477969acf50708456b2975e167c16eaa3d6ed7deb6243616b6328,已核验刊名、卷期、日期、目录页和整期可访问性；具体文章正文、作者、页码和与民盟正式文件的直接关系仍待逐页转录。,2026-07-19,codex,accepted,通过整期原刊记录级审核：NLC馆藏标识、期名/期号、日期、可见封面或目录页、页数/本地PDF和SHA256（如已登记）已核对。该接受只确认整期记录身份和可复查入口，不表示期内每篇文章均已逐字转录，不表示复制权利已无条件确认，也不替代民盟正式文件原件。,2026-07-19,codex,pass,2026-07-18 20:51:53,L1,related,1347
308,domestic:NLC:minmeng-wenxian-1946-whole,《民主同盟文獻》,中国民主同盟总部编印,1946-12,1946年民盟总部官方文献汇编,NLC,中国国家图书馆数字化民国图书（Wikimedia Commons镜像）,《民主同盟文獻》,,,,NLC416-01jh004281-12557,NLC416-01jh004281-12557；《民主同盟文獻》,verified,https://commons.wikimedia.org/wiki/File:NLC416-01jh004281-12557_%E6%B0%91%E4%B8%BB%E5%90%8C%E7%9B%9F%E6%96%87%E7%8D%BB.pdf,item_digital,open,公开176页PDF；本地副本：data/domestic/sourcebooks/NLC416-01jh004281-12557_民主同盟文獻_1946.pdf,hybrid,full_item_online,unknown,citation_only,,unknown,L2,related,"[""1941成立"", ""1944改组更名"", ""1945第一次全国代表大会""]","[""中国民主同盟"", ""张澜"", ""沈钧儒""]","[""香港"", ""重庆""]",PDF第2页书名页明确为中国民主同盟总部编印、中华民国三十五年十二月；目录列出1941成立宣言、1941对时局主张纲领、1944民主同盟纲领、1945代表大会政治报告和宣言等42件文件。作为1946年官方汇编整体登记，不能替代各件原始印本。 2026-07-19阶段1：另取得 NLC511 同书扫描副本，目录与NLC416本一致，仍为1946总部汇编，非原刊。,digital_image,PDF第2页书名页；第5—8页目录；整本176页；PDF共176页；SHA256 276a82242c445bd7d6ca468f9022090922e0c2c243054e0e5af4353a1456e43f；交替扫描：data/domestic/sourcebooks/NLC511-027032013012333-19131_民主同盟文獻_alternate_scan.pdf（178页，SHA256 a24e5e5bf9158ab08e74edfa3d4a8bf4927c10841a5e15321ba7d9cf701034dd；Commons File:NLC511-027032013012333-19131）,这是1946年民盟总部编印的官方文献汇编扫描，不是1941年成立宣言或十大纲领的单独原始印本；原文件形成机关、原始版次、底本关系和复制权利仍需互校。OCR只作定位辅助。,2026-07-19,grok,accepted,"L2 accepted (Phase 1 sprint 39 Wed, 2026-07-22): 45 L2 pending (9 full + 32 surrogate + 4 catalogue), 全部 codex/claude-code/grok 抽检通过 (37 codex + 5 claude + 3 grok); accept 表示记录级影像 / 目录身份和可复查入口通过, 不代表全文已逐字转录或原档已实物核校。",2026-07-22,codex,pass,2026-07-18 21:03:12,L2,related,1348
309,domestic:NLC:minmeng-wenxian-1946-formation-declaration,中国民主政团同盟成立宣言,中国民主同盟总部编印；原文件形成者待从原件互校,1941-10-10,1946年官方文献汇编中的同期文件,NLC,中国国家图书馆数字化民国图书（Wikimedia Commons镜像）,《民主同盟文獻》,,,,NLC416-01jh004281-12557,NLC416-01jh004281-12557；《民主同盟文獻》,verified,https://commons.wikimedia.org/wiki/File:NLC416-01jh004281-12557_%E6%B0%91%E4%B8%BB%E5%90%8C%E7%9B%9F%E6%96%87%E7%8D%BB.pdf,item_digital,open,公开176页PDF；本地副本：data/domestic/sourcebooks/NLC416-01jh004281-12557_民主同盟文獻_1946.pdf,hybrid,full_item_online,unknown,citation_only,,unknown,L2,core,"[""1941成立""]","[""中国民主同盟"", ""张澜"", ""沈钧儒""]","[""香港"", ""重庆""]",PDF第9页正文标题明确为《中国民主政团同盟成立宣言》，题下注明中华民国三十年十月十日；正文连续至PDF第11页。该记录来自1946年民盟总部官方汇编，需与1941-10-10《光明报》原刊互校。,digital_image,PDF第9—11页；印刷页1—3；目录PDF第5页；work/domestic/minmeng_wenxian_1946/formation_9_13_images/page-009.png至page-011.png；work/domestic/minmeng_wenxian_1946/formation_9_13_ocr/page-009.ocr.md至page-011.ocr.md；PDF共176页；SHA256 276a82242c445bd7d6ca468f9022090922e0c2c243054e0e5af4353a1456e43f；交替扫描：data/domestic/sourcebooks/NLC511-027032013012333-19131_民主同盟文獻_alternate_scan.pdf（178页，SHA256 a24e5e5bf9158ab08e74edfa3d4a8bf4927c10841a5e15321ba7d9cf701034dd，来源 Commons File:NLC511-027032013012333-19131_民主同盟文獻；NLC511 馆藏另起页码体系，未做直接页位对照，仅作同书交叉证据）,这是1946年民盟总部编印的官方文献汇编扫描，不是1941年成立宣言或十大纲领的单独原始印本；原文件形成机关、原始版次、底本关系和复制权利仍需互校。OCR只作定位辅助。,2026-07-19,codex,accepted,通过记录级1946年民盟总部官方汇编扫描审核：题名、日期、连续正文页界、目录定位、本地页图和SHA256已核对；保留L2。accepted仅表示该汇编记录是稳定可复查入口，不表示1941年《光明報》原刊、独立原始印本、底本关系、全文逐字转录或复制权利已经闭环。 sprint 38+ 阶段 1（minimax 2026-07-19）：补 NLC511 同书交替扫描交叉证据，但未做 NLC416 / NLC511 直接页位对照，因两本馆藏页码体系不同；页位信息仅以 NLC416 为准。,2026-07-19,codex,pass,2026-07-18 21:03:12,L2,core,1349
310,domestic:NLC:minmeng-wenxian-1946-ten-program,中国民主政团同盟对时局主张纲领,中国民主同盟总部编印；原文件形成者待从原件互校,1941-10-10,1946年官方文献汇编中的同期文件,NLC,中国国家图书馆数字化民国图书（Wikimedia Commons镜像）,《民主同盟文獻》,,,,NLC416-01jh004281-12557,NLC416-01jh004281-12557；《民主同盟文獻》,verified,https://commons.wikimedia.org/wiki/File:NLC416-01jh004281-12557_%E6%B0%91%E4%B8%BB%E5%90%8C%E7%9B%9F%E6%96%87%E7%8D%BB.pdf,item_digital,open,公开176页PDF；本地副本：data/domestic/sourcebooks/NLC416-01jh004281-12557_民主同盟文獻_1946.pdf,hybrid,full_item_online,unknown,citation_only,,unknown,L2,core,"[""1941成立""]","[""中国民主同盟"", ""张澜"", ""沈钧儒""]","[""香港"", ""重庆""]",PDF第12页正文标题明确为《中国民主政团同盟对时局主张纲领》，题下注明中华民国三十年十月十日；正文延续至PDF第13页。该记录保存十项主张的同期官方汇编页级入口，不能替代1941年原刊或原始印本。,digital_image,PDF第12—13页；印刷页1—2；目录PDF第5页；work/domestic/minmeng_wenxian_1946/formation_9_13_images/page-012.png至page-013.png；work/domestic/minmeng_wenxian_1946/formation_9_13_ocr/page-012.ocr.md至page-013.ocr.md；PDF共176页；SHA256 276a82242c445bd7d6ca468f9022090922e0c2c243054e0e5af4353a1456e43f；交替扫描：data/domestic/sourcebooks/NLC511-027032013012333-19131_民主同盟文獻_alternate_scan.pdf（178页，SHA256 a24e5e5bf9158ab08e74edfa3d4a8bf4927c10841a5e15321ba7d9cf701034dd，来源 Commons File:NLC511-027032013012333-19131_民主同盟文獻；NLC511 馆藏另起页码体系，未做直接页位对照，仅作同书交叉证据）,这是1946年民盟总部编印的官方文献汇编扫描，不是1941年成立宣言或十大纲领的单独原始印本；原文件形成机关、原始版次、底本关系和复制权利仍需互校。OCR只作定位辅助。,2026-07-19,codex,accepted,通过记录级1946年民盟总部官方汇编扫描审核：题名、日期、连续正文页界、目录定位、本地页图和SHA256已核对；保留L2。accepted仅表示该汇编记录是稳定可复查入口，不表示1941年《光明報》原刊、独立原始印本、底本关系、全文逐字转录或复制权利已经闭环。 sprint 38+ 阶段 1（minimax 2026-07-19）：补 NLC511 同书交替扫描交叉证据，但未做 NLC416 / NLC511 直接页位对照，因两本馆藏页码体系不同；页位信息仅以 NLC416 为准。,2026-07-19,codex,pass,2026-07-18 21:03:12,L2,core,1350
311,domestic:NLC:minmeng-wenxian-1946-final-war-political-platform,中国民主同盟对抗战最后阶段的政治主张,中国民主同盟总部编印；原文件形成者待从原件互校,1944-10-10,1946年官方文献汇编中的同期文件,NLC,中国国家图书馆数字化民国图书（Wikimedia Commons镜像）,《民主同盟文獻》,,,,NLC416-01jh004281-12557,NLC416-01jh004281-12557；《民主同盟文獻》,verified,https://commons.wikimedia.org/wiki/File:NLC416-01jh004281-12557_%E6%B0%91%E4%B8%BB%E5%90%8C%E7%9B%9F%E6%96%87%E7%8D%BB.pdf,item_digital,open,公开176页PDF；本地副本：data/domestic/sourcebooks/NLC416-01jh004281-12557_民主同盟文獻_1946.pdf,hybrid,full_item_online,unknown,citation_only,,unknown,L2,core,"[""1944改组更名""]","[""中国民主同盟"", ""张澜"", ""沈钧儒""]","[""香港"", ""重庆""]",PDF第22页正文标题明确为《对抗战最后阶段的政治主张》，题下注明中华民国三十三年十月十日；正文连续至PDF第25页，内容包含军队国家化、民主政治、宪政、财政外交和教育等主张。该记录来自1946年民盟总部官方汇编，需与1944年同期报刊或独立印本互校。,digital_image,PDF第22—25页；印刷页14—17；目录PDF第5页；PDF共176页；SHA256 276a82242c445bd7d6ca468f9022090922e0c2c243054e0e5af4353a1456e43f,这是1946年民盟总部编印的官方文献汇编扫描，不是1941年成立宣言或十大纲领的单独原始印本；原文件形成机关、原始版次、底本关系和复制权利仍需互校。OCR只作定位辅助。,2026-07-19,codex,accepted,"L2 accepted (Phase 1 sprint 39 Wed, 2026-07-22): 45 L2 pending (9 full + 32 surrogate + 4 catalogue), 全部 codex/claude-code/grok 抽检通过 (37 codex + 5 claude + 3 grok); accept 表示记录级影像 / 目录身份和可复查入口通过, 不代表全文已逐字转录或原档已实物核校。",2026-07-22,codex,pass,2026-07-18 21:12:57,L2,core,1303
312,domestic:NLC:minmeng-wenxian-1946-situation-declaration-1945-01-15,时局宣言,中国民主同盟总部编印；原文件形成者待从原件互校,1945-01-15,1946年官方文献汇编中的同期文件,NLC,中国国家图书馆数字化民国图书（Wikimedia Commons镜像）,《民主同盟文獻》,,,,NLC416-01jh004281-12557,NLC416-01jh004281-12557；《民主同盟文獻》,verified,https://commons.wikimedia.org/wiki/File:NLC416-01jh004281-12557_%E6%B0%91%E4%B8%BB%E5%90%8C%E7%9B%9F%E6%96%87%E7%8D%BB.pdf,item_digital,open,公开176页PDF；本地副本：data/domestic/sourcebooks/NLC416-01jh004281-12557_民主同盟文獻_1946.pdf,hybrid,full_item_online,unknown,citation_only,,unknown,L2,core,"[""1945第一次全国代表大会""]","[""中国民主同盟"", ""张澜"", ""沈钧儒""]","[""香港"", ""重庆""]",PDF第26页正文标题为《时局宣言》，题下注明中华民国三十四年一月十五日；正文连续至PDF第29页，属于民盟总部同期文献汇编中的公开定位。原始发表载体和独立印本仍需追查。,digital_image,PDF第26—29页；印刷页18起至下一件文件前；目录PDF第5页；PDF共176页；SHA256 276a82242c445bd7d6ca468f9022090922e0c2c243054e0e5af4353a1456e43f,这是1946年民盟总部编印的官方文献汇编扫描，不是1941年成立宣言或十大纲领的单独原始印本；原文件形成机关、原始版次、底本关系和复制权利仍需互校。OCR只作定位辅助。,2026-07-19,codex,accepted,"L2 accepted (Phase 1 sprint 39 Wed, 2026-07-22): 45 L2 pending (9 full + 32 surrogate + 4 catalogue), 全部 codex/claude-code/grok 抽检通过 (37 codex + 5 claude + 3 grok); accept 表示记录级影像 / 目录身份和可复查入口通过, 不代表全文已逐字转录或原档已实物核校。",2026-07-22,codex,pass,2026-07-18 21:12:57,L2,core,1304
313,domestic:NLC:minmeng-wenxian-1946-minmeng-platform-1945,中国民主同盟纲领,中国民主同盟总部编印；原文件形成者待从原件互校,1945-10,1946年官方文献汇编中的同期文件,NLC,中国国家图书馆数字化民国图书（Wikimedia Commons镜像）,《民主同盟文獻》,,,,NLC416-01jh004281-12557,NLC416-01jh004281-12557；《民主同盟文獻》,verified,https://commons.wikimedia.org/wiki/File:NLC416-01jh004281-12557_%E6%B0%91%E4%B8%BB%E5%90%8C%E7%9B%9F%E6%96%87%E7%8D%BB.pdf,item_digital,open,公开176页PDF；本地副本：data/domestic/sourcebooks/NLC416-01jh004281-12557_民主同盟文獻_1946.pdf,hybrid,full_item_online,unknown,citation_only,,unknown,L2,core,"[""1945第一次全国代表大会""]","[""中国民主同盟"", ""张澜"", ""沈钧儒""]","[""香港"", ""重庆""]",PDF第48页正文标题明确为《中国民主同盟纲领》，题下注明“民国三十四年十月临时全国代表大会通过”；正文连续至PDF第72页，覆盖政治、经济、教育、妇女等章节。目录页5—6将其列为1945年10月文件，但正文未给出可确认的具体日，故保留月精度。该记录来自1946年官方汇编，不替代1945年临时全国代表大会原始印本。,digital_image,PDF第48—72页；印刷页40—64；目录PDF第6页；PDF共176页；SHA256 276a82242c445bd7d6ca468f9022090922e0c2c243054e0e5af4353a1456e43f,这是1946年民盟总部编印的官方文献汇编扫描，不是1941年成立宣言或十大纲领的单独原始印本；原文件形成机关、原始版次、底本关系和复制权利仍需互校。OCR只作定位辅助。,2026-07-19,codex,accepted,"L2 accepted (Phase 1 sprint 39 Wed, 2026-07-22): 45 L2 pending (9 full + 32 surrogate + 4 catalogue), 全部 codex/claude-code/grok 抽检通过 (37 codex + 5 claude + 3 grok); accept 表示记录级影像 / 目录身份和可复查入口通过, 不代表全文已逐字转录或原档已实物核校。",2026-07-22,codex,pass,2026-07-18 21:33:55,L2,core,1305
314,domestic:NLC:minmeng-wenxian-1946-congress-declaration-1945-10-16,中国民主同盟临时全国代表大会宣言,中国民主同盟总部编印；原文件形成者待从原件互校,1945-10-16,1946年官方文献汇编中的同期文件,NLC,中国国家图书馆数字化民国图书（Wikimedia Commons镜像）,《民主同盟文獻》,,,,NLC416-01jh004281-12557,NLC416-01jh004281-12557；《民主同盟文獻》,verified,https://commons.wikimedia.org/wiki/File:NLC416-01jh004281-12557_%E6%B0%91%E4%B8%BB%E5%90%8C%E7%9B%9F%E6%96%87%E7%8D%BB.pdf,item_digital,open,公开176页PDF；本地副本：data/domestic/sourcebooks/NLC416-01jh004281-12557_民主同盟文獻_1946.pdf,hybrid,full_item_online,unknown,citation_only,,unknown,L2,core,"[""1945第一次全国代表大会""]","[""中国民主同盟"", ""张澜"", ""沈钧儒""]","[""香港"", ""重庆""]",PDF第73页页首标题明确为《中国民主同盟临时全国代表大会宣言》，题下注明中华民国三十四年十月十六日；正文连续至PDF第78页，PDF第79页起进入下一件1945-12-06昆明惨案文件。该记录来自1946年官方汇编，不替代1945年临时全国代表大会原始印本。,digital_image,PDF第73—78页；印刷页65—70；目录PDF第6页；PDF共176页；SHA256 276a82242c445bd7d6ca468f9022090922e0c2c243054e0e5af4353a1456e43f,这是1946年民盟总部编印的官方文献汇编扫描，不是1941年成立宣言或十大纲领的单独原始印本；原文件形成机关、原始版次、底本关系和复制权利仍需互校。OCR只作定位辅助。,2026-07-19,codex,accepted,"L2 accepted (Phase 1 sprint 39 Wed, 2026-07-22): 45 L2 pending (9 full + 32 surrogate + 4 catalogue), 全部 codex/claude-code/grok 抽检通过 (37 codex + 5 claude + 3 grok); accept 表示记录级影像 / 目录身份和可复查入口通过, 不代表全文已逐字转录或原档已实物核校。",2026-07-22,codex,pass,2026-07-18 21:33:55,L2,core,1306
315,domestic:NLC:guangmingbao-1947-1947-12,《光明報》新二十號（1947-01-08）,《光明報》社；北平全民報社,1947-01-08,同期政论报刊原刊整期扫描,NLC,中国国家图书馆数字化民国期刊（Wikimedia Commons镜像）,民国期刊／光明報,,,,NLC404-01J000514-72818,NLC404-01J000514-72818；封面「新二十號」；民國三十六年一月八日出版（NLC文件名作1947年12期，以封面为准）,verified,https://commons.wikimedia.org/wiki/File:NLC404-01J000514-72818_光明報_1947年12期.pdf,item_digital,open,公开16页PDF；本地副本：data/domestic/press_scans/NLC404-01J000514-72818_光明報_1947年12期.pdf,hybrid,full_item_online,unknown,citation_only,,unknown,L1,core,"[""1947民盟被宣布非法""]","[""中国民主同盟"", ""张澜"", ""沈钧儒"", ""罗隆基""]","[""香港"", ""上海""]",首面可视确认《光明報》新十二號、日期1947-08-08、馆藏号NLC404-01J000514-72818；目录显示目录列有民盟二中全会、反对美军暴行和国内局势等文章。当前只登记整期，不预先猜测文章页界。,digital_image,NLC404-01J000514-72818；本地PDF第1页；data/domestic/press_scans/NLC404-01J000514-72818_光明報_1947年12期.pdf；共16页；SHA256 f61c03880c043ff7bbfb12bc170a3e92f6e2c65f70325bb46aafff20cc9001dd,首面卷期和日期已核验；全文逐字转录、目录文章页码、形成者细化、跨来源关系和复制权利仍待完成。 【期号日期纠错2026-07-19】NLC文件名/旧登记写作「新十二號/1947-08-08」，封面目视为「新二十號」+「民國三十六年一月八日」（1947-01-08）；以封面实物为准。与 NLC404-01J000514-10459（另登记1947-06-23新二十號）为不同文件，SHA不同。,2026-07-19,codex,accepted,通过整期原刊记录级审核：NLC馆藏标识、期名/期号、日期、可见封面或目录页、页数/本地PDF和SHA256（如已登记）已核对。该接受只确认整期记录身份和可复查入口，不表示期内每篇文章均已逐字转录，不表示复制权利已无条件确认，也不替代民盟正式文件原件。 2026-07-19多智能体复核：封面期号/日期已纠正为新二十號 1947-01-08。,2026-07-19,codex,pass,2026-07-18 22:02:43,L1,core,1351
316,domestic:NLC:guangmingbao-1947-1947-13,《光明報》新十三號（1947-01-18）,《光明報》社；北平全民報社,1947-01-18,同期政论报刊原刊整期扫描,NLC,中国国家图书馆数字化民国期刊（Wikimedia Commons镜像）,民国期刊／光明報,,,,NLC404-01J000514-10453,NLC404-01J000514-10453；《光明報》新十三號,verified,https://commons.wikimedia.org/wiki/File:NLC404-01J000514-10453_光明報_1947年13期.pdf,item_digital,open,公开16页PDF；本地副本：data/domestic/press_scans/NLC404-01J000514-10453_光明報_1947年13期.pdf,hybrid,full_item_online,unknown,citation_only,,unknown,L1,core,"[""1947民盟被宣布非法""]","[""中国民主同盟"", ""张澜"", ""沈钧儒"", ""罗隆基""]","[""香港"", ""上海""]",首面可视确认《光明報》新十三號、日期1947-08-18、馆藏号NLC404-01J000514-10453；目录显示目录列有民盟二中全会、张澜主席开幕讲词和政治局势等文章。当前只登记整期，不预先猜测文章页界。 封面实物期号新十三號、出版日1947-01-18已按版出日RTL重核；页图 work/domestic/continue_pages/ 对应目录。,digital_image,NLC404-01J000514-10453；本地PDF第1页；data/domestic/press_scans/NLC404-01J000514-10453_光明報_1947年13期.pdf；共16页；SHA256 27209c19191d4fa6dcaa6b2f5ea55b7dfaf74f03cb739ec7067c6552b90fba41,首面卷期和日期已核验；全文逐字转录、目录文章页码、形成者细化、跨来源关系和复制权利仍待完成。 【2026-07-19 grok 封面日期校正】封面版出日串『日八十月一年六十三』按RTL讀為民國三十六年一月十八日（1947-01-18）；先前Aug日期為誤讀，以封面為準。 原登记日期 1947-08-18 已按封面实物更正为 1947-01-18。,2026-07-19,codex,accepted,通过整期原刊记录级审核：NLC馆藏标识、期名/期号、日期、可见封面或目录页、页数/本地PDF和SHA256（如已登记）已核对。该接受只确认整期记录身份和可复查入口，不表示期内每篇文章均已逐字转录，不表示复制权利已无条件确认，也不替代民盟正式文件原件。,2026-07-19,codex,pass,2026-07-18 22:02:43,L1,core,1352
317,domestic:NLC:guangmingbao-1947-1947-14,《光明報》新十四號（1947-01-28）,《光明報》社；北平全民報社,1947-01-28,同期政论报刊原刊整期扫描,NLC,中国国家图书馆数字化民国期刊（Wikimedia Commons镜像）,民国期刊／光明報,,,,NLC404-01J000514-10454,NLC404-01J000514-10454；《光明報》新十四號,verified,https://commons.wikimedia.org/wiki/File:NLC404-01J000514-10454_光明報_1947年14期.pdf,item_digital,open,公开20页PDF；本地副本：data/domestic/press_scans/NLC404-01J000514-10454_光明報_1947年14期.pdf,hybrid,full_item_online,unknown,citation_only,,unknown,L1,core,"[""1947民盟被宣布非法""]","[""中国民主同盟"", ""张澜"", ""沈钧儒"", ""罗隆基""]","[""香港"", ""上海""]",首面可视确认《光明報》新十四號、日期1947-08-28、馆藏号NLC404-01J000514-10454；目录显示目录列有民盟二中全会政治报告、民主运动和上海各党派活动等文章。当前只登记整期，不预先猜测文章页界。 封面实物期号新十四號、出版日1947-01-28已按版出日RTL重核；页图 work/domestic/continue_pages/ 对应目录。,digital_image,NLC404-01J000514-10454；本地PDF第1页；data/domestic/press_scans/NLC404-01J000514-10454_光明報_1947年14期.pdf；共20页；SHA256 86564d9d810e17e8ba05abdd02b059ffe72ac7218816e22f46d675feb1250047,首面卷期和日期已核验；全文逐字转录、目录文章页码、形成者细化、跨来源关系和复制权利仍待完成。 【2026-07-19 grok 封面日期校正】封面版出日串『日八十二月一年六十三』按RTL讀為民國三十六年一月二十八日（1947-01-28）；內容有迎春晚會等，與一月下旬相符。 原登记日期 1947-08-28 已按封面实物更正为 1947-01-28。,2026-07-19,codex,accepted,通过整期原刊记录级审核：NLC馆藏标识、期名/期号、日期、可见封面或目录页、页数/本地PDF和SHA256（如已登记）已核对。该接受只确认整期记录身份和可复查入口，不表示期内每篇文章均已逐字转录，不表示复制权利已无条件确认，也不替代民盟正式文件原件。,2026-07-19,codex,pass,2026-07-18 22:02:43,L1,core,1353
318,domestic:NLC:guangmingbao-1947-1947-15,《光明報》新十五號（1947-02-08）,《光明報》社；北平全民報社,1947-02-08,同期政论报刊原刊整期扫描,NLC,中国国家图书馆数字化民国期刊（Wikimedia Commons镜像）,民国期刊／光明報,,,,NLC404-01J000514-10455,NLC404-01J000514-10455；《光明報》新十五號,verified,https://commons.wikimedia.org/wiki/File:NLC404-01J000514-10455_光明報_1947年15期.pdf,item_digital,open,公开16页PDF；本地副本：data/domestic/press_scans/NLC404-01J000514-10455_光明報_1947年15期.pdf,hybrid,full_item_online,unknown,citation_only,,unknown,L1,core,"[""1947民盟被宣布非法""]","[""中国民主同盟"", ""张澜"", ""沈钧儒"", ""罗隆基""]","[""香港"", ""上海""]",首面可视确认《光明報》新十五號、日期1947-09-08、馆藏号NLC404-01J000514-10455；目录显示目录列有民盟任务、政协路线和民主运动等文章。当前只登记整期，不预先猜测文章页界。 封面实物期号新十五號、出版日1947-02-08已按版出日RTL重核；页图 work/domestic/continue_pages/ 对应目录。,digital_image,NLC404-01J000514-10455；本地PDF第1页；data/domestic/press_scans/NLC404-01J000514-10455_光明報_1947年15期.pdf；共16页；SHA256 42c7b19e6f84a2a615adbe5bc776aa54be395b745a168a72989279c50c02434e,首面卷期和日期已核验；全文逐字转录、目录文章页码、形成者细化、跨来源关系和复制权利仍待完成。 【2026-07-19 grok 封面日期校正】封面版出日串『日八月二年六十三』按RTL讀為民國三十六年二月八日（1947-02-08）。 原登记日期 1947-09-08 已按封面实物更正为 1947-02-08。,2026-07-19,codex,accepted,通过整期原刊记录级审核：NLC馆藏标识、期名/期号、日期、可见封面或目录页、页数/本地PDF和SHA256（如已登记）已核对。该接受只确认整期记录身份和可复查入口，不表示期内每篇文章均已逐字转录，不表示复制权利已无条件确认，也不替代民盟正式文件原件。,2026-07-19,codex,pass,2026-07-18 22:02:43,L1,core,1354
319,domestic:NLC:guangmingbao-1947-1947-16–17,《光明報》新十六—十七號（1947-03-18）,《光明報》社；北平全民報社,1947-03-18,同期政论报刊原刊整期扫描,NLC,中国国家图书馆数字化民国期刊（Wikimedia Commons镜像）,民国期刊／光明報,,,,NLC404-01J000514-10456,NLC404-01J000514-10456；《光明報》新十六—十七號,verified,https://commons.wikimedia.org/wiki/File:NLC404-01J000514-10456_光明報_1947年16–17期.pdf,item_digital,open,公开17页PDF；本地副本：data/domestic/press_scans/NLC404-01J000514-10456_光明報_1947年16–17期.pdf,hybrid,full_item_online,unknown,citation_only,,unknown,L1,core,"[""1947民盟被宣布非法""]","[""中国民主同盟"", ""张澜"", ""沈钧儒"", ""罗隆基""]","[""香港"", ""上海""]",首面可视确认《光明報》新十六—十七號、日期1947-10-08、馆藏号NLC404-01J000514-10456；目录显示封面实物标示新十七号；目录列有民盟政治主张、时局和民主运动等文章。当前只登记整期，不预先猜测文章页界。 封面实物期号新十六—十七號、出版日1947-03-18已按版出日RTL重核；页图 work/domestic/continue_pages/ 对应目录。,digital_image,NLC404-01J000514-10456；本地PDF第1页；data/domestic/press_scans/NLC404-01J000514-10456_光明報_1947年16–17期.pdf；共17页；SHA256 c54548425303f975110c7163b7bc15eb16f6a7ad5d045e5d0a9d5e0fcc984a91,首面卷期和日期已核验；全文逐字转录、目录文章页码、形成者细化、跨来源关系和复制权利仍待完成。 【2026-07-19 grok 封面日期校正】封面版出日串『日八十月三年六十三』按RTL讀為民國三十六年三月十八日（1947-03-18）。封面期號『號六七十新』為合刊标示；NLC文件名作16–17期。正文含三月八日《中國民主同盟對時局宣言》。 原登记日期 1947-10-08 已按封面实物更正为 1947-03-18。,2026-07-19,codex,accepted,通过整期原刊记录级审核：NLC馆藏标识、期名/期号、日期、可见封面或目录页、页数/本地PDF和SHA256（如已登记）已核对。该接受只确认整期记录身份和可复查入口，不表示期内每篇文章均已逐字转录，不表示复制权利已无条件确认，也不替代民盟正式文件原件。,2026-07-19,codex,pass,2026-07-18 22:02:43,L1,core,1355
320,domestic:NLC:guangmingbao-1947-1947-18,《光明報》新十八號（1947-05-14）,《光明報》社；北平全民報社,1947-05-14,同期政论报刊原刊整期扫描,NLC,中国国家图书馆数字化民国期刊（Wikimedia Commons镜像）,民国期刊／光明報,,,,NLC404-01J000514-10457,NLC404-01J000514-10457；《光明報》新十八號,verified,https://commons.wikimedia.org/wiki/File:NLC404-01J000514-10457_光明報_1947年18期.pdf,item_digital,open,公开16页PDF；本地副本：data/domestic/press_scans/NLC404-01J000514-10457_光明報_1947年18期.pdf,hybrid,full_item_online,unknown,citation_only,,unknown,L1,core,"[""1947民盟被宣布非法""]","[""中国民主同盟"", ""张澜"", ""沈钧儒"", ""罗隆基""]","[""香港"", ""上海""]",首面可视确认《光明報》新十八號、日期1947-10-18、馆藏号NLC404-01J000514-10457；目录显示目录列有民盟南总主席彭泽民讲话、时局意见和民盟基层活动等文章。当前只登记整期，不预先猜测文章页界。 封面实物期号新十八號、出版日1947-05-14已按版出日RTL重核；页图 work/domestic/continue_pages/ 对应目录。,digital_image,NLC404-01J000514-10457；本地PDF第1页；data/domestic/press_scans/NLC404-01J000514-10457_光明報_1947年18期.pdf；共16页；SHA256 d00c34801cb283d963ff4fb0a9bb545391025a005c2afac24f9b2213160a22bd,首面卷期和日期已核验；全文逐字转录、目录文章页码、形成者细化、跨来源关系和复制权利仍待完成。 【2026-07-19 grok 封面日期校正】封面版出日串『日四十月五年六十三』按RTL讀為民國三十六年五月十四日（1947-05-14）；先前Oct日期為誤讀。 原登记日期 1947-10-18 已按封面实物更正为 1947-05-14。,2026-07-19,codex,accepted,通过整期原刊记录级审核：NLC馆藏标识、期名/期号、日期、可见封面或目录页、页数/本地PDF和SHA256（如已登记）已核对。该接受只确认整期记录身份和可复查入口，不表示期内每篇文章均已逐字转录，不表示复制权利已无条件确认，也不替代民盟正式文件原件。,2026-07-19,codex,pass,2026-07-18 22:02:43,L1,core,1356
321,domestic:NLC:guangmingbao-1947-1947-19,《光明報》新十九號（1947-10-28）,《光明報》社；北平全民報社,1947-10-28,同期政论报刊原刊整期扫描,NLC,中国国家图书馆数字化民国期刊（Wikimedia Commons镜像）,民国期刊／光明報,,,,NLC404-01J000514-10458,NLC404-01J000514-10458；《光明報》新十九號,verified,https://commons.wikimedia.org/wiki/File:NLC404-01J000514-10458_光明報_1947年19期.pdf,item_digital,open,公开16页PDF；本地副本：data/domestic/press_scans/NLC404-01J000514-10458_光明報_1947年19期.pdf,hybrid,full_item_online,unknown,citation_only,,unknown,L1,core,"[""1947民盟被宣布非法""]","[""中国民主同盟"", ""张澜"", ""沈钧儒"", ""罗隆基""]","[""香港"", ""上海""]",首面可视确认《光明報》新十九號、日期1947-10-28、馆藏号NLC404-01J000514-10458；目录显示目录列有《我们对于和平的态度》、民盟上海支部对学生运动的意见等文章。当前只登记整期，不预先猜测文章页界。,digital_image,NLC404-01J000514-10458；本地PDF第1页；data/domestic/press_scans/NLC404-01J000514-10458_光明報_1947年19期.pdf；共16页；SHA256 ae1516a7c2249fcd0860eb2f0ed89069d4e3dbe46a410cd80a54317f4c1af7fc,首面卷期和日期已核验；全文逐字转录、目录文章页码、形成者细化、跨来源关系和复制权利仍待完成。,2026-07-19,codex,accepted,通过整期原刊记录级审核：NLC馆藏标识、期名/期号、日期、可见封面或目录页、页数/本地PDF和SHA256（如已登记）已核对。该接受只确认整期记录身份和可复查入口，不表示期内每篇文章均已逐字转录，不表示复制权利已无条件确认，也不替代民盟正式文件原件。,2026-07-19,codex,pass,2026-07-18 22:02:43,L1,core,1357
322,domestic:NLC:guangmingbao-1947-19-article-01,《我们对于和平的态度》,,1947-10-28,同期政论报刊文章（整期原刊内文章）,NLC,中国国家图书馆数字化民国期刊（Wikimedia Commons镜像）,民国期刊／光明報／1947年19期,,民国期刊／光明報,,NLC404-01J000514-10458,NLC404-01J000514-10458；1947年19期；目录与正文页2—2,verified,https://commons.wikimedia.org/wiki/File:NLC404-01J000514-10458_光明報_1947年19期.pdf,item_digital,open,公开整期PDF；文章定位于PDF第2—2页；本地副本：data/domestic/press_scans/NLC404-01J000514-10458_光明報_1947年19期.pdf,hybrid,full_item_online,unknown,citation_only,,unknown,L1,core,"[""1947民盟被宣布非法""]","[""中国民主同盟"", ""张澜"", ""沈钧儒"", ""罗隆基""]","[""北平"", ""上海""]",目录第1页列出；PDF第2页目视核定题名，PDF第3页已转入另一篇文章。,digital_image,NLC404-01J000514-10458；本地PDF第2—2页；work/domestic/guangmingbao_1947_19_pages/page-02.png至page-02.png；work/domestic/guangmingbao_1947_19_ocr/page-02.ocr.md至page-02.ocr.md；data/domestic/press_scans/NLC404-01J000514-10458_光明報_1947年19期.pdf,已核对目录题名、正文题名和文章页界；尚未完成逐字转录、署名确认、异体字校对、复制权利确认和独立全文复审。OCR只作导航。,2026-07-19,codex,accepted,通过记录级同期原刊影像审核：题名、日期、文章页位、原刊来源和本地页图/PDF定位已核对；accepted 只表示记录身份和页级入口通过，不表示全文逐字转录、异文整理、署名补全或复制权利已经完成。,2026-07-19,codex,pass,2026-07-18 22:11:15,L1,core,1358
323,domestic:NLC:guangmingbao-1947-19-article-02,《民盟中央对于五参政员出席参政会之决定》,,1947-10-28,同期政论报刊文章（整期原刊内文章）,NLC,中国国家图书馆数字化民国期刊（Wikimedia Commons镜像）,民国期刊／光明報／1947年19期,,民国期刊／光明報,,NLC404-01J000514-10458,NLC404-01J000514-10458；1947年19期；目录与正文页6—6,verified,https://commons.wikimedia.org/wiki/File:NLC404-01J000514-10458_光明報_1947年19期.pdf,item_digital,open,公开整期PDF；文章定位于PDF第6—6页；本地副本：data/domestic/press_scans/NLC404-01J000514-10458_光明報_1947年19期.pdf,hybrid,full_item_online,unknown,citation_only,,unknown,L1,core,"[""1947民盟被宣布非法""]","[""中国民主同盟"", ""张澜"", ""沈钧儒"", ""罗隆基""]","[""北平"", ""上海""]",目录第1页列出；PDF第6页目视核定题名，PDF第7页已转入另一篇文章。,digital_image,NLC404-01J000514-10458；本地PDF第6—6页；work/domestic/guangmingbao_1947_19_pages/page-06.png至page-06.png；work/domestic/guangmingbao_1947_19_ocr/page-06.ocr.md至page-06.ocr.md；data/domestic/press_scans/NLC404-01J000514-10458_光明報_1947年19期.pdf,已核对目录题名、正文题名和文章页界；尚未完成逐字转录、署名确认、异体字校对、复制权利确认和独立全文复审。OCR只作导航。,2026-07-19,codex,accepted,通过记录级同期原刊影像审核：题名、日期、文章页位、原刊来源和本地页图/PDF定位已核对；accepted 只表示记录身份和页级入口通过，不表示全文逐字转录、异文整理、署名补全或复制权利已经完成。,2026-07-19,codex,pass,2026-07-18 22:11:15,L1,core,1359
324,domestic:NLC:guangmingbao-1947-19-article-03,《迎接学生运动新的高潮》,高天,1947-10-28,同期政论报刊文章（整期原刊内文章）,NLC,中国国家图书馆数字化民国期刊（Wikimedia Commons镜像）,民国期刊／光明報／1947年19期,,民国期刊／光明報,,NLC404-01J000514-10458,NLC404-01J000514-10458；1947年19期；目录与正文页7—9,verified,https://commons.wikimedia.org/wiki/File:NLC404-01J000514-10458_光明報_1947年19期.pdf,item_digital,open,公开整期PDF；文章定位于PDF第7—9页；本地副本：data/domestic/press_scans/NLC404-01J000514-10458_光明報_1947年19期.pdf,hybrid,full_item_online,unknown,citation_only,,unknown,L1,core,"[""1947民盟被宣布非法""]","[""中国民主同盟"", ""张澜"", ""沈钧儒"", ""罗隆基""]","[""北平"", ""上海""]",目录第1页列出；PDF第7页题名起页，第7—9页为连续正文，PDF第10页已转入另一篇文章；PDF第7页可见署名“高天”。,digital_image,NLC404-01J000514-10458；本地PDF第7—9页；work/domestic/guangmingbao_1947_19_pages/page-07.png至page-09.png；work/domestic/guangmingbao_1947_19_ocr/page-07.ocr.md至page-09.ocr.md；data/domestic/press_scans/NLC404-01J000514-10458_光明報_1947年19期.pdf,已核对目录题名、正文题名和文章页界；尚未完成逐字转录、署名确认、异体字校对、复制权利确认和独立全文复审。OCR只作导航。,2026-07-19,codex,accepted,通过记录级同期原刊影像审核：题名、日期、文章页位、原刊来源和本地页图/PDF定位已核对；accepted 只表示记录身份和页级入口通过，不表示全文逐字转录、异文整理、署名补全或复制权利已经完成。,2026-07-19,codex,pass,2026-07-18 22:11:15,L1,core,1360
325,domestic:NLC:guangmingbao-1947-19-article-04,《独裁政府是怎样摧残新闻自由的？》,,1947-10-28,同期政论报刊文章（整期原刊内文章）,NLC,中国国家图书馆数字化民国期刊（Wikimedia Commons镜像）,民国期刊／光明報／1947年19期,,民国期刊／光明報,,NLC404-01J000514-10458,NLC404-01J000514-10458；1947年19期；目录与正文页10—10,verified,https://commons.wikimedia.org/wiki/File:NLC404-01J000514-10458_光明報_1947年19期.pdf,item_digital,open,公开整期PDF；文章定位于PDF第10—10页；本地副本：data/domestic/press_scans/NLC404-01J000514-10458_光明報_1947年19期.pdf,hybrid,full_item_online,unknown,citation_only,,unknown,L1,core,"[""1947民盟被宣布非法""]","[""中国民主同盟"", ""张澜"", ""沈钧儒"", ""罗隆基""]","[""北平"", ""上海""]",目录第1页列出；PDF第10页目视核定题名，PDF第11页已转入另一篇文章。,digital_image,NLC404-01J000514-10458；本地PDF第10—10页；work/domestic/guangmingbao_1947_19_pages/page-10.png至page-10.png；work/domestic/guangmingbao_1947_19_ocr/page-10.ocr.md至page-10.ocr.md；data/domestic/press_scans/NLC404-01J000514-10458_光明報_1947年19期.pdf,已核对目录题名、正文题名和文章页界；尚未完成逐字转录、署名确认、异体字校对、复制权利确认和独立全文复审。OCR只作导航。,2026-07-19,codex,accepted,通过记录级同期原刊影像审核：题名、日期、文章页位、原刊来源和本地页图/PDF定位已核对；accepted 只表示记录身份和页级入口通过，不表示全文逐字转录、异文整理、署名补全或复制权利已经完成。,2026-07-19,codex,pass,2026-07-18 22:11:15,L1,core,1361
326,domestic:NLC:guangmingbao-1947-19-article-05,《两种制度和两种问题》,,1947-10-28,同期政论报刊文章（整期原刊内文章）,NLC,中国国家图书馆数字化民国期刊（Wikimedia Commons镜像）,民国期刊／光明報／1947年19期,,民国期刊／光明報,,NLC404-01J000514-10458,NLC404-01J000514-10458；1947年19期；目录与正文页11—12,verified,https://commons.wikimedia.org/wiki/File:NLC404-01J000514-10458_光明報_1947年19期.pdf,item_digital,open,公开整期PDF；文章定位于PDF第11—12页；本地副本：data/domestic/press_scans/NLC404-01J000514-10458_光明報_1947年19期.pdf,hybrid,full_item_online,unknown,citation_only,,unknown,L1,core,"[""1947民盟被宣布非法""]","[""中国民主同盟"", ""张澜"", ""沈钧儒"", ""罗隆基""]","[""北平"", ""上海""]",目录第1页列出；PDF第11页题名起页，第11—12页为连续正文，PDF第13页已转入另一篇文章。,digital_image,NLC404-01J000514-10458；本地PDF第11—12页；work/domestic/guangmingbao_1947_19_pages/page-11.png至page-12.png；work/domestic/guangmingbao_1947_19_ocr/page-11.ocr.md至page-12.ocr.md；data/domestic/press_scans/NLC404-01J000514-10458_光明報_1947年19期.pdf,已核对目录题名、正文题名和文章页界；尚未完成逐字转录、署名确认、异体字校对、复制权利确认和独立全文复审。OCR只作导航。,2026-07-19,codex,accepted,通过记录级同期原刊影像审核：题名、日期、文章页位、原刊来源和本地页图/PDF定位已核对；accepted 只表示记录身份和页级入口通过，不表示全文逐字转录、异文整理、署名补全或复制权利已经完成。,2026-07-19,codex,pass,2026-07-18 22:11:15,L1,core,1362
327,domestic:NLC:guangmingbao-1947-1947-20,《光明報》新二十號（1947-06-23）,《光明報》社；北平全民報社,1947-06-23,同期政论报刊原刊整期扫描,NLC,中国国家图书馆数字化民国期刊（Wikimedia Commons镜像）,民国期刊／光明報,,,,NLC404-01J000514-10459,NLC404-01J000514-10459；《光明報》新二十號,verified,https://commons.wikimedia.org/wiki/File:NLC404-01J000514-10459_光明報_1947年20期.pdf,item_digital,open,公开16页PDF；本地副本：data/domestic/press_scans/NLC404-01J000514-10459_光明報_1947年20期.pdf,hybrid,full_item_online,unknown,citation_only,,unknown,L1,core,"[""1947民盟被宣布非法""]","[""中国民主同盟"", ""张澜"", ""沈钧儒"", ""罗隆基""]","[""香港"", ""上海""]",首面可视确认《光明報》新二十號、日期1947-06-23、馆藏号NLC404-01J000514-10459；目录显示封面目录列有国民党独裁派、和平老人和民主运动等文章；日期按封面实物登记，不能按期号推定为10月之后。当前只登记整期，不预先猜测文章页界。,digital_image,NLC404-01J000514-10459；本地PDF第1页；data/domestic/press_scans/NLC404-01J000514-10459_光明報_1947年20期.pdf；共16页；SHA256 5b089bc981e2601139b5cce5bb9247073f1cf6790dd8d972d6dba41fac25d9cb,首面卷期和日期已核验；全文逐字转录、目录文章页码、形成者细化、跨来源关系和复制权利仍待完成。,2026-07-19,codex,accepted,通过整期原刊记录级审核：NLC馆藏标识、期名/期号、日期、可见封面或目录页、页数/本地PDF和SHA256（如已登记）已核对。该接受只确认整期记录身份和可复查入口，不表示期内每篇文章均已逐字转录，不表示复制权利已无条件确认，也不替代民盟正式文件原件。,2026-07-19,codex,pass,2026-07-18 22:19:01,L1,core,1363
328,domestic:NLC:minxian-85443-1944-05-01,《民憲》第一卷第二期,左舜生主编／《民憲》编辑委员会,1944-05-01,同期政论刊物原刊整期扫描,NLC,中国国家图书馆数字化民国期刊（Wikimedia Commons镜像）,《民憲》,,,,NLC404-00J001436-85443,NLC404-00J001436-85443,verified,https://commons.wikimedia.org/wiki/File:NLC404-00J001436-85443_%E6%B0%91%E6%86%B2_1944%E2%80%931945%E5%B9%B4%E7%AC%AC%E4%B8%80%E5%8D%B7%E7%AC%AC%E4%BA%8C%E6%9C%9F.pdf,item_digital,open,公开47页PDF；本地副本：data/domestic/press_scans/NLC404-00J001436-85443_民憲_第一卷第二期.pdf,hybrid,full_item_online,unknown,citation_only,Wikimedia页面与国家图书馆数字副本具体再利用规则待核,unknown,L1,related,"[""1944改组更名""]","[""左舜生"", ""张澜"", ""中国民主同盟""]","[""重庆""]",PDF第2页目录可视核到《民憲》第一卷第二期及1944-05-01出版日；本候选代表可复查的同期政论刊物整期影像，用于观察民盟改组或一大前后的政治传播环境。它不是民盟组织规程、政治报告、会议记录或正式公告原件。,digital_image,NLC404-00J001436-85443；本地PDF第1—2页封面/目录；整期共47页；SHA256 43c91c806af550c60d321793a81cc18bc7866774057f318e364915c70f543118,已核验刊名、卷期、日期、目录页和整期可访问性；具体文章正文、作者、页码及与民盟正式文件的直接关系仍待逐页转录。,2026-07-19,codex,accepted,通过整期原刊记录级审核：NLC馆藏标识、期名/期号、日期、可见封面或目录页、页数/本地PDF和SHA256（如已登记）已核对。该接受只确认整期记录身份和可复查入口，不表示期内每篇文章均已逐字转录，不表示复制权利已无条件确认，也不替代民盟正式文件原件。,2026-07-19,codex,pass,2026-07-18 22:40:43,L1,related,1364
329,domestic:NLC:minxian-85444-1944-06-15,《民憲》第一卷第三期,左舜生主编／《民憲》编辑委员会,1944-06-15,同期政论刊物原刊整期扫描,NLC,中国国家图书馆数字化民国期刊（Wikimedia Commons镜像）,《民憲》,,,,NLC404-00J001436-85444,NLC404-00J001436-85444,verified,https://commons.wikimedia.org/wiki/File:NLC404-00J001436-85444_%E6%B0%91%E6%86%B2_1944%E2%80%931945%E5%B9%B4%E7%AC%AC%E4%B8%80%E5%8D%B7%E7%AC%AC%E4%B8%89%E6%9C%9F.pdf,item_digital,open,公开41页PDF；本地副本：data/domestic/press_scans/NLC404-00J001436-85444_民憲_第一卷第三期.pdf,hybrid,full_item_online,unknown,citation_only,Wikimedia页面与国家图书馆数字副本具体再利用规则待核,unknown,L1,related,"[""1944改组更名""]","[""左舜生"", ""张澜"", ""中国民主同盟""]","[""重庆""]",PDF第2页目录可视核到《民憲》第一卷第三期及1944-06-15出版日；本候选代表可复查的同期政论刊物整期影像，用于观察民盟改组或一大前后的政治传播环境。它不是民盟组织规程、政治报告、会议记录或正式公告原件。,digital_image,NLC404-00J001436-85444；本地PDF第1—2页封面/目录；整期共41页；SHA256 c21e3e8464473cf68cafdda3e65d69e32fb2bce986f88aa9593479150c612618,已核验刊名、卷期、日期、目录页和整期可访问性；具体文章正文、作者、页码及与民盟正式文件的直接关系仍待逐页转录。,2026-07-19,codex,accepted,通过整期原刊记录级审核：NLC馆藏标识、期名/期号、日期、可见封面或目录页、页数/本地PDF和SHA256（如已登记）已核对。该接受只确认整期记录身份和可复查入口，不表示期内每篇文章均已逐字转录，不表示复制权利已无条件确认，也不替代民盟正式文件原件。,2026-07-19,codex,pass,2026-07-18 22:40:43,L1,related,1365
330,domestic:NLC:minxian-85445-1944-06-30,《民憲》第一卷第四期,左舜生主编／《民憲》编辑委员会,1944-06-30,同期政论刊物原刊整期扫描,NLC,中国国家图书馆数字化民国期刊（Wikimedia Commons镜像）,《民憲》,,,,NLC404-00J001436-85445,NLC404-00J001436-85445,verified,https://commons.wikimedia.org/wiki/File:NLC404-00J001436-85445_%E6%B0%91%E6%86%B2_1944%E2%80%931945%E5%B9%B4%E7%AC%AC%E4%B8%80%E5%8D%B7%E7%AC%AC%E5%9B%9B%E6%9C%9F.pdf,item_digital,open,公开47页PDF；本地副本：data/domestic/press_scans/NLC404-00J001436-85445_民憲_第一卷第四期.pdf,hybrid,full_item_online,unknown,citation_only,Wikimedia页面与国家图书馆数字副本具体再利用规则待核,unknown,L1,related,"[""1944改组更名""]","[""左舜生"", ""张澜"", ""中国民主同盟""]","[""重庆""]",PDF第2页目录可视核到《民憲》第一卷第四期及1944-06-30出版日；本候选代表可复查的同期政论刊物整期影像，用于观察民盟改组或一大前后的政治传播环境。它不是民盟组织规程、政治报告、会议记录或正式公告原件。,digital_image,NLC404-00J001436-85445；本地PDF第1—2页封面/目录；整期共47页；SHA256 c88a363f01432f1494adcde3f44c736414deeed2d528fbf550b37a5881f7f730,已核验刊名、卷期、日期、目录页和整期可访问性；具体文章正文、作者、页码及与民盟正式文件的直接关系仍待逐页转录。,2026-07-19,codex,accepted,通过整期原刊记录级审核：NLC馆藏标识、期名/期号、日期、可见封面或目录页、页数/本地PDF和SHA256（如已登记）已核对。该接受只确认整期记录身份和可复查入口，不表示期内每篇文章均已逐字转录，不表示复制权利已无条件确认，也不替代民盟正式文件原件。,2026-07-19,codex,pass,2026-07-18 22:40:43,L1,related,1366
331,domestic:NLC:minxian-85446-1944-07-16,《民憲》第一卷第五期,左舜生主编／《民憲》编辑委员会,1944-07-16,同期政论刊物原刊整期扫描,NLC,中国国家图书馆数字化民国期刊（Wikimedia Commons镜像）,《民憲》,,,,NLC404-00J001436-85446,NLC404-00J001436-85446,verified,https://commons.wikimedia.org/wiki/File:NLC404-00J001436-85446_%E6%B0%91%E6%86%B2_1944%E2%80%931945%E5%B9%B4%E7%AC%AC%E4%B8%80%E5%8D%B7%E7%AC%AC%E4%BA%94%E6%9C%9F.pdf,item_digital,open,公开53页PDF；本地副本：data/domestic/press_scans/NLC404-00J001436-85446_民憲_第一卷第五期.pdf,hybrid,full_item_online,unknown,citation_only,Wikimedia页面与国家图书馆数字副本具体再利用规则待核,unknown,L1,related,"[""1944改组更名""]","[""左舜生"", ""张澜"", ""中国民主同盟""]","[""重庆""]",PDF第2页目录可视核到《民憲》第一卷第五期及1944-07-16出版日；本候选代表可复查的同期政论刊物整期影像，用于观察民盟改组或一大前后的政治传播环境。它不是民盟组织规程、政治报告、会议记录或正式公告原件。,digital_image,NLC404-00J001436-85446；本地PDF第1—2页封面/目录；整期共53页；SHA256 25d339490905fc06832f4ddbaf7a367d761ef06e0b40f8439c6c1a8c8d6fd69a,已核验刊名、卷期、日期、目录页和整期可访问性；具体文章正文、作者、页码及与民盟正式文件的直接关系仍待逐页转录。,2026-07-19,codex,accepted,通过整期原刊记录级审核：NLC馆藏标识、期名/期号、日期、可见封面或目录页、页数/本地PDF和SHA256（如已登记）已核对。该接受只确认整期记录身份和可复查入口，不表示期内每篇文章均已逐字转录，不表示复制权利已无条件确认，也不替代民盟正式文件原件。,2026-07-19,codex,pass,2026-07-18 22:40:43,L1,related,1367
332,domestic:NLC:minxian-85448-1944-09-10,《民憲》第一卷第七期,左舜生主编／《民憲》编辑委员会,1944-09-10,同期政论刊物原刊整期扫描,NLC,中国国家图书馆数字化民国期刊（Wikimedia Commons镜像）,《民憲》,,,,NLC404-00J001436-85448,NLC404-00J001436-85448,verified,https://commons.wikimedia.org/wiki/File:NLC404-00J001436-85448_%E6%B0%91%E6%86%B2_1944%E2%80%931945%E5%B9%B4%E7%AC%AC%E4%B8%80%E5%8D%B7%E7%AC%AC%E4%B8%83%E6%9C%9F.pdf,item_digital,open,公开51页PDF；本地副本：data/domestic/press_scans/NLC404-00J001436-85448_民憲_第一卷第七期.pdf,hybrid,full_item_online,unknown,citation_only,Wikimedia页面与国家图书馆数字副本具体再利用规则待核,unknown,L1,related,"[""1944改组更名""]","[""左舜生"", ""张澜"", ""中国民主同盟""]","[""重庆""]",PDF第2页目录可视核到《民憲》第一卷第七期及1944-09-10出版日；本候选代表可复查的同期政论刊物整期影像，用于观察民盟改组或一大前后的政治传播环境。它不是民盟组织规程、政治报告、会议记录或正式公告原件。,digital_image,NLC404-00J001436-85448；本地PDF第1—2页封面/目录；整期共51页；SHA256 a1e2269150fea87cfcca1e2016662ecc953f9a9b2a151184aad62fad776f09e0,已核验刊名、卷期、日期、目录页和整期可访问性；具体文章正文、作者、页码及与民盟正式文件的直接关系仍待逐页转录。,2026-07-19,codex,accepted,通过整期原刊记录级审核：NLC馆藏标识、期名/期号、日期、可见封面或目录页、页数/本地PDF和SHA256（如已登记）已核对。该接受只确认整期记录身份和可复查入口，不表示期内每篇文章均已逐字转录，不表示复制权利已无条件确认，也不替代民盟正式文件原件。,2026-07-19,codex,pass,2026-07-18 22:40:43,L1,related,1368
333,domestic:NLC:minxian-85449-1944-10-12,《民憲》第一卷第八期,左舜生主编／《民憲》编辑委员会,1944-10-12,同期政论刊物原刊整期扫描,NLC,中国国家图书馆数字化民国期刊（Wikimedia Commons镜像）,《民憲》,,,,NLC404-00J001436-85449,NLC404-00J001436-85449,verified,https://commons.wikimedia.org/wiki/File:NLC404-00J001436-85449_%E6%B0%91%E6%86%B2_1944%E2%80%931945%E5%B9%B4%E7%AC%AC%E4%B8%80%E5%8D%B7%E7%AC%AC%E5%85%AB%E6%9C%9F.pdf,item_digital,open,公开55页PDF；本地副本：data/domestic/press_scans/NLC404-00J001436-85449_民憲_第一卷第八期.pdf,hybrid,full_item_online,unknown,citation_only,Wikimedia页面与国家图书馆数字副本具体再利用规则待核,unknown,L1,related,"[""1944改组更名""]","[""左舜生"", ""张澜"", ""中国民主同盟""]","[""重庆""]",PDF第2页目录可视核到《民憲》第一卷第八期及1944-10-12出版日；本候选代表可复查的同期政论刊物整期影像，用于观察民盟改组或一大前后的政治传播环境。它不是民盟组织规程、政治报告、会议记录或正式公告原件。,digital_image,NLC404-00J001436-85449；本地PDF第1—2页封面/目录；整期共55页；SHA256 867fcca3821c8cc3deb67ba1aae6a76e62f192c0c849805fa2fda4cc9835aa19,已核验刊名、卷期、日期、目录页和整期可访问性；具体文章正文、作者、页码及与民盟正式文件的直接关系仍待逐页转录。,2026-07-19,codex,accepted,通过整期原刊记录级审核：NLC馆藏标识、期名/期号、日期、可见封面或目录页、页数/本地PDF和SHA256（如已登记）已核对。该接受只确认整期记录身份和可复查入口，不表示期内每篇文章均已逐字转录，不表示复制权利已无条件确认，也不替代民盟正式文件原件。,2026-07-19,codex,pass,2026-07-18 22:40:43,L1,related,1369
334,domestic:NLC:minxian-85452-1945-01-15,《民憲》第一卷第十一期,左舜生主编／《民憲》编辑委员会,1945-01-15,同期政论刊物原刊整期扫描,NLC,中国国家图书馆数字化民国期刊（Wikimedia Commons镜像）,《民憲》,,,,NLC404-00J001436-85452,NLC404-00J001436-85452,verified,https://commons.wikimedia.org/wiki/File:NLC404-00J001436-85452_%E6%B0%91%E6%86%B2_1944%E2%80%931945%E5%B9%B4%E7%AC%AC%E4%B8%80%E5%8D%B7%E7%AC%AC%E5%8D%81%E4%B8%80%E6%9C%9F.pdf,item_digital,open,公开51页PDF；本地副本：data/domestic/press_scans/NLC404-00J001436-85452_民憲_第一卷第十一期.pdf,hybrid,full_item_online,unknown,citation_only,Wikimedia页面与国家图书馆数字副本具体再利用规则待核,unknown,L1,related,"[""1945民盟一大""]","[""左舜生"", ""张澜"", ""中国民主同盟""]","[""重庆""]",PDF第2页目录可视核到《民憲》第一卷第十一期及1945-01-15出版日；本候选代表可复查的同期政论刊物整期影像，用于观察民盟改组或一大前后的政治传播环境。它不是民盟组织规程、政治报告、会议记录或正式公告原件。,digital_image,NLC404-00J001436-85452；本地PDF第1—2页封面/目录；整期共51页；SHA256 71edf42b8f1e532edb277c2899f2a9a548f531a1cd76c6f7b79a69b1fdce0d2e,已核验刊名、卷期、日期、目录页和整期可访问性；具体文章正文、作者、页码及与民盟正式文件的直接关系仍待逐页转录。,2026-07-19,codex,accepted,通过整期原刊记录级审核：NLC馆藏标识、期名/期号、日期、可见封面或目录页、页数/本地PDF和SHA256（如已登记）已核对。该接受只确认整期记录身份和可复查入口，不表示期内每篇文章均已逐字转录，不表示复制权利已无条件确认，也不替代民盟正式文件原件。,2026-07-19,codex,pass,2026-07-18 22:40:43,L1,related,1370
335,domestic:NLC:minxian-85453-1945-02-25,《民憲》第一卷第十二期,左舜生主编／《民憲》编辑委员会,1945-02-25,同期政论刊物原刊整期扫描,NLC,中国国家图书馆数字化民国期刊（Wikimedia Commons镜像）,《民憲》,,,,NLC404-00J001436-85453,NLC404-00J001436-85453,verified,https://commons.wikimedia.org/wiki/File:NLC404-00J001436-85453_%E6%B0%91%E6%86%B2_1944%E2%80%931945%E5%B9%B4%E7%AC%AC%E4%B8%80%E5%8D%B7%E7%AC%AC%E5%8D%81%E4%BA%8C%E6%9C%9F.pdf,item_digital,open,公开45页PDF；本地副本：data/domestic/press_scans/NLC404-00J001436-85453_民憲_第一卷第十二期.pdf,hybrid,full_item_online,unknown,citation_only,Wikimedia页面与国家图书馆数字副本具体再利用规则待核,unknown,L1,related,"[""1945民盟一大""]","[""左舜生"", ""张澜"", ""中国民主同盟""]","[""重庆""]",PDF第2页目录可视核到《民憲》第一卷第十二期及1945-02-25出版日；本候选代表可复查的同期政论刊物整期影像，用于观察民盟改组或一大前后的政治传播环境。它不是民盟组织规程、政治报告、会议记录或正式公告原件。,digital_image,NLC404-00J001436-85453；本地PDF第1—2页封面/目录；整期共45页；SHA256 bd753ca717908b0556e04dad0fa18519830a8cd3470d25eafbceae17f3c6fe4a,已核验刊名、卷期、日期、目录页和整期可访问性；具体文章正文、作者、页码及与民盟正式文件的直接关系仍待逐页转录。,2026-07-19,codex,accepted,通过整期原刊记录级审核：NLC馆藏标识、期名/期号、日期、可见封面或目录页、页数/本地PDF和SHA256（如已登记）已核对。该接受只确认整期记录身份和可复查入口，不表示期内每篇文章均已逐字转录，不表示复制权利已无条件确认，也不替代民盟正式文件原件。,2026-07-19,codex,pass,2026-07-18 22:40:43,L1,related,1371
336,domestic:NLC:minxian-85454-1945-05-15,《民憲》第二卷第一期,左舜生主编／《民憲》编辑委员会,1945-05-15,同期政论刊物原刊整期扫描,NLC,中国国家图书馆数字化民国期刊（Wikimedia Commons镜像）,《民憲》,,,,NLC404-00J001436-85454,NLC404-00J001436-85454,verified,https://commons.wikimedia.org/wiki/File:NLC404-00J001436-85454_%E6%B0%91%E6%86%B2_1944%E2%80%931945%E5%B9%B4%E7%AC%AC%E4%BA%8C%E5%8D%B7%E7%AC%AC%E4%B8%80%E6%9C%9F.pdf,item_digital,open,公开71页PDF；本地副本：data/domestic/press_scans/NLC404-00J001436-85454_民憲_第二卷第一期.pdf,hybrid,full_item_online,unknown,citation_only,Wikimedia页面与国家图书馆数字副本具体再利用规则待核,unknown,L1,related,"[""1945民盟一大""]","[""左舜生"", ""张澜"", ""中国民主同盟""]","[""重庆""]",PDF第2页目录可视核到《民憲》第二卷第一期及1945-05-15出版日；本候选代表可复查的同期政论刊物整期影像，用于观察民盟改组或一大前后的政治传播环境。它不是民盟组织规程、政治报告、会议记录或正式公告原件。,digital_image,NLC404-00J001436-85454；本地PDF第1—2页封面/目录；整期共71页；SHA256 ea8481761246aa26c98f9a7a058e894597c551798fb5ad37f30c400a4cb34fcd,已核验刊名、卷期、日期、目录页和整期可访问性；具体文章正文、作者、页码及与民盟正式文件的直接关系仍待逐页转录。,2026-07-19,codex,accepted,通过整期原刊记录级审核：NLC馆藏标识、期名/期号、日期、可见封面或目录页、页数/本地PDF和SHA256（如已登记）已核对。该接受只确认整期记录身份和可复查入口，不表示期内每篇文章均已逐字转录，不表示复制权利已无条件确认，也不替代民盟正式文件原件。,2026-07-19,codex,pass,2026-07-18 22:40:43,L1,related,1372
337,domestic:NLC:minxian-85455-1945-06-13,《民憲》第二卷第二期,左舜生主编／《民憲》编辑委员会,1945-06-13,同期政论刊物原刊整期扫描,NLC,中国国家图书馆数字化民国期刊（Wikimedia Commons镜像）,《民憲》,,,,NLC404-00J001436-85455,NLC404-00J001436-85455,verified,https://commons.wikimedia.org/wiki/File:NLC404-00J001436-85455_%E6%B0%91%E6%86%B2_1944%E2%80%931945%E5%B9%B4%E7%AC%AC%E4%BA%8C%E5%8D%B7%E7%AC%AC%E4%BA%8C%E6%9C%9F.pdf,item_digital,open,公开45页PDF；本地副本：data/domestic/press_scans/NLC404-00J001436-85455_民憲_第二卷第二期.pdf,hybrid,full_item_online,unknown,citation_only,Wikimedia页面与国家图书馆数字副本具体再利用规则待核,unknown,L1,related,"[""1945民盟一大""]","[""左舜生"", ""张澜"", ""中国民主同盟""]","[""重庆""]",PDF第2页目录可视核到《民憲》第二卷第二期及1945-06-13出版日；本候选代表可复查的同期政论刊物整期影像，用于观察民盟改组或一大前后的政治传播环境。它不是民盟组织规程、政治报告、会议记录或正式公告原件。,digital_image,NLC404-00J001436-85455；本地PDF第1—2页封面/目录；整期共45页；SHA256 449086e77f910796d78a924782cc7cfc830e2a77b0df62c04e6c0fb209cfb7de,已核验刊名、卷期、日期、目录页和整期可访问性；具体文章正文、作者、页码及与民盟正式文件的直接关系仍待逐页转录。,2026-07-19,codex,accepted,通过整期原刊记录级审核：NLC馆藏标识、期名/期号、日期、可见封面或目录页、页数/本地PDF和SHA256（如已登记）已核对。该接受只确认整期记录身份和可复查入口，不表示期内每篇文章均已逐字转录，不表示复制权利已无条件确认，也不替代民盟正式文件原件。,2026-07-19,codex,pass,2026-07-18 22:40:43,L1,related,1373
338,domestic:MMHIST:organization-regulation-1945,中国民主同盟组织规程,中国民主同盟临时全国代表大会,1945-10,正式汇编收录的组织规程,MMHIST,中国民主同盟中央文史资料委员会／公开数字化扫描,《中国民主同盟历史文献 1941—1949》（1983）,,,,,《中国民主同盟历史文献 1941—1949》（中国民主同盟中央文史资料委员会编，文史资料出版社，1983年4月），书内第94—97页；扫描书内页码,verified,https://www.marxists.org/chinese/pdf/history_of_international/china/mzhtm1.pdf,item_surrogate,open,公开扫描 PDF；目录页和书内页码可核对；本地页图已导出,hybrid,surrogate_online,public,citation_only,公开扫描副本及原汇编复制权利待核,unknown,L2,core,"[""1945民盟一大""]","[""中国民主同盟""]","[""重庆"", ""特园""]",正文页界已核读：公开扫描 PDF 第124—127页（书内第94—97页）连续构成《中国民主同盟组织规程》，第124页有标题和“一九四五年十月临时全国代表大会通过”，第127页以第二十七条收束；第128页已转入《中国民主同盟中常委黄炎培致国共会谈代表函》（一九四五年十月三十日）。日期仅精确到1945年10月（汇编未给具体日）。,digital_image,PDF第124—127页（书内第94—97页）本地页图：work/domestic/mmhist_org_regulation_1945_pages/page-124.png至page-127.png；PDF第128页为下一文边界核验：work/domestic/mmhist_org_regulation_1945_pages/page-128.png；同源页亦见 work/domestic/mmhist_congress_1945_pages/page-124.png 等。,1983年正式汇编重刊不替代1945年大会原始印本或同期发表载体；全文逐字转录、异文与复制权利未完成；不能写作“1945原件已取得”。,2026-07-19,codex,accepted,2026-08-02 降级 lead_only：surrogate_online 无可采集全文，仅线索登记；未真正进入 documents/pages，不再计入已收集。,2026-07-19,codex,lead_only,2026-07-19 01:38:33,L2,core,
339,domestic:NLC:guangmingbao-1946-issue05-beijing-comrades-editorial,為赴京的同盟同志們！,《光明報》社,1946-10-28,同期报刊社论／公开原刊影像,NLC,中国国家图书馆数字化民国期刊（Wikimedia Commons镜像）,民国期刊／光明報,,,,NLC404-01J000514-10426,NLC404-01J000514-10426；《光明報》新五號第1页社论,verified,https://commons.wikimedia.org/wiki/File%3ANLC404-01J000514-10426_%E5%85%89%E6%98%8E%E5%A0%B1_1946%E5%B9%B45%E6%9C%9F.pdf,item_digital,open,公开20页PDF；本地：data/domestic/press_scans/NLC404-01J000514-10426_光明報_1946年5期.pdf,hybrid,full_item_online,unknown,citation_only,Wikimedia与国家图书馆数字副本再利用规则待核,unknown,L1,core,"[""1946拒绝参加国民大会"", ""1946旧政协""]","[""中国民主同盟"", ""梁漱溟""]","[""香港"", ""南京""]",《光明報》新五號（1946-10-28）第1页中央社论题名可辨为《為赴京的同盟同志們！》；正文围绕民盟代表赴京、和平谈判与国民大会争议。第2页转入李闻案相关短评《官商民血債》等，故社论页界保守记为第1页。,digital_image,NLC404-01J000514-10426；PDF第1页；work/domestic/guangmingbao_1946_phase2_pages/issue05/page-01.png；边界核验page-02.png；整期SHA256 306b5dbe735a5950497c26e2f7ff510961f54e2dbdf4f443c8f0dfa83468194f,题名与日期已由页图确认；全文逐字转录、异文与复制权利未完成。第1页以下是否尚有同题续文未扩读。,2026-07-19,codex,accepted,通过记录级同期原刊影像审核：题名、日期、文章页位、原刊来源和本地页图/PDF定位已核对；accepted 只表示记录身份和页级入口通过，不表示全文逐字转录、异文整理、署名补全或复制权利已经完成。 统一审核：新五號首面社论与第2页边界通过。,2026-07-19,codex,pass,2026-07-19 01:44:37,L1,core,1374
340,domestic:NLC:guangmingbao-1946-issue9-anti-civil-war-conscription-editorial,反對內戰，反對徵兵！,《光明報》社,1946-08-21,同期报刊社论／公开原刊影像,NLC,中国国家图书馆数字化民国期刊（Wikimedia Commons镜像）,民国期刊／光明報,,,,NLC404-01J000514-10430,NLC404-01J000514-10430；《光明報》新九號第1页社论,verified,https://commons.wikimedia.org/wiki/File%3ANLC404-01J000514-10430_%E5%85%89%E6%98%8E%E5%A0%B1_1946%E5%B9%B49%E6%9C%9F.pdf,item_digital,open,公开16页PDF；本地：data/domestic/press_scans/NLC404-01J000514-10430_光明報_1946年9期.pdf,hybrid,full_item_online,unknown,citation_only,Wikimedia与国家图书馆数字副本再利用规则待核,unknown,L1,core,"[""1946李闻事件""]","[""中国民主同盟""]","[""香港""]",《光明報》新九號（1946-08-21）第1页中央社论题名可辨为《反對內戰，反對徵兵！》；位于李闻惨案后，提供机关报同期舆论入口。整期证据已接受，本条为文章级独立登记。,digital_image,NLC404-01J000514-10430；PDF第1页；work/domestic/guangmingbao_1946_phase2_pages/issue09/page-01.png；整期SHA256 b7ad7c28eb35d6f8634e2652dbc64ea7f01c9e25040581a14c4394cac9067cd4,题名与日期已确认；全文转录、署名细则和与正式抗议声明的关系未闭环。不把社论当作民盟总部正式文件。,2026-07-19,codex,accepted,通过记录级同期原刊影像审核：题名、日期、文章页位、原刊来源和本地页图/PDF定位已核对；accepted 只表示记录身份和页级入口通过，不表示全文逐字转录、异文整理、署名补全或复制权利已经完成。 统一审核：新九號首面社论题名与页位通过。,2026-07-19,codex,pass,2026-07-19 01:44:37,L1,core,1375
341,domestic:NLC:guangmingbao-1946-issue10-guangdong-kmt-protest-editorial,向廣東國民黨當局抗議,《光明報》社,1946-08-28,同期报刊社论／公开原刊影像,NLC,中国国家图书馆数字化民国期刊（Wikimedia Commons镜像）,民国期刊／光明報,,,,NLC404-01J000514-10431,NLC404-01J000514-10431；《光明報》新十號第1页社论,verified,https://commons.wikimedia.org/wiki/File%3ANLC404-01J000514-10431_%E5%85%89%E6%98%8E%E5%A0%B1_1946%E5%B9%B410%E6%9C%9F.pdf,item_digital,open,公开16页PDF；本地：data/domestic/press_scans/NLC404-01J000514-10431_光明報_1946年10期.pdf,hybrid,full_item_online,unknown,citation_only,Wikimedia与国家图书馆数字副本再利用规则待核,unknown,L1,core,"[""1946李闻事件""]","[""中国民主同盟""]","[""香港"", ""广东""]",《光明報》新十號（1946-08-28）第1页中央社论题名可辨为《向廣東國民黨當局抗議》；正文涉及地方当局压迫与民盟相关抗议语境。,digital_image,NLC404-01J000514-10431；PDF第1页；work/domestic/guangmingbao_1946_phase2_pages/issue10/page-01.png；整期SHA256 3ff69100868d575fe6b95702e47481ed51aa4090b94e413ba181a4f6a2d8bd98,题名与日期已确认；全文转录、具体事件指涉与复制权利未完成。,2026-07-19,codex,accepted,通过记录级同期原刊影像审核：题名、日期、文章页位、原刊来源和本地页图/PDF定位已核对；accepted 只表示记录身份和页级入口通过，不表示全文逐字转录、异文整理、署名补全或复制权利已经完成。 统一审核：新十號首面社论题名与页位通过。,2026-07-19,codex,pass,2026-07-19 01:44:37,L1,core,1376
342,domestic:NLC:minmeng-wenxian-1946-toc-political-report-gap,代表大会政治报告（1946《民主同盟文獻》目录条目；正文缺页）,中国民主同盟（目录著录）；民盟总部编印《民主同盟文獻》,1945-10-11,同期官方汇编目录条目／正文硬缺口,NLC,中国国家图书馆数字化文献（Wikimedia Commons镜像）,《民主同盟文獻》（1946）,,,,NLC416-01jh004281-12557,目录PDF第6页第（十一）条：代表大会政治报告；著录页码（四九）；日期民国三十四年十月十一日,verified,https://commons.wikimedia.org/wiki/File:NLC416-01jh004281-12557_%E6%B0%91%E4%B8%BB%E5%90%8C%E7%9B%9F%E6%96%87%E7%8D%BB.pdf,item_digital,open,公开176页PDF已本地保存；目录可核，目标正文在该书扫描中未形成可核对起止页,hybrid,full_item_online,unknown,citation_only,公开扫描副本权利待核,unknown,L3,core,"[""1945民盟一大""]","[""中国民主同盟""]","[""重庆""]",阶段2复核：目录（PDF第6页）明确列出（十一）代表大会政治报告，日期三十四年十月十一日，页码四九。但印刷第49页（PDF第57页）实际为《中国民主同盟纲领》连续正文（经济等章），并非政治报告起页；纲领起于PDF第48页（印刷40），宣言起于PDF第73页（印刷65，与目录十二条一致）。故目录条目与正文错位，构成可复查硬缺口。不得把目录页码当成正文命中。,catalogue,目录：work/domestic/minmeng_wenxian_1946/phase2_toc_survey/page-006.png；印刷49页探针：work/domestic/minmeng_wenxian_1946/phase2_political_report_probe/page-057.png；纲领起页page-048.png；宣言起页page-073.png,本书公开扫描中政治报告正文起止仍未找到；1983《历史文献》另有政治报告PDF101—117可互证但不等于1946汇编收文。不新建猜测性正文页码。,2026-07-19,grok,accepted,"L3 accepted (Phase 1 sprint 39 Wed, 2026-07-22): 59 L3 pending (1 full + 58 catalogue), claude-code/codex/grok 抽检通过 (72 claude + 1 codex + 1 grok); L3 = 目录级 + 引用转录, accept 表示记录身份 + 元数据齐 + URL 可达, 不代表原档已实物核校或全文已逐字转录; 15 not_online cheer-only hard gap 走 P0 模板 (上海民主党派志/盟贤/RCL 资料汇编).；图片候选不入 OCR；仅线索登记 2026-08-02T08:18:31+00:00",2026-07-22,claude-code,lead_only,2026-07-19 01:44:37,L3,core,
343,domestic:SHPRESS:zhanglan-shidai-ribao-1947-11-07-lead,张澜个人书面谈话（1947-11-07《时代日报》等出处线索）,张澜,1947-11-07,同期报刊谈话出处线索,SHPRESS,上海《时代日报》等（后期盟史与研究引文）,1947解散后张澜个人声明传播链,,,,,后期盟史叙述：11月7日张澜个人书面谈话刊于上海《时代日报》；《大公报》亦有转载线索,pending,http://www.sdmm.org.cn/bencandy.php?fid=33&id=7998,bibliography,open,公开盟史网页给出出处路径；原报面未取得,unknown,not_online,unknown,citation_only,二次叙述与引文，非原报,unknown,L4,related,"[""1947民盟被宣布非法""]","[""张澜""]","[""上海""]",阶段3公开检索复核：山东民盟等后期盟史页记载11月6日总部解散公告见报后，11月7日张澜以个人名义在上海《时代日报》发表书面谈话，表示信念不改。此为传播链线索，不是总部解散公告原件，也不是《时代日报》原版。,secondary_lead,盟史网页叙述段落；访问日期2026-07-19,须取得《时代日报》1947-11-07原版或馆藏复制件后方可升级；不得与11-06总部公告混并。,2026-07-19,grok,needs_human_review,与既有张澜谈话路径卡互补；保持L4。 统一审核：维持 L4/needs_human_review（L4 lead only），不升级。,,,,2026-07-19 01:44:37,,,
344,domestic:NLC:guangmingbao-1948-1949-v2n12-taiwan-liberation,談台灣解放問題,庄喜农,1949-02-12,同期政论报刊文章／公开原刊影像,NLC,中国国家图书馆数字化民国期刊（Wikimedia Commons镜像）,民国期刊／光明報,,,,NLC404-01J000514-72821,NLC404-01J000514-72821；《光明報》1949年2卷12期PDF第4页,verified,https://commons.wikimedia.org/wiki/File:NLC404-01J000514-72821_光明報_1949年2卷12期.pdf,item_digital,open,公开20页PDF；本地press_scans与v2n12_pages,hybrid,full_item_online,unknown,citation_only,公开扫描再利用规则待核,unknown,L1,related,"[""1949第一届政协""]","[""庄喜农""]","[""台湾""]",《光明報》1949年第二卷第十二期PDF第4页页首题名《談台灣解放問題》，署庄喜农；第3页结束《我們對和平的態度》后转入本文。PDF第5页为同刊目录/封面式版面（列有本篇题名），第6页转入秋枫《怎樣將革命進行到底》，故本篇正文页界记为PDF第4页单页。,digital_image,NLC404-01J000514-72821；PDF第4页；work/domestic/guangmingbao_1948_1949/v2n12_pages/page-04.png；边界page-03.png（上一文末）、page-05.png（目录页）、page-06.png（下一文）,起页与署名已确认；止页与全文转录未完成。,2026-07-19,codex,accepted,通过记录级同期原刊影像审核：题名、署名、起页与下一文/目录页边界已核对；accepted 只表示记录身份和页级入口通过，不表示全文逐字转录或复制权利完成。,2026-07-19,codex,pass,2026-07-19 01:44:37,L1,related,1377
345,domestic:NLC:guangmingbao-1946-issue03-double-ten-task-article,為完成雙十節的歷史任務而奮鬥,李平達,1946-10-08,同期报刊文章／公开原刊影像,NLC,中国国家图书馆数字化民国期刊（Wikimedia Commons镜像）,民国期刊／光明報,,,,NLC404-01J000514-10424,NLC404-01J000514-10424；《光明報》新三號第1页,verified,https://commons.wikimedia.org/wiki/File%3ANLC404-01J000514-10424_%E5%85%89%E6%98%8E%E5%A0%B1_1946%E5%B9%B43%E6%9C%9F.pdf,item_digital,open,公开16页PDF；本地 press_scans 与 phase2 页图,hybrid,full_item_online,unknown,citation_only,公开扫描再利用规则待核,unknown,L1,related,"[""1946旧政协""]","[""李平達""]","[""香港""]",《光明報》新三號（1946-10-08）第1页中栏大题可辨为《為完成雙十節的歷史任務而奮鬥》，副题纪念双十节第三十五周年，署李平達。第2页转入《民盟呼吁停战恢复和平电文》及短评栏等，故本篇正文页界为PDF第1页单页。,digital_image,NLC404-01J000514-10424；PDF第1页；work/domestic/guangmingbao_1946_phase2_pages/issue03/page-01.png；边界page-02.png；整期16页；SHA256 826fba6a608093972cf54dabf8a9a117ff6e1416767610d6d49a35c0c58328de,题名、署名、起止页已目视；全文逐字转录与复制权利未完成。竖排断行可能影响个别字形。,2026-07-19,grok,accepted,通过记录级同期原刊影像审核（多智能体L1队列复核）：题名、日期、页界与本地页图已核对；accepted 只表示记录身份和页级入口，不表示全文转录或复制权利完成。,2026-07-19,codex,pass,2026-07-19 01:49:59,L1,related,1378
346,domestic:CPPCC:liang-shuming-guangmingbao-founding-2020,梁漱溟：中国民主同盟的创建（述及1941《光明报》创刊与10-10/10-16发表）,梁漱溟（回忆/访谈整理）；全国政协网站转载,,后期官方网站转载的亲历叙述,CPPCC,中国人民政治协商会议全国委员会网站,文史资料/盟史叙述,,,,,ARTI1582070436123130,verified,http://www.cppcc.gov.cn/zxww/2020/02/19/ARTI1582070436123130.shtml,bibliography,open,公开网页；访问日期2026-07-19；页内提及创刊号配图但非可下载原刊PDF,digital,full_item_online,public,citation_only,官网转载，版权与配图权属待核,unknown,L4,related,"[""1941民盟前身""]","[""梁漱溟"", ""中国民主政团同盟""]","[""香港"", ""重庆""]",2026-07-19阶段1公开检索：全国政协网站文章详述1941年香港《光明报》创刊、10月10日登载成立宣言与十大纲领、10月16日成立社论。属亲历者后期整理/转载叙述。文中提及「创刊号」配图说明，但页面未提供可保存的原刊整版扫描，不能替代港大缩微或原报影像。,secondary_lead,网页正文段落（访问日期2026-07-19）,后期叙述与配图说明；日期与题名可作追索词，不得作L1原刊。,2026-07-19,grok,accepted,T1 accepted (codex-style 复审 2026-07-21)：L4 29 地方民盟 lead-文章 + ZL1872 + CPPCC = 官方平台 + citation_only + full_item_online；LX 4 wikisource 1941/1946 公开转录 = webfetch 2026-07-21 全部 200；L3 3 强 primary source (HNMM 1948 五一 / YADS 1945 延安会谈记录 / LNU 1941 光明报索引)；accept 表示：URL 可达 / 身份可核 / 引用合规；不代表原档已实物核校 / 全文已逐字转录 / 复制权利已清。,2026-07-21,human,pass,2026-07-19 03:06:35,L4,related,1493
347,domestic:NLC:guangmingbao-1946-issue03-ceasefire-telegram,民盟呼吁停战恢复和平电文,中国民主同盟（报面电文；形成机关以正文为准）,1946-10-08,同期报刊电文／公开原刊影像,NLC,中国国家图书馆数字化民国期刊（Wikimedia Commons镜像）,民国期刊／光明報,,,,NLC404-01J000514-10424,NLC404-01J000514-10424；《光明報》新三號第2页,verified,https://commons.wikimedia.org/wiki/File%3ANLC404-01J000514-10424_%E5%85%89%E6%98%8E%E5%A0%B1_1946%E5%B9%B43%E6%9C%9F.pdf,item_digital,open,公开16页PDF；本地press_scans与phase2页图,hybrid,full_item_online,unknown,citation_only,公开扫描再利用规则待核,unknown,L1,core,"[""1946旧政协"", ""1946拒绝参加国民大会""]","[""中国民主同盟""]","[""香港""]",新三號第2页右侧大栏题名可辨为《民盟呼吁停战恢复和平电文》；同页另有短评栏及《评彭学沛氏十月二日的声明》等。本条仅登记电文栏；止页保守记为第2页（未扩读第3页是否续文）。,digital_image,NLC404-01J000514-10424；PDF第2页；work/domestic/guangmingbao_1946_phase2_pages/issue03/page-02.png,题名与版面已确认；全文转录、是否跨页、正式形成日期细节待核。,2026-07-19,grok,accepted,通过记录级同期原刊影像审核（多智能体L1队列复核）：题名、日期、页界与本地页图已核对；accepted 只表示记录身份和页级入口，不表示全文转录或复制权利完成。,2026-07-19,codex,pass,2026-07-19 03:09:50,L1,core,1379
348,domestic:NLC:guangmingbao-1948-1949-v1n1-current-tasks-zhangbojun,略論民主同盟當前的任務,章伯鈞,1948-03-01,同期政论报刊文章／公开原刊影像,NLC,中国国家图书馆数字化民国期刊（Wikimedia Commons镜像）,民国期刊／光明報,,,,NLC404-01J000514-10484,NLC404-01J000514-10484；《光明報》1948年1卷1期PDF第5页,verified,https://commons.wikimedia.org/wiki/File:NLC404-01J000514-10484_光明報_1948年1卷1期.pdf,item_digital,open,公开24页PDF；本地 v1n1_pages,hybrid,full_item_online,unknown,citation_only,公开扫描再利用规则待核,unknown,L1,core,"[""1948三中全会"", ""1948五一口号""]","[""章伯钧"", ""中国民主同盟""]",[],1948年第一卷第一期PDF第5页页首题名《略論民主同盟當前的任務》，署章伯鈞；第4页为《民盟三中全会的成就》（沈钧儒）已另卡；第6页转入高集《駁胡適〈國際形勢裏的兩個問題〉》，故本篇页界为PDF第5页单页。,digital_image,NLC404-01J000514-10484；PDF第5页；work/domestic/guangmingbao_1948_1949/v1n1_pages/page-05.png；边界page-04.png、page-06.png；整期SHA256 55ac4cedee420a41427dbed23ccd4870adfac4315e987ef78aed20b1101b26e8,题名、署名、页界已目视；全文转录与权利未完成。,2026-07-19,grok,accepted,通过记录级同期原刊影像审核（多智能体L1队列复核）：题名、日期、页界与本地页图已核对；accepted 只表示记录身份和页级入口，不表示全文转录或复制权利完成。,2026-07-19,codex,pass,2026-07-19 03:09:50,L1,core,1380
349,domestic:NLC:guangmingbao-1948-1949-v1n1-refute-hu-shi-gaoji,駁胡適《國際形勢裏的兩個問題》,高集,1948-03-01,同期政论报刊文章／公开原刊影像,NLC,中国国家图书馆数字化民国期刊（Wikimedia Commons镜像）,民国期刊／光明報,,,,NLC404-01J000514-10484,NLC404-01J000514-10484；《光明報》1948年1卷1期PDF第6—8页,verified,https://commons.wikimedia.org/wiki/File:NLC404-01J000514-10484_光明報_1948年1卷1期.pdf,item_digital,open,公开24页PDF；本地 v1n1_pages,hybrid,full_item_online,unknown,citation_only,公开扫描再利用规则待核,unknown,L1,related,"[""1948三中全会"", ""1948五一口号""]","[""高集"", ""胡适""]",[],PDF第6页页首大题《駁胡適〈國際形勢裏的兩個問題〉》，署高集；第7—8页为连续正文；第9页转入郭沫若近影与另一文，故页界为PDF第6—8页。,digital_image,NLC404-01J000514-10484；PDF第6—8页；work/domestic/guangmingbao_1948_1949/v1n1_pages/page-06.png至page-08.png；边界page-09.png；整期SHA256 55ac4cedee420a41427dbed23ccd4870adfac4315e987ef78aed20b1101b26e8,题名、署名、连续页界已目视；全文转录未完成。,2026-07-19,grok,accepted,通过记录级同期原刊影像审核（多智能体L1队列复核）：题名、日期、页界与本地页图已核对；accepted 只表示记录身份和页级入口，不表示全文转录或复制权利完成。,2026-07-19,codex,pass,2026-07-19 03:16:34,L1,related,1381
350,domestic:NLC:guangmingbao-1948-1949-v1n12-three-premises-li-xiangfu,三個前提與五項原則,李相符,1948-08-16,同期政论报刊文章／公开原刊影像,NLC,中国国家图书馆数字化民国期刊（Wikimedia Commons镜像）,民国期刊／光明報,,,,NLC404-01J000514-10514,NLC404-01J000514-10514；《光明報》1948年1卷12期PDF第3—5页,verified,https://commons.wikimedia.org/wiki/File:NLC404-01J000514-10514_光明報_1948年1卷12期.pdf,item_digital,open,公开20页PDF；本地 v1n12_pages,hybrid,full_item_online,unknown,citation_only,公开扫描再利用规则待核,unknown,L1,core,"[""1948三中全会"", ""1948五一口号""]","[""李相符"", ""中国民主同盟""]",[],PDF第3页页首大题《三個前提與五項原則》，署李相符，副题涉及新政协共同施政纲领意见；第4页连续正文；第5页续文末并见本期目录栏（反对美国援蒋扶日、本篇等）。上一文《反對美國援蔣扶日》止于第2页。页界记为PDF第3—5页。,digital_image,NLC404-01J000514-10514；PDF第3—5页；work/domestic/guangmingbao_1948_1949/v1n12_pages/page-03.png至page-05.png；边界page-02.png；整期SHA256 0ae20c45cbc20e06399c7133d12379a318643c0f2eafa2fc3852fac222a47450,题名、署名、起止页已目视；第5页含目录栏，正文止点以目视续文收束为准，全文转录未完成。,2026-07-19,grok,accepted,通过记录级同期原刊影像审核（多智能体L1队列复核）：题名、日期、页界与本地页图已核对；accepted 只表示记录身份和页级入口，不表示全文转录或复制权利完成。,2026-07-19,codex,pass,2026-07-19 03:16:34,L1,core,1382
351,domestic:NLC:guangmingbao-1947-12-congratulate-second-plenum-editorial,祝民盟二中全會,《光明報》社,1947-01-08,同期报刊社论／公开原刊影像,NLC,中国国家图书馆数字化民国期刊（Wikimedia Commons镜像）,民国期刊／光明報,,,,NLC404-01J000514-72818,NLC404-01J000514-72818；《光明報》新十二號第2页社论,verified,https://commons.wikimedia.org/wiki/File:NLC404-01J000514-72818_光明報_1947年12期.pdf,item_digital,open,公开16页PDF；本地 continue_pages/1947_12,hybrid,full_item_online,unknown,citation_only,公开扫描再利用规则待核,unknown,L1,core,"[""1947民盟被宣布非法""]","[""中国民主同盟""]","[""香港""]",新十二號（1947-08-08）封面目录列出多篇；PDF第2页中央社论题名可辨为《祝民盟二中全會》。封面目录另有胡愈之《民盟二中全會與國內局勢》等，本条仅登记第2页社论。注：一届二中全会召开于1947年1月，本稿为8月机关报相关社论，不作会期日期臆测。,digital_image,NLC404-01J000514-72818；PDF第2页；work/domestic/continue_pages/1947_12/page-02.png；封面目录page-01.png；整期SHA256 f61c03880c043ff7bbfb12bc170a3e92f6e2c65f70325bb46aafff20cc9001dd,社论题名与报面日期已确认；与1947年1月二中全会正式文件关系、全文转录待核。 【期号日期纠错2026-07-19】NLC文件名/旧登记写作「新十二號/1947-08-08」，封面目视为「新二十號」+「民國三十六年一月八日」（1947-01-08）；以封面实物为准。与 NLC404-01J000514-10459（另登记1947-06-23新二十號）为不同文件，SHA不同。,2026-07-19,codex,accepted,通过记录级原刊影像审核（多智能体抽检通过后主会话接受）：题名、日期、页界与本地页图已核对；accepted 只表示记录身份与页级入口，不表示全文转录或复制权利完成。,2026-07-19,codex,pass,2026-07-19 03:16:34,L1,core,1383
352,domestic:NLC:guangmingbao-1947-issue22-fight-for-human-rights-editorial,為爭取基本的人權而奮鬥,《光明報》社,1947-08-01,同期报刊社论／公开原刊影像,NLC,中国国家图书馆数字化民国期刊（Wikimedia Commons镜像）,民国期刊／光明報,,,,NLC404-01J000514-10483,NLC404-01J000514-10483；《光明報》新二十二號第2页社论,verified,https://commons.wikimedia.org/wiki/File%3ANLC404-01J000514-10483_%E5%85%89%E6%98%8E%E5%A0%B1_1947%E5%B9%B422%E6%9C%9F.pdf,item_digital,open,公开20页PDF；本地 continue_pages/1947_22,hybrid,full_item_online,unknown,citation_only,公开扫描再利用规则待核,unknown,L1,core,"[""1946李闻事件""]","[""李公朴"", ""闻一多"", ""邹韬奋"", ""陶行知""]","[""香港""]",新二十二號（1947-08-01）鄒李聞陶四先生烈士紀念特輯；封面目录与正文综合题名作《為爭取基本的人權而奮鬥》；PDF第2—3页为社论连续正文，第4页转入鄧初民《再論中間路線問題》。,digital_image,NLC404-01J000514-10483；PDF第2—3页；work/domestic/continue_pages/1947_22/page-02.png；page-03.png；边界page-04.png；封面目录page-01.png,社论题名与特辑语境已确认；全文转录、特辑内各文页界另待拆分。,2026-07-19,codex,accepted,通过记录级原刊影像审核（多智能体抽检通过后主会话接受）：题名、日期、页界与本地页图已核对；accepted 只表示记录身份与页级入口，不表示全文转录或复制权利完成。,2026-07-19,codex,pass,2026-07-19 03:16:34,L1,core,1384
353,domestic:NLC:guangmingbao-1947-12-si-tan-guo-shi,肆談國事,陳此生,1947-01-08,同期报刊文章／公开原刊影像,NLC,中国国家图书馆数字化民国期刊（Wikimedia Commons镜像）,民国期刊／光明報,,,,NLC404-01J000514-72818,NLC404-01J000514-72818；《光明報》新二十號PDF第4—6页,verified,https://commons.wikimedia.org/wiki/File:NLC404-01J000514-72818_光明報_1947年12期.pdf,item_digital,open,公开16页PDF；本地 work/domestic/continue_pages/1947_12 与 data/domestic/press_scans/NLC404-01J000514-72818_光明報_1947年12期.pdf,hybrid,full_item_online,unknown,citation_only,公开扫描再利用规则待核,unknown,L1,core,"[""1947民盟被宣布非法""]","[""陳此生"", ""中国民主同盟""]","[""香港""]",封面目录列陳此生《肆談國事》；PDF第4页右栏大字题名《肆談國事》及署名「陳此生」可辨；第4页起「一、詐風不止國禍難已」，第5页续「二、所謂為政協憲草而參加國大」「三、所謂有武裝的政黨」，第6页可见「四、兩種民主和和平」编号连续。第6页同页起栏另见黄药眠题名，故第6页为两文共用页。第7页无本篇新题名。,digital_image,NLC404-01J000514-72818；PDF第4—6页；work/domestic/continue_pages/1947_12/page-04.png至page-06.png；封面目录page-01.png；整期SHA256 f61c03880c043ff7bbfb12bc170a3e92f6e2c65f70325bb46aafff20cc9001dd,题名、署名与第4—6页编号结构已目视确认；第6页与黄药眠文共用版面，栏界需复审；全文转录、异体字与复制权利待核。 【期号日期纠错2026-07-19】NLC文件名/旧登记写作「新十二號/1947-08-08」，封面目视为「新二十號」+「民國三十六年一月八日」（1947-01-08）；以封面实物为准。与 NLC404-01J000514-10459（另登记1947-06-23新二十號）为不同文件，SHA不同。,2026-07-19,codex,accepted,通过记录级原刊影像审核（多智能体全量/全卷抽检通过后主会话接受）：题名、页界与本地页图已核对；accepted 只表示记录身份与页级入口。,2026-07-19,codex,pass,2026-07-19 03:25:09,L1,core,1385
354,domestic:NLC:guangmingbao-1947-12-respond-anti-us-military,響應反對美軍暴行運動,黃藥眠,1947-01-08,同期报刊文章／公开原刊影像,NLC,中国国家图书馆数字化民国期刊（Wikimedia Commons镜像）,民国期刊／光明報,,,,NLC404-01J000514-72818,NLC404-01J000514-72818；《光明報》新二十號PDF第6—7页,verified,https://commons.wikimedia.org/wiki/File:NLC404-01J000514-72818_光明報_1947年12期.pdf,item_digital,open,公开16页PDF；本地 work/domestic/continue_pages/1947_12 与 data/domestic/press_scans/NLC404-01J000514-72818_光明報_1947年12期.pdf,hybrid,full_item_online,unknown,citation_only,公开扫描再利用规则待核,unknown,L1,core,"[""1947民盟被宣布非法""]","[""黃藥眠"", ""中国民主同盟""]","[""香港""]",封面目录列黄药眠《響應反對美軍暴行運動》；PDF第6页大字题名《響應反對美軍暴行運動》及署名「黃藥眠」可辨，正文论美军暴行与响应运动；第7页无新题名、正文连续，页末见「歡迎批評／歡迎定閱」；第8页已转入胡愈之等新题。第6页同页另有陈此生「四、兩種民主和和平」残栏。,digital_image,NLC404-01J000514-72818；PDF第6—7页；work/domestic/continue_pages/1947_12/page-06.png至page-07.png；封面目录page-01.png；整期SHA256 f61c03880c043ff7bbfb12bc170a3e92f6e2c65f70325bb46aafff20cc9001dd,起讫题名与第6—7页连续正文已目视确认；第6页与陈此生文共用版面；全文转录待核。 【期号日期纠错2026-07-19】NLC文件名/旧登记写作「新十二號/1947-08-08」，封面目视为「新二十號」+「民國三十六年一月八日」（1947-01-08）；以封面实物为准。与 NLC404-01J000514-10459（另登记1947-06-23新二十號）为不同文件，SHA不同。,2026-07-19,codex,accepted,通过记录级原刊影像审核（多智能体全量/全卷抽检通过后主会话接受）：题名、页界与本地页图已核对；accepted 只表示记录身份与页级入口。,2026-07-19,codex,pass,2026-07-19 03:25:09,L1,core,1386
355,domestic:NLC:guangmingbao-1947-12-second-plenum-domestic-situation,民盟二中全會與國內局勢,胡愈之,1947-01-08,同期报刊文章／公开原刊影像,NLC,中国国家图书馆数字化民国期刊（Wikimedia Commons镜像）,民国期刊／光明報,,,,NLC404-01J000514-72818,NLC404-01J000514-72818；《光明報》新二十號PDF第8—9页,verified,https://commons.wikimedia.org/wiki/File:NLC404-01J000514-72818_光明報_1947年12期.pdf,item_digital,open,公开16页PDF；本地 work/domestic/continue_pages/1947_12 与 data/domestic/press_scans/NLC404-01J000514-72818_光明報_1947年12期.pdf,hybrid,full_item_online,unknown,citation_only,公开扫描再利用规则待核,unknown,L1,core,"[""1947民盟被宣布非法""]","[""胡愈之"", ""中国民主同盟""]","[""香港"", ""上海""]",封面目录列胡愈之《民盟二中全會與國內局勢》；PDF第8页右栏大字题名《民盟二中全會與國內局勢》、署名「胡愈之」并见「轉載」；正文起述民盟二中全会与国内政局。第9页无本篇新题名，正文续论民盟与国内局势；第10页转入王健《訪問沈鈞儒先生》。第8—9页另栏见「民主運動在南洋」等短讯，不并入本条。注：一届二中全会召开于1947年1月，本稿为本期（1947-01-08）转载政论，不作会期日期臆测。,digital_image,NLC404-01J000514-72818；PDF第8—9页；work/domestic/continue_pages/1947_12/page-08.png至page-09.png；封面目录page-01.png；整期SHA256 f61c03880c043ff7bbfb12bc170a3e92f6e2c65f70325bb46aafff20cc9001dd,题名、署名、转载标记与第8—9页正文连续已确认；同页南洋短讯栏界、转载出处与全文转录待核。 【期号日期纠错2026-07-19】NLC文件名/旧登记写作「新十二號/1947-08-08」，封面目视为「新二十號」+「民國三十六年一月八日」（1947-01-08）；以封面实物为准。与 NLC404-01J000514-10459（另登记1947-06-23新二十號）为不同文件，SHA不同。,2026-07-19,codex,accepted,通过记录级原刊影像审核（多智能体全量/全卷抽检通过后主会话接受）：题名、页界与本地页图已核对；accepted 只表示记录身份与页级入口。,2026-07-19,codex,pass,2026-07-19 03:25:09,L1,core,1387
356,domestic:NLC:guangmingbao-1947-12-interview-shen-junru,訪問沈鈞儒先生,王健,1947-01-08,同期报刊文章／公开原刊影像,NLC,中国国家图书馆数字化民国期刊（Wikimedia Commons镜像）,民国期刊／光明報,,,,NLC404-01J000514-72818,NLC404-01J000514-72818；《光明報》新二十號PDF第10—11页,verified,https://commons.wikimedia.org/wiki/File:NLC404-01J000514-72818_光明報_1947年12期.pdf,item_digital,open,公开16页PDF；本地 work/domestic/continue_pages/1947_12 与 data/domestic/press_scans/NLC404-01J000514-72818_光明報_1947年12期.pdf,hybrid,full_item_online,unknown,citation_only,公开扫描再利用规则待核,unknown,L1,core,"[""1947民盟被宣布非法""]","[""王健"", ""沈钧儒"", ""中国民主同盟""]","[""香港"", ""上海""]",封面目录列王健《訪問沈鈞儒先生》；PDF第10页大字题名《訪問沈鈞儒先生》及署名「王健」可辨，访谈体例（问「記者」/答「沈」）清楚；第11页右栏续访谈正文，左栏已转入民盟声明；第12页为晨曦新题。,digital_image,NLC404-01J000514-72818；PDF第10—11页；work/domestic/continue_pages/1947_12/page-10.png至page-11.png；封面目录page-01.png；整期SHA256 f61c03880c043ff7bbfb12bc170a3e92f6e2c65f70325bb46aafff20cc9001dd,题名、署名与第10—11页访谈连续已确认；第11页与声明共用版面；全文转录与问答标点待核。 【期号日期纠错2026-07-19】NLC文件名/旧登记写作「新十二號/1947-08-08」，封面目视为「新二十號」+「民國三十六年一月八日」（1947-01-08）；以封面实物为准。与 NLC404-01J000514-10459（另登记1947-06-23新二十號）为不同文件，SHA不同。,2026-07-19,codex,accepted,通过记录级原刊影像审核（多智能体全量/全卷抽检通过后主会话接受）：题名、页界与本地页图已核对；accepted 只表示记录身份与页级入口。,2026-07-19,codex,pass,2026-07-19 03:25:09,L1,core,1388
357,domestic:NLC:guangmingbao-1947-12-statement-one-sided-constitution,對於片面憲法民盟發表聲明,中国民主同盟,1947-01-08,同期报刊文章／公开原刊影像,NLC,中国国家图书馆数字化民国期刊（Wikimedia Commons镜像）,民国期刊／光明報,,,,NLC404-01J000514-72818,NLC404-01J000514-72818；《光明報》新二十號PDF第11页,verified,https://commons.wikimedia.org/wiki/File:NLC404-01J000514-72818_光明報_1947年12期.pdf,item_digital,open,公开16页PDF；本地 work/domestic/continue_pages/1947_12 与 data/domestic/press_scans/NLC404-01J000514-72818_光明報_1947年12期.pdf,hybrid,full_item_online,unknown,citation_only,公开扫描再利用规则待核,unknown,L1,core,"[""1946拒绝国民大会""]","[""中国民主同盟"", ""张澜"", ""沈钧儒""]","[""南京"", ""上海""]",封面目录列「文件：對片面憲法民盟發表聲明」；PDF第11页左栏大字题名《對於片面憲法民盟發表聲明》，旁有「民主文獻」栏花，正文为民盟对片面宪法/国大之声明体例；同页右栏仍为《訪問沈鈞儒先生》续文；第12页转入晨曦文。本条仅登记该声明栏。,digital_image,NLC404-01J000514-72818；PDF第11页；work/domestic/continue_pages/1947_12/page-11.png；封面目录page-01.png；整期SHA256 f61c03880c043ff7bbfb12bc170a3e92f6e2c65f70325bb46aafff20cc9001dd,题名与声明体例已确认；与正式民盟文件原件之文本异同、发表日期及全文转录待核；不替代原件。 【期号日期纠错2026-07-19】NLC文件名/旧登记写作「新十二號/1947-08-08」，封面目视为「新二十號」+「民國三十六年一月八日」（1947-01-08）；以封面实物为准。与 NLC404-01J000514-10459（另登记1947-06-23新二十號）为不同文件，SHA不同。,2026-07-19,codex,accepted,通过记录级原刊影像审核（多智能体全量/全卷抽检通过后主会话接受）：题名、页界与本地页图已核对；accepted 只表示记录身份与页级入口。,2026-07-19,codex,pass,2026-07-19 03:25:09,L1,core,1389
358,domestic:NLC:guangmingbao-1947-12-qingmo-democracy-two-paths,清末民主運動的兩條路線,晨曦,1947-01-08,同期报刊文章／公开原刊影像,NLC,中国国家图书馆数字化民国期刊（Wikimedia Commons镜像）,民国期刊／光明報,,,,NLC404-01J000514-72818,NLC404-01J000514-72818；《光明報》新二十號PDF第12—13页,verified,https://commons.wikimedia.org/wiki/File:NLC404-01J000514-72818_光明報_1947年12期.pdf,item_digital,open,公开16页PDF；本地 work/domestic/continue_pages/1947_12 与 data/domestic/press_scans/NLC404-01J000514-72818_光明報_1947年12期.pdf,hybrid,full_item_online,unknown,citation_only,公开扫描再利用规则待核,unknown,L1,related,"[""1947民盟被宣布非法""]","[""晨曦""]","[""香港""]",封面目录列晨曦《清末民主運動的兩條路線》；PDF第12页大字题名《清末民主運動的兩條路線》及副题「—民主運動史話之二」、署名「晨曦」可辨；第13页无新题名、史话正文连续；第14页转入黎洪《反對美軍暴行》。,digital_image,NLC404-01J000514-72818；PDF第12—13页；work/domestic/continue_pages/1947_12/page-12.png至page-13.png；封面目录page-01.png；整期SHA256 f61c03880c043ff7bbfb12bc170a3e92f6e2c65f70325bb46aafff20cc9001dd,题名、副题、署名与第12—13页连续已确认；史话系列前后篇及全文转录待核。 【期号日期纠错2026-07-19】NLC文件名/旧登记写作「新十二號/1947-08-08」，封面目视为「新二十號」+「民國三十六年一月八日」（1947-01-08）；以封面实物为准。与 NLC404-01J000514-10459（另登记1947-06-23新二十號）为不同文件，SHA不同。,2026-07-19,codex,accepted,通过记录级原刊影像审核（多智能体全量/全卷抽检通过后主会话接受）：题名、页界与本地页图已核对；accepted 只表示记录身份与页级入口。,2026-07-19,codex,pass,2026-07-19 03:25:09,L1,related,1390
359,domestic:NLC:guangmingbao-1947-12-oppose-us-atrocities-shanghai,反對美軍暴行,黎洪,1947-01-08,同期报刊文章／公开原刊影像,NLC,中国国家图书馆数字化民国期刊（Wikimedia Commons镜像）,民国期刊／光明報,,,,NLC404-01J000514-72818,NLC404-01J000514-72818；《光明報》新二十號PDF第14—15页,verified,https://commons.wikimedia.org/wiki/File:NLC404-01J000514-72818_光明報_1947年12期.pdf,item_digital,open,公开16页PDF；本地 work/domestic/continue_pages/1947_12 与 data/domestic/press_scans/NLC404-01J000514-72818_光明報_1947年12期.pdf,hybrid,full_item_online,unknown,citation_only,公开扫描再利用规则待核,unknown,L1,related,"[""1947民盟被宣布非法""]","[""黎洪""]","[""上海""]",封面目录列「反對美軍暴行（上海通訊）」黎洪；PDF第14页右栏大字题名《反對美軍暴行！》、副标「上海通訊」、署名「黎洪」可辨；第14—15页连续报道上海反美暴行运动；第14—15页另栏有「滬民主人士」意见辑，不并入本条。第16页左栏或仍续上海通讯叙事，但同页右栏已见《學生致杜魯門總統書》，本条止于第15页以免与文件混页。,digital_image,NLC404-01J000514-72818；PDF第14—15页；work/domestic/continue_pages/1947_12/page-14.png至page-15.png；封面目录page-01.png；整期SHA256 f61c03880c043ff7bbfb12bc170a3e92f6e2c65f70325bb46aafff20cc9001dd,题名、上海通讯副标与第14—15页连续已确认；第16页左栏是否仍属本文待栏界复审；全文转录待核。 【期号日期纠错2026-07-19】NLC文件名/旧登记写作「新十二號/1947-08-08」，封面目视为「新二十號」+「民國三十六年一月八日」（1947-01-08）；以封面实物为准。与 NLC404-01J000514-10459（另登记1947-06-23新二十號）为不同文件，SHA不同。,2026-07-19,codex,accepted,通过记录级原刊影像审核（多智能体全量/全卷抽检通过后主会话接受）：题名、页界与本地页图已核对；accepted 只表示记录身份与页级入口。,2026-07-19,codex,pass,2026-07-19 03:25:09,L1,related,1391
360,domestic:NLC:guangmingbao-1947-12-shanghai-democrats-on-us-atrocities,滬民主人士對美軍暴行意見,《光明報》辑,1947-01-08,同期报刊文章／公开原刊影像,NLC,中国国家图书馆数字化民国期刊（Wikimedia Commons镜像）,民国期刊／光明報,,,,NLC404-01J000514-72818,NLC404-01J000514-72818；《光明報》新二十號PDF第14—15页,verified,https://commons.wikimedia.org/wiki/File:NLC404-01J000514-72818_光明報_1947年12期.pdf,item_digital,open,公开16页PDF；本地 work/domestic/continue_pages/1947_12 与 data/domestic/press_scans/NLC404-01J000514-72818_光明報_1947年12期.pdf,hybrid,full_item_online,unknown,citation_only,公开扫描再利用规则待核,unknown,L1,related,"[""1947民盟被宣布非法""]","[""李济深"", ""郭沫若"", ""沈钧儒"", ""马叙伦"", ""章伯钧"", ""沈志远"", ""张申府"", ""刘王立明""]","[""上海"", ""北平""]",封面目录列「滬民主人士對美軍暴行意見」；PDF第14页下栏见「滬民主人士」意见辑（李濟深、郭沫若、沈鈞儒等）；第15页下栏续「滬民主人士對美軍暴行意見」题名及馬敘倫、沈志遠、張申府、劉王立明等发言摘录。与黎洪《反對美軍暴行》同页但栏界可分。,digital_image,NLC404-01J000514-72818；PDF第14—15页；work/domestic/continue_pages/1947_12/page-14.png至page-15.png；封面目录page-01.png；整期SHA256 f61c03880c043ff7bbfb12bc170a3e92f6e2c65f70325bb46aafff20cc9001dd,栏目题名与发言人姓氏已目视确认；各人发言是否完整、辑录出处与全文转录待核。 【期号日期纠错2026-07-19】NLC文件名/旧登记写作「新十二號/1947-08-08」，封面目视为「新二十號」+「民國三十六年一月八日」（1947-01-08）；以封面实物为准。与 NLC404-01J000514-10459（另登记1947-06-23新二十號）为不同文件，SHA不同。,2026-07-19,codex,accepted,通过记录级原刊影像审核（多智能体全量/全卷抽检通过后主会话接受）：题名、页界与本地页图已核对；accepted 只表示记录身份与页级入口。,2026-07-19,codex,pass,2026-07-19 03:25:09,L1,related,1392
361,domestic:NLC:guangmingbao-1947-12-students-letter-to-truman,學生致杜魯門總統書,上海學生抗議美軍暴行聯合會,1947-01-08,同期报刊文章／公开原刊影像,NLC,中国国家图书馆数字化民国期刊（Wikimedia Commons镜像）,民国期刊／光明報,,,,NLC404-01J000514-72818,NLC404-01J000514-72818；《光明報》新二十號PDF第16页,verified,https://commons.wikimedia.org/wiki/File:NLC404-01J000514-72818_光明報_1947年12期.pdf,item_digital,open,公开16页PDF；本地 work/domestic/continue_pages/1947_12 与 data/domestic/press_scans/NLC404-01J000514-72818_光明報_1947年12期.pdf,hybrid,full_item_online,unknown,citation_only,公开扫描再利用规则待核,unknown,L1,related,"[""1947民盟被宣布非法""]","[""杜鲁门""]","[""上海""]",封面目录列「上海學生致杜魯門總統書」；PDF第16页右栏大字题名《學生致杜魯門總統書》，上有「上海學生抗議美軍暴行聯合會」及「民主文獻」栏花；正文为致杜鲁门总统书；文末见「上海市學生抗議駐華美軍暴行聯合會」及日期行。同页左栏为其他反美暴行通讯续文，不并入本条。,digital_image,NLC404-01J000514-72818；PDF第16页；work/domestic/continue_pages/1947_12/page-16.png；封面目录page-01.png；整期SHA256 f61c03880c043ff7bbfb12bc170a3e92f6e2c65f70325bb46aafff20cc9001dd,题名、具名团体与第16页正文已确认；左栏通讯归属、日期行精确释读与全文转录待核。 【期号日期纠错2026-07-19】NLC文件名/旧登记写作「新十二號/1947-08-08」，封面目视为「新二十號」+「民國三十六年一月八日」（1947-01-08）；以封面实物为准。与 NLC404-01J000514-10459（另登记1947-06-23新二十號）为不同文件，SHA不同。,2026-07-19,codex,accepted,通过记录级原刊影像审核（多智能体全量/全卷抽检通过后主会话接受）：题名、页界与本地页图已核对；accepted 只表示记录身份与页级入口。,2026-07-19,codex,pass,2026-07-19 03:25:09,L1,related,1393
362,domestic:NLC:guangmingbao-1947-issue22-middle-route-again-deng,再論中間路線問題,鄧初民,1947-08-01,同期报刊文章／公开原刊影像,NLC,中国国家图书馆数字化民国期刊（Wikimedia Commons镜像）,民国期刊／光明報,,,,NLC404-01J000514-10483,NLC404-01J000514-10483；《光明報》新二十二號；PDF第4—5页,verified,https://commons.wikimedia.org/wiki/File%3ANLC404-01J000514-10483_%E5%85%89%E6%98%8E%E5%A0%B1_1947%E5%B9%B422%E6%9C%9F.pdf,item_digital,open,公开20页PDF；文章定位于PDF第4—5页；本地 work/domestic/continue_pages/1947_22,hybrid,full_item_online,unknown,citation_only,公开扫描再利用规则待核,unknown,L1,core,"[""1946李闻事件""]","[""鄧初民"", ""中国民主同盟""]","[""香港""]",封面目錄列出鄧初民《再論中間路線問題》；PDF第4頁右欄大字題名可辨「再論…」與署名「鄧初民」，正文連續至第5頁；第6頁起轉為陸詒《打了一年多以後的結果》。,digital_image,NLC404-01J000514-10483；PDF第4—5页；work/domestic/continue_pages/1947_22/page-04.png至work/domestic/continue_pages/1947_22/page-05.png；封面目录 work/domestic/continue_pages/1947_22/page-01.png；data/domestic/press_scans/NLC404-01J000514-10483_光明報_1947年22期.pdf,第5頁含小標題「社會民主化的精神」「中間階層的政治要求」等，視為同文結構小標，不作另篇。全文轉錄待核。 OCR不作正式引文；不自动accepted。,2026-07-19,grok,accepted,通过记录级原刊影像审核（issue22 第二轮抽检 8/8 通过后主会话接受）：题名、页界与本地页图已核对；accepted 只表示记录身份与页级入口，不表示全文转录完成。,2026-07-19,codex,pass,2026-07-19 03:32:56,L1,core,1394
363,domestic:NLC:guangmingbao-1947-issue22-one-year-war-result-lu,打了一年多以後的結果,陸詒,1947-08-01,同期报刊文章／公开原刊影像,NLC,中国国家图书馆数字化民国期刊（Wikimedia Commons镜像）,民国期刊／光明報,,,,NLC404-01J000514-10483,NLC404-01J000514-10483；《光明報》新二十二號；PDF第6—8页,verified,https://commons.wikimedia.org/wiki/File%3ANLC404-01J000514-10483_%E5%85%89%E6%98%8E%E5%A0%B1_1947%E5%B9%B422%E6%9C%9F.pdf,item_digital,open,公开20页PDF；文章定位于PDF第6—8页；本地 work/domestic/continue_pages/1947_22,hybrid,full_item_online,unknown,citation_only,公开扫描再利用规则待核,unknown,L1,core,"[""1946李闻事件""]","[""陸詒"", ""中国民主同盟""]","[""香港""]",封面目錄列出陸詒《打了一年多以後的結果》；PDF第6頁題名與署名「陸詒」可辨；第7–8頁無新篇大題，正文連續；第9頁起進入「鄒李聞陶四先烈紀念特輯」。,digital_image,NLC404-01J000514-10483；PDF第6—8页；work/domestic/continue_pages/1947_22/page-06.png至work/domestic/continue_pages/1947_22/page-08.png；封面目录 work/domestic/continue_pages/1947_22/page-01.png；data/domestic/press_scans/NLC404-01J000514-10483_光明報_1947年22期.pdf,第8頁仍為政治路線議論，未見另起大題；若日後發現另文起頁，須再調頁界。全文轉錄待核。 OCR不作正式引文；不自动accepted。,2026-07-19,grok,accepted,通过记录级原刊影像审核（多智能体全量/全卷抽检通过后主会话接受）：题名、页界与本地页图已核对；accepted 只表示记录身份与页级入口。,2026-07-19,codex,pass,2026-07-19 03:32:56,L1,core,1395
364,domestic:NLC:guangmingbao-1947-issue22-cry-recall-xingzhi-deng,哭憶行知,鄧初民,1947-08-01,同期报刊文章／公开原刊影像,NLC,中国国家图书馆数字化民国期刊（Wikimedia Commons镜像）,民国期刊／光明報,,,,NLC404-01J000514-10483,NLC404-01J000514-10483；《光明報》新二十二號；PDF第9—9页,verified,https://commons.wikimedia.org/wiki/File%3ANLC404-01J000514-10483_%E5%85%89%E6%98%8E%E5%A0%B1_1947%E5%B9%B422%E6%9C%9F.pdf,item_digital,open,公开20页PDF；文章定位于PDF第9—9页；本地 work/domestic/continue_pages/1947_22,hybrid,full_item_online,unknown,citation_only,公开扫描再利用规则待核,unknown,L1,core,"[""1946李闻事件""]","[""鄧初民"", ""陶行知"", ""李公朴"", ""闻一多""]","[""香港""]",特輯首頁（PDF第9頁）大字題名「哭憶行知」，副題「兼哭李公樸、聞一多先生」，署名「鄧初民」（封面作「初民」）；右直欄「鄒、李、聞、陶，四先烈紀念特輯」。第10頁起轉張曼筠文。,digital_image,NLC404-01J000514-10483；PDF第9—9页；work/domestic/continue_pages/1947_22/page-09.png；封面目录 work/domestic/continue_pages/1947_22/page-01.png；data/domestic/press_scans/NLC404-01J000514-10483_光明報_1947年22期.pdf,封面署「初民」，正文署「鄧初民」，按正文登記。全文轉錄待核。 OCR不作正式引文；不自动accepted。,2026-07-19,grok,accepted,通过记录级原刊影像审核（多智能体全量/全卷抽检通过后主会话接受）：题名、页界与本地页图已核对；accepted 只表示记录身份与页级入口。,2026-07-19,codex,pass,2026-07-19 03:32:56,L1,core,1396
365,domestic:NLC:guangmingbao-1947-issue22-gongpu-still-beside-zhang,公樸，你還在我的身邊,張曼筠,1947-08-01,同期报刊文章／公开原刊影像,NLC,中国国家图书馆数字化民国期刊（Wikimedia Commons镜像）,民国期刊／光明報,,,,NLC404-01J000514-10483,NLC404-01J000514-10483；《光明報》新二十二號；PDF第10—10页,verified,https://commons.wikimedia.org/wiki/File%3ANLC404-01J000514-10483_%E5%85%89%E6%98%8E%E5%A0%B1_1947%E5%B9%B422%E6%9C%9F.pdf,item_digital,open,公开20页PDF；文章定位于PDF第10—10页；本地 work/domestic/continue_pages/1947_22,hybrid,full_item_online,unknown,citation_only,公开扫描再利用规则待核,unknown,L1,core,"[""1946李闻事件""]","[""張曼筠"", ""李公朴""]","[""香港""]",PDF第10頁框題可辨「公樸，你還在我的身邊」，署名「張曼筠」；封面目錄作「公樸、我還在你的身邊」。同頁左欄另有「我們要學習」欄題，不併入本條。,digital_image,NLC404-01J000514-10483；PDF第10—10页；work/domestic/continue_pages/1947_22/page-10.png；封面目录 work/domestic/continue_pages/1947_22/page-01.png；data/domestic/press_scans/NLC404-01J000514-10483_光明報_1947年22期.pdf,封面與正文題名措辭略異，以正文框題為準。全文轉錄待核。 OCR不作正式引文；不自动accepted。,2026-07-19,grok,accepted,通过记录级原刊影像审核（issue22 第二轮抽检 8/8 通过后主会话接受）：题名、页界与本地页图已核对；accepted 只表示记录身份与页级入口，不表示全文转录完成。,2026-07-19,codex,pass,2026-07-19 03:32:56,L1,core,1397
366,domestic:NLC:guangmingbao-1947-issue22-learn-taofen-spirit-hu,習韜奮精神,胡仲持,1947-08-01,同期报刊文章／公开原刊影像,NLC,中国国家图书馆数字化民国期刊（Wikimedia Commons镜像）,民国期刊／光明報,,,,NLC404-01J000514-10483,NLC404-01J000514-10483；《光明報》新二十二號；PDF第11—11页,verified,https://commons.wikimedia.org/wiki/File%3ANLC404-01J000514-10483_%E5%85%89%E6%98%8E%E5%A0%B1_1947%E5%B9%B422%E6%9C%9F.pdf,item_digital,open,公开20页PDF；文章定位于PDF第11—11页；本地 work/domestic/continue_pages/1947_22,hybrid,full_item_online,unknown,citation_only,公开扫描再利用规则待核,unknown,L1,core,"[""1946李闻事件""]","[""胡仲持"", ""邹韬奋""]","[""香港""]",PDF第11頁題名「習韜奮精神」，署名「胡仲持」可辨；封面目錄對應條為「我們要學習韜奮的精神」。正文述生活書店與韜奮。,digital_image,NLC404-01J000514-10483；PDF第11—11页；work/domestic/continue_pages/1947_22/page-11.png；封面目录 work/domestic/continue_pages/1947_22/page-01.png；data/domestic/press_scans/NLC404-01J000514-10483_光明報_1947年22期.pdf,封面題名較長；第10頁左欄「我們要學習」未與署名同欄共現，本條僅鎖定第11頁題名+署名共現頁。全文轉錄待核。 OCR不作正式引文；不自动accepted。,2026-07-19,grok,accepted,通过记录级原刊影像审核（issue22 第二轮抽检 8/8 通过后主会话接受）：题名、页界与本地页图已核对；accepted 只表示记录身份与页级入口，不表示全文转录完成。,2026-07-19,codex,pass,2026-07-19 03:32:56,L1,core,1398
367,domestic:NLC:guangmingbao-1947-issue22-patriotic-poet-wen-hong,愛國詩人聞一多,洪道,1947-08-01,同期报刊文章／公开原刊影像,NLC,中国国家图书馆数字化民国期刊（Wikimedia Commons镜像）,民国期刊／光明報,,,,NLC404-01J000514-10483,NLC404-01J000514-10483；《光明報》新二十二號；PDF第12—12页,verified,https://commons.wikimedia.org/wiki/File%3ANLC404-01J000514-10483_%E5%85%89%E6%98%8E%E5%A0%B1_1947%E5%B9%B422%E6%9C%9F.pdf,item_digital,open,公开20页PDF；文章定位于PDF第12—12页；本地 work/domestic/continue_pages/1947_22,hybrid,full_item_online,unknown,citation_only,公开扫描再利用规则待核,unknown,L1,core,"[""1946李闻事件""]","[""洪道"", ""闻一多""]","[""香港""]",PDF第12頁直欄大字題名「愛國詩人聞一多」，署名「洪道」可辨；封面目錄一致。第13頁起轉薩空了文。,digital_image,NLC404-01J000514-10483；PDF第12—12页；work/domestic/continue_pages/1947_22/page-12.png；封面目录 work/domestic/continue_pages/1947_22/page-01.png；data/domestic/press_scans/NLC404-01J000514-10483_光明報_1947年22期.pdf,全文轉錄、異體字與引詩核對待核。 OCR不作正式引文；不自动accepted。,2026-07-19,grok,accepted,通过记录级原刊影像审核（issue22 第二轮抽检 8/8 通过后主会话接受）：题名、页界与本地页图已核对；accepted 只表示记录身份与页级入口，不表示全文转录完成。,2026-07-19,codex,pass,2026-07-19 03:32:56,L1,core,1399
368,domestic:NLC:guangmingbao-1947-issue22-hengshe-tonghua-sa,由衡舍桐花談起,薩空了,1947-08-01,同期报刊文章／公开原刊影像,NLC,中国国家图书馆数字化民国期刊（Wikimedia Commons镜像）,民国期刊／光明報,,,,NLC404-01J000514-10483,NLC404-01J000514-10483；《光明報》新二十二號；PDF第13—13页,verified,https://commons.wikimedia.org/wiki/File%3ANLC404-01J000514-10483_%E5%85%89%E6%98%8E%E5%A0%B1_1947%E5%B9%B422%E6%9C%9F.pdf,item_digital,open,公开20页PDF；文章定位于PDF第13—13页；本地 work/domestic/continue_pages/1947_22,hybrid,full_item_online,unknown,citation_only,公开扫描再利用规则待核,unknown,L1,core,"[""1946李闻事件""]","[""薩空了"", ""陶行知""]","[""香港""]",PDF第13頁題名「由衡舍桐花談起」，署名「空了」（封面「薩空了」）可辨。第14頁起轉悼念短文欄。,digital_image,NLC404-01J000514-10483；PDF第13—13页；work/domestic/continue_pages/1947_22/page-13.png；封面目录 work/domestic/continue_pages/1947_22/page-01.png；data/domestic/press_scans/NLC404-01J000514-10483_光明報_1947年22期.pdf,正文署名作「空了」，按封面補全為「薩空了」並在 uncertainty 保留簡署。全文轉錄待核。 OCR不作正式引文；不自动accepted。,2026-07-19,grok,accepted,通过记录级原刊影像审核（多智能体全量/全卷抽检通过后主会话接受）：题名、页界与本地页图已核对；accepted 只表示记录身份与页级入口。,2026-07-19,codex,pass,2026-07-19 03:32:56,L1,core,1400
369,domestic:NLC:guangmingbao-1947-issue22-action-memorial-peng,用行動來紀念鄒李聞陶四先生,彭澤民,1947-08-01,同期报刊文章／公开原刊影像,NLC,中国国家图书馆数字化民国期刊（Wikimedia Commons镜像）,民国期刊／光明報,,,,NLC404-01J000514-10483,NLC404-01J000514-10483；《光明報》新二十二號；PDF第14—14页,verified,https://commons.wikimedia.org/wiki/File%3ANLC404-01J000514-10483_%E5%85%89%E6%98%8E%E5%A0%B1_1947%E5%B9%B422%E6%9C%9F.pdf,item_digital,open,公开20页PDF；文章定位于PDF第14—14页；本地 work/domestic/continue_pages/1947_22,hybrid,full_item_online,unknown,citation_only,公开扫描再利用规则待核,unknown,L1,core,"[""1946李闻事件""]","[""彭澤民"", ""邹韬奋"", ""李公朴"", ""闻一多"", ""陶行知""]","[""香港""]",PDF第14頁橫題「用行動來紀念鄒李聞陶四先生」，署名「彭澤民」；直欄總題「我們的悼念」。封面目錄一致（「四位先生」與正文「四先生」措辭微異）。,digital_image,NLC404-01J000514-10483；PDF第14—14页；work/domestic/continue_pages/1947_22/page-14.png；封面目录 work/domestic/continue_pages/1947_22/page-01.png；data/domestic/press_scans/NLC404-01J000514-10483_光明報_1947年22期.pdf,同頁另有沈志遠等短文，本條僅登記彭文。全文轉錄待核。 OCR不作正式引文；不自动accepted。,2026-07-19,grok,accepted,通过记录级原刊影像审核（多智能体全量/全卷抽检通过后主会话接受）：题名、页界与本地页图已核对；accepted 只表示记录身份与页级入口。,2026-07-19,codex,pass,2026-07-19 03:32:56,L1,core,1401
370,domestic:NLC:guangmingbao-1947-issue22-double-effort-people-shen,加倍為人民事業努力,沈志遠,1947-08-01,同期报刊文章／公开原刊影像,NLC,中国国家图书馆数字化民国期刊（Wikimedia Commons镜像）,民国期刊／光明報,,,,NLC404-01J000514-10483,NLC404-01J000514-10483；《光明報》新二十二號；PDF第14—14页,verified,https://commons.wikimedia.org/wiki/File%3ANLC404-01J000514-10483_%E5%85%89%E6%98%8E%E5%A0%B1_1947%E5%B9%B422%E6%9C%9F.pdf,item_digital,open,公开20页PDF；文章定位于PDF第14—14页；本地 work/domestic/continue_pages/1947_22,hybrid,full_item_online,unknown,citation_only,公开扫描再利用规则待核,unknown,L1,core,"[""1946李闻事件""]","[""沈志遠"", ""邹韬奋"", ""李公朴"", ""闻一多"", ""陶行知""]","[""香港""]",PDF第14頁中欄題名「加倍為人民事業努力」，署名「沈志遠」可辨；封面目錄一致。位於「我們的悼念」欄內。,digital_image,NLC404-01J000514-10483；PDF第14—14页；work/domestic/continue_pages/1947_22/page-14.png；封面目录 work/domestic/continue_pages/1947_22/page-01.png；data/domestic/press_scans/NLC404-01J000514-10483_光明報_1947年22期.pdf,短文，起止同頁；與彭澤民文同頁分欄。全文轉錄待核。 OCR不作正式引文；不自动accepted。,2026-07-19,grok,accepted,通过记录级原刊影像审核（issue22 第二轮抽检 8/8 通过后主会话接受）：题名、页界与本地页图已核对；accepted 只表示记录身份与页级入口，不表示全文转录完成。,2026-07-19,codex,pass,2026-07-19 03:32:56,L1,core,1402
371,domestic:NLC:guangmingbao-1947-issue22-wipe-out-killers-li,撲滅殺人的兇手,李伯球,1947-08-01,同期报刊文章／公开原刊影像,NLC,中国国家图书馆数字化民国期刊（Wikimedia Commons镜像）,民国期刊／光明報,,,,NLC404-01J000514-10483,NLC404-01J000514-10483；《光明報》新二十二號；PDF第15—15页,verified,https://commons.wikimedia.org/wiki/File%3ANLC404-01J000514-10483_%E5%85%89%E6%98%8E%E5%A0%B1_1947%E5%B9%B422%E6%9C%9F.pdf,item_digital,open,公开20页PDF；文章定位于PDF第15—15页；本地 work/domestic/continue_pages/1947_22,hybrid,full_item_online,unknown,citation_only,公开扫描再利用规则待核,unknown,L1,core,"[""1946李闻事件""]","[""李伯球"", ""邹韬奋"", ""李公朴"", ""闻一多"", ""陶行知""]","[""香港""]",PDF第15頁右直題「撲滅殺人的兇手」，副行「以紀念鄒李聞陶四先烈」，署名「李伯球」；封面目錄有對應長題。,digital_image,NLC404-01J000514-10483；PDF第15—15页；work/domestic/continue_pages/1947_22/page-15.png；封面目录 work/domestic/continue_pages/1947_22/page-01.png；data/domestic/press_scans/NLC404-01J000514-10483_光明報_1947年22期.pdf,封面題名略長，以正文主標題+副行登記。全文轉錄待核。 OCR不作正式引文；不自动accepted。,2026-07-19,grok,accepted,通过记录级原刊影像审核（issue22 第二轮抽检 8/8 通过后主会话接受）：题名、页界与本地页图已核对；accepted 只表示记录身份与页级入口，不表示全文转录完成。,2026-07-19,codex,pass,2026-07-19 03:32:56,L1,core,1403
372,domestic:NLC:guangmingbao-1947-issue22-pass-the-test-hu-sheng,過關,胡繩,1947-08-01,同期报刊文章／公开原刊影像,NLC,中国国家图书馆数字化民国期刊（Wikimedia Commons镜像）,民国期刊／光明報,,,,NLC404-01J000514-10483,NLC404-01J000514-10483；《光明報》新二十二號；PDF第15—15页,verified,https://commons.wikimedia.org/wiki/File%3ANLC404-01J000514-10483_%E5%85%89%E6%98%8E%E5%A0%B1_1947%E5%B9%B422%E6%9C%9F.pdf,item_digital,open,公开20页PDF；文章定位于PDF第15—15页；本地 work/domestic/continue_pages/1947_22,hybrid,full_item_online,unknown,citation_only,公开扫描再利用规则待核,unknown,L1,core,"[""1946李闻事件""]","[""胡繩""]","[""香港""]",PDF第15頁中欄題名「過關」，署名「胡繩」可辨；封面目錄一致。,digital_image,NLC404-01J000514-10483；PDF第15—15页；work/domestic/continue_pages/1947_22/page-15.png；封面目录 work/domestic/continue_pages/1947_22/page-01.png；data/domestic/press_scans/NLC404-01J000514-10483_光明報_1947年22期.pdf,短文同頁；全文轉錄待核。 OCR不作正式引文；不自动accepted。,2026-07-19,grok,accepted,通过记录级原刊影像审核（多智能体全量/全卷抽检通过后主会话接受）：题名、页界与本地页图已核对；accepted 只表示记录身份与页级入口。,2026-07-19,codex,pass,2026-07-19 03:32:56,L1,core,1404
373,domestic:NLC:guangmingbao-1947-issue22-liwen-anniversary-qian,李聞週年祭,千家駒,1947-08-01,同期报刊文章／公开原刊影像,NLC,中国国家图书馆数字化民国期刊（Wikimedia Commons镜像）,民国期刊／光明報,,,,NLC404-01J000514-10483,NLC404-01J000514-10483；《光明報》新二十二號；PDF第15—15页,verified,https://commons.wikimedia.org/wiki/File%3ANLC404-01J000514-10483_%E5%85%89%E6%98%8E%E5%A0%B1_1947%E5%B9%B422%E6%9C%9F.pdf,item_digital,open,公开20页PDF；文章定位于PDF第15—15页；本地 work/domestic/continue_pages/1947_22,hybrid,full_item_online,unknown,citation_only,公开扫描再利用规则待核,unknown,L1,core,"[""1946李闻事件""]","[""千家駒"", ""李公朴"", ""闻一多""]","[""香港""]",PDF第15頁題名「李聞週年祭」，署名「千家駒」可辨；封面目錄一致。第16頁起轉陳其瑗等文。,digital_image,NLC404-01J000514-10483；PDF第15—15页；work/domestic/continue_pages/1947_22/page-15.png；封面目录 work/domestic/continue_pages/1947_22/page-01.png；data/domestic/press_scans/NLC404-01J000514-10483_光明報_1947年22期.pdf,全文轉錄待核。 OCR不作正式引文；不自动accepted。,2026-07-19,grok,accepted,通过记录级原刊影像审核（多智能体全量/全卷抽检通过后主会话接受）：题名、页界与本地页图已核对；accepted 只表示记录身份与页级入口。,2026-07-19,codex,pass,2026-07-19 03:32:56,L1,core,1405
374,domestic:NLC:guangmingbao-1947-issue22-painful-memorial-chen,沉痛紀念鄒李聞陶四先生,陳其瑗,1947-08-01,同期报刊文章／公开原刊影像,NLC,中国国家图书馆数字化民国期刊（Wikimedia Commons镜像）,民国期刊／光明報,,,,NLC404-01J000514-10483,NLC404-01J000514-10483；《光明報》新二十二號；PDF第16—16页,verified,https://commons.wikimedia.org/wiki/File%3ANLC404-01J000514-10483_%E5%85%89%E6%98%8E%E5%A0%B1_1947%E5%B9%B422%E6%9C%9F.pdf,item_digital,open,公开20页PDF；文章定位于PDF第16—16页；本地 work/domestic/continue_pages/1947_22,hybrid,full_item_online,unknown,citation_only,公开扫描再利用规则待核,unknown,L1,core,"[""1946李闻事件""]","[""陳其瑗"", ""邹韬奋"", ""李公朴"", ""闻一多"", ""陶行知""]","[""香港""]",PDF第16頁上欄題「「總動員」聲中／沉痛紀念鄒李聞陶四先生」，署名「陳其瑗」；封面目錄有「「總動員」聲中沉痛紀念」對應。,digital_image,NLC404-01J000514-10483；PDF第16—16页；work/domestic/continue_pages/1947_22/page-16.png；封面目录 work/domestic/continue_pages/1947_22/page-01.png；data/domestic/press_scans/NLC404-01J000514-10483_光明報_1947年22期.pdf,眉題與正題連讀；全文轉錄待核。 OCR不作正式引文；不自动accepted。,2026-07-19,grok,accepted,通过记录级原刊影像审核（多智能体全量/全卷抽检通过后主会话接受）：题名、页界与本地页图已核对；accepted 只表示记录身份与页级入口。,2026-07-19,codex,pass,2026-07-19 03:32:56,L1,core,1406
375,domestic:NLC:guangmingbao-1947-issue22-mourn-and-spur-song,悼念逝者，鞭策自己,宋雲彬,1947-08-01,同期报刊文章／公开原刊影像,NLC,中国国家图书馆数字化民国期刊（Wikimedia Commons镜像）,民国期刊／光明報,,,,NLC404-01J000514-10483,NLC404-01J000514-10483；《光明報》新二十二號；PDF第16—16页,verified,https://commons.wikimedia.org/wiki/File%3ANLC404-01J000514-10483_%E5%85%89%E6%98%8E%E5%A0%B1_1947%E5%B9%B422%E6%9C%9F.pdf,item_digital,open,公开20页PDF；文章定位于PDF第16—16页；本地 work/domestic/continue_pages/1947_22,hybrid,full_item_online,unknown,citation_only,公开扫描再利用规则待核,unknown,L1,core,"[""1946李闻事件""]","[""宋雲彬"", ""李公朴"", ""闻一多""]","[""香港""]",PDF第16頁中欄題名「悼念逝者，鞭策自己」，署名「雲彬」（封面「宋雲彬」）可辨。,digital_image,NLC404-01J000514-10483；PDF第16—16页；work/domestic/continue_pages/1947_22/page-16.png；封面目录 work/domestic/continue_pages/1947_22/page-01.png；data/domestic/press_scans/NLC404-01J000514-10483_光明報_1947年22期.pdf,正文簡署「雲彬」，按封面作「宋雲彬」。全文轉錄待核。 OCR不作正式引文；不自动accepted。,2026-07-19,grok,accepted,通过记录级原刊影像审核（多智能体全量/全卷抽检通过后主会话接受）：题名、页界与本地页图已核对；accepted 只表示记录身份与页级入口。,2026-07-19,codex,pass,2026-07-19 03:32:56,L1,core,1407
376,domestic:NLC:guangmingbao-1947-issue22-dare-not-forget-chen,不敢忘,陳此生,1947-08-01,同期报刊文章／公开原刊影像,NLC,中国国家图书馆数字化民国期刊（Wikimedia Commons镜像）,民国期刊／光明報,,,,NLC404-01J000514-10483,NLC404-01J000514-10483；《光明報》新二十二號；PDF第16—16页,verified,https://commons.wikimedia.org/wiki/File%3ANLC404-01J000514-10483_%E5%85%89%E6%98%8E%E5%A0%B1_1947%E5%B9%B422%E6%9C%9F.pdf,item_digital,open,公开20页PDF；文章定位于PDF第16—16页；本地 work/domestic/continue_pages/1947_22,hybrid,full_item_online,unknown,citation_only,公开扫描再利用规则待核,unknown,L1,core,"[""1946李闻事件""]","[""陳此生""]","[""香港""]",PDF第16頁可見題名「不敢忘」，署名「陳此生」。封面目錄未單列此題，據正文頁目視補登。,digital_image,NLC404-01J000514-10483；PDF第16—16页；work/domestic/continue_pages/1947_22/page-16.png；封面目录 work/domestic/continue_pages/1947_22/page-01.png；data/domestic/press_scans/NLC404-01J000514-10483_光明報_1947年22期.pdf,封面無對應條，僅依正文題名+署名；是否為獨立短文或欄內附文仍待覆核。 OCR不作正式引文；不自动accepted。,2026-07-19,grok,accepted,通过记录级原刊影像审核（多智能体全量/全卷抽检通过后主会话接受）：题名、页界与本地页图已核对；accepted 只表示记录身份与页级入口。,2026-07-19,codex,pass,2026-07-19 03:32:56,L1,core,1408
377,domestic:NLC:guangmingbao-1947-issue22-dictators-killed-them-ye,是獨裁者殺死了他們！,葉眠,1947-08-01,同期报刊文章／公开原刊影像,NLC,中国国家图书馆数字化民国期刊（Wikimedia Commons镜像）,民国期刊／光明報,,,,NLC404-01J000514-10483,NLC404-01J000514-10483；《光明報》新二十二號；PDF第16—16页,verified,https://commons.wikimedia.org/wiki/File%3ANLC404-01J000514-10483_%E5%85%89%E6%98%8E%E5%A0%B1_1947%E5%B9%B422%E6%9C%9F.pdf,item_digital,open,公开20页PDF；文章定位于PDF第16—16页；本地 work/domestic/continue_pages/1947_22,hybrid,full_item_online,unknown,citation_only,公开扫描再利用规则待核,unknown,L1,core,"[""1946李闻事件""]","[""葉眠"", ""李公朴"", ""闻一多""]","[""香港""]",PDF第16頁題名「是獨裁者殺死了他們！」，署名「葉眠」；文末可見「一九四七年七月十五日發自香港」。封面目錄一致。,digital_image,NLC404-01J000514-10483；PDF第16—16页；work/domestic/continue_pages/1947_22/page-16.png；封面目录 work/domestic/continue_pages/1947_22/page-01.png；data/domestic/press_scans/NLC404-01J000514-10483_光明報_1947年22期.pdf,全文轉錄待核。 OCR不作正式引文；不自动accepted。,2026-07-19,grok,accepted,通过记录级原刊影像审核（多智能体全量/全卷抽检通过后主会话接受）：题名、页界与本地页图已核对；accepted 只表示记录身份与页级入口。,2026-07-19,codex,pass,2026-07-19 03:32:56,L1,core,1409
378,domestic:NLC:guangmingbao-1947-issue22-gongpu-rest-in-peace-simu,公樸，安眠吧！,思慕,1947-08-01,同期报刊文章／公开原刊影像,NLC,中国国家图书馆数字化民国期刊（Wikimedia Commons镜像）,民国期刊／光明報,,,,NLC404-01J000514-10483,NLC404-01J000514-10483；《光明報》新二十二號；PDF第17—17页,verified,https://commons.wikimedia.org/wiki/File%3ANLC404-01J000514-10483_%E5%85%89%E6%98%8E%E5%A0%B1_1947%E5%B9%B422%E6%9C%9F.pdf,item_digital,open,公开20页PDF；文章定位于PDF第17—17页；本地 work/domestic/continue_pages/1947_22,hybrid,full_item_online,unknown,citation_only,公开扫描再利用规则待核,unknown,L1,core,"[""1946李闻事件""]","[""思慕"", ""李公朴""]","[""香港""]",PDF第17頁大字題名「公樸，安眠吧！」，署名「思慕」可辨；封面目錄一致。文內有「結論」小標，非另篇社論。,digital_image,NLC404-01J000514-10483；PDF第17—17页；work/domestic/continue_pages/1947_22/page-17.png；封面目录 work/domestic/continue_pages/1947_22/page-01.png；data/domestic/press_scans/NLC404-01J000514-10483_光明報_1947年22期.pdf,全文轉錄待核。 OCR不作正式引文；不自动accepted。,2026-07-19,grok,accepted,通过记录级原刊影像审核（issue22 第二轮抽检 8/8 通过后主会话接受）：题名、页界与本地页图已核对；accepted 只表示记录身份与页级入口，不表示全文转录完成。,2026-07-19,codex,pass,2026-07-19 03:32:56,L1,core,1410
379,domestic:NLC:guangmingbao-1947-issue22-one-falls-thousands-rise-lu,一個倒下去千百個起來,陸詒,1947-08-01,同期报刊文章／公开原刊影像,NLC,中国国家图书馆数字化民国期刊（Wikimedia Commons镜像）,民国期刊／光明報,,,,NLC404-01J000514-10483,NLC404-01J000514-10483；《光明報》新二十二號；PDF第17—17页,verified,https://commons.wikimedia.org/wiki/File%3ANLC404-01J000514-10483_%E5%85%89%E6%98%8E%E5%A0%B1_1947%E5%B9%B422%E6%9C%9F.pdf,item_digital,open,公开20页PDF；文章定位于PDF第17—17页；本地 work/domestic/continue_pages/1947_22,hybrid,full_item_online,unknown,citation_only,公开扫描再利用规则待核,unknown,L1,core,"[""1946李闻事件""]","[""陸詒"", ""李公朴"", ""闻一多""]","[""香港""]",PDF第17頁題名「一個倒下去千百個起來」，署名「陸詒」；封面目錄一致。文末可見「一九四七·七·十六·於香港」。,digital_image,NLC404-01J000514-10483；PDF第17—17页；work/domestic/continue_pages/1947_22/page-17.png；封面目录 work/domestic/continue_pages/1947_22/page-01.png；data/domestic/press_scans/NLC404-01J000514-10483_光明報_1947年22期.pdf,全文轉錄待核。 OCR不作正式引文；不自动accepted。,2026-07-19,grok,accepted,通过记录级原刊影像审核（多智能体全量/全卷抽检通过后主会话接受）：题名、页界与本地页图已核对；accepted 只表示记录身份与页级入口。,2026-07-19,codex,pass,2026-07-19 03:32:56,L1,core,1411
380,domestic:NLC:guangmingbao-1947-issue22-history-essays-shen-gong,讀史隨筆,申公,1947-08-01,同期报刊文章／公开原刊影像,NLC,中国国家图书馆数字化民国期刊（Wikimedia Commons镜像）,民国期刊／光明報,,,,NLC404-01J000514-10483,NLC404-01J000514-10483；《光明報》新二十二號；PDF第18—18页,verified,https://commons.wikimedia.org/wiki/File%3ANLC404-01J000514-10483_%E5%85%89%E6%98%8E%E5%A0%B1_1947%E5%B9%B422%E6%9C%9F.pdf,item_digital,open,公开20页PDF；文章定位于PDF第18—18页；本地 work/domestic/continue_pages/1947_22,hybrid,full_item_online,unknown,citation_only,公开扫描再利用规则待核,unknown,L1,core,"[""1946李闻事件""]","[""申公""]","[""香港""]",PDF第18頁題名「讀史隨筆」，署名「申公」可辨；封面目錄一致。同頁另有通訊欄。,digital_image,NLC404-01J000514-10483；PDF第18—18页；work/domestic/continue_pages/1947_22/page-18.png；封面目录 work/domestic/continue_pages/1947_22/page-01.png；data/domestic/press_scans/NLC404-01J000514-10483_光明報_1947年22期.pdf,非特輯正文主文，屬同期欄目；與李聞紀念關係間接。全文轉錄待核。 OCR不作正式引文；不自动accepted。,2026-07-19,grok,accepted,通过记录级原刊影像审核（多智能体全量/全卷抽检通过后主会话接受）：题名、页界与本地页图已核对；accepted 只表示记录身份与页级入口。,2026-07-19,codex,pass,2026-07-19 03:32:56,L1,core,1412
381,domestic:NLC:guangmingbao-1947-issue22-shantou-black-terror,汕頭的黑色恐怖,烈風,1947-08-01,同期报刊文章／公开原刊影像,NLC,中国国家图书馆数字化民国期刊（Wikimedia Commons镜像）,民国期刊／光明報,,,,NLC404-01J000514-10483,NLC404-01J000514-10483；《光明報》新二十二號；PDF第18—18页,verified,https://commons.wikimedia.org/wiki/File%3ANLC404-01J000514-10483_%E5%85%89%E6%98%8E%E5%A0%B1_1947%E5%B9%B422%E6%9C%9F.pdf,item_digital,open,公开20页PDF；文章定位于PDF第18—18页；本地 work/domestic/continue_pages/1947_22,hybrid,full_item_online,unknown,citation_only,公开扫描再利用规则待核,unknown,L1,core,"[""1946李闻事件""]","[""烈風""]","[""汕头"", ""香港""]",PDF第18頁題名「汕頭的黑色恐怖」，旁注「（汕頭通訊）」，署名「烈風」；封面目錄一致。,digital_image,NLC404-01J000514-10483；PDF第18—18页；work/domestic/continue_pages/1947_22/page-18.png；封面目录 work/domestic/continue_pages/1947_22/page-01.png；data/domestic/press_scans/NLC404-01J000514-10483_光明報_1947年22期.pdf,地方通訊，與特輯並刊；全文轉錄待核。 OCR不作正式引文；不自动accepted。,2026-07-19,grok,accepted,通过记录级原刊影像审核（多智能体全量/全卷抽检通过后主会话接受）：题名、页界与本地页图已核对；accepted 只表示记录身份与页级入口。,2026-07-19,codex,pass,2026-07-19 03:32:56,L1,core,1413
382,domestic:NLC:guangmingbao-1947-issue22-meixian-recent-look,梅縣近貌,理晋,1947-08-01,同期报刊文章／公开原刊影像,NLC,中国国家图书馆数字化民国期刊（Wikimedia Commons镜像）,民国期刊／光明報,,,,NLC404-01J000514-10483,NLC404-01J000514-10483；《光明報》新二十二號；PDF第20—20页,verified,https://commons.wikimedia.org/wiki/File%3ANLC404-01J000514-10483_%E5%85%89%E6%98%8E%E5%A0%B1_1947%E5%B9%B422%E6%9C%9F.pdf,item_digital,open,公开20页PDF；文章定位于PDF第20—20页；本地 work/domestic/continue_pages/1947_22,hybrid,full_item_online,unknown,citation_only,公开扫描再利用规则待核,unknown,L1,core,"[""1946李闻事件""]","[""理晋""]","[""梅县"", ""香港""]",PDF第20頁框題「梅縣近貌」，署名「理晋」可辨；封面目錄作通訊「梅縣近貌」（作者欄小字易與「輝晋」混淆，以正文「理晋」為準）。,digital_image,NLC404-01J000514-10483；PDF第20—20页；work/domestic/continue_pages/1947_22/page-20.png；封面目录 work/domestic/continue_pages/1947_22/page-01.png；data/domestic/press_scans/NLC404-01J000514-10483_光明報_1947年22期.pdf,封面作者字形易混，正文作「理晋」。全文轉錄待核。 OCR不作正式引文；不自动accepted。,2026-07-19,grok,accepted,通过记录级原刊影像审核（issue22 第二轮抽检 8/8 通过后主会话接受）：题名、页界与本地页图已核对；accepted 只表示记录身份与页级入口，不表示全文转录完成。,2026-07-19,codex,pass,2026-07-19 03:32:56,L1,core,1414
383,domestic:NLC:guangmingbao-1946-issue01-shen-zhiyuan-minmeng-current-situation-proposal,民盟对当前时局的主张,沈志遠,1946-09-18,同期报刊文章／公开原刊影像,NLC,中国国家图书馆数字化民国期刊（Wikimedia Commons镜像）,《光明報》新〇一號,,,,NLC404-01J000514-10834,NLC404-01J000514-10834；PDF第1页,verified,https://commons.wikimedia.org/wiki/File%3ANLC404-01J000514-10834_%E5%85%89%E6%98%8E%E5%A0%B1_1946%E5%B9%B41%E6%9C%9F.pdf,item_digital,open,公开24页PDF；本地副本：data/domestic/press_scans/NLC404-01J000514-10834_《光明報》1946年01期.pdf,hybrid,full_item_online,unknown,citation_only,Wikimedia页面及国家图书馆数字副本具体再利用规则待核,unknown,L1,related,"[""1946旧政协""]","[""沈志遠"", ""中国民主同盟""]","[""香港""]",《光明報》新一號（1946-09-18）第1页右下角短评专栏署名沈志遠，竖排题名《民盟对当前时局的主张》；属于创刊号（复刊号）首期同人多篇社论／时评之一，明确表达民盟在政协后对时局的政治主张，与社论《复刊词》形成同页对照。,digital_image,NLC404-01J000514-10834；PDF第1页；work/domestic/guangmingbao_1946_phase2_pages/issue01/page-01.png；200 DPI 渲染；整期24页；SHA256 29a5d3149bf83793ece67f8f7efe6280c29f68e584209add4f60aafafbefcbc5,题名、署名、起止页已目视(200 DPI 渲染)；全文逐字转录、异体字规范化、复制权利与同期原刊核校仍待完成。,2026-07-19,minimax,accepted,"L1 accepted (Phase 1 P4-A 阶段 1 闭环, 2026-07-22): 12 L1 数字影像条目 (11 NLC 1946 光明报 issue 01/02/04/06/07/8 + 1 GXMM 1947-11-06 大公报). 全部 evidence_type=digital_image; 整期 PDF 在 data/domestic/press_scans/ 存在且 SHA256 与候选匹配; 单页 PNG 在 work/domestic/guangmingbao_1946_phase2_pages/ 存在 (200 DPI 渲染). 公开 URL (Wikimedia Commons 11 + gxmm.gov.cn 1) 全部可访问. 题名/作者/日期/期号/页界已与本地 200 DPI 单页 PNG 核读. accept 表示记录级影像身份和页级入口通过, 不代表全文逐字转录、复制权利或同期原刊最终核校完成.",2026-07-22,minimax,pass,2026-07-19 03:32:56,L1,related,1415
384,domestic:NLC:guangmingbao-1946-issue01-liu-simou-youth-degeneration,青年的堕落,劉思慕,1946-09-18,同期报刊文章／公开原刊影像,NLC,中国国家图书馆数字化民国期刊（Wikimedia Commons镜像）,《光明報》新〇一號,,,,NLC404-01J000514-10834,NLC404-01J000514-10834；PDF第1页,verified,https://commons.wikimedia.org/wiki/File%3ANLC404-01J000514-10834_%E5%85%89%E6%98%8E%E5%A0%B1_1946%E5%B9%B41%E6%9C%9F.pdf,item_digital,open,公开24页PDF；本地副本：data/domestic/press_scans/NLC404-01J000514-10834_《光明報》1946年01期.pdf,hybrid,full_item_online,unknown,citation_only,Wikimedia页面及国家图书馆数字副本具体再利用规则待核,unknown,L1,related,"[""1946旧政协""]","[""劉思慕"", ""中国民主同盟""]","[""香港""]",《光明報》新一號（1946-09-18）第1页右下角短评专栏署名劉思慕，竖排题名《青年的堕落》；与沈志遠、千家駒、黃藥眠同栏排列，属创刊号多篇时评组合。,digital_image,NLC404-01J000514-10834；PDF第1页；work/domestic/guangmingbao_1946_phase2_pages/issue01/page-01.png；200 DPI 渲染；整期24页；SHA256 29a5d3149bf83793ece67f8f7efe6280c29f68e584209add4f60aafafbefcbc5,题名、署名、起止页已目视(200 DPI 渲染)；全文逐字转录、异体字规范化、复制权利与同期原刊核校仍待完成。,2026-07-19,minimax,accepted,"L1 accepted (Phase 1 P4-A 阶段 1 闭环, 2026-07-22): 12 L1 数字影像条目 (11 NLC 1946 光明报 issue 01/02/04/06/07/8 + 1 GXMM 1947-11-06 大公报). 全部 evidence_type=digital_image; 整期 PDF 在 data/domestic/press_scans/ 存在且 SHA256 与候选匹配; 单页 PNG 在 work/domestic/guangmingbao_1946_phase2_pages/ 存在 (200 DPI 渲染). 公开 URL (Wikimedia Commons 11 + gxmm.gov.cn 1) 全部可访问. 题名/作者/日期/期号/页界已与本地 200 DPI 单页 PNG 核读. accept 表示记录级影像身份和页级入口通过, 不代表全文逐字转录、复制权利或同期原刊最终核校完成.",2026-07-22,minimax,pass,2026-07-19 03:32:56,L1,related,1416
385,domestic:NLC:guangmingbao-1946-issue02-huang-yaomian-us-imperialism-china,美帝國主義對中國的侵略,黃藥眠,1946-09-28,同期报刊文章／公开原刊影像,NLC,中国国家图书馆数字化民国期刊（Wikimedia Commons镜像）,《光明報》新〇二號,,,,NLC404-01J000514-10835,NLC404-01J000514-10835；PDF第1页,verified,https://commons.wikimedia.org/wiki/File%3ANLC404-01J000514-10835_%E5%85%89%E6%98%8E%E5%A0%B1_1946%E5%B9%B42%E6%9C%9F.pdf,item_digital,open,公开16页PDF；本地副本：data/domestic/press_scans/NLC404-01J000514-10835_《光明報》1946年02期.pdf,hybrid,full_item_online,unknown,citation_only,Wikimedia页面及国家图书馆数字副本具体再利用规则待核,unknown,L1,related,"[""1946旧政协"", ""1946拒绝国民大会""]","[""黃藥眠"", ""中国民主同盟""]","[""香港""]",《光明報》新二號（1946-09-28）第1页右下角短评专栏署名黃藥眠，竖排题名《美帝國主義對中國的侵略》；与社论《我们相信人民的力量》同页刊登，属民盟机关报对美援内战政策的直接批评。,digital_image,NLC404-01J000514-10835；PDF第1页；work/domestic/guangmingbao_1946_phase2_pages/issue02/page-01.png；200 DPI 渲染；整期16页；SHA256 c6d05b14da2f4a46bbddd868df8a3ea559d1b7db06527ee42913d908eb3be792,题名、署名、起止页已目视(200 DPI 渲染)；全文逐字转录、异体字规范化、复制权利与同期原刊核校仍待完成。,2026-07-19,minimax,accepted,"L1 accepted (Phase 1 P4-A 阶段 1 闭环, 2026-07-22): 12 L1 数字影像条目 (11 NLC 1946 光明报 issue 01/02/04/06/07/8 + 1 GXMM 1947-11-06 大公报). 全部 evidence_type=digital_image; 整期 PDF 在 data/domestic/press_scans/ 存在且 SHA256 与候选匹配; 单页 PNG 在 work/domestic/guangmingbao_1946_phase2_pages/ 存在 (200 DPI 渲染). 公开 URL (Wikimedia Commons 11 + gxmm.gov.cn 1) 全部可访问. 题名/作者/日期/期号/页界已与本地 200 DPI 单页 PNG 核读. accept 表示记录级影像身份和页级入口通过, 不代表全文逐字转录、复制权利或同期原刊最终核校完成.",2026-07-22,minimax,pass,2026-07-19 03:32:56,L1,related,1417
386,domestic:NLC:guangmingbao-1946-issue04-yang-bokai-jiang-jieshi-speech-review,評蔣介石先生最近講詞,楊伯愷,1946-10-18,同期报刊文章／公开原刊影像,NLC,中国国家图书馆数字化民国期刊（Wikimedia Commons镜像）,《光明報》新〇四號,,,,NLC404-01J000514-10425,NLC404-01J000514-10425；PDF第1页,verified,https://commons.wikimedia.org/wiki/File%3ANLC404-01J000514-10425_%E5%85%89%E6%98%8E%E5%A0%B1_1946%E5%B9%B44%E6%9C%9F.pdf,item_digital,open,公开16页PDF；本地副本：data/domestic/press_scans/NLC404-01J000514-10425_《光明報》1946年04期.pdf,hybrid,full_item_online,unknown,citation_only,Wikimedia页面及国家图书馆数字副本具体再利用规则待核,unknown,L1,related,"[""1946拒绝国民大会""]","[""楊伯愷"", ""蔣介石"", ""中国民主同盟""]","[""香港""]",《光明報》新四號（1946-10-18）第1页右下角短评专栏署名楊伯愷，竖排题名《评介蔣介石先生最近讲词》（社论《时机紧急中我们的态度》之外的同页时评）；1946年10月正值政府宣布召开国大、占领张家口之后，评论属于民盟对国民政府内战决策的同期直接反应。,digital_image,NLC404-01J000514-10425；PDF第1页；work/domestic/guangmingbao_1946_phase2_pages/issue04/page-01.png；200 DPI 渲染；整期16页；SHA256 cfe3ac1821e7d400622079d75d6e9e455391804199b52d35f6757e37f426c163,题名、署名、起止页已目视(200 DPI 渲染)；全文逐字转录、异体字规范化、复制权利与同期原刊核校仍待完成。,2026-07-19,minimax,accepted,"L1 accepted (Phase 1 P4-A 阶段 1 闭环, 2026-07-22): 12 L1 数字影像条目 (11 NLC 1946 光明报 issue 01/02/04/06/07/8 + 1 GXMM 1947-11-06 大公报). 全部 evidence_type=digital_image; 整期 PDF 在 data/domestic/press_scans/ 存在且 SHA256 与候选匹配; 单页 PNG 在 work/domestic/guangmingbao_1946_phase2_pages/ 存在 (200 DPI 渲染). 公开 URL (Wikimedia Commons 11 + gxmm.gov.cn 1) 全部可访问. 题名/作者/日期/期号/页界已与本地 200 DPI 单页 PNG 核读. accept 表示记录级影像身份和页级入口通过, 不代表全文逐字转录、复制权利或同期原刊最终核校完成.",2026-07-22,minimax,pass,2026-07-19 03:32:56,L1,related,1418
387,domestic:NLC:guangmingbao-1946-issue04-di-chaobai-us-basic-attitude,我們對美國的基本態度,狄超白,1946-10-18,同期报刊文章／公开原刊影像,NLC,中国国家图书馆数字化民国期刊（Wikimedia Commons镜像）,《光明報》新〇四號,,,,NLC404-01J000514-10425,NLC404-01J000514-10425；PDF第1页,verified,https://commons.wikimedia.org/wiki/File%3ANLC404-01J000514-10425_%E5%85%89%E6%98%8E%E5%A0%B1_1946%E5%B9%B44%E6%9C%9F.pdf,item_digital,open,公开16页PDF；本地副本：data/domestic/press_scans/NLC404-01J000514-10425_《光明報》1946年04期.pdf,hybrid,full_item_online,unknown,citation_only,Wikimedia页面及国家图书馆数字副本具体再利用规则待核,unknown,L1,related,"[""1946旧政协"", ""1946拒绝国民大会""]","[""狄超白"", ""中国民主同盟""]","[""香港""]",《光明報》新四號（1946-10-18）第1页右下角短评专栏署名狄超白，竖排题名《我们对美国的基本态度》；与杨伯愷、黃藥眠等同栏排列，属民盟对美援政策的持续表态。,digital_image,NLC404-01J000514-10425；PDF第1页；work/domestic/guangmingbao_1946_phase2_pages/issue04/page-01.png；200 DPI 渲染；整期16页；SHA256 cfe3ac1821e7d400622079d75d6e9e455391804199b52d35f6757e37f426c163,题名、署名、起止页已目视(200 DPI 渲染)；全文逐字转录、异体字规范化、复制权利与同期原刊核校仍待完成。,2026-07-19,minimax,accepted,"L1 accepted (Phase 1 P4-A 阶段 1 闭环, 2026-07-22): 12 L1 数字影像条目 (11 NLC 1946 光明报 issue 01/02/04/06/07/8 + 1 GXMM 1947-11-06 大公报). 全部 evidence_type=digital_image; 整期 PDF 在 data/domestic/press_scans/ 存在且 SHA256 与候选匹配; 单页 PNG 在 work/domestic/guangmingbao_1946_phase2_pages/ 存在 (200 DPI 渲染). 公开 URL (Wikimedia Commons 11 + gxmm.gov.cn 1) 全部可访问. 题名/作者/日期/期号/页界已与本地 200 DPI 单页 PNG 核读. accept 表示记录级影像身份和页级入口通过, 不代表全文逐字转录、复制权利或同期原刊最终核校完成.",2026-07-22,minimax,pass,2026-07-19 03:32:56,L1,related,1419
388,domestic:NLC:guangmingbao-1946-issue07-shen-zhiyuan-truce-statement-review,評蔣主席的停戰令和時局聲明,沈志遠,1946-11-18,同期报刊文章／公开原刊影像,NLC,中国国家图书馆数字化民国期刊（Wikimedia Commons镜像）,《光明報》新〇七號,,,,NLC404-01J000514-10428,NLC404-01J000514-10428；PDF第1页,verified,https://commons.wikimedia.org/wiki/File%3ANLC404-01J000514-10428_%E5%85%89%E6%98%8E%E5%A0%B1_1946%E5%B9%B47%E6%9C%9F.pdf,item_digital,open,公开16页PDF；本地副本：data/domestic/press_scans/NLC404-01J000514-10428_《光明報》1946年07期.pdf,hybrid,full_item_online,unknown,citation_only,Wikimedia页面及国家图书馆数字副本具体再利用规则待核,unknown,L1,related,"[""1946拒绝国民大会""]","[""沈志遠"", ""蔣介石"", ""中国民主同盟""]","[""香港""]",《光明報》新七號（1946-11-18）第1页右下角短评专栏署名沈志遠，竖排题名《评蔣主席的停战令和时局声明》；与社论《我们为什么不参加国大》同页，针对国大延期与停战令展开。,digital_image,NLC404-01J000514-10428；PDF第1页；work/domestic/guangmingbao_1946_phase2_pages/issue07/page-01.png；200 DPI 渲染；整期16页；SHA256 367165396035893b6a8882a6c270cff4a4cf61dc1d9284525ebcd3240be68f8b,题名、署名、起止页已目视(200 DPI 渲染)；全文逐字转录、异体字规范化、复制权利与同期原刊核校仍待完成。,2026-07-19,minimax,accepted,"L1 accepted (Phase 1 P4-A 阶段 1 闭环, 2026-07-22): 12 L1 数字影像条目 (11 NLC 1946 光明报 issue 01/02/04/06/07/8 + 1 GXMM 1947-11-06 大公报). 全部 evidence_type=digital_image; 整期 PDF 在 data/domestic/press_scans/ 存在且 SHA256 与候选匹配; 单页 PNG 在 work/domestic/guangmingbao_1946_phase2_pages/ 存在 (200 DPI 渲染). 公开 URL (Wikimedia Commons 11 + gxmm.gov.cn 1) 全部可访问. 题名/作者/日期/期号/页界已与本地 200 DPI 单页 PNG 核读. accept 表示记录级影像身份和页级入口通过, 不代表全文逐字转录、复制权利或同期原刊最终核校完成.",2026-07-22,minimax,pass,2026-07-19 03:32:56,L1,related,1420
389,domestic:NLC:guangmingbao-1946-issue07-qian-jiaju-unequal-treaty,不平等待遇的新條約,千家駒,1946-11-18,同期报刊文章／公开原刊影像,NLC,中国国家图书馆数字化民国期刊（Wikimedia Commons镜像）,《光明報》新〇七號,,,,NLC404-01J000514-10428,NLC404-01J000514-10428；PDF第1页,verified,https://commons.wikimedia.org/wiki/File%3ANLC404-01J000514-10428_%E5%85%89%E6%98%8E%E5%A0%B1_1946%E5%B9%B47%E6%9C%9F.pdf,item_digital,open,公开16页PDF；本地副本：data/domestic/press_scans/NLC404-01J000514-10428_《光明報》1946年07期.pdf,hybrid,full_item_online,unknown,citation_only,Wikimedia页面及国家图书馆数字副本具体再利用规则待核,unknown,L1,related,"[""1946拒绝国民大会""]","[""千家駒"", ""中国民主同盟""]","[""香港""]",《光明報》新七號（1946-11-18）第1页右下角短评专栏署名千家駒，竖排题名《不平等待遇的新条约》；属于国大延期、停战令期间民盟对中美商约与外援政策的同期评论。,digital_image,NLC404-01J000514-10428；PDF第1页；work/domestic/guangmingbao_1946_phase2_pages/issue07/page-01.png；200 DPI 渲染；整期16页；SHA256 367165396035893b6a8882a6c270cff4a4cf61dc1d9284525ebcd3240be68f8b,题名、署名、起止页已目视(200 DPI 渲染)；全文逐字转录、异体字规范化、复制权利与同期原刊核校仍待完成。,2026-07-19,minimax,accepted,"L1 accepted (Phase 1 P4-A 阶段 1 闭环, 2026-07-22): 12 L1 数字影像条目 (11 NLC 1946 光明报 issue 01/02/04/06/07/8 + 1 GXMM 1947-11-06 大公报). 全部 evidence_type=digital_image; 整期 PDF 在 data/domestic/press_scans/ 存在且 SHA256 与候选匹配; 单页 PNG 在 work/domestic/guangmingbao_1946_phase2_pages/ 存在 (200 DPI 渲染). 公开 URL (Wikimedia Commons 11 + gxmm.gov.cn 1) 全部可访问. 题名/作者/日期/期号/页界已与本地 200 DPI 单页 PNG 核读. accept 表示记录级影像身份和页级入口通过, 不代表全文逐字转录、复制权利或同期原刊最终核校完成.",2026-07-22,minimax,pass,2026-07-19 03:32:56,L1,related,1421
390,domestic:NLC:guangmingbao-1946-issue8-zhang-tiesheng-republican-withdraw-us-diplomacy,共和黨勝利後的美國外交,張鐵生,1946-11-28,同期报刊文章／公开原刊影像,NLC,中国国家图书馆数字化民国期刊（Wikimedia Commons镜像）,《光明報》新八號,,,,NLC404-01J000514-10429,NLC404-01J000514-10429；PDF第6—7页,verified,https://commons.wikimedia.org/wiki/File%3ANLC404-01J000514-10429_%E5%85%89%E6%98%8E%E5%A0%B1_1946%E5%B9%B48%E6%9C%9F.pdf,item_digital,open,公开16页PDF；本地副本：data/domestic/press_scans/NLC404-01J000514-10429_《光明報》1946年8期.pdf,hybrid,full_item_online,unknown,citation_only,Wikimedia页面及国家图书馆数字副本具体再利用规则待核,unknown,L1,related,"[""1946拒绝国民大会""]","[""張鐵生"", ""中国民主同盟""]","[""香港""]",《光明報》新八號（1946-11-28）PDF第6—7页正文竖排大题《共和黨勝利後的美國外交》，署名張鐵生（页6题下）。封面目录同题可辨。原登记误将封面页1 TOC/OCR噪声题名《共和無黨和無黨的後美國外交》当作正文，且页界误标第1页；2026-07-19页界抽检按正文页图最小纠正。,digital_image,NLC404-01J000514-10429；PDF第6—7页；work/domestic/guangmingbao_1946_phase2_pages/issue8/page-06.png至page-07.png；封面目录 page-01.png；200 DPI 渲染；整期16页；SHA256 a0953d77e33497a9af58d458818a2cbafae011e76ef88f0901ac4a11e4702773,题名与页界已按正文页图纠正（6—7）；第7页末是否另起短栏待栏界复审；candidate_id 仍含 withdraw 旧词不改以免断链；全文转录、异体字与复制权利待核。,2026-07-19,minimax,accepted,通过记录级原刊影像审核（多智能体抽检通过后主会话接受）：题名、日期、页界与本地页图已核对；accepted 只表示记录身份与页级入口，不表示全文转录或复制权利完成。,2026-07-19,codex,pass,2026-07-19 03:32:56,L1,related,1422
391,domestic:NLC:guangmingbao-1946-issue8-qiu-xini-guangdong-shengtianli,廣東聖天里,丘西尼,1946-11-28,同期报刊文章／公开原刊影像,NLC,中国国家图书馆数字化民国期刊（Wikimedia Commons镜像）,《光明報》新八號,,,,NLC404-01J000514-10429,NLC404-01J000514-10429；PDF第1页,verified,https://commons.wikimedia.org/wiki/File%3ANLC404-01J000514-10429_%E5%85%89%E6%98%8E%E5%A0%B1_1946%E5%B9%B48%E6%9C%9F.pdf,item_digital,open,公开16页PDF；本地副本：data/domestic/press_scans/NLC404-01J000514-10429_《光明報》1946年8期.pdf,hybrid,full_item_online,unknown,citation_only,Wikimedia页面及国家图书馆数字副本具体再利用规则待核,unknown,L1,related,"[""1946拒绝国民大会""]","[""丘西尼"", ""中国民主同盟""]","[""香港""]",《光明報》新八號（1946-11-28）第1页右下角短评专栏署名丘西尼，竖排题名《广东圣天里》；与张铁生、黃藥眠、孟昭等同栏排列，属同期民盟报刊对广东地方政治及社会议题的短评。,digital_image,NLC404-01J000514-10429；PDF第1页；work/domestic/guangmingbao_1946_phase2_pages/issue8/page-01.png；200 DPI 渲染；整期16页；SHA256 a0953d77e33497a9af58d458818a2cbafae011e76ef88f0901ac4a11e4702773,题名、署名、起止页已目视(200 DPI 渲染)；全文逐字转录、异体字规范化、复制权利与同期原刊核校仍待完成。,2026-07-19,minimax,accepted,"L1 accepted (Phase 1 P4-A 阶段 1 闭环, 2026-07-22): 12 L1 数字影像条目 (11 NLC 1946 光明报 issue 01/02/04/06/07/8 + 1 GXMM 1947-11-06 大公报). 全部 evidence_type=digital_image; 整期 PDF 在 data/domestic/press_scans/ 存在且 SHA256 与候选匹配; 单页 PNG 在 work/domestic/guangmingbao_1946_phase2_pages/ 存在 (200 DPI 渲染). 公开 URL (Wikimedia Commons 11 + gxmm.gov.cn 1) 全部可访问. 题名/作者/日期/期号/页界已与本地 200 DPI 单页 PNG 核读. accept 表示记录级影像身份和页级入口通过, 不代表全文逐字转录、复制权利或同期原刊最终核校完成.",2026-07-22,minimax,pass,2026-07-19 03:32:56,L1,related,1423
392,domestic:NLC:guangmingbao-1946-issue06-editorial-pcc-ten-months,從政協決議成立到今天已十個月了,《光明報》社,1946-11-08,同期报刊文章／公开原刊影像,NLC,中国国家图书馆数字化民国期刊（Wikimedia Commons镜像）,《光明報》新〇六號,,,,NLC404-01J000514-10427,NLC404-01J000514-10427；PDF第1页,verified,https://commons.wikimedia.org/wiki/File%3ANLC404-01J000514-10427_%E5%85%89%E6%98%8E%E5%A0%B1_1946%E5%B9%B46%E6%9C%9F.pdf,item_digital,open,公开16页PDF；本地副本：data/domestic/press_scans/NLC404-01J000514-10427_《光明報》1946年06期.pdf,hybrid,full_item_online,unknown,citation_only,Wikimedia页面及国家图书馆数字副本具体再利用规则待核,unknown,L1,core,"[""1946旧政协"", ""1946拒绝国民大会""]","[""梁漱溟"", ""中国民主同盟""]","[""香港""]",《光明報》新六號（1946-11-08）第1页中央社论题名可辨为《從政協決議成立到今天已十個月了》；200 DPI 高清渲染后，原 90 DPI PaddleOCR 难以确定的题名现可逐字核读。正文回顾政协十个月来政协决议在国大、改组政府、停战等问题上的执行情况，明确拒斥违背政协决议召开之国大。,digital_image,NLC404-01J000514-10427；PDF第1页；work/domestic/guangmingbao_1946_phase2_pages/issue06/page-01.png；200 DPI 渲染；整期16页；SHA256 aee7e822dde154aecf04f451e36a3c207d98a3dc58e9b0ba22a3132bfc9d0f16,题名、署名、起止页已目视(200 DPI 渲染)；全文逐字转录、异体字规范化、复制权利与同期原刊核校仍待完成。,2026-07-19,minimax,accepted,"L1 accepted (Phase 1 P4-A 阶段 1 闭环, 2026-07-22): 12 L1 数字影像条目 (11 NLC 1946 光明报 issue 01/02/04/06/07/8 + 1 GXMM 1947-11-06 大公报). 全部 evidence_type=digital_image; 整期 PDF 在 data/domestic/press_scans/ 存在且 SHA256 与候选匹配; 单页 PNG 在 work/domestic/guangmingbao_1946_phase2_pages/ 存在 (200 DPI 渲染). 公开 URL (Wikimedia Commons 11 + gxmm.gov.cn 1) 全部可访问. 题名/作者/日期/期号/页界已与本地 200 DPI 单页 PNG 核读. accept 表示记录级影像身份和页级入口通过, 不代表全文逐字转录、复制权利或同期原刊最终核校完成.",2026-07-22,minimax,pass,2026-07-19 03:32:56,L1,core,1424
393,domestic:NLC:guangmingbao-1946-issue06-shen-zhiyuan-truce-statement-review,評蔣主席的停戰令和時局聲明,沈志遠,1946-11-08,同期报刊文章／公开原刊影像,NLC,中国国家图书馆数字化民国期刊（Wikimedia Commons镜像）,《光明報》新〇六號,,,,NLC404-01J000514-10427,NLC404-01J000514-10427；PDF第1页,verified,https://commons.wikimedia.org/wiki/File%3ANLC404-01J000514-10427_%E5%85%89%E6%98%8E%E5%A0%B1_1946%E5%B9%B46%E6%9C%9F.pdf,item_digital,open,公开16页PDF；本地副本：data/domestic/press_scans/NLC404-01J000514-10427_《光明報》1946年06期.pdf,hybrid,full_item_online,unknown,citation_only,Wikimedia页面及国家图书馆数字副本具体再利用规则待核,unknown,L1,related,"[""1946拒绝国民大会""]","[""沈志遠"", ""蔣介石"", ""中国民主同盟""]","[""香港""]",《光明報》新六號（1946-11-08）第1页右下角短评专栏署名沈志遠，竖排题名《评蔣主席的停战令和时局声明》；与社论《从政协决议成立到今天已十个月了》同页，属国大延期及停战令期间民盟对国民政府声明的同期时评。,digital_image,NLC404-01J000514-10427；PDF第1页；work/domestic/guangmingbao_1946_phase2_pages/issue06/page-01.png；200 DPI 渲染；整期16页；SHA256 aee7e822dde154aecf04f451e36a3c207d98a3dc58e9b0ba22a3132bfc9d0f16,题名、署名、起止页已目视(200 DPI 渲染)；全文逐字转录、异体字规范化、复制权利与同期原刊核校仍待完成。,2026-07-19,minimax,accepted,"L1 accepted (Phase 1 P4-A 阶段 1 闭环, 2026-07-22): 12 L1 数字影像条目 (11 NLC 1946 光明报 issue 01/02/04/06/07/8 + 1 GXMM 1947-11-06 大公报). 全部 evidence_type=digital_image; 整期 PDF 在 data/domestic/press_scans/ 存在且 SHA256 与候选匹配; 单页 PNG 在 work/domestic/guangmingbao_1946_phase2_pages/ 存在 (200 DPI 渲染). 公开 URL (Wikimedia Commons 11 + gxmm.gov.cn 1) 全部可访问. 题名/作者/日期/期号/页界已与本地 200 DPI 单页 PNG 核读. accept 表示记录级影像身份和页级入口通过, 不代表全文逐字转录、复制权利或同期原刊最终核校完成.",2026-07-22,minimax,pass,2026-07-19 03:32:56,L1,related,1425
394,domestic:NLC:guangmingbao-1946-issue06-qian-jiaju-unequal-treaty,不平等待遇的新條約,千家駒,1946-11-08,同期报刊文章／公开原刊影像,NLC,中国国家图书馆数字化民国期刊（Wikimedia Commons镜像）,《光明報》新〇六號,,,,NLC404-01J000514-10427,NLC404-01J000514-10427；PDF第1页,verified,https://commons.wikimedia.org/wiki/File%3ANLC404-01J000514-10427_%E5%85%89%E6%98%8E%E5%A0%B1_1946%E5%B9%B46%E6%9C%9F.pdf,item_digital,open,公开16页PDF；本地副本：data/domestic/press_scans/NLC404-01J000514-10427_《光明報》1946年06期.pdf,hybrid,full_item_online,unknown,citation_only,Wikimedia页面及国家图书馆数字副本具体再利用规则待核,unknown,L1,related,"[""1946拒绝国民大会""]","[""千家駒"", ""中国民主同盟""]","[""香港""]",《光明報》新六號（1946-11-08）第1页右下角短评专栏署名千家駒，竖排题名《不平等待遇的新条约》；与社论及沈志遠时评同页排列，属1946年下半年民盟对美援内战政策的持续表态。,digital_image,NLC404-01J000514-10427；PDF第1页；work/domestic/guangmingbao_1946_phase2_pages/issue06/page-01.png；200 DPI 渲染；整期16页；SHA256 aee7e822dde154aecf04f451e36a3c207d98a3dc58e9b0ba22a3132bfc9d0f16,题名、署名、起止页已目视(200 DPI 渲染)；全文逐字转录、异体字规范化、复制权利与同期原刊核校仍待完成。,2026-07-19,minimax,accepted,"L1 accepted (Phase 1 P4-A 阶段 1 闭环, 2026-07-22): 12 L1 数字影像条目 (11 NLC 1946 光明报 issue 01/02/04/06/07/8 + 1 GXMM 1947-11-06 大公报). 全部 evidence_type=digital_image; 整期 PDF 在 data/domestic/press_scans/ 存在且 SHA256 与候选匹配; 单页 PNG 在 work/domestic/guangmingbao_1946_phase2_pages/ 存在 (200 DPI 渲染). 公开 URL (Wikimedia Commons 11 + gxmm.gov.cn 1) 全部可访问. 题名/作者/日期/期号/页界已与本地 200 DPI 单页 PNG 核读. accept 表示记录级影像身份和页级入口通过, 不代表全文逐字转录、复制权利或同期原刊最终核校完成.",2026-07-22,minimax,pass,2026-07-19 03:32:56,L1,related,1426
395,domestic:NLC:minmeng-yanlunji-1945-whole,《中國民主同盟言論集》,時事研究社編印；据《民主星期刊》第一至第七期选编,1945-10,1945年同期言论汇编／《民主星期刊》选辑公开扫描,NLC,中国国家图书馆数字化民国图书（Wikimedia Commons镜像）,《中國民主同盟言論集》,,,,NLC511-027032016010761-42571,NLC511-027032016010761-42571；時事研究社《中國民主同盟言論集》,verified,https://commons.wikimedia.org/wiki/File:NLC511-027032016010761-42571_%E4%B8%AD%E5%9C%8B%E6%B0%91%E4%B8%BB%E5%90%8C%E7%9B%9F%E8%A8%80%E8%AB%96%E9%9B%86.pdf,item_digital,open,公开107页PDF；本地副本：data/domestic/sourcebooks/NLC511-027032016010761-42571_中国民主同盟言论集.pdf；工作副本：work/domestic/hard_gap_probe_20260719/NLC511_中国民主同盟言论集.pdf,hybrid,full_item_online,unknown,citation_only,Wikimedia 页面及国家图书馆数字副本具体再利用规则待核,unknown,L2,related,"[""1945民盟一大"", ""1945第一次全国代表大会""]","[""中国民主同盟"", ""张澜"", ""章伯钧"", ""陶行知""]","[""重庆"", ""上海""]",封面题《中國民主同盟言論集》，時事研究社出版；说明页（PDF第3页）写明各文均系由一九四五年十月一日发刊之中国民主同盟机关报《民主星期刊》第一期至第七期选编而成。目录（PDF第4—5页）第（五）条为临时全国代表大会宣言、第（六）条为临时全国代表大会政治报告；未见独立《纲领》条目。属1945年同期第三方选编扫描，非民盟总部1946《民主同盟文獻》，亦非大会原始单行印本。,digital_image,PDF共107页；SHA256 386faf360e73fd31e39d1f0a584877dddc76855f0d0be6157e01e06ac4234ef1；本地：data/domestic/sourcebooks/NLC511-027032016010761-42571_中国民主同盟言论集.pdf；工作副本：work/domestic/hard_gap_probe_20260719/NLC511_中国民主同盟言论集.pdf；关键页渲染：work/domestic/yanlunji_1945_pages/page-001.png（封面）、page-003.png（说明页）、page-004.png—page-005.png（目录）、page-014.png—page-036.png（宣言/政治报告及下一文边界）；印刷页码=PDF页码−5（例：印刷22=PDF27）。,时事研究社第三方选编，不是民盟总部官方《民主同盟文獻》；《民主星期刊》原期影像仍待另追。不填1946汇编政治报告正文硬缺口。,2026-07-19,grok,accepted,通过记录级1945言论集汇编扫描审核（页界抽检通过）：题名、页界、SHA256与下一文边界已核对；保留L2，accepted只表示汇编记录入口稳定，不表示1945原件或1946文獻政治报告正文已取得。,2026-07-19,codex,pass,2026-07-19 03:32:56,L2,related,1427
396,domestic:NLC:minmeng-yanlunji-1945-congress-political-report,中国民主同盟临时全国代表大会政治报告（言论集／民主星期刊转载）,中国民主同盟临时全国代表大会；《民主星期刊》转载；時事研究社选编,1945-10-11,1945年同期期刊转载之大会政治报告／选辑扫描,NLC,中国国家图书馆数字化民国图书（Wikimedia Commons镜像）,《中國民主同盟言論集》,,,,NLC511-027032016010761-42571,NLC511-027032016010761-42571；目录第（六）条《中國民主同盟臨時全國代表大會政治報告》；题名页印刷一四／PDF19；报告体自印刷一五／PDF20「諸位到會代表」起，至印刷三一／PDF36上栏收束「十足道地的民主國家」；同页下转入章伯钧文,verified,https://commons.wikimedia.org/wiki/File:NLC511-027032016010761-42571_%E4%B8%AD%E5%9C%8B%E6%B0%91%E4%B8%BB%E5%90%8C%E7%9B%9F%E8%A8%80%E8%AB%96%E9%9B%86.pdf,item_digital,open,公开PDF；本地 sourcebooks 与 hard_gap_probe 副本,hybrid,full_item_online,unknown,citation_only,公开扫描副本权利待核,unknown,L2,core,"[""1945民盟一大"", ""1945第一次全国代表大会""]","[""中国民主同盟"", ""张澜""]","[""重庆""]",目录PDF第4页第（六）条列《中國民主同盟臨時全國代表大會政治報告》。目视页界：PDF第19页（印刷14）在宣言「謹此宣言」之后出现报告题名与「編者」按语；PDF第20页（印刷15）起「諸位到會代表：中國民主同盟在這個時候召集臨時全國代表會議……八年長期抗戰已經得到了最後的勝利」与1983《历史文献》政治报告起文（PDF101／书内71）同文；PDF第21页起国际环境（一次大战／二次大战民主与法西斯）与MMHIST PDF102同段；PDF第35页（印刷30）末句未完（「并不是不辨是非曲直」），跨至PDF第36页（印刷31）上栏续完，以「一句話，就是把中國造成一個十足道地的民主國家。」收束，与MMHIST PDF117／书内87同文收束；PDF第36页同页随即转入章伯钧《民主與團結是分不開的》，为下一文边界。此前探针曾误以PDF27为起页、互证轮曾误以PDF35为全文止页；本轮据跨页句与MMHIST末页对照更正为题名+正文 PDF19—36（体文20—36上栏）。本条为1945年《民主星期刊》选辑转载链，与1983汇编可互校，不等于1945原件，也不等于1946《民主同盟文獻》收文正文。,digital_image,目录PDF第4页；题名/编者PDF第19页；正文PDF第20—36页上栏（印刷15—31）；全文单元含题名页计PDF第19—36页（印刷14—31）；下一文（章伯钧）同页PDF第36页起；页图 work/domestic/yanlunji_1945_pages/page-019.png 至 page-036.png；对照MMHIST页图 work/domestic/mmhist_1945_political_report/page-101.png 至 page-117.png；SHA256 386faf360e73fd31e39d1f0a584877dddc76855f0d0be6157e01e06ac4234ef1,未取得《民主星期刊》原期封面与卷期号；PDF19「編者」按语与报告正文之体例边界、与1983汇编之逐字异文仍待细校。绝不升格为1945大会原件，也不闭合1946《民主同盟文獻》目录所缺政治报告正文硬缺口。,2026-07-19,grok,accepted,通过记录级1945言论集汇编扫描审核（页界抽检通过）：题名、页界、SHA256与下一文边界已核对；保留L2，accepted只表示汇编记录入口稳定，不表示1945原件或1946文獻政治报告正文已取得。,2026-07-19,codex,pass,2026-07-19 03:32:56,L2,core,1307
397,domestic:WS:dagongbao-1946-pcc-five-agreements-1946-01-31,政协五项协议通过（《大公报》1946-01-31 报道）,《大公报》,1946-01-31,同期报刊报道／公开原刊影像,WS,Wangfang Data 上海图书公司近代期刊全文库（或其他公开数据库）,《大公报》1946-01-31 头版,,,,(待核),1946-01-31《大公报》头版/要闻版,pending,https://www.dagongbao.com/ (及公网数据库入口),bibliography,open,公开网多源提及《大公报》对1946-01-31 政协五项协议通过的全版报道;原刊完整 PDF 未公开核验,digital,surrogate_online,unknown,citation_only,公开网可见摘要/转载/研究文章;原刊完整影像未直接核验,unknown,L1,related,"[""1946旧政协""]","[""周恩来"", ""张澜"", ""沈钧儒"", ""中国民主同盟""]","[""重庆"", ""上海""]","1946-01-31 政协会议闭幕,通过《和平建国纲领》《政府组织案》《军事问题案》《国民大会案》《宪法草案案》五项协议;《大公报》作为当时北方主流民营大报,对五项协议作全版报道,呼应同期《新华日报》《文汇报》《新民报》等报道。证据基础为多源公开网综述及研究文章(如搜狐、人民网党史频道、张家界市统战部网);原刊完整 PDF 未公开核验。",secondary_lead,公开网多源;待核 NLC/国家图书馆缩微胶片/数据库全文影像,原刊完整 PDF 与版面边界未直接核验;报道日期精确到 1946-01-31(政协闭幕日);具体期号、版次、署名需 NLC 视检或数据库全文核验;权利与再利用状态依《大公报》整体权利规则评估。,2026-07-19,minimax,needs_human_review,"阶段 2 任务 2.5/2.6/2.7 公开网检索:多源综述确认存在同期报道,但原刊完整影像未公开核验;保持 L1/needs_human_review,不自动 accepted;等 codex 阶段末独立审核 + cheer 启动 NLC 视检 / 港大缩微接力。",,,,2026-07-19 03:32:56,,,
398,domestic:XHB:xinhuaribao-1946-pcc-five-agreements-1946-01-31,政协五项协议通过（《新华日报》1946-01-31 报道）,《新华日报》,1946-01-31,同期报刊报道／公开原刊影像,XHB,《新华日报》(1938-1947 公开数字档案),《新华日报》1946-01-31 要闻版,,,,(待核),1946-01-31《新华日报》头版/要闻版,pending,https://news.xinhuanet.com/zwcp/jsxwh/ (及新华日报数据库入口),bibliography,open,公开网多源提及《新华日报》对1946-01-31 政协五项协议通过的报道;原刊完整 PDF 未公开核验,digital,surrogate_online,unknown,citation_only,公开网可见摘要/转载/研究文章;原刊完整影像未直接核验,unknown,L1,related,"[""1946旧政协""]","[""周恩来"", ""中国民主同盟""]","[""重庆"", ""南京""]","1946-01-31 政协会议闭幕日,《新华日报》作为中共在国统区公开发行的机关报,对政协五项协议作头版/要闻版报道。证据基础为多源公开网综述(中国江苏网传媒观察、人民网党史频道等);原刊完整 PDF 未直接核验。",secondary_lead,公开网多源;待核 NLC/重庆图书馆缩微胶片/数据库全文影像,原刊完整 PDF 与版面边界未直接核验;具体期号、版次、署名需 NLC 视检或数据库全文核验;权利与再利用状态依《新华日报》整体权利规则评估。,2026-07-19,minimax,needs_human_review,"阶段 2 任务 2.5/2.6/2.7 公开网检索:多源综述确认存在同期报道,但原刊完整影像未公开核验;保持 L1/needs_human_review,不自动 accepted;等 codex 阶段末独立审核 + cheer 启动 NLC 视检 / 港大缩微接力。",,,,2026-07-19 03:32:56,,,
399,domestic:WH:wenhuibao-1946-pcc-five-agreements-1946-01-31,政协会议闭幕五项协议通过（《文汇报》1946-01-31 报道）,《文汇报》,1946-01-31,同期报刊报道／公开原刊影像,WH,《文汇报》(1938 创刊于上海),《文汇报》1946-01-31 要闻版,,,,(待核),1946-01-31《文汇报》头版/要闻版,pending,https://www.whb.cn/ (及文汇报数据库入口),bibliography,open,公开网多源提及《文汇报》对1946-01-31 政协五项协议通过的报道;原刊完整 PDF 未公开核验,digital,surrogate_online,unknown,citation_only,公开网可见摘要/转载/研究文章;原刊完整影像未直接核验,unknown,L1,related,"[""1946旧政协""]","[""马叙伦"", ""中国民主促进会"", ""中国民主同盟""]","[""上海"", ""重庆""]","1946-01-31 政协会议闭幕日,《文汇报》作为上海重要民营进步报纸,对政协五项协议作头版/要闻版报道。证据基础为多源公开网综述(搜狐党史专栏、人民网党史频道、张家界市统战部网等);原刊完整 PDF 未直接核验。",secondary_lead,公开网多源;待核 NLC/上海图书馆缩微胶片/数据库全文影像,原刊完整 PDF 与版面边界未直接核验;具体期号、版次、署名需 NLC 视检或数据库全文核验;权利与再利用状态依《文汇报》整体权利规则评估。,2026-07-19,minimax,needs_human_review,"阶段 2 任务 2.5/2.6/2.7 公开网检索:多源综述确认存在同期报道,但原刊完整影像未公开核验;保持 L1/needs_human_review,不自动 accepted;等 codex 阶段末独立审核 + cheer 启动 NLC 视检 / 港大缩微接力。",,,,2026-07-19 03:32:56,,,
400,domestic:WS:dagongbao-1946-refuse-national-assembly-minmeng-1946-11-14,民盟正式拒绝参加国大（《大公报》1946-11-14 报道）,《大公报》,1946-11-14,同期报刊报道／公开原刊影像,WS,《大公报》数字版(及公网数据库),《大公报》1946-11-14 头版/要闻版,,,,(待核),1946-11-14《大公报》头版/要闻版,pending,https://www.dagongbao.com/,bibliography,open,公开网多源提及《大公报》对1946-11-14 民盟紧急通告及中共、民盟拒交国大名单的报道;原刊完整 PDF 未公开核验,digital,surrogate_online,unknown,citation_only,公开网可见摘要/转载/研究文章;原刊完整影像未直接核验,unknown,L1,core,"[""1946拒绝国民大会""]","[""张澜"", ""沈钧儒"", ""章伯钧"", ""中国民主同盟""]","[""南京"", ""上海"", ""重庆""]","1946-11-14 民盟总部向各省市民盟组织发布《紧急通告》,正式宣布拒绝参加国民党一党包办的国大,要求广泛宣传民盟决定和张澜主席指示。多源报道《大公报》《新华日报》《文汇报》《新民报》同期作头版/要闻版报道(《张家界市统战部》《澎湃新闻》《中国共产党新闻网》等多源引用)。原刊完整 PDF 未直接核验。",secondary_lead,公开网多源;待核 NLC/天津师范大学/数据库全文影像,原刊完整 PDF 与版面边界未直接核验;具体期号、版次、署名需 NLC 视检或数据库全文核验;权利与再利用状态依《大公报》整体权利规则评估。,2026-07-19,minimax,needs_human_review,"阶段 2 任务 2.5/2.6/2.7 公开网检索:多源综述确认存在同期报道,但原刊完整影像未公开核验;保持 L1/needs_human_review,不自动 accepted;等 codex 阶段末独立审核 + cheer 启动 NLC 视检 / 港大缩微接力。",,,,2026-07-19 03:32:56,,,
401,domestic:XHB:xinhuaribao-1946-refuse-national-assembly-editorial-1946-11-25,立刻解散非法的国大（《新华日报》1946-11-25 社论）,《新华日报》,1946-11-25,同期报刊社论／公开原刊影像,XHB,《新华日报》(1938-1947),《新华日报》1946-11-25 头版/要闻版,,,,(待核),1946-11-25《新华日报》社论,pending,https://news.xinhuanet.com/zwcp/jsxwh/,bibliography,open,公开网多源提及《新华日报》1946-11-25 发表社论'立刻解散非法的国大'等系列反国大文章;原刊完整 PDF 未公开核验,digital,surrogate_online,unknown,citation_only,公开网可见摘要/转载/研究文章;原刊完整影像未直接核验,unknown,L1,core,"[""1946拒绝国民大会""]","[""毛泽东"", ""朱德"", ""周恩来"", ""中国民主同盟""]","[""南京"", ""延安"", ""上海""]","1946-11-25《新华日报》(公开影印本/54 年版系列)发表社论'立刻解散非法的国大',配合同日(孔夫子旧书网等公开目录证实)报道系列内容:毛主席朱总司令电贺苏国庆,斯大林复电致谢,中外舆论看穿蒋记国大骗局,自七月蒋介石发动全面内战以来蒋军被歼达40个旅等。原刊完整 PDF 未直接核验。",secondary_lead,公开网多源 + 孔夫子旧书网公开目录;待核 NLC/重庆图书馆缩微胶片/数据库全文影像,原刊完整 PDF 与版面边界未直接核验;具体期号、版次、署名需 NLC 视检或数据库全文核验;权利与再利用状态依《新华日报》整体权利规则评估。,2026-07-19,minimax,needs_human_review,"阶段 2 任务 2.5/2.6/2.7 公开网检索:多源综述确认存在同期报道,但原刊完整影像未公开核验;保持 L1/needs_human_review,不自动 accepted;等 codex 阶段末独立审核 + cheer 启动 NLC 视检 / 港大缩微接力。",,,,2026-07-19 03:32:56,,,
402,domestic:WH:wenhuibao-1946-refuse-national-assembly-shanghai-1946-11-25,民盟不参加国大上海声明（《文汇报》1946-11-25 报道）,《文汇报》,1946-11-25,同期报刊报道／公开原刊影像,WH,《文汇报》,《文汇报》1946-11-25 第8期(总第8期)四版全,,,,(待核),1946-11-25《文汇报》第8期 总第8期 上海 四版全(孔夫子旧书网公开目录),pending,https://www.whb.cn/ (及孔夫子旧书网 book.kongfz.com 公开目录),bibliography,open,孔夫子旧书网公开目录见 1946-11 上海《文汇报》第8期 总第8期 四版全;原刊完整 PDF 未公开核验,digital,surrogate_online,unknown,citation_only,公开网可见摘要/转载/研究文章;原刊完整影像未直接核验,unknown,L1,core,"[""1946拒绝国民大会""]","[""张澜"", ""沈钧儒"", ""中国民主同盟"", ""中国民主促进会""]","[""上海""]","1946-11-25 上海《文汇报》第8期 总第8期 四版全(孔夫子旧书网公开目录有售,八品 168 元)。多源证实 1946-11-25 民盟上海临时总部召开中外记者招待会,说明民盟一年来参加政协会议和南京和谈的经过、不参加国大的理由,以及今后为中国和平、民主、统一而继续奋斗的方针。原刊完整 PDF 未直接核验。",secondary_lead,孔夫子旧书网公开目录 + 公开网多源;待核 NLC/上海图书馆缩微胶片/数据库全文影像,原刊完整 PDF 与版面边界未直接核验;具体期号、版次、署名需 NLC 视检或数据库全文核验;权利与再利用状态依《文汇报》整体权利规则评估。,2026-07-19,minimax,needs_human_review,"阶段 2 任务 2.5/2.6/2.7 公开网检索:多源综述确认存在同期报道,但原刊完整影像未公开核验;保持 L1/needs_human_review,不自动 accepted;等 codex 阶段末独立审核 + cheer 启动 NLC 视检 / 港大缩微接力。",,,,2026-07-19 03:32:56,,,
403,domestic:KMY:minzhuzhoukan-1946-li-wen-wen-yiduo-1946-07,闻一多在《民主周刊》的社论与追悼文章（1946-07）,闻一多（民盟云南省支部宣传委员兼《民主周刊》社社长）,1946-07-15,同期报刊追悼文章／公开原刊影像,KMY,"《民主周刊》(闻一多任社长,1946-07 停刊)",《民主周刊》1946-07 各期,,,,(待核),1946-07《民主周刊》李公朴追悼会/闻一多殉难相关期次,pending,https://www.cctv.com (CCTV.com '闻一多骨灰保存和安葬'等公开资料),bibliography,open,"公开网多源证实闻一多1944-1946 任《民主周刊》社社长,1946-07-15 发表《最后一次讲演》,同日被国民党特务刺杀;原刊完整影像未公开核验",digital,surrogate_online,unknown,citation_only,公开网可见摘要/转载/研究文章;原刊完整影像未直接核验,unknown,L1,core,"[""1946李闻血案""]","[""闻一多"", ""李公朴"", ""中国民主同盟""]","[""昆明"", ""云南""]","1944 年闻一多加入民盟,出任民盟中央执行委员、民盟云南支部宣传委员兼《民主周刊》社社长。1946-07-11 李公朴被暗杀,07-15 闻一多在云南大学至公堂举行的李公朴追悼会上发表著名的《最后一次讲演》,当日下午 5 时在西仓坡被国民党特务刺杀,殉难。讲演原文已通过民盟中央、云南日报等公开渠道全文发表(《闻一多全集·第二卷》湖北人民出版社)。原刊《民主周刊》同期追悼文章完整影像未公开核验。",secondary_lead,"公开网多源(搜狐 2022-07-15 全文转载,昆明信息港/云南日报 2021-07-01 报道,CCTV.com '闻一多骨灰保存和安葬');待核云南省图书馆/民盟云南省委档案",原刊《民主周刊》1946-07 完整期次未公开核验;闻一多在《民主周刊》同期是否还有其他署名追悼文章、该讲演整理稿是否在原刊发表(讲演当日即被刺杀)需 NLC 视检或云南省馆核验;权利与再利用状态依《民主周刊》整体权利规则评估。,2026-07-19,minimax,needs_human_review,"阶段 2 任务 2.5/2.6/2.7 公开网检索:多源综述确认存在同期报道,但原刊完整影像未公开核验;保持 L1/needs_human_review,不自动 accepted;等 codex 阶段末独立审核 + cheer 启动 NLC 视检 / 港大缩微接力。",,,,2026-07-19 03:32:56,,,
404,domestic:XHB:xinhuaribao-1946-li-wen-mao-zhu-condolence-1946-07-21,毛泽东朱德唁电李公朴闻一多家属（《新华日报》1946-07-21 转载）,毛泽东、朱德（《新华日报》转载）,1946-07-21,同期报刊唁电转载／公开原刊影像,XHB,《新华日报》(1938-1947),《新华日报》1946-07-21 头版/要闻版,,,,(待核),1946-07-21《新华日报》转载中共中央领导人唁电,pending,https://news.xinhuanet.com/zwcp/jsxwh/,bibliography,open,公开网多源证实《新华日报》1946-07-21 刊登毛泽东、朱德致李公朴、闻一多家属的唁电;原刊完整 PDF 未公开核验,digital,surrogate_online,unknown,citation_only,公开网可见摘要/转载/研究文章;原刊完整影像未直接核验,unknown,L1,core,"[""1946李闻血案""]","[""毛泽东"", ""朱德"", ""李公朴"", ""闻一多"", ""中国民主同盟""]","[""重庆"", ""延安"", ""昆明""]","1946-07-21《新华日报》刊登致李公朴、闻一多家属唁电:致闻一多家属唁电称'一多先生遇害,至深悲悼。先生为民主而奋斗,不屈不挠,可敬可佩。今遇奸人毒手,全国志士,必将继先生遗志,再接再厉,务使民主事业克底于成。'原刊完整 PDF 未直接核验。",secondary_lead,公开网多源(网易订阅 '都市条形码 庆祝建党一百周年特别报道' 2021-06-30);待核 NLC/重庆图书馆缩微胶片/数据库全文影像,原刊完整 PDF 与版面边界未直接核验;具体期号、版次、署名需 NLC 视检或数据库全文核验;权利与再利用状态依《新华日报》整体权利规则评估。,2026-07-19,minimax,needs_human_review,"阶段 2 任务 2.5/2.6/2.7 公开网检索:多源综述确认存在同期报道,但原刊完整影像未公开核验;保持 L1/needs_human_review,不自动 accepted;等 codex 阶段末独立审核 + cheer 启动 NLC 视检 / 港大缩微接力。",,,,2026-07-19 03:32:56,,,
405,domestic:NLC:observer-1947-3-11-article-government-oppression-minmeng,我们对于政府压迫民盟的看法（《观察》第3卷第11期 1947-11-08 头条）,《观察》编辑部 / 周炳琳等 48 位教授,1947-11-08,同期报刊声明／公开原刊影像,NLC,中国国家图书馆数字化民国期刊（Wikimedia Commons 镜像）,《观察》第三卷第十一期（1947-11-08）,,,,NLC404-01J000332-6817,NLC404-01J000332-6817;PDF 第1页头条目录及第3页声明正文,pending,https://commons.wikimedia.org/wiki/File%3ANLC404-01J000332-6817_%E8%A7%80%E5%AF%9F_1947%E5%B9%B43%E5%8D%B711%E6%9C%9F.pdf,bibliography,open,公开 20 页 PDF;本地副本 data/domestic/press_scans/NLC404-01J000332-6817_观察_1947年3卷11期.pdf;200 DPI 渲染;整期20页;SHA256 f4232929eca2a91b07b292eea0153528e8bce8e7241499a475e6ecc6d2b0af71,digital,surrogate_online,unknown,citation_only,公开网可见摘要/转载/研究文章;原刊完整影像未直接核验,unknown,L1,core,"[""1946拒绝国民大会"", ""1946李闻血案""]","[""周炳琳"", ""董时进"", ""韩德培"", ""中国民主同盟""]","[""北平"", ""上海"", ""南京""]","《观察》第3卷第11期（1947-11-08）第1页头条为'我们对于政府压迫民盟的看法'及'周炳琳等四十八人';第3页为声明正文起页(列48人名单),第4页续声明并署'董时进'(民盟成员,后脱离),第5页转入韩德培《人身自由的保障问题》。本期属 1946-11 拒国大事件后民盟被迫解散(1947-11-06)次日出版的同期原刊,作为'我们对于政府压迫民盟的看法'的民盟/学术联合声明。本期作为 1946-11-15 拒国大事件之延续及 1946-07 李闻事件一周年(本期含同期追忆李闻内容)之关联公开原刊。 【2026-07-19页界抽检】正文页图：第3页为大题《我們對於政府壓迫民盟的看法》及联署名单；第4页另起《我對於政府取締民盟的感想》（董時進），不得并入本条页界。原 evidence_locator「第3-4页」已最小改为第3页。",secondary_lead,NLC404-01J000332-6817;本地 PDF 第1页(封面/目录)、第3页(声明正文《我們對於政府壓迫民盟的看法》);work/domestic/observer_v3n11_pages/page3.png;work/domestic/observer_v3n11_ocr/;200 DPI 渲染;整期20页;SHA256 f4232929eca2a91b07b292eea0153528e8bce8e7241499a475e6ecc6d2b0af71,声明正文起止已按页图收于第3页；48人名单完整逐字转录仍待完成；第4页董時進文、后续韩德培等另文未单立候选；权利与再利用状态依《观察》整体权利规则评估。,2026-07-19,minimax,needs_human_review,"阶段 2 任务 2.5/2.6/2.7 公开网检索:多源综述确认存在同期报道,但原刊完整影像未公开核验;保持 L1/needs_human_review,不自动 accepted;等 codex 阶段末独立审核 + cheer 启动 NLC 视检 / 港大缩微接力。 2026-07-19页界抽检：页4为董時進另文，已将本条页界收至第3页。",,,,2026-07-19 03:32:56,,,
406,domestic:NLC:minmeng-yanlunji-1945-congress-declaration,中国民主同盟临时全国代表大会宣言（言论集／民主星期刊转载）,中国民主同盟临时全国代表大会；《民主星期刊》转载；時事研究社选编,1945-10-16,1945年同期期刊转载之大会宣言／选辑扫描,NLC,中国国家图书馆数字化民国图书（Wikimedia Commons镜像）,《中國民主同盟言論集》,,,,NLC511-027032016010761-42571,NLC511-027032016010761-42571；目录第（五）条《中國民主同盟臨時全國代表大會宣言》；正文印刷九—一四／PDF14—19（末页「謹此宣言」后同页转入政治报告题名）,verified,https://commons.wikimedia.org/wiki/File:NLC511-027032016010761-42571_%E4%B8%AD%E5%9C%8B%E6%B0%91%E4%B8%BB%E5%90%8C%E7%9B%9F%E8%A8%80%E8%AB%96%E9%9B%86.pdf,item_digital,open,公开PDF；本地 sourcebooks 与 hard_gap_probe 副本；关键页 work/domestic/yanlunji_1945_pages/,hybrid,full_item_online,unknown,citation_only,公开扫描副本权利待核,unknown,L2,core,"[""1945民盟一大"", ""1945第一次全国代表大会""]","[""中国民主同盟"", ""张澜""]","[""重庆""]",目录PDF第4页第（五）条列《中國民主同盟臨時全國代表大會宣言》。目视：PDF第14页（印刷九）有独立标题「中國民主同盟臨時全國代表大會宣言」，正文自「八年長期抗戰已經得到勝利的結束」起；PDF第14—18页连续为宣言正文（含经济/政治/国民大会等条款段）；PDF第19页（印刷一四）以「謹此宣言」收束，同页随即转入《政治報告》题名与编者按。与1983《历史文献》大会宣言（MMHIST PDF118—123／书内88—93，同以「谨此宣言」收束）为同文L2双源可互校；本条仍为《民主星期刊》选辑转载，不等于1945原件或总部1946文獻收文。,digital_image,目录PDF第4页；正文PDF第14—19页（印刷9—14）；起页 page-014.png；末页/边界 page-019.png（上栏「謹此宣言」收束，下栏政治报告题名）；SHA256 386faf360e73fd31e39d1f0a584877dddc76855f0d0be6157e01e06ac4234ef1；对照 MMHIST：work/domestic/mmhist_congress_1945_pages/page-118.png 起,宣言在1983汇编标注日期为1945-10-16；言论集转载页未见独立日期行，日期依大会文件通行系年与MMHIST对照暂定，仍待《民主星期刊》原期互校。不升L1原件。,2026-07-19,grok,accepted,通过记录级1945言论集汇编扫描审核（页界抽检通过）：题名、页界、SHA256与下一文边界已核对；保留L2，accepted只表示汇编记录入口稳定，不表示1945原件或1946文獻政治报告正文已取得。,2026-07-19,codex,pass,2026-07-19 04:45:28,L2,core,1308
407,domestic:NLC:guangmingbao-1947-issue13-our-attitude-editorial,我們的態度,《光明報》社論,1947-01-18,同期政论报刊文章（整期原刊内文章）,NLC,中国国家图书馆数字化民国期刊（Wikimedia Commons镜像）,民国期刊／光明報／1947年13期,,民国期刊／光明報,,NLC404-01J000514-10453,NLC404-01J000514-10453；1947年13期；新十三號；PDF第2—2页,verified,https://commons.wikimedia.org/wiki/File:NLC404-01J000514-10453_光明報_1947年13期.pdf,item_digital,open,公开整期PDF；文章定位于PDF第2—2页；本地副本：data/domestic/press_scans/NLC404-01J000514-10453_光明報_1947年13期.pdf；页图：work/domestic/continue_pages/1947_13/,hybrid,full_item_online,unknown,citation_only,公开扫描再利用规则待核,unknown,L1,core,"[""1947民盟被宣布非法""]","[""中国民主同盟""]","[""香港""]",封面目錄列『我們的態度（社論）』；PDF第2頁大字題名與『社論』徽共現；第3頁轉入『短評』欄，故止於第2頁。,digital_image,NLC404-01J000514-10453；本地PDF第2—2页；work/domestic/continue_pages/1947_13/page-02.png；封面目录 work/domestic/continue_pages/1947_13/page-01.png；data/domestic/press_scans/NLC404-01J000514-10453_光明報_1947年13期.pdf,封面版出日串『日八十月一年六十三』按RTL讀為民國三十六年一月十八日（1947-01-18）；先前Aug日期為誤讀，以封面為準。 短評欄題名未拆。全文逐字轉錄待做。 已核目录/正文题名与页界；保持needs_human_review，未做全文转录，不自动accepted。,2026-07-19,grok,accepted,通过记录级同期原刊影像审核（Claude Code 接手抽样）：题名、日期、文章页位、原刊来源和本地页图/PDF定位已核对；accepted 只表示记录身份和页级入口通过，不表示全文逐字转录、异文整理、署名补全或复制权利已经完成。,2026-07-19,claude-code,pass,2026-07-19 05:00:46,L1,core,1428
408,domestic:NLC:guangmingbao-1947-issue13-zhang-lan-plenum-opening,民盟張瀾主席在一屆二中全會開幕講詞,张澜,1947-01-18,同期政论报刊文章（整期原刊内文章）,NLC,中国国家图书馆数字化民国期刊（Wikimedia Commons镜像）,民国期刊／光明報／1947年13期,,民国期刊／光明報,,NLC404-01J000514-10453,NLC404-01J000514-10453；1947年13期；新十三號；PDF第4—5页,verified,https://commons.wikimedia.org/wiki/File:NLC404-01J000514-10453_光明報_1947年13期.pdf,item_digital,open,公开整期PDF；文章定位于PDF第4—5页；本地副本：data/domestic/press_scans/NLC404-01J000514-10453_光明報_1947年13期.pdf；页图：work/domestic/continue_pages/1947_13/,hybrid,full_item_online,unknown,citation_only,公开扫描再利用规则待核,unknown,L1,core,"[""1947民盟被宣布非法""]","[""张澜"", ""中国民主同盟""]","[""上海"", ""香港""]",封面目錄列出；PDF第4頁通欄大字題名起頁；第5頁右欄可見開幕講詞收束後接《民盟二中全會張瀾主席閉幕詞》，故止於第5頁。,digital_image,NLC404-01J000514-10453；本地PDF第4—5页；work/domestic/continue_pages/1947_13/page-04.png至page-05.png；封面目录 work/domestic/continue_pages/1947_13/page-01.png；data/domestic/press_scans/NLC404-01J000514-10453_光明報_1947年13期.pdf,封面版出日串『日八十月一年六十三』按RTL讀為民國三十六年一月十八日（1947-01-18）；先前Aug日期為誤讀，以封面為準。 開幕/閉幕同頁交接，止頁取閉幕題名出現前；逐字轉錄待做。 已核目录/正文题名与页界；保持needs_human_review，未做全文转录，不自动accepted。,2026-07-19,grok,accepted,通过记录级同期原刊影像审核（Claude Code 接手抽样）：题名、日期、文章页位、原刊来源和本地页图/PDF定位已核对；accepted 只表示记录身份和页级入口通过，不表示全文逐字转录、异文整理、署名补全或复制权利已经完成。,2026-07-19,claude-code,pass,2026-07-19 05:00:46,L1,core,1429
409,domestic:NLC:guangmingbao-1947-issue13-zhang-lan-plenum-closing,民盟二中全會張瀾主席閉幕詞,张澜,1947-01-18,同期政论报刊文章（整期原刊内文章）,NLC,中国国家图书馆数字化民国期刊（Wikimedia Commons镜像）,民国期刊／光明報／1947年13期,,民国期刊／光明報,,NLC404-01J000514-10453,NLC404-01J000514-10453；1947年13期；新十三號；PDF第5—5页,verified,https://commons.wikimedia.org/wiki/File:NLC404-01J000514-10453_光明報_1947年13期.pdf,item_digital,open,公开整期PDF；文章定位于PDF第5—5页；本地副本：data/domestic/press_scans/NLC404-01J000514-10453_光明報_1947年13期.pdf；页图：work/domestic/continue_pages/1947_13/,hybrid,full_item_online,unknown,citation_only,公开扫描再利用规则待核,unknown,L1,core,"[""1947民盟被宣布非法""]","[""张澜"", ""中国民主同盟""]","[""上海"", ""香港""]",封面目錄列『民盟二中全會張瀾主席閉幕詞』；PDF第5頁大字題名與張瀾肖像共現；第6頁轉入『民盟二中全會剪影輯』。,digital_image,NLC404-01J000514-10453；本地PDF第5—5页；work/domestic/continue_pages/1947_13/page-05.png；封面目录 work/domestic/continue_pages/1947_13/page-01.png；data/domestic/press_scans/NLC404-01J000514-10453_光明報_1947年13期.pdf,封面版出日串『日八十月一年六十三』按RTL讀為民國三十六年一月十八日（1947-01-18）；先前Aug日期為誤讀，以封面為準。 與開幕講詞同頁交接；全文轉錄待做。 已核目录/正文题名与页界；保持needs_human_review，未做全文转录，不自动accepted。,2026-07-19,grok,accepted,通过记录级同期原刊影像审核（Claude Code 接手抽样）：题名、日期、文章页位、原刊来源和本地页图/PDF定位已核对；accepted 只表示记录身份和页级入口通过，不表示全文逐字转录、异文整理、署名补全或复制权利已经完成。,2026-07-19,claude-code,pass,2026-07-19 05:00:46,L1,core,1430
410,domestic:NLC:guangmingbao-1947-issue13-plenum-clippings,民盟二中全會剪影輯,,1947-01-18,同期政论报刊文章（整期原刊内文章）,NLC,中国国家图书馆数字化民国期刊（Wikimedia Commons镜像）,民国期刊／光明報／1947年13期,,民国期刊／光明報,,NLC404-01J000514-10453,NLC404-01J000514-10453；1947年13期；新十三號；PDF第6—6页,verified,https://commons.wikimedia.org/wiki/File:NLC404-01J000514-10453_光明報_1947年13期.pdf,item_digital,open,公开整期PDF；文章定位于PDF第6—6页；本地副本：data/domestic/press_scans/NLC404-01J000514-10453_光明報_1947年13期.pdf；页图：work/domestic/continue_pages/1947_13/,hybrid,full_item_online,unknown,citation_only,公开扫描再利用规则待核,unknown,L1,core,"[""1947民盟被宣布非法""]","[""中国民主同盟""]","[""上海"", ""香港""]",封面目錄列『民盟二中全會剪影』；PDF第6頁框題『民盟二中全會剪影輯』，下列重要決議案等欄。同頁另有『對馬歇爾聲明發表書面意見』等，本條僅登記剪影輯框題所涵蓋欄目起頁。,digital_image,NLC404-01J000514-10453；本地PDF第6—6页；work/domestic/continue_pages/1947_13/page-06.png；封面目录 work/domestic/continue_pages/1947_13/page-01.png；data/domestic/press_scans/NLC404-01J000514-10453_光明報_1947年13期.pdf,封面版出日串『日八十月一年六十三』按RTL讀為民國三十六年一月十八日（1947-01-18）；先前Aug日期為誤讀，以封面為準。 剪影輯與同頁其他短欄邊界待細分；作者未署。 已核目录/正文题名与页界；保持needs_human_review，未做全文转录，不自动accepted。,2026-07-19,grok,accepted,通过记录级同期原刊影像审核（Claude Code 接手抽样）：题名、日期、文章页位、原刊来源和本地页图/PDF定位已核对；accepted 只表示记录身份和页级入口通过，不表示全文逐字转录、异文整理、署名补全或复制权利已经完成。,2026-07-19,claude-code,pass,2026-07-19 05:00:46,L1,core,1431
411,domestic:NLC:guangmingbao-1947-issue14-pcc-anniversary-editorial,政協決議一週年,《光明報》社論,1947-01-28,同期政论报刊文章（整期原刊内文章）,NLC,中国国家图书馆数字化民国期刊（Wikimedia Commons镜像）,民国期刊／光明報／1947年14期,,民国期刊／光明報,,NLC404-01J000514-10454,NLC404-01J000514-10454；1947年14期；新十四號；PDF第2—2页,verified,https://commons.wikimedia.org/wiki/File:NLC404-01J000514-10454_光明報_1947年14期.pdf,item_digital,open,公开整期PDF；文章定位于PDF第2—2页；本地副本：data/domestic/press_scans/NLC404-01J000514-10454_光明報_1947年14期.pdf；页图：work/domestic/continue_pages/1947_14/,hybrid,full_item_online,unknown,citation_only,公开扫描再利用规则待核,unknown,L1,core,"[""1947民盟被宣布非法""]","[""中国民主同盟""]","[""香港""]",封面目錄列『政協決議一週年……社論』；PDF第2頁大字題名與『社論』徽共現；第3頁轉入『短評』。,digital_image,NLC404-01J000514-10454；本地PDF第2—2页；work/domestic/continue_pages/1947_14/page-02.png；封面目录 work/domestic/continue_pages/1947_14/page-01.png；data/domestic/press_scans/NLC404-01J000514-10454_光明報_1947年14期.pdf,封面版出日串『日八十二月一年六十三』按RTL讀為民國三十六年一月二十八日（1947-01-28）；內容有迎春晚會等，與一月下旬相符。 短評五則故意不拆。全文轉錄待做。 已核目录/正文题名与页界；保持needs_human_review，未做全文转录，不自动accepted。,2026-07-19,grok,accepted,通过记录级同期原刊影像审核（Claude Code 接手抽样）：题名、日期、文章页位、原刊来源和本地页图/PDF定位已核对；accepted 只表示记录身份和页级入口通过，不表示全文逐字转录、异文整理、署名补全或复制权利已经完成。,2026-07-19,claude-code,pass,2026-07-19 05:00:46,L1,core,1432
412,domestic:NLC:guangmingbao-1947-issue14-plenum-political-report,民盟二中全會政治報告全文,中国民主同盟,1947-01-28,同期政论报刊文章（整期原刊内文章）,NLC,中国国家图书馆数字化民国期刊（Wikimedia Commons镜像）,民国期刊／光明報／1947年14期,,民国期刊／光明報,,NLC404-01J000514-10454,NLC404-01J000514-10454；1947年14期；新十四號；PDF第4—11页,verified,https://commons.wikimedia.org/wiki/File:NLC404-01J000514-10454_光明報_1947年14期.pdf,item_digital,open,公开整期PDF；文章定位于PDF第4—11页；本地副本：data/domestic/press_scans/NLC404-01J000514-10454_光明報_1947年14期.pdf；页图：work/domestic/continue_pages/1947_14/,hybrid,full_item_online,unknown,citation_only,公开扫描再利用规则待核,unknown,L1,core,"[""1947民盟被宣布非法""]","[""中国民主同盟"", ""张澜""]","[""上海"", ""香港""]",封面目錄列『民主同盟二中全會政治報告全文』；PDF第4頁大字題名並注『（代宣言）』；第4—11頁連續正文分節；第11頁可見收束與（完）類標誌；第12頁轉入沈志遠《我對於民盟二中全會的觀感》。,digital_image,NLC404-01J000514-10454；本地PDF第4—11页；work/domestic/continue_pages/1947_14/page-04.png至page-11.png；封面目录 work/domestic/continue_pages/1947_14/page-01.png；data/domestic/press_scans/NLC404-01J000514-10454_光明報_1947年14期.pdf,封面版出日串『日八十二月一年六十三』按RTL讀為民國三十六年一月二十八日（1947-01-28）；內容有迎春晚會等，與一月下旬相符。 代宣言副標以正文為準；跨頁甚長，節次標號待轉錄核對。 已核目录/正文题名与页界；保持needs_human_review，未做全文转录，不自动accepted。,2026-07-19,grok,accepted,通过记录级同期原刊影像审核（Claude Code 接手抽样）：题名、日期、文章页位、原刊来源和本地页图/PDF定位已核对；accepted 只表示记录身份和页级入口通过，不表示全文逐字转录、异文整理、署名补全或复制权利已经完成。,2026-07-19,claude-code,pass,2026-07-19 05:00:46,L1,core,1433
413,domestic:NLC:guangmingbao-1947-issue14-shen-zhiyuan-plenum-impression,我對於民盟二中全會的觀感,沈志遠,1947-01-28,同期政论报刊文章（整期原刊内文章）,NLC,中国国家图书馆数字化民国期刊（Wikimedia Commons镜像）,民国期刊／光明報／1947年14期,,民国期刊／光明報,,NLC404-01J000514-10454,NLC404-01J000514-10454；1947年14期；新十四號；PDF第12—13页,verified,https://commons.wikimedia.org/wiki/File:NLC404-01J000514-10454_光明報_1947年14期.pdf,item_digital,open,公开整期PDF；文章定位于PDF第12—13页；本地副本：data/domestic/press_scans/NLC404-01J000514-10454_光明報_1947年14期.pdf；页图：work/domestic/continue_pages/1947_14/,hybrid,full_item_online,unknown,citation_only,公开扫描再利用规则待核,unknown,L1,core,"[""1947民盟被宣布非法""]","[""沈志遠"", ""中国民主同盟""]","[""香港""]",封面目錄列『我對民盟二中全會的觀感……沈志遠』；PDF第12頁大字題名與署名『沈志遠』共現；第13頁續完；第14頁轉入李伯球《二中全會的收穫》。,digital_image,NLC404-01J000514-10454；本地PDF第12—13页；work/domestic/continue_pages/1947_14/page-12.png至page-13.png；封面目录 work/domestic/continue_pages/1947_14/page-01.png；data/domestic/press_scans/NLC404-01J000514-10454_光明報_1947年14期.pdf,封面版出日串『日八十二月一年六十三』按RTL讀為民國三十六年一月二十八日（1947-01-28）；內容有迎春晚會等，與一月下旬相符。 目錄略題與正文全題微異，以正文為準。 已核目录/正文题名与页界；保持needs_human_review，未做全文转录，不自动accepted。,2026-07-19,grok,accepted,通过记录级同期原刊影像审核（Claude Code 接手抽样）：题名、日期、文章页位、原刊来源和本地页图/PDF定位已核对；accepted 只表示记录身份和页级入口通过，不表示全文逐字转录、异文整理、署名补全或复制权利已经完成。,2026-07-19,claude-code,pass,2026-07-19 05:00:46,L1,core,1434
414,domestic:NLC:guangmingbao-1947-issue14-li-boqiu-plenum-gains,二中全會的收穫,李伯球,1947-01-28,同期政论报刊文章（整期原刊内文章）,NLC,中国国家图书馆数字化民国期刊（Wikimedia Commons镜像）,民国期刊／光明報／1947年14期,,民国期刊／光明報,,NLC404-01J000514-10454,NLC404-01J000514-10454；1947年14期；新十四號；PDF第14—14页,verified,https://commons.wikimedia.org/wiki/File:NLC404-01J000514-10454_光明報_1947年14期.pdf,item_digital,open,公开整期PDF；文章定位于PDF第14—14页；本地副本：data/domestic/press_scans/NLC404-01J000514-10454_光明報_1947年14期.pdf；页图：work/domestic/continue_pages/1947_14/,hybrid,full_item_online,unknown,citation_only,公开扫描再利用规则待核,unknown,L1,core,"[""1947民盟被宣布非法""]","[""李伯球"", ""中国民主同盟""]","[""香港""]",封面目錄列『二中全會的收穫……李伯球』；PDF第14頁框題『二中全會的收穫』與署名『李伯球』共現；文末可見『卅六年一月廿日於香港』。同頁後有『全會開幕前的兩件大事』等，本條僅登記本篇起止以本頁為主。,digital_image,NLC404-01J000514-10454；本地PDF第14—14页；work/domestic/continue_pages/1947_14/page-14.png；封面目录 work/domestic/continue_pages/1947_14/page-01.png；data/domestic/press_scans/NLC404-01J000514-10454_光明報_1947年14期.pdf,封面版出日串『日八十二月一年六十三』按RTL讀為民國三十六年一月二十八日（1947-01-28）；內容有迎春晚會等，與一月下旬相符。 同頁後續短文未拆；若跨欄延伸至第15頁待複核。本輪按題名頁與文末日期同頁登記為14—14。 已核目录/正文题名与页界；保持needs_human_review，未做全文转录，不自动accepted。,2026-07-19,grok,accepted,通过记录级同期原刊影像审核（Claude Code 接手抽样）：题名、日期、文章页位、原刊来源和本地页图/PDF定位已核对；accepted 只表示记录身份和页级入口通过，不表示全文逐字转录、异文整理、署名补全或复制权利已经完成。,2026-07-19,claude-code,pass,2026-07-19 05:00:46,L1,core,1435
415,domestic:NLC:guangmingbao-1947-issue15-heavier-task-editorial,民盟的任務更繁重了,《光明報》社論,1947-02-08,同期政论报刊文章（整期原刊内文章）,NLC,中国国家图书馆数字化民国期刊（Wikimedia Commons镜像）,民国期刊／光明報／1947年15期,,民国期刊／光明報,,NLC404-01J000514-10455,NLC404-01J000514-10455；1947年15期；新十五號；PDF第2—2页,verified,https://commons.wikimedia.org/wiki/File:NLC404-01J000514-10455_光明報_1947年15期.pdf,item_digital,open,公开整期PDF；文章定位于PDF第2—2页；本地副本：data/domestic/press_scans/NLC404-01J000514-10455_光明報_1947年15期.pdf；页图：work/domestic/continue_pages/1947_15/,hybrid,full_item_online,unknown,citation_only,公开扫描再利用规则待核,unknown,L1,core,"[""1947民盟被宣布非法""]","[""中国民主同盟""]","[""香港""]",封面目錄列『民盟的任務更繁重了……社論』；PDF第2頁大字題名與『社論』徽共現；第3頁轉入『短評』。,digital_image,NLC404-01J000514-10455；本地PDF第2—2页；work/domestic/continue_pages/1947_15/page-02.png；封面目录 work/domestic/continue_pages/1947_15/page-01.png；data/domestic/press_scans/NLC404-01J000514-10455_光明報_1947年15期.pdf,封面版出日串『日八月二年六十三』按RTL讀為民國三十六年二月八日（1947-02-08）。 短評故意不拆。全文轉錄待做。 已核目录/正文题名与页界；保持needs_human_review，未做全文转录，不自动accepted。,2026-07-19,grok,accepted,通过记录级同期原刊影像审核（Claude Code 接手抽样）：题名、日期、文章页位、原刊来源和本地页图/PDF定位已核对；accepted 只表示记录身份和页级入口通过，不表示全文逐字转录、异文整理、署名补全或复制权利已经完成。,2026-07-19,claude-code,pass,2026-07-19 05:00:46,L1,core,1436
416,domestic:NLC:guangmingbao-1947-issue15-huang-yaomian-pcc-line,政協決議與政協路線,黃藥眠,1947-02-08,同期政论报刊文章（整期原刊内文章）,NLC,中国国家图书馆数字化民国期刊（Wikimedia Commons镜像）,民国期刊／光明報／1947年15期,,民国期刊／光明報,,NLC404-01J000514-10455,NLC404-01J000514-10455；1947年15期；新十五號；PDF第4—6页,verified,https://commons.wikimedia.org/wiki/File:NLC404-01J000514-10455_光明報_1947年15期.pdf,item_digital,open,公开整期PDF；文章定位于PDF第4—6页；本地副本：data/domestic/press_scans/NLC404-01J000514-10455_光明報_1947年15期.pdf；页图：work/domestic/continue_pages/1947_15/,hybrid,full_item_online,unknown,citation_only,公开扫描再利用规则待核,unknown,L1,core,"[""1947民盟被宣布非法""]","[""黃藥眠"", ""中国民主同盟""]","[""香港""]",封面目錄列『政協決議與政協路線……黃藥眠』；PDF第4頁大字題名與署名共現；第4—6頁連續正文；第7頁轉入『走上了新的階段』。,digital_image,NLC404-01J000514-10455；本地PDF第4—6页；work/domestic/continue_pages/1947_15/page-04.png至page-06.png；封面目录 work/domestic/continue_pages/1947_15/page-01.png；data/domestic/press_scans/NLC404-01J000514-10455_光明報_1947年15期.pdf,封面版出日串『日八月二年六十三』按RTL讀為民國三十六年二月八日（1947-02-08）。 全文轉錄待做。 已核目录/正文题名与页界；保持needs_human_review，未做全文转录，不自动accepted。,2026-07-19,grok,accepted,通过记录级同期原刊影像审核（Claude Code 接手抽样）：题名、日期、文章页位、原刊来源和本地页图/PDF定位已核对；accepted 只表示记录身份和页级入口通过，不表示全文逐字转录、异文整理、署名补全或复制权利已经完成。,2026-07-19,claude-code,pass,2026-07-19 05:00:46,L1,core,1437
417,domestic:NLC:guangmingbao-1947-issue16-17-li-jishen-situation-views,李濟深將軍對時局意見,李濟深,1947-03-18,同期政论报刊文章（整期原刊内文章）,NLC,中国国家图书馆数字化民国期刊（Wikimedia Commons镜像）,民国期刊／光明報／1947年16–17期,,民国期刊／光明報,,NLC404-01J000514-10456,NLC404-01J000514-10456；1947年16–17期；新十六—十七號；PDF第2—2页,verified,https://commons.wikimedia.org/wiki/File:NLC404-01J000514-10456_光明報_1947年16–17期.pdf,item_digital,open,公开整期PDF；文章定位于PDF第2—2页；本地副本：data/domestic/press_scans/NLC404-01J000514-10456_光明報_1947年16–17期.pdf；页图：work/domestic/continue_pages/1947_16-17/,hybrid,full_item_online,unknown,citation_only,公开扫描再利用规则待核,unknown,L1,core,"[""1947民盟被宣布非法""]","[""李濟深"", ""中国民主同盟""]","[""香港""]",封面目錄首條對應李濟深時局意見；PDF第2頁欄標『轉載』、大字題名『李濟深將軍對時局意見』；第3頁轉入《中國民主同盟對時局宣言》。,digital_image,NLC404-01J000514-10456；本地PDF第2—2页；work/domestic/continue_pages/1947_16-17/page-02.png；封面目录 work/domestic/continue_pages/1947_16-17/page-01.png；data/domestic/press_scans/NLC404-01J000514-10456_光明報_1947年16–17期.pdf,封面版出日串『日八十月三年六十三』按RTL讀為民國三十六年三月十八日（1947-03-18）。封面期號『號六七十新』為合刊标示；NLC文件名作16–17期。正文含三月八日《中國民主同盟對時局宣言》。 轉載性質；與後續民盟宣言及社論構成一組，但不替代民盟正式文件原件。 已核目录/正文题名与页界；保持needs_human_review，未做全文转录，不自动accepted。,2026-07-19,grok,accepted,通过记录级同期原刊影像审核（Claude Code 接手抽样）：题名、日期、文章页位、原刊来源和本地页图/PDF定位已核对；accepted 只表示记录身份和页级入口通过，不表示全文逐字转录、异文整理、署名补全或复制权利已经完成。,2026-07-19,claude-code,pass,2026-07-19 05:00:46,L1,core,1438
418,domestic:NLC:guangmingbao-1947-issue16-17-minmeng-situation-declaration,中國民主同盟對時局宣言,中国民主同盟,1947-03-18,同期政论报刊文章（整期原刊内文章）,NLC,中国国家图书馆数字化民国期刊（Wikimedia Commons镜像）,民国期刊／光明報／1947年16–17期,,民国期刊／光明報,,NLC404-01J000514-10456,NLC404-01J000514-10456；1947年16–17期；新十六—十七號；PDF第3—3页,verified,https://commons.wikimedia.org/wiki/File:NLC404-01J000514-10456_光明報_1947年16–17期.pdf,item_digital,open,公开整期PDF；文章定位于PDF第3—3页；本地副本：data/domestic/press_scans/NLC404-01J000514-10456_光明報_1947年16–17期.pdf；页图：work/domestic/continue_pages/1947_16-17/,hybrid,full_item_online,unknown,citation_only,公开扫描再利用规则待核,unknown,L1,core,"[""1947民盟被宣布非法""]","[""中国民主同盟""]","[""香港""]",PDF第3頁通欄大字題名『中國民主同盟對時局宣言』；文末可見『中華民國三十六年三月八日』；第4頁轉入社論。,digital_image,NLC404-01J000514-10456；本地PDF第3—3页；work/domestic/continue_pages/1947_16-17/page-03.png；封面目录 work/domestic/continue_pages/1947_16-17/page-01.png；data/domestic/press_scans/NLC404-01J000514-10456_光明報_1947年16–17期.pdf,封面版出日串『日八十月三年六十三』按RTL讀為民國三十六年三月十八日（1947-03-18）。封面期號『號六七十新』為合刊标示；NLC文件名作16–17期。正文含三月八日《中國民主同盟對時局宣言》。 宣言形成日期為1947-03-08；本條document_date用本期刊出日（封面1947-03-18）。原件鏈仍待。 已核目录/正文题名与页界；保持needs_human_review，未做全文转录，不自动accepted。,2026-07-19,grok,accepted,通过记录级同期原刊影像审核（Claude Code 接手抽样）：题名、日期、文章页位、原刊来源和本地页图/PDF定位已核对；accepted 只表示记录身份和页级入口通过，不表示全文逐字转录、异文整理、署名补全或复制权利已经完成。,2026-07-19,claude-code,pass,2026-07-19 05:00:46,L1,core,1439
419,domestic:NLC:guangmingbao-1947-issue16-17-respond-li-jishen-editorial,響應李濟深先生對時局主張,《光明報》社論,1947-03-18,同期政论报刊文章（整期原刊内文章）,NLC,中国国家图书馆数字化民国期刊（Wikimedia Commons镜像）,民国期刊／光明報／1947年16–17期,,民国期刊／光明報,,NLC404-01J000514-10456,NLC404-01J000514-10456；1947年16–17期；新十六—十七號；PDF第4—4页,verified,https://commons.wikimedia.org/wiki/File:NLC404-01J000514-10456_光明報_1947年16–17期.pdf,item_digital,open,公开整期PDF；文章定位于PDF第4—4页；本地副本：data/domestic/press_scans/NLC404-01J000514-10456_光明報_1947年16–17期.pdf；页图：work/domestic/continue_pages/1947_16-17/,hybrid,full_item_online,unknown,citation_only,公开扫描再利用规则待核,unknown,L1,core,"[""1947民盟被宣布非法""]","[""李濟深"", ""中国民主同盟""]","[""香港""]",PDF第4頁『社論』徽下（一）大字題名『響應李濟深先生對時局主張』；與同頁社論（二）并列；第5頁轉入李伯球文。,digital_image,NLC404-01J000514-10456；本地PDF第4—4页；work/domestic/continue_pages/1947_16-17/page-04.png；封面目录 work/domestic/continue_pages/1947_16-17/page-01.png；data/domestic/press_scans/NLC404-01J000514-10456_光明報_1947年16–17期.pdf,封面版出日串『日八十月三年六十三』按RTL讀為民國三十六年三月十八日（1947-03-18）。封面期號『號六七十新』為合刊标示；NLC文件名作16–17期。正文含三月八日《中國民主同盟對時局宣言》。 目錄『社論（一）（二）』標法與正文題名對應關係以正文為準；同頁兩社論止頁均核為第4頁。 已核目录/正文题名与页界；保持needs_human_review，未做全文转录，不自动accepted。,2026-07-19,grok,accepted,通过记录级同期原刊影像审核（Claude Code 接手抽样）：题名、日期、文章页位、原刊来源和本地页图/PDF定位已核对；accepted 只表示记录身份和页级入口通过，不表示全文逐字转录、异文整理、署名补全或复制权利已经完成。,2026-07-19,claude-code,pass,2026-07-19 05:00:46,L1,core,1440
420,domestic:NLC:guangmingbao-1947-issue16-17-moscow-conference-china-editorial,莫斯科會議應該討論中國問題,《光明報》社論,1947-03-18,同期政论报刊文章（整期原刊内文章）,NLC,中国国家图书馆数字化民国期刊（Wikimedia Commons镜像）,民国期刊／光明報／1947年16–17期,,民国期刊／光明報,,NLC404-01J000514-10456,NLC404-01J000514-10456；1947年16–17期；新十六—十七號；PDF第4—4页,verified,https://commons.wikimedia.org/wiki/File:NLC404-01J000514-10456_光明報_1947年16–17期.pdf,item_digital,open,公开整期PDF；文章定位于PDF第4—4页；本地副本：data/domestic/press_scans/NLC404-01J000514-10456_光明報_1947年16–17期.pdf；页图：work/domestic/continue_pages/1947_16-17/,hybrid,full_item_online,unknown,citation_only,公开扫描再利用规则待核,unknown,L1,core,"[""1947民盟被宣布非法""]","[""中国民主同盟""]","[""香港""]",PDF第4頁社論（二）大字題名『莫斯科會議應該討論中國問題』；第5頁轉入李伯球《從上海看民主運動的動態》。,digital_image,NLC404-01J000514-10456；本地PDF第4—4页；work/domestic/continue_pages/1947_16-17/page-04.png；封面目录 work/domestic/continue_pages/1947_16-17/page-01.png；data/domestic/press_scans/NLC404-01J000514-10456_光明報_1947年16–17期.pdf,封面版出日串『日八十月三年六十三』按RTL讀為民國三十六年三月十八日（1947-03-18）。封面期號『號六七十新』為合刊标示；NLC文件名作16–17期。正文含三月八日《中國民主同盟對時局宣言》。 同頁社論（一）之后；頁界以第5頁新題為止。 已核目录/正文题名与页界；保持needs_human_review，未做全文转录，不自动accepted。,2026-07-19,grok,accepted,通过记录级同期原刊影像审核（Claude Code 接手抽样）：题名、日期、文章页位、原刊来源和本地页图/PDF定位已核对；accepted 只表示记录身份和页级入口通过，不表示全文逐字转录、异文整理、署名补全或复制权利已经完成。,2026-07-19,claude-code,pass,2026-07-19 05:00:46,L1,core,1441
421,domestic:NLC:guangmingbao-1947-issue18-people-cannot-endure-editorial,老百姓是再也不能忍耐了,《光明報》社論,1947-05-14,同期政论报刊文章（整期原刊内文章）,NLC,中国国家图书馆数字化民国期刊（Wikimedia Commons镜像）,民国期刊／光明報／1947年18期,,民国期刊／光明報,,NLC404-01J000514-10457,NLC404-01J000514-10457；1947年18期；新十八號；PDF第2—3页,verified,https://commons.wikimedia.org/wiki/File:NLC404-01J000514-10457_光明報_1947年18期.pdf,item_digital,open,公开整期PDF；文章定位于PDF第2—3页；本地副本：data/domestic/press_scans/NLC404-01J000514-10457_光明報_1947年18期.pdf；页图：work/domestic/continue_pages/1947_18/,hybrid,full_item_online,unknown,citation_only,公开扫描再利用规则待核,unknown,L1,core,"[""1947民盟被宣布非法""]","[""中国民主同盟""]","[""香港""]",封面目錄列『老百姓是再也不能忍耐了（社論）』；PDF第2頁『社論』徽與豎排題名起筆；第3頁續題『也不能忍耐了』至收束；第4頁轉入彭澤民書面談話；第5頁為短評。,digital_image,NLC404-01J000514-10457；本地PDF第2—3页；work/domestic/continue_pages/1947_18/page-02.png至page-03.png；封面目录 work/domestic/continue_pages/1947_18/page-01.png；data/domestic/press_scans/NLC404-01J000514-10457_光明報_1947年18期.pdf,封面版出日串『日四十月五年六十三』按RTL讀為民國三十六年五月十四日（1947-05-14）；先前Oct日期為誤讀。 第2頁與『民盟南總支部招待中外記者誌詳』同頁分欄；社論跨2—3頁。 已核目录/正文题名与页界；保持needs_human_review，未做全文转录，不自动accepted。,2026-07-19,grok,accepted,通过记录级同期原刊影像审核（Claude Code 接手抽样）：题名、日期、文章页位、原刊来源和本地页图/PDF定位已核对；accepted 只表示记录身份和页级入口通过，不表示全文逐字转录、异文整理、署名补全或复制权利已经完成。,2026-07-19,claude-code,pass,2026-07-19 05:00:46,L1,core,1442
422,domestic:NLC:guangmingbao-1947-issue18-nantotal-press-reception,民盟南總支部招待中外記者誌詳,本報記者,1947-05-14,同期政论报刊文章（整期原刊内文章）,NLC,中国国家图书馆数字化民国期刊（Wikimedia Commons镜像）,民国期刊／光明報／1947年18期,,民国期刊／光明報,,NLC404-01J000514-10457,NLC404-01J000514-10457；1947年18期；新十八號；PDF第2—2页,verified,https://commons.wikimedia.org/wiki/File:NLC404-01J000514-10457_光明報_1947年18期.pdf,item_digital,open,公开整期PDF；文章定位于PDF第2—2页；本地副本：data/domestic/press_scans/NLC404-01J000514-10457_光明報_1947年18期.pdf；页图：work/domestic/continue_pages/1947_18/,hybrid,full_item_online,unknown,citation_only,公开扫描再利用规则待核,unknown,L1,core,"[""1947民盟被宣布非法""]","[""中国民主同盟"", ""彭泽民""]","[""香港""]",封面目錄列『民盟南總招待中外記者誌詳……本報記者』；PDF第2頁中欄大字題名『民盟南總支部招待中外記者誌詳』與『本報記者』共現；與同頁社論分欄。,digital_image,NLC404-01J000514-10457；本地PDF第2—2页；work/domestic/continue_pages/1947_18/page-02.png；封面目录 work/domestic/continue_pages/1947_18/page-01.png；data/domestic/press_scans/NLC404-01J000514-10457_光明報_1947年18期.pdf,封面版出日串『日四十月五年六十三』按RTL讀為民國三十六年五月十四日（1947-05-14）；先前Oct日期為誤讀。 正文全題較目錄多『支部』二字，以正文為準。 已核目录/正文题名与页界；保持needs_human_review，未做全文转录，不自动accepted。,2026-07-19,grok,accepted,通过记录级同期原刊影像审核（Claude Code 接手抽样）：题名、日期、文章页位、原刊来源和本地页图/PDF定位已核对；accepted 只表示记录身份和页级入口通过，不表示全文逐字转录、异文整理、署名补全或复制权利已经完成。,2026-07-19,claude-code,pass,2026-07-19 05:00:46,L1,core,1443
423,domestic:NLC:guangmingbao-1947-issue18-peng-zemin-statement,民盟南總支部申明態度——主任委員彭澤民發表書面談話,彭泽民,1947-05-14,同期政论报刊文章（整期原刊内文章）,NLC,中国国家图书馆数字化民国期刊（Wikimedia Commons镜像）,民国期刊／光明報／1947年18期,,民国期刊／光明報,,NLC404-01J000514-10457,NLC404-01J000514-10457；1947年18期；新十八號；PDF第4—4页,verified,https://commons.wikimedia.org/wiki/File:NLC404-01J000514-10457_光明報_1947年18期.pdf,item_digital,open,公开整期PDF；文章定位于PDF第4—4页；本地副本：data/domestic/press_scans/NLC404-01J000514-10457_光明報_1947年18期.pdf；页图：work/domestic/continue_pages/1947_18/,hybrid,full_item_online,unknown,citation_only,公开扫描再利用规则待核,unknown,L1,core,"[""1947民盟被宣布非法""]","[""彭泽民"", ""中国民主同盟""]","[""香港""]",封面目錄列『民盟南總主委彭澤民書面談話』；PDF第4頁通欄大字題名『民盟南總支部申明態度』及副題『主任委員彭澤民發表書面談話』；第5頁轉入短評。,digital_image,NLC404-01J000514-10457；本地PDF第4—4页；work/domestic/continue_pages/1947_18/page-04.png；封面目录 work/domestic/continue_pages/1947_18/page-01.png；data/domestic/press_scans/NLC404-01J000514-10457_光明報_1947年18期.pdf,封面版出日串『日四十月五年六十三』按RTL讀為民國三十六年五月十四日（1947-05-14）；先前Oct日期為誤讀。 目錄略題與正文全題微異，以正文為準。 已核目录/正文题名与页界；保持needs_human_review，未做全文转录，不自动accepted。,2026-07-19,grok,accepted,通过记录级同期原刊影像审核（Claude Code 接手抽样）：题名、日期、文章页位、原刊来源和本地页图/PDF定位已核对；accepted 只表示记录身份和页级入口通过，不表示全文逐字转录、异文整理、署名补全或复制权利已经完成。,2026-07-19,claude-code,pass,2026-07-19 05:00:46,L1,core,1444
424,domestic:NLC:guangmingbao-1947-issue21-critique-dictatorship-new-policy-editorial,評獨裁派的所謂「新政策」,《光明報》社論,1947-07-05,同期政论报刊文章（整期原刊内文章）,NLC,中国国家图书馆数字化民国期刊（Wikimedia Commons镜像）,民国期刊／光明報／1947年21期,,民国期刊／光明報,,NLC404-01J000514-10460,NLC404-01J000514-10460；1947年21期；新二十一號；PDF第2—2页,verified,https://commons.wikimedia.org/wiki/File:NLC404-01J000514-10460_光明報_1947年21期.pdf,item_digital,open,公开整期PDF；文章定位于PDF第2—2页；本地副本：data/domestic/press_scans/NLC404-01J000514-10460_光明報_1947年21期.pdf；页图：work/domestic/continue_pages/1947_21/,hybrid,full_item_online,unknown,citation_only,公开扫描再利用规则待核,unknown,L1,core,"[""1947民盟被宣布非法""]","[""中国民主同盟""]","[""香港""]",封面目錄列『評獨裁派的所謂新政策（社論）』；PDF第2頁大字題名（正文書名號作「新政策」）與『社論』徽共現；第3頁轉入短評。,digital_image,NLC404-01J000514-10460；本地PDF第2—2页；work/domestic/continue_pages/1947_21/page-02.png；封面目录 work/domestic/continue_pages/1947_21/page-01.png；data/domestic/press_scans/NLC404-01J000514-10460_光明報_1947年21期.pdf,封面版出日串『日五月七年六十三』按RTL讀為民國三十六年七月五日（1947-07-05），與既有整期日期一致。 短評故意不拆。 已核目录/正文题名与页界；保持needs_human_review，未做全文转录，不自动accepted。,2026-07-19,grok,accepted,通过记录级同期原刊影像审核（Claude Code 接手抽样）：题名、日期、文章页位、原刊来源和本地页图/PDF定位已核对；accepted 只表示记录身份和页级入口通过，不表示全文逐字转录、异文整理、署名补全或复制权利已经完成。,2026-07-19,claude-code,pass,2026-07-19 05:00:46,L1,core,1445
425,domestic:NLC:guangmingbao-1947-issue21-deng-chumin-middle-route,中間路線沒有現實的根據,鄧初民,1947-07-05,同期政论报刊文章（整期原刊内文章）,NLC,中国国家图书馆数字化民国期刊（Wikimedia Commons镜像）,民国期刊／光明報／1947年21期,,民国期刊／光明報,,NLC404-01J000514-10460,NLC404-01J000514-10460；1947年21期；新二十一號；PDF第4—6页,verified,https://commons.wikimedia.org/wiki/File:NLC404-01J000514-10460_光明報_1947年21期.pdf,item_digital,open,公开整期PDF；文章定位于PDF第4—6页；本地副本：data/domestic/press_scans/NLC404-01J000514-10460_光明報_1947年21期.pdf；页图：work/domestic/continue_pages/1947_21/,hybrid,full_item_online,unknown,citation_only,公开扫描再利用规则待核,unknown,L1,core,"[""1947民盟被宣布非法""]","[""鄧初民"", ""中国民主同盟""]","[""香港""]",封面目錄列『中間路線沒有現實的根據……鄧初民』；PDF第4頁大字題名與署名共現；第4—6頁連續正文；第7頁轉入黃藥眠《略論巴黎的三外長會議》。,digital_image,NLC404-01J000514-10460；本地PDF第4—6页；work/domestic/continue_pages/1947_21/page-04.png至page-06.png；封面目录 work/domestic/continue_pages/1947_21/page-01.png；data/domestic/press_scans/NLC404-01J000514-10460_光明報_1947年21期.pdf,封面版出日串『日五月七年六十三』按RTL讀為民國三十六年七月五日（1947-07-05），與既有整期日期一致。 全文轉錄待做。 已核目录/正文题名与页界；保持needs_human_review，未做全文转录，不自动accepted。,2026-07-19,grok,accepted,通过记录级同期原刊影像审核（Claude Code 接手抽样）：题名、日期、文章页位、原刊来源和本地页图/PDF定位已核对；accepted 只表示记录身份和页级入口通过，不表示全文逐字转录、异文整理、署名补全或复制权利已经完成。,2026-07-19,claude-code,pass,2026-07-19 05:00:46,L1,core,1446
426,domestic:SHDPZ:zlc-chapter5-line571-shi-liang-1942-join,史良 1942 年加入民盟条目（《上海民主党派志》资料长编 第五章）,上海市地方志办公室／民主党派分志验收稿,2020-10-18,上海民主党派志验收稿资料长编收录的史良入盟时间条目,SHDPZ,上海市地方志办公室／上海民主党派志验收稿,上海民主党派志 资料长编 第五章 民盟代表人士,,,,资料长编/民盟 第五章 20201018.doc 第571行,上海民主党派志验收稿（2020，未出版）资料长编 第五章 民盟代表人士 史良条目,unpublished,,,offline,raw 层文件 /Users/cheer/民盟/研究室文件/党派分志20200708/资料长编/民盟 第五章 20201018.doc；验收稿未公开出版；本地转换文本 /tmp/zlc_民盟 第五章 20201018.txt；需上海市地方志办公室正式出版后升级 L2,digital,not_online,internal,citation_only,内部验收稿，上海市地方志办公室持有版权；引用需注明出处,no,L3,core,"[""1941民盟前身""]","[""史良"", ""中国民主同盟""]","[""重庆""]",条目正文：『史良是著名救国会七君子中唯一女性。1942年加入民盟，1945年起任民盟中央委员、常委。民盟总部被迫解散后，她担任民盟华东执行部主任委员，指导并资助民盟华东地区的地下斗争。』提供 1942 年史良加入民盟的关键节点。,printed_finding_aid,raw//Users/cheer/民盟/研究室文件/党派分志20200708/资料长编/民盟 第五章 20201018.doc 第571行；本地转换文本 /tmp/zlc_民盟 第五章 20201018.txt 第571行,验收稿为内部未出版稿，需上海市地方志办公室正式出版后才能升级 L2；1942 年具体月份、介绍人、入盟手续等需对照民盟中央档案（重庆）确认；现仅作检索词来源与事件时间点线索，不作 L1。,2026-07-19,claude-code,needs_human_review,L3 上海民主党派志验收稿（未出版）资料长编记录级；提供 1942/1943 民盟-相关人物时间点线索；不入 core accepted 队列；待上海市地方志办公室正式出版或 1983 历史文献互证后可升级 L2；不入 L1。,,,,2026-07-19 09:14:40,,,
427,domestic:SHDPZ:zlc-characters-line527-shang-ding-1943-join,尚丁 1943 年参加中国民主同盟条目（《上海民主党派志》资料长编 人物）,上海市地方志办公室／民主党派分志验收稿,2020-10-18,上海民主党派志验收稿资料长编收录的尚丁入盟时间条目,SHDPZ,上海市地方志办公室／上海民主党派志验收稿,上海民主党派志 资料长编 人物 民盟代表人士,,,,资料长编/民盟 人物 20201018.doc 第527行,上海民主党派志验收稿（2020，未出版）资料长编 人物 民盟代表人士 尚丁条目,unpublished,,,offline,raw 层文件 /Users/cheer/民盟/研究室文件/党派分志20200708/资料长编/民盟 人物 20201018.doc；验收稿未公开出版；本地转换文本 /tmp/zlc_民盟 人物 20201018.txt；需上海市地方志办公室正式出版后升级 L2,digital,not_online,internal,citation_only,内部验收稿，上海市地方志办公室持有版权；引用需注明出处,no,L3,core,"[""1941民盟前身""]","[""尚丁"", ""黄炎培"", ""中国民主同盟""]","[""上海"", ""重庆""]",条目正文：『尚丁，本名孙锡纲，江苏丹徒人，1943年参加中国民主同盟，曾任黄炎培秘书，民盟中央委员，民盟上海市委常委、副主委，第六届上海市政协委员，第七届上海市政协常委，中华职教社第五、六届理事。』提供 1943 年尚丁入盟的关键节点与民盟组织线索。,printed_finding_aid,raw//Users/cheer/民盟/研究室文件/党派分志20200708/资料长编/民盟 人物 20201018.doc 第527行；本地转换文本 /tmp/zlc_民盟 人物 20201018.txt 第527行,验收稿为内部未出版稿，需上海市地方志办公室正式出版后才能升级 L2；1943 年具体月份、入盟手续尚需对照民盟中央档案（重庆）确认；现仅作检索词来源与事件时间点线索，不作 L1。,2026-07-19,claude-code,needs_human_review,L3 上海民主党派志验收稿（未出版）资料长编记录级；提供 1942/1943 民盟-相关人物时间点线索；不入 core accepted 队列；待上海市地方志办公室正式出版或 1983 历史文献互证后可升级 L2；不入 L1。,,,,2026-07-19 09:14:40,,,
428,domestic:SHDPZ:zlc-characters-line79-liu-simou-1942-return,刘思慕 1942 年春回国条目（《上海民主党派志》资料长编 人物）,上海市地方志办公室／民主党派分志验收稿,2020-10-18,上海民主党派志验收稿资料长编收录的刘思慕 1942 年春回国条目,SHDPZ,上海市地方志办公室／上海民主党派志验收稿,上海民主党派志 资料长编 人物 民盟代表人士,,,,资料长编/民盟 人物 20201018.doc 第79行,上海民主党派志验收稿（2020，未出版）资料长编 人物 民盟代表人士 刘思慕条目,unpublished,,,offline,raw 层文件 /Users/cheer/民盟/研究室文件/党派分志20200708/资料长编/民盟 人物 20201018.doc；验收稿未公开出版；本地转换文本 /tmp/zlc_民盟 人物 20201018.txt；需上海市地方志办公室正式出版后升级 L2,digital,not_online,internal,citation_only,内部验收稿，上海市地方志办公室持有版权；引用需注明出处,no,L3,core,"[""1941民盟前身""]","[""刘思慕"", ""中国民主同盟""]","[""重庆"", ""上海""]",条目正文：『1938年秋，刘思慕赴香港，在胡愈之等创办的国际新闻社香港分社担任国际问题方面专栏作家，同时为迁港的《世界知识》写稿。1940夏，应邀去印度尼西亚的雅加达担任华侨报纸《天声日报》主笔。1942年春回国后，他先后任《力报》、《广西日报》总主笔，撰写的《敌寇的动向》、《第二战场的谜》等军事论文和国内国际系列战局评述，备受各方关注，在国内名噪一时。』提供 1942 年春刘思慕回国的关键节点（后任民盟上海市支部临工会委员，1950 年因故未到职）。,printed_finding_aid,raw//Users/cheer/民盟/研究室文件/党派分志20200708/资料长编/民盟 人物 20201018.doc 第79行；本地转换文本 /tmp/zlc_民盟 人物 20201018.txt 第79行,验收稿为内部未出版稿，需上海市地方志办公室正式出版后才能升级 L2；刘思慕 1942 回国后是否当年加入民盟需对照民盟中央档案确认；现仅作 1942 时间点与人物活动线索，不作 L1。,2026-07-19,claude-code,needs_human_review,L3 上海民主党派志验收稿（未出版）资料长编记录级；提供 1942/1943 民盟-相关人物时间点线索；不入 core accepted 队列；待上海市地方志办公室正式出版或 1983 历史文献互证后可升级 L2；不入 L1。,,,,2026-07-19 09:14:40,,,
429,domestic:FRUS:1943-09-18-d272-atcheson-federation-platform,驻华代办艾其森致国务卿第1594号呈文——附桂林领事关于中国民主政团同盟政治纲领的报告（1943-09-18）,"George Atcheson, Jr.（驻华代办）／Kweilin Consul／U.S. Department of State",1943-09-18,美国国务院外交档案·驻华使馆致国务卿呈文（外方一手档案）,FRUS,U.S. Department of State / Foreign Relations of the United States (FRUS) / 民盟历史文献研究项目组（2026-05 编）,上海民盟史料长编·美国对外关系文件集（上卷） 1943 China,,,,doc/frus1943China/d272；FRUS 上卷 PDF 第12页,"FRUS 1943 China, Document 272, 893.00/15145, printed page 298",verified,https://history.state.gov/historicaldocuments/frus1943China/d272,item_digital,open,原档 FRUS 公开访问；本地 PDF 见民盟历史文献研究项目组 2026-05 编《美国对外关系文件集（上卷）》PDF 第12页,digital,full_item_online,public,public_domain,美国国务院官方出版（>50 年），公有领域；中文译文为民盟历史文献研究项目组整理,yes,L3,core,"[""1944改组前夜"", ""1941民盟前身""]","[""George Atcheson Jr."", ""梁漱溟"", ""中国民主政团同盟""]","[""重庆"", ""桂林""]","1943-09-18 驻华代办艾其森（George Atcheson, Jr.）致国务卿第1594号呈文，封面：No. 1594 Chungking, September 18, 1943 [Received October 14]；正文：『Referring to the Embassy's despatch No. 1458 of August 13, 1943, in regard to the Federation of Chinese Democratic Parties, I have the honor to enclose a copy of despatch No. 41 of September 2, 1943, from the Consul at Kweilin describing the political platform of the Federation.』配套：1943-08-13 第1458号呈文（未刊印）+ 1943-07-31 桂林领事 Ringwalt 访问梁漱溟记录。中文译文：『兹参照使馆1943年8月13日第1458号呈文中关于中国民主政团同盟的内容，本人谨随文附上桂林领事1943年9月2日第41号呈文副本。该呈文说明了该同盟的政治纲领。』提供 1943 年中国民主政团同盟（民盟前身）组织与政治纲领的美国外交档案记录，是 1942/1943 空档的关键外方佐证。

【FRUS 官方核读 2026-07-19】WebFetch 2026-07-19 核读：原文确认；含 1941 末香港成立 + 4 个成员团体（中国青年党、国家社会党、乡村建设派、中华职业教育社）+ 5 点政治纲领（国民大会制、国防政府、军队国家化、地方民主化等）；附 Kweilin 1943-09-02 despatch No. 41 政治纲领详述（page 298）。",digital_image,原档 URL：https://history.state.gov/historicaldocuments/frus1943China/d272 ；本地 PDF：raw/研究平台史料长编/民盟史料长编_美国对外关系文件集_上卷_frus.pdf 第12页；页图待抽取（work/domestic/frus_1943_d272_pages/）,本地 PDF 为民盟历史文献研究项目组 2026-05 编（未公开出版的内部研究汇编）→ 当前等级 L3；需以 history.state.gov/d272 原始页面或 FRUS 1943 China 印刷本核读后升级 L2；1943-07-31 桂林领事第24号呈文（d231/d232）注『未刊印』，仅有引述，d231/d232 完整正文需访问 NARA 缩微（仍为外方一手档案）。,2026-07-19,claude-code,accepted,通过 history.state.gov 在线核读升级 L3 → L2：file number / 印刷页码 / despatch 号 / 作者-日期-收件人 / 正文摘要 全部与官方 FRUS 数字版匹配；accepted 表示 FRUS 官方外交档案级别的研究入口已稳定，不表示附件（如『未刊印』Service 备忘录、Sprouse 草案译文）已取到完整正文。,2026-07-19,claude-code,pass,2026-07-19 09:23:14,L2,core,2
430,domestic:FRUS:1944-09-22-d445-sprouse-democratic-league-principles,驻华大使高斯致国务卿第2991号呈文——附斯普鲁斯关于《民主同盟政治原则草案》的评述（1944-09-22）,C. E. Gauss（驻华大使）／Philip D. Sprouse（昆明领事）／U.S. Department of State,1944-09-22,美国国务院外交档案·驻华使馆致国务卿呈文（外方一手档案）,FRUS,U.S. Department of State / Foreign Relations of the United States (FRUS) / 民盟历史文献研究项目组（2026-05 编）,上海民盟史料长编·美国对外关系文件集（上卷） 1944 China v06,,,,doc/frus1944v06/d445；FRUS 上卷 PDF 第37页,"FRUS 1944 China v06, Document 445, 893.00/9-2244, printed page 584-585",verified,https://history.state.gov/historicaldocuments/frus1944v06/d445,item_digital,open,原档 FRUS 公开访问；本地 PDF 见民盟历史文献研究项目组 2026-05 编《美国对外关系文件集（上卷）》PDF 第37页,digital,full_item_online,public,public_domain,美国国务院官方出版（>50 年），公有领域；中文译文为民盟历史文献研究项目组整理,yes,L3,core,"[""1944改组更名""]","[""C. E. Gauss"", ""Philip D. Sprouse"", ""罗隆基"", ""中国民主同盟""]","[""重庆"", ""昆明"", ""成都""]","1944-09-22 驻华大使高斯（C. E. Gauss）致国务卿第2991号呈文，封面：No. 2991 Chungking, September 22, 1944 [Received October 25]；正文：『关于昆明总领事馆1944年7月14日第51号函，以及使馆1944年8月23日第2900号函所述民主同盟（旧称中国民主政团同盟）及其他反对国民政府和国民党的力量之活动，兹随函附上1944年9月13日昆明领事菲利普·D. 斯普鲁斯来信副本一份。该信转来《民主同盟政治原则草案》译文。』斯普鲁斯评述：『该草案由罗隆基博士起草……该草案是『盎格鲁-撒克逊民主思想与苏维埃俄国制度之间的妥协』……其条款似乎完全是乌托邦式和空想式的，在今日中国几乎无法实施和执行。』中文：『民主同盟近几周似乎并不十分活跃。越来越多人形成这样的印象：构成民盟的各种力量未能达成相互谅解，普遍缺乏协调和互信。民盟若干成员……出席了1944年9月18日在重庆闭幕的国民参政会会议……民主同盟拟于不久后在成都召集其代表会议，讨论民盟政策和活动。』提供 1944-09 民盟组织与政治原则（罗隆基起草）的美国外交档案记录，含成都代表会议召集的早期外方信号——是 1944 改组前夕的关键外方佐证。

【FRUS 官方核读 2026-07-19】WebFetch 2026-07-19 核读：原文确认；含 Sprouse 评《民主同盟政治原则草案》（罗隆基起草）全文摘要；草案在昆明民主同盟成员中代表想法；提及『民主同盟成都代表会议』召集在即；附件（草案译文）未刊印。",digital_image,原档 URL：https://history.state.gov/historicaldocuments/frus1944v06/d445 ；本地 PDF：raw/研究平台史料长编/民盟史料长编_美国对外关系文件集_上卷_frus.pdf 第37页；页图待抽取（work/domestic/frus_1944_d445_pages/）,本地 PDF 为民盟历史文献研究项目组 2026-05 编（未公开出版的内部研究汇编）→ 当前等级 L3；需以 history.state.gov/d445 原始页面或 FRUS 1944 China v06 印刷本核读后升级 L2；《民主同盟政治原则草案》原文（罗隆基起草）注『附件未刊印』，需访问 NARA 缩微；1944-08-23 第2900号函与 1944-07-14 第51号函均注未刊印，仅有引述。,2026-07-19,claude-code,accepted,通过 history.state.gov 在线核读升级 L3 → L2：file number / 印刷页码 / despatch 号 / 作者-日期-收件人 / 正文摘要 全部与官方 FRUS 数字版匹配；accepted 表示 FRUS 官方外交档案级别的研究入口已稳定，不表示附件（如『未刊印』Service 备忘录、Sprouse 草案译文）已取到完整正文。,2026-07-19,claude-code,pass,2026-07-19 09:23:14,L2,core,15
431,domestic:FRUS:1943-07-31-d232-ringwalt-liang-shuming-interview,驻桂林领事林沃尔特致驻华代办艾其森第24号呈文——访问梁漱溟谈中国民主政团同盟要点（1943-07-31）,Arthur R. Ringwalt（驻桂林领事）／Troy L. Perkins（远东司）／U.S. Department of State,1943-07-31,美国国务院外交档案·驻桂林领事致驻华代办呈文（外方一手档案）,FRUS,U.S. Department of State / Foreign Relations of the United States (FRUS) / 民盟历史文献研究项目组（2026-05 编）,上海民盟史料长编·美国对外关系文件集（上卷） 1943 China,,,,doc/frus1943China/d232；FRUS 上卷 PDF 第11页,"FRUS 1943 China, Document 232, 893.00/15104, printed page 299",verified,https://history.state.gov/historicaldocuments/frus1943China/d232,item_digital,open,原档 FRUS 公开访问；本地 PDF 见民盟历史文献研究项目组 2026-05 编《美国对外关系文件集（上卷）》PDF 第11页,digital,full_item_online,public,public_domain,美国国务院官方出版（>50 年），公有领域,yes,L3,core,"[""1944改组前夜"", ""1941民盟前身""]","[""梁漱溟"", ""Arthur R. Ringwalt"", ""Troy L. Perkins"", ""中国民主政团同盟""]","[""桂林""]","1943-07-31 驻桂林领事 Ringwalt（林沃尔特）致驻华代办 Atcheson 第24号呈文，封面：No. 24 Kweilin, July 31, 1943；正文：『本人谨报告同梁漱溟先生会谈的要点。梁先生以在河南、山东推动乡村自治实验而知名，也是中国民主政团同盟的重要成员。梁先生同意同签署人坦率交谈，但条件是必须严格保护其匿名身份。』附远东司 Troy L. Perkins 1943-09-23 评论：『梁先生或许过于乐观，认为一旦中国领袖离世，仅凭抵抗精神便能维系局面……中国民主政团同盟并非国民党的反对者；其主要目标是改善该党的弊端，并最终促成各党派之间的合作。』提供 1943-07 民盟重要成员梁漱溟（应作梁漱溟）的会谈记录（正文未刊印，仅有引述），及美国远东司对中国民主政团同盟立场的早期官方评估。

【FRUS 官方核读 2026-07-19】WebFetch 2026-07-19 核读：原文完整包括 Ringwalt 梁漱溟访谈 + Perkins 1943-09-23 备忘录（page 299）；正文『Here follows detailed report』标注但内容已部分展开；完整详细报告访问 history.state.gov/d232 或 NARA 缩微。",digital_image,原档 URL：https://history.state.gov/historicaldocuments/frus1943China/d232 ；本地 PDF：raw/研究平台史料长编/民盟史料长编_美国对外关系文件集_上卷_frus.pdf 第11页,本地 PDF 为民盟历史文献研究项目组 2026-05 编（未公开出版的内部研究汇编）→ 当前等级 L3；正文注明『Here follows detailed report』，但实际正文未在本汇编中刊印，完整详细报告需访问 NARA 缩微（仍为外方一手档案）。,2026-07-19,claude-code,accepted,通过 history.state.gov 在线核读升级 L3 → L2：file number / 印刷页码 / despatch 号 / 作者-日期-收件人 / 正文摘要 全部与官方 FRUS 数字版匹配；accepted 表示 FRUS 官方外交档案级别的研究入口已稳定，不表示附件（如『未刊印』Service 备忘录、Sprouse 草案译文）已取到完整正文。,2026-07-19,claude-code,pass,2026-07-19 09:27:59,L2,core,1
432,domestic:FRUS:1944-10-30-d478-gauss-war-final-stage-proposals,驻华大使高斯致国务卿第3104号呈文——中国民主同盟关于战争最后阶段政治行政的提案译文（1944-10-30）,C. E. Gauss（驻华大使）／U.S. Department of State,1944-10-30,美国国务院外交档案·驻华使馆致国务卿呈文（外方一手档案）,FRUS,U.S. Department of State / Foreign Relations of the United States (FRUS) / 民盟历史文献研究项目组（2026-05 编）,上海民盟史料长编·美国对外关系文件集（上卷） 1944 China v06,,,,doc/frus1944v06/d478；FRUS 上卷 PDF 第40页,"FRUS 1944 China v06, Document 478, 893.00/10-3144, printed page 663",verified,https://history.state.gov/historicaldocuments/frus1944v06/d478,item_digital,open,原档 FRUS 公开访问；本地 PDF 见民盟历史文献研究项目组 2026-05 编《美国对外关系文件集（上卷）》PDF 第40页,digital,full_item_online,public,public_domain,美国国务院官方出版（>50 年），公有领域,yes,L3,core,"[""1944改组更名""]","[""C. E. Gauss"", ""中国民主同盟""]","[""重庆""]","1944-10-30 驻华大使 Gauss（高斯）致国务卿第3104号呈文，封面：No. 3104 Chungking, October 30, 1944 [Received November 11]；正文：『关于本馆1944年9月22日第2991号函，内附中国民主同盟（民主政团同盟）政治纲领草案，现谨随函附上民盟就战争最后阶段政治行政问题所拟提案的译文一份。据了解，民盟原拟公开发表此提案，但上月政府恢复压制性新闻检查政策，致使该计划无法实现。民盟的提案在许多方面与最近一届国民参政会所通过的提案相似，但在一个显著方面远远超过国民参政会的提案：即提案要求终止一党政府，并建立由各党派各派系组成的联合政府取而代之。中国民主同盟的提案不能不说是对执政的国民党的严厉控诉，并要求其放弃独占的政治控制。事实上，这些提案在许多方面与延安中国共产党人提出的那些提案相似。』提供 1944-10 民盟抗战最后阶段政治提案（联合政府纲领）的美国外交档案记录，为 1944 改组前夕到 1945 一大之间民盟政治路线的关键外方佐证。

【FRUS 官方核读 2026-07-19】WebFetch 2026-07-19 核读：原文确认；含民盟抗战最后阶段 5 点政治纲领（军队调整、终止一党政府建立联合政府、对英美苏友好、经济改革、教育改革）；Gauss 评论民盟纲领与中国共产党延安纲领『精神上甚至实际上的亲和』；附件（民盟提案译文）未刊印。",digital_image,原档 URL：https://history.state.gov/historicaldocuments/frus1944v06/d478 ；本地 PDF：raw/研究平台史料长编/民盟史料长编_美国对外关系文件集_上卷_frus.pdf 第40页,本地 PDF 为民盟历史文献研究项目组 2026-05 编（未公开出版的内部研究汇编）→ 当前等级 L3；需以 history.state.gov/d478 原始页面或 FRUS 1944 China v06 印刷本核读后升级 L2；附件『民盟战争最后阶段提案』译文注『Not printed』，需访问 NARA 缩微。,2026-07-19,claude-code,accepted,通过 history.state.gov 在线核读升级 L3 → L2：file number / 印刷页码 / despatch 号 / 作者-日期-收件人 / 正文摘要 全部与官方 FRUS 数字版匹配；accepted 表示 FRUS 官方外交档案级别的研究入口已稳定，不表示附件（如『未刊印』Service 备忘录、Sprouse 草案译文）已取到完整正文。,2026-07-19,claude-code,pass,2026-07-19 09:27:59,L2,core,17
433,domestic:SHDPZ:printed-page816-su-yanbin-1943-11-join,苏延宾 1943 年 11 月参加中国民主同盟条目（《上海民主党派志》印刷厂验收稿正文）,上海市地方志办公室／民主党派分志验收稿,2020-07-01,上海民主党派志印刷厂验收稿正文收录的苏延宾入盟时间条目,SHDPZ,上海市地方志办公室／上海民主党派志验收稿,上海民主党派志 印刷厂验收稿正文 第二篇 中国民主同盟 人物传略,,,,印刷厂 党派分志验收稿正文20200701.pdf 第816页,上海民主党派志验收稿（2020-07，未出版）印刷厂正文 第二篇 民盟 人物传略 苏延宾条目,unpublished,,,offline,raw 层文件 /Users/cheer/民盟/研究室文件/党派分志20200708/印刷厂 党派分志验收稿正文20200701.pdf 第816页；验收稿未公开出版；需上海市地方志办公室正式出版后升级 L2,digital,not_online,internal,citation_only,内部验收稿，上海市地方志办公室持有版权,no,L3,core,"[""1941民盟前身""]","[""苏延宾"", ""中国民主同盟""]","[""上海""]",条目正文：『苏延宾（1909.10—1993.9）……1943 年11 月，参加中国民主同盟。1948 年成立民盟上海执行部，任委员兼秘书主任。解放前夕开展护厂活动。1949 年1 月被上海淞沪警备司令部逮捕，后经营救获释转道香港去北京。』提供 1943-11 苏延宾加入民盟的精确月份节点，及 1948 民盟上海执行部关键人事信息。,printed_finding_aid,raw//Users/cheer/民盟/研究室文件/党派分志20200708/印刷厂 党派分志验收稿正文20200701.pdf 第816页,验收稿未公开出版；1943-11 月份精度由印刷厂正文提供（vs 资料长编可能仅 1943）；1948 民盟上海执行部人事信息需与民盟中央档案互证。,2026-07-19,claude-code,needs_human_review,L3 上海民主党派志印刷厂验收稿正文（未出版）人物传略条目；提供 1942/1943 民盟-相关人物时间点（精确到月）；不入 accepted 队列；待上海市地方志办公室正式出版或 1983 历史文献互证后可升级 L2；不入 L1。,,,,2026-07-19 09:39:56,,,
434,domestic:SHDPZ:printed-page840-shang-ding-1943-10-join,尚丁 1943 年 10 月加入中国民主同盟条目（《上海民主党派志》印刷厂验收稿正文）,上海市地方志办公室／民主党派分志验收稿,2020-07-01,上海民主党派志印刷厂验收稿正文收录的尚丁入盟时间条目（精确到月）,SHDPZ,上海市地方志办公室／上海民主党派志验收稿,上海民主党派志 印刷厂验收稿正文 第二篇 中国民主同盟 人物传略,,,,印刷厂 党派分志验收稿正文20200701.pdf 第840页,上海民主党派志验收稿（2020-07，未出版）印刷厂正文 第二篇 民盟 人物传略 尚丁条目,unpublished,,,offline,raw 层文件 /Users/cheer/民盟/研究室文件/党派分志20200708/印刷厂 党派分志验收稿正文20200701.pdf 第840页；验收稿未公开出版；需上海市地方志办公室正式出版后升级 L2,digital,not_online,internal,citation_only,内部验收稿，上海市地方志办公室持有版权,no,L3,core,"[""1941民盟前身""]","[""尚丁"", ""黄炎培"", ""中国民主同盟""]","[""上海""]",条目正文：『尚丁（1921.1—2009.9）……1938 年8 月考入军委会战时干部训练团，1939 年5 月毕业。1941 年7 月，参加由郭沫若、田汉领导的铁血剧团。1942 年民治新闻专科学校毕业，参加中华职业教育社，担任《国迅》杂志编辑、《宪政》月刊编辑，1944 年9 月加入中国人民救国会，1945 年任国迅书店经理、民盟机关报《民主报》经理兼社论委员……1943 年10 月加入中国民主同盟。』提供 1943-10 尚丁加入民盟的精确月份节点（资料长编 SHDPZ 写『1943』无月份，印刷厂正文补足至 1943-10）。,printed_finding_aid,raw//Users/cheer/民盟/研究室文件/党派分志20200708/印刷厂 党派分志验收稿正文20200701.pdf 第840页,验收稿未公开出版；1943-10 月份精度由印刷厂正文提供；需以中华职业教育社档案或尚丁本人回忆录互证。,2026-07-19,claude-code,needs_human_review,L3 上海民主党派志印刷厂验收稿正文（未出版）人物传略条目；提供 1942/1943 民盟-相关人物时间点（精确到月）；不入 accepted 队列；待上海市地方志办公室正式出版或 1983 历史文献互证后可升级 L2；不入 L1。,,,,2026-07-19 09:39:56,,,
435,domestic:SHDPZ:printed-page820-zhou-gucheng-federation-consultant-1942,周谷城 1942 年后被聘为民主政团同盟顾问条目（《上海民主党派志》印刷厂验收稿正文）,上海市地方志办公室／民主党派分志验收稿,2020-07-01,上海民主党派志印刷厂验收稿正文收录的周谷城聘为民主政团同盟顾问条目,SHDPZ,上海市地方志办公室／上海民主党派志验收稿,上海民主党派志 印刷厂验收稿正文 第二篇 中国民主同盟 人物传略,,,,印刷厂 党派分志验收稿正文20200701.pdf 第820页,上海民主党派志验收稿（2020-07，未出版）印刷厂正文 第二篇 民盟 人物传略 周谷城条目,unpublished,,,offline,raw 层文件 /Users/cheer/民盟/研究室文件/党派分志20200708/印刷厂 党派分志验收稿正文20200701.pdf 第820页；验收稿未公开出版；需上海市地方志办公室正式出版后升级 L2,digital,not_online,internal,citation_only,内部验收稿，上海市地方志办公室持有版权,no,L3,core,"[""1941民盟前身"", ""1944改组前夜""]","[""周谷城"", ""中国民主政团同盟""]","[""重庆"", ""上海""]",条目正文：『周谷城（1898.9—1996.11）……1933 年，任暨南大学教授兼历史社会系主任。1942 年后，任复旦大学教授兼历史系主任和教务长。抗战期间创办社会科学讲习所，向沦陷区青年宣传爱国主义思想，被日伪机关监视后遭逮捕。保释后，赴重庆复旦大学任教，被聘为民主政团同盟顾问。』提供 1942 后周谷城被聘为民主政团同盟顾问的关键节点——民盟早期核心顾问层扩展线索。,printed_finding_aid,raw//Users/cheer/民盟/研究室文件/党派分志20200708/印刷厂 党派分志验收稿正文20200701.pdf 第820页,验收稿未公开出版；『聘为顾问』具体年份（1942/1943/1944）需对照复旦校史与民盟中央档案确认；周谷城后任民盟上海市委主委（1980 年）职位见现有 event_coverage。,2026-07-19,claude-code,needs_human_review,L3 上海民主党派志印刷厂验收稿正文（未出版）人物传略条目；提供 1942/1943 民盟-相关人物时间点（精确到月）；不入 accepted 队列；待上海市地方志办公室正式出版或 1983 历史文献互证后可升级 L2；不入 L1。,,,,2026-07-19 09:39:56,,,
436,domestic:FRUS:1944-04-21-d329-gauss-service-minority-parties,驻华大使高斯致国务卿第2466号呈文——附谢伟思关于中国少数党派领导人意见的备忘录（1944-04-21）,C. E. Gauss（驻华大使）／John S. Service（二等秘书）／U.S. Department of State,1944-04-21,美国国务院外交档案·驻华使馆致国务卿呈文（外方一手档案）,FRUS,U.S. Department of State / Foreign Relations of the United States (FRUS) / 民盟历史文献研究项目组（2026-05 编）,上海民盟史料长编·美国对外关系文件集（上卷） 1944 China v06,,,,doc/frus1944v06/d329；FRUS 上卷 PDF 第14—15页,"FRUS 1944 China v06, Document 329, 893.00/15370, printed page 398",verified,https://history.state.gov/historicaldocuments/frus1944v06/d329,item_digital,open,原档 FRUS 公开访问；本地 PDF 见民盟历史文献研究项目组 2026-05 编《美国对外关系文件集（上卷）》PDF 第14—15页,digital,full_item_online,public,public_domain,美国国务院官方出版（>50 年），公有领域,yes,L3,core,"[""1944改组更名""]","[""C. E. Gauss"", ""John S. Service"", ""史迪威"", ""中国民主同盟"", ""中国民主政团同盟""]","[""重庆""]","1944-04-21 驻华大使 Gauss 致国务卿第2466号呈文，封面：No. 2466 Chungking, April 21, 1944 [Received May 11]；正文：『Referring to the Embassy's despatch no. 1594 of September 18, 1943, in regard to the Federation of Chinese Democratic Parties, and to the Embassy's despatch no. 2303 of March 14, 1944, in regard to the unification of anti-Central Government elements, I have the honor to enclose a copy of a memorandum of April 14, 1944 prepared by Second Secretary John S. Service, on detail to General Stilwell's staff, reporting the views of Chinese minority party leaders.』中文：『关于1943年9月18日第1594号公函所述中国民主政团同盟，以及1944年3月14日第2303号公函所述统一反中央政府各派力量，谨随函附上1944年4月14日备忘录副本一份，由奉调至史迪威将军参谋部的二等秘书谢伟思撰写，报告中国少数党派领导人的看法。』提供 1944-04 改组前夕美国外交档案对中国少数党派（含民盟）与美国军方（史迪威）合作的关键记录。

【FRUS 官方核读 2026-07-19】WebFetch 2026-07-19 核读：原文确认；附件 Service 备忘录（1944-04-14）涉及青年党左舜生、救国会沈钧儒访谈；青年党在自由中国约 20,000 党员，多数在四川；民主同盟等少数党派影响力远超实际党员数；附件未刊印。",digital_image,原档 URL：https://history.state.gov/historicaldocuments/frus1944v06/d329 ；本地 PDF：raw/研究平台史料长编/民盟史料长编_美国对外关系文件集_上卷_frus.pdf 第14—15页,本地 PDF 为民盟历史文献研究项目组 2026-05 编（未公开出版的内部研究汇编）→ 当前等级 L3；需以 history.state.gov/d329 原始页面或 FRUS 1944 China v06 印刷本核读后升级 L2；Service 备忘录正文注『Enclosure not printed』，需访问 NARA 缩微。,2026-07-19,claude-code,accepted,通过 history.state.gov 在线核读升级 L3 → L2：file number / 印刷页码 / despatch 号 / 作者-日期-收件人 / 正文摘要 全部与官方 FRUS 数字版匹配；accepted 表示 FRUS 官方外交档案级别的研究入口已稳定，不表示附件（如『未刊印』Service 备忘录、Sprouse 草案译文）已取到完整正文。,2026-07-19,claude-code,pass,2026-07-19 12:10:00,L2,core,5
437,domestic:FRUS:1944-07-11-d380-langdon-kunming-democratic-league,昆明总领事兰登致国务卿——关于中国民主同盟在昆明组织活动（1944-07-11）,Wm. R. Langdon（昆明总领事）／U.S. Department of State,1944-07-11,美国国务院外交档案·驻昆明总领事致国务卿呈文（外方一手档案）,FRUS,U.S. Department of State / Foreign Relations of the United States (FRUS) / 民盟历史文献研究项目组（2026-05 编）,上海民盟史料长编·美国对外关系文件集（上卷） 1944 China v06,,,,doc/frus1944v06/d380；FRUS 上卷 PDF 第20—21页,"FRUS 1944 China v06, Document 380, 893.00/7-1144, printed page 470",verified,https://history.state.gov/historicaldocuments/frus1944v06/d380,item_digital,open,原档 FRUS 公开访问；本地 PDF 见民盟历史文献研究项目组 2026-05 编《美国对外关系文件集（上卷）》PDF 第20—21页,digital,full_item_online,public,public_domain,美国国务院官方出版（>50 年），公有领域,yes,L3,core,"[""1944改组更名""]","[""Wm. R. Langdon"", ""罗隆基"", ""中国民主同盟""]","[""昆明""]","1944-07-11 昆明总领事 Langdon（兰登）致国务卿第48号呈文，归档号 893.00/7–1144；正文涉及桂林领事馆1944-05-30致重庆大使馆第117号公函，以及对中国民主同盟在昆明组织活动的报告（具体页码指向 Embassy Political Report for October, 1943 与 1944-10-28 第1747号呈文）。提供 1944-07 民盟在昆明（罗隆基等核心成员）的美国外交档案记录，为改组前夕民盟地方组织的外方佐证。

【FRUS 官方核读 2026-07-19】WebFetch 2026-07-19 核读：原文确认；涉及昆明『宪政研究会文化界协会』（约 40 人，以大学教师为主），作为中国民主同盟的外围掩护组织运作；征集 1,500 签名向重庆宪政实施委员会请愿；1943-10 在国防最高委员会下设立。",digital_image,原档 URL：https://history.state.gov/historicaldocuments/frus1944v06/d380 ；本地 PDF：raw/研究平台史料长编/民盟史料长编_美国对外关系文件集_上卷_frus.pdf 第20—21页,本地 PDF 为民盟历史文献研究项目组 2026-05 编（未公开出版的内部研究汇编）→ 当前等级 L3；需以 history.state.gov/d380 原始页面或 FRUS 1944 China v06 印刷本核读后升级 L2；本档案有多个『未刊印』交叉引用（Not printed），完整上下文需访问 NARA 缩微。,2026-07-19,claude-code,accepted,通过 history.state.gov 在线核读升级 L3 → L2：file number / 印刷页码 / despatch 号 / 作者-日期-收件人 / 正文摘要 全部与官方 FRUS 数字版匹配；accepted 表示 FRUS 官方外交档案级别的研究入口已稳定，不表示附件（如『未刊印』Service 备忘录、Sprouse 草案译文）已取到完整正文。,2026-07-19,claude-code,pass,2026-07-19 12:10:00,L2,core,8
438,domestic:ZLWEB:1943-09-18-zhang-lan-china-needs-real-democracy,张澜《中国需要真正民主政治》小册子（1943-09-18，重庆）,张澜（中国民主政团同盟主席）,1943-09-18,民盟主席时政评论小册子（同期原刊，需寻原件影像）,ZLWEB,张澜纪念馆／张澜网（民盟中央背景）,张澜纪念馆·张澜与中国民主同盟,,,,,张澜网 zl1872.cn（多个分页）+ 中国民主同盟四川省委员会 mmscsw.gov.cn,verified,http://www.zl1872.cn/zxxnewsview.aspx?producid=1397,finding_aid,open,张澜纪念馆官方页面提供小册子背景、发表时间、影响记载；小册子原件待寻二史馆 / 民盟中央档案 / NLC 民国图书库,digital,surrogate_online,public,citation_only,小册子本身约 1943-09 出版（>80 年），按中国著作权法应进入公有领域；张澜纪念馆页面版权以站点规则为准,yes,L4,core,"[""1944改组前夜"", ""1941民盟前身""]","[""张澜"", ""蒋介石"", ""中国民主政团同盟""]","[""重庆""]",WebSearch 2026-07-19 核读：1943-09-18 张澜以中国民主政团同盟主席身份在重庆发表小册子《中国需要真正民主政治》（注：部分页面记为《中国需要真正的民主政治》）。发表契机：1943-09 国民参政会三届二次大会前夕，蒋介石派张群赴成都敦请张澜出席；9-17 蒋介石请张澜等参政员当面交换意见，张澜直言应『立即结束训政、还政于民』；9-18 小册子发表后『发行以来，风行一时，对各方影响甚大』。张澜因此拒绝出席国民参政会。1944-02-22 中共中央机关报《解放日报》发表长文专门介绍此文，誉之为民主运动『冲锋号』。小册子原件档号待查二史馆 / 民盟中央档案。,official_description,"在线检索词来源：
  张澜纪念馆 http://www.zl1872.cn/zxxnewsview.aspx?producid=1397
  张澜与中国民主同盟 http://www.zl1872.cn/zxxnewsview.aspx?producid=16
  解放前民盟主张的民主制度 http://www.zl1872.cn/zxxnewsview.aspx?producid=519
  民盟四川省委员会 mmscsw.gov.cn (《民盟和延安时期的<解放日报>》)
  中国人民政治协商会议全国委员会 cppcc.gov.cn 张澜条目",WebSearch 结果为综合叙述，未取得小册子原件影像或全文逐字转录；小册子页数、发行机构、ISBN（如有再版）待查；1944-02-22《解放日报》原文版次待查；升级 L1 / L2 需 NLC / 二史馆 / 延安革命纪念馆取原刊影像。,2026-07-19,claude-code,accepted,2026-08-02 降级 lead_only：surrogate_online 无可采集全文，仅线索登记；未真正进入 documents/pages，不再计入已收集。,2026-07-21,human,lead_only,2026-07-19 12:54:54,L4,core,
439,domestic:ZLWEB:1943-09-17-jiang-zhang-chongqing-exchange,1943-09-17 蒋介石与张澜等参政员重庆当面交锋事件,张澜（记录）／蒋介石（被记）／陈立夫等（在场）,1943-09-17,宪政运动关键事件（同期记录，需寻档案）,ZLWEB,张澜纪念馆／张澜网（民盟中央背景）,张澜纪念馆·张澜与中国民主同盟,,,,,张澜网 zl1872.cn（多个分页）+ 中国民主同盟四川省委员会,verified,http://www.zl1872.cn/zxxnewsview.aspx?producid=1397,finding_aid,open,事件记载在张澜纪念馆页面及多家研究网站；具体档案原件待寻二史馆或民盟中央,digital,surrogate_online,public,citation_only,事件记载本身是当代研究叙述，原始档案待查,yes,L4,core,"[""1944改组前夜""]","[""张澜"", ""蒋介石"", ""张群"", ""中国民主政团同盟""]","[""重庆""]",WebSearch 2026-07-19 核读：1943-09 中旬，蒋介石派张群赴成都敦请张澜出席 1943-09-18 国民参政会三届二次大会；张澜答应参加。9-17 蒋介石请张澜等参政员在重庆当面交换意见，张澜直言『应立即结束训政、还政于民』，拒绝国民党一党专治的宪政方案。次日（9-18）张澜发表《中国需要真正民主政治》小册子，发行后风行一时。张澜随后拒绝出席国民参政会。这是 1943 国统区宪政运动与民盟组织扩张的关键事件。,official_description,"张澜纪念馆 http://www.zl1872.cn/zxxnewsview.aspx?producid=1397
民盟四川省委员会 mmscsw.gov.cn",事件为综合叙述；具体档案原件（《国民参政会记录》《蒋张会谈记录》等）待寻二史馆或民盟中央档案；张澜自己是否有 1943 日记记载待查（《黄炎培日记》第 8 卷覆盖此期但本人是黄炎培非张澜）。,2026-07-19,claude-code,accepted,2026-08-02 降级 lead_only：surrogate_online 无可采集全文，仅线索登记；未真正进入 documents/pages，不再计入已收集。,2026-07-21,human,lead_only,2026-07-19 12:54:54,L4,core,
440,domestic:JFB:1944-02-22-jiefang-ribao-zhang-lan-booklet-review,1944-02-22《解放日报》长文介绍张澜《中国需要真正民主政治》,《解放日报》社（中共中央机关报）,1944-02-22,中共中央机关报评论文章（同期延安原刊）,JFB,《解放日报》延安版／中共中央机关报,《解放日报》延安 1944 年 2 月,,,,,WebSearch 提到 1944-02-22 介绍张澜小册子的长文，版次与作者待考,pending,http://www.zl1872.cn/zxxnewsview.aspx?producid=1397,finding_aid,open,《解放日报》1944-02-22 长文版次、作者待寻；延安革命纪念馆或国家图书馆可能有原刊,digital,surrogate_online,public,public_domain,中共中央机关报延安原刊（>80 年），中国著作权法进入公有领域,yes,L4,core,"[""1944改组前夜""]","[""张澜"", ""中国民主政团同盟"", ""中国共产党""]","[""延安""]",WebSearch 2026-07-19 核读：1944-02-22《解放日报》（延安版）发表长文专门介绍张澜《中国需要真正民主政治》小册子，誉之为民主运动的『冲锋号』。为中共对民盟组织与张澜立场公开背书的标志性事件。《解放日报》原刊版次与文章作者待寻延安革命纪念馆或 NLC 民国期刊库。,official_description,"在线检索词来源：张澜纪念馆 http://www.zl1872.cn/zxxnewsview.aspx?producid=1397
原文未取，待寻《解放日报》1944-02-22 版次",《解放日报》1944-02-22 长文的版次、作者、文章标题未取得；升级 L1 需 NLC 民国期刊库 / 延安革命纪念馆 / 银川中共党史馆取原刊影像。,2026-07-19,claude-code,accepted,2026-08-02 降级 lead_only：surrogate_online 无可采集全文，仅线索登记；未真正进入 documents/pages，不再计入已收集。,2026-07-21,human,lead_only,2026-07-19 12:54:54,L4,core,
441,domestic:XHB:reprint-1938-1947-1987-shanghai-bookstore,《新华日报》(1938—1947) 影印本全 18 册（上海书店 1987 出版）,《新华日报》编辑部（1938-1947）／上海书店（影印出版）,1987,民国时期报刊影印出版（1987 影印版）,XHB,上海书店 / 全国报刊索引 / 重庆图书馆 / 红岩革命纪念馆,《新华日报》影印本 18 册 + 9 册索引,,,,,上海书店 1987 影印；ISBN/统一书号待查,verified,https://so.html5.qq.com/page/real/search_news?docid=70000021_574698129af06552,finding_aid,login,上海书店 1987 影印本（8 开精装 18 册 + 9 册索引）；访问途径：全国报刊索引 cnbksy.com（机构 IP）/ 重庆图书馆 / 红岩革命纪念馆 / NLC,physical,catalogue_only_online,public,citation_only,原刊 1938-1947 >80 年，中国著作权法进入公有领域；1987 影印本为上海书店出版，数字化访问受 cnbksy 订阅条款约束,unknown,L3,core,"[""1944改组前夜"", ""1941民盟前身""]","[""中国共产党"", ""中国民主同盟""]","[""重庆"", ""武汉""]",WebFetch 2026-07-20 核读：腾讯新闻（html5.qq.com）页面介绍《新华日报》(1938-1947) 影印本全 18 册 PDF 资源。该报 1938-01-11 武汉创刊，1938-10-25 迁重庆，1947-02-28 被国民党勒令停刊。影印本由上海书店 1987 出版，8 开精装 18 册 + 9 册索引。提供 1942/1943 重庆时期民盟相关报导（包括张澜 1943-09-18 《中国需要真正民主政治》反响、民盟三党三派活动等）。WebFetch 仅返回描述性文章，未直接验证 PDF 下载入口。实取路径：cnbksy.com institutional IP / 重庆图书馆 / 红岩革命纪念馆 / NLC。,catalogue,描述性页面 https://so.html5.qq.com/page/real/search_news?docid=70000021_574698129af06552 ；实取数据库 全国报刊索引 cnbksy.com ；重庆图书馆 / 红岩革命纪念馆 / 国家图书馆民国文献库 mgwxbh.nlc.cn 馆藏,WebFetch 仅返回描述性文章，未直接取得 18 册 PDF 链接；实取需 cnbksy institutional IP 或馆内访问；1987 影印本原刊为 1938-1947，若 L1 升级需取原始 1938-1947 重庆原刊影像；1942/1943 民盟相关报导期次与版次待查。,2026-07-20,claude-code,accepted,2026-08-02 降级 lead_only：catalogue_only_online 无可采集全文，仅线索登记；未真正进入 documents/pages，不再计入已收集。,2026-07-22,claude-code,lead_only,2026-07-19 21:45:16,L3,core,
442,domestic:VOC:guoxun-1942-issue253-cnbksy-index,《国讯》半月刊 1942 年第 253 期起（中华职业教育社重庆创刊）— 全国报刊索引条目,中华职业教育社（黄炎培主持）,1942,民国时期时政半月刊（同期原刊）,VOC,中华职业教育社 / 全国报刊索引 cnbksy.com / 近代史数字图书馆 modernhistory.org.cn,《国讯》半月刊 1942-1948（中华职业教育社）,,,,第 253 期起（1942 年创刊号起）,全国报刊索引 cnbksy.com/home/detail/23108/45007,verified,https://www.cnbksy.com/home/detail/23108/45007,finding_aid,login,全国报刊索引 institutional IP 访问；近代史数字图书馆 modernhistory.org.cn/periodical/guoxun 提供部分期次全文浏览（需注册）,physical,catalogue_only_online,public,citation_only,原刊 1942 >80 年，中国著作权法进入公有领域；数据库访问受 cnbksy / modernhistory 订阅条款,unknown,L3,core,"[""1944改组前夜"", ""1941民盟前身""]","[""黄炎培"", ""尚丁"", ""中华职业教育社""]","[""重庆""]",WebSearch 2026-07-20 核读（多源印证）：《国讯》原名《救国通讯》，1931-12-03 由中华职业教育社在上海创办（黄炎培主持）。1934-07 改名《国讯》。1935-01 改为旬刊。1937-11 上海失陷后停刊。1938-09 七七事变后复刊于重庆（半月刊）。1942 年出版第 253 期（全国报刊索引收录 1942 第253期-1948 第405期 共152期）。1947-05 改为周刊。1948-05 抗战胜利后迁回上海出版。1942/1943 期次含尚丁（1942 民治新闻专科学校毕业参加职教社任《国讯》《宪政》编辑，1943-10 加入中国民主同盟）等关键人物的活动报道。WebFetch modernhistory.org.cn/periodical/guoxun 实际页面为空（需登录）；cnbksy.com 需 institutional IP；实取路径：cnbksy institutional IP；modernhistory.org.cn 注册访问；NLC 民国期刊库。,catalogue,全国报刊索引 https://www.cnbksy.com/home/detail/23108/45007 ；近代史数字图书馆 https://www.modernhistory.org.cn/periodical/guoxun （WebFetch 返回空，需登录）；CNKI 抗战时期期刊《国讯》研究 https://www.cnki.com.cn/Article/CJFDTotal-XSSD201806025.htm,WebFetch modernhistory.org.cn 页面返回空（可能需 institutional IP 或登录）；WebFetch cnbksy.com 同样受 institutional IP 限制；1942/1943 具体期次含民盟相关报导待 cnbksy 馆内检索；升级 L1 需 NLC / 上海图书馆馆内扫描件。注：国讯 1942 第253期是延续编号（1931 创刊以来累积），非 1942 创刊；实际创刊时间 1931-12-03（上海）；重庆复刊 1938-09。,2026-07-20,claude-code,accepted,2026-08-02 降级 lead_only：catalogue_only_online 无可采集全文，仅线索登记；未真正进入 documents/pages，不再计入已收集。,2026-07-22,claude-code,lead_only,2026-07-19 21:45:16,L3,core,
443,domestic:MH:modernhistory-periodical-guoxun,近代史数字图书馆《国讯》半月刊条目页（modernhistory.org.cn）,中国历史研究院近代史研究所（中国社会科学院）,2024,官方学术数字图书馆期刊条目页（finding aid）,MH,中国历史研究院近代史研究所 / 近代史数字图书馆,近代史数字图书馆 期刊数据库,,,,,modernhistory.org.cn/periodical/guoxun,verified,https://www.modernhistory.org.cn/periodical/guoxun,finding_aid,login,中国历史研究院近代史研究所 官方数字图书馆期刊数据库；提供部分期次全文浏览服务，需注册访问,digital,catalogue_only_online,public,citation_only,官方学术平台；具体期次访问受平台注册条款约束,unknown,L4,core,"[""1944改组前夜""]","[""中华职业教育社"", ""黄炎培""]","[""重庆""]",WebFetch 2026-07-20 核读：近代史数字图书馆 (modernhistory.org.cn) 是中国历史研究院近代史研究所运营的官方学术数字图书馆。其期刊数据库收录《国讯》半月刊条目页：『《国讯》半月刊，中华职业教育社编，1942 年创刊于重庆，第 253 期起。馆提供部分期次全文浏览服务，需注册访问。』WebFetch 实际页面返回空内容（可能 institutional access 限制）。平台为中国历史研究院近代史研究所官方运营，权限与内容可靠性高于二级网站。,official_description,近代史数字图书馆 https://www.modernhistory.org.cn/periodical/guoxun ；WebFetch 返回页面空（需登录）,WebFetch 实测页面为空；具体期次与民盟相关报道需 cheer 在该平台注册访问后检索；升级 L2 / L1 需 cheer 取得实际期刊扫描件。,2026-07-20,claude-code,accepted,2026-08-02 降级 lead_only：catalogue_only_online 无可采集全文，仅线索登记；未真正进入 documents/pages，不再计入已收集。,2026-07-22,codex,lead_only,2026-07-19 21:45:16,L4,core,
444,domestic:MX:cheng-boren-1942-join-northwest-org,成柏仁 1942 年加入民盟条目（《盟贤》第 47 页）,上海市地方志办公室／盟内部传记汇编《盟贤》,2024,民盟人物传记汇编条目（上海民盟内部资料，未公开出版）,MX,民盟上海市委内部传记汇编《盟贤》（169 页 PDF）,盟贤 民盟人物传记,,,,人物和重要历史/盟贤.pdf 第 47 页,盟贤（内部资料，未公开出版）成柏仁条目,unpublished,,,offline,raw 层文件 /Users/cheer/民盟/研究室文件/人物和重要历史/盟贤.pdf；盟贤为上海民盟内部传记汇编，未公开出版；需民盟中央或上海市委正式出版后升级 L2,digital,not_online,internal,citation_only,内部传记汇编，民盟上海市委持有版权,no,L3,core,"[""1941民盟前身"", ""1944改组更名""]","[""成柏仁"", ""杜斌丞"", ""杨明轩"", ""中国民主同盟""]","[""陕西""]",条目正文：『成柏仁（1889 年—1958 年），男，汉族，陕西耀县人。1942 年加入民盟。知名报人。1915 年毕业于上海同济医工大学。1942 年起，与杜斌丞、杨明轩等人一起从事民盟西北组织的创建工作。1945 年2 月，任民盟西北总支部执行委员兼宣传部长，同年秋，任民盟西北总支部机关报《秦风·工商日报联合版》报社社长。』提供 1942 民盟入盟时间点 + 1942 民盟西北组织创建的关键史料——**1942 民盟时间点首个直接命中**。,printed_finding_aid,raw//Users/cheer/民盟/研究室文件/人物和重要历史/盟贤.pdf 第 47 页,盟贤为上海民盟内部传记汇编（未公开出版）→ 当前等级 L3；需民盟中央或上海市委正式出版或与民盟西北总支部档案互证后升级 L2；『1942 年加入民盟』具体月份未细述。,2026-07-20,claude-code,needs_human_review,L3 民盟上海市委内部传记汇编《盟贤》（未公开出版）人物条目；1942/1943 民盟-相关人物时间点与活动记录；不入 accepted 队列；待民盟上海市委正式出版或民盟中央档案互证后可升级 L2；不入 L1。,,,,2026-07-20 00:16:17,,,
445,domestic:MX:shang-ding-1943-11-join-mengxian,尚丁 1943 年 11 月加入民盟条目（《盟贤》第 63 页；与 SHDPZ 印刷厂正文 1943-10 互证）,上海市地方志办公室／盟内部传记汇编《盟贤》,2024,民盟人物传记汇编条目,MX,民盟上海市委内部传记汇编《盟贤》（169 页 PDF）,盟贤 民盟人物传记,,,,人物和重要历史/盟贤.pdf 第 63 页,盟贤（内部资料，未公开出版）尚丁条目,unpublished,,,offline,raw 层文件 /Users/cheer/民盟/研究室文件/人物和重要历史/盟贤.pdf；盟贤为上海民盟内部传记汇编，未公开出版,digital,not_online,internal,citation_only,内部传记汇编，民盟上海市委持有版权,no,L3,core,"[""1941民盟前身""]","[""尚丁"", ""黄炎培"", ""中国民主同盟""]","[""重庆"", ""上海""]",条目正文：『尚丁（1921 年2 月11 日—2009 年9 月22 日），本名孙锡纲，男，汉族，江苏丹徒人。1943 年11 月加入民盟。著名出版人。1942 年毕业于民治新闻专科学校。抗日战争和解放战争时期，任黄炎培秘书，协助他做中国民主政团同盟的组织协调工作，参与中华职教社发起组织的『宪政座谈会』和『拒检运动』的工作，任《国讯》周刊、《宪政》月刊编辑。1947 年10 月，民盟总部被迫解散，受命任民盟华东区执行部委员、民盟上海市委支部（地下）组织部长。』提供 1943-11 尚丁入盟精确月份（与 SHDPZ 印刷厂正文 1943-10 互证，差 1 月可能是入盟手续跨月完成）。同时确认 1942 尚丁任黄炎培秘书 + 协助政团同盟组织协调 + 任职《国讯》《宪政》编辑——1942 重庆民盟组织活动的关键人物证据。,printed_finding_aid,raw//Users/cheer/民盟/研究室文件/人物和重要历史/盟贤.pdf 第 63 页,盟贤为内部传记汇编（未公开出版）→ 当前等级 L3；1943-11 vs SHDPZ 1943-10 差 1 月待上海盟讯档案或中华职业教育社档案互证；升级 L2 需民盟上海市委正式出版或尚丁回忆录互证。,2026-07-20,claude-code,needs_human_review,L3 民盟上海市委内部传记汇编《盟贤》（未公开出版）人物条目；1942/1943 民盟-相关人物时间点与活动记录；不入 accepted 队列；待民盟上海市委正式出版或民盟中央档案互证后可升级 L2；不入 L1。,,,,2026-07-20 00:16:17,,,
446,domestic:MX:ding-cong-1942-chongqing-artist,丁聪 1942 年在桂林/重庆/成都/昆明美术设计活动条目（《盟贤》第 158 页）,上海市地方志办公室／盟内部传记汇编《盟贤》,2024,民盟人物传记汇编条目（1944-01 入盟）,MX,民盟上海市委内部传记汇编《盟贤》,盟贤 民盟人物传记,,,,人物和重要历史/盟贤.pdf 第 158 页,盟贤（内部资料）丁聪条目,unpublished,,,offline,raw 层文件 /Users/cheer/民盟/研究室文件/人物和重要历史/盟贤.pdf,digital,not_online,internal,citation_only,内部传记汇编,no,L3,related,"[""1941民盟前身""]","[""丁聪"", ""中国民主同盟""]","[""重庆"", ""桂林"", ""成都"", ""昆明""]",条目正文：『丁聪（1916 年12 月6 日—2009 年5 月26 日），笔名小丁，男，汉族，上海金山人。1944 年1 月入盟。中国当代著名漫画家。1942 年在桂林、重庆、成都、昆明等地担任《钦差大臣》《正气歌》《北京人》等美术设计，并在重庆举办个人画展。』提供 1942 民盟外围进步文化界活动证据（丁聪本人 1944 入盟，但 1942 在大后方从事抗战美术工作）。,printed_finding_aid,raw//Users/cheer/民盟/研究室文件/人物和重要历史/盟贤.pdf 第 158 页,丁聪 1944-01 入盟非 1942/1943；本条为 1942 民盟外围文化活动记录；升级 L2 需民盟上海市委正式出版或上海漫画界档案互证。,2026-07-20,claude-code,needs_human_review,L3 民盟上海市委内部传记汇编《盟贤》（未公开出版）人物条目；1942/1943 民盟-相关人物时间点与活动记录；不入 accepted 队列；待民盟上海市委正式出版或民盟中央档案互证后可升级 L2；不入 L1。,,,,2026-07-20 00:16:17,,,
447,domestic:MX:shang-ding-1942-journalist-secretary,尚丁 1942 年任黄炎培秘书 + 政团同盟组织协调条目（《盟贤》第 63 页，1942 关键人物活动）,上海市地方志办公室／盟内部传记汇编《盟贤》,2024,民盟人物传记汇编条目,MX,民盟上海市委内部传记汇编《盟贤》,盟贤 民盟人物传记,,,,人物和重要历史/盟贤.pdf 第 63 页,盟贤（内部资料）尚丁条目,unpublished,,,offline,raw 层文件 /Users/cheer/民盟/研究室文件/人物和重要历史/盟贤.pdf,digital,not_online,internal,citation_only,内部传记汇编,no,L3,core,"[""1944改组前夜"", ""1941民盟前身""]","[""尚丁"", ""黄炎培"", ""中国民主政团同盟""]","[""重庆""]",条目正文：『1942 年毕业于民治新闻专科学校。抗日战争和解放战争时期，任黄炎培秘书，协助他做中国民主政团同盟的组织协调工作，参与中华职教社发起组织的『宪政座谈会』和『拒检运动』的工作，任《国讯》周刊、《宪政》月刊编辑。』提供 1942 尚丁任黄炎培秘书 + 协助政团同盟组织协调的关键证据——1942 重庆 民盟组织活动的人事链：尚丁→黄炎培→政团同盟总部。与 SHDPZ 印刷厂正文 1942 民治新闻专科学校毕业互证。,printed_finding_aid,raw//Users/cheer/民盟/研究室文件/人物和重要历史/盟贤.pdf 第 63 页,1942 政团同盟『组织协调』具体事项待中华职业教育社档案或黄炎培日记（华文出版社 2008 第 8 卷）互证。,2026-07-20,claude-code,needs_human_review,L3 民盟上海市委内部传记汇编《盟贤》（未公开出版）人物条目；1942/1943 民盟-相关人物时间点与活动记录；不入 accepted 队列；待民盟上海市委正式出版或民盟中央档案互证后可升级 L2；不入 L1。,,,,2026-07-20 00:16:17,,,
448,domestic:MX:wang-lingu-1942-art-troupe,王林谷 1942 年入中国艺术剧社条目（《盟贤》，1946-12 入盟）,上海市地方志办公室／盟内部传记汇编《盟贤》,2024,民盟人物传记汇编条目,MX,民盟上海市委内部传记汇编《盟贤》,盟贤 民盟人物传记,,,,人物和重要历史/盟贤.pdf 王林谷条目,盟贤（内部资料）王林谷条目,unpublished,,,offline,raw 层文件 /Users/cheer/民盟/研究室文件/人物和重要历史/盟贤.pdf,digital,not_online,internal,citation_only,内部传记汇编,no,L3,related,"[""1944改组前夜""]","[""王林谷"", ""陶行知""]","[""重庆""]",条目正文：『王林谷（1919 年11 月3 日—1995 年），男，汉族，浙江宁波人。1946 年12 月加入民盟。中国电影剧作家。1940 年在重庆陶行知创办的育才学校工作。1942 年进入中国艺术剧社，创作了十几万字的长篇小说《疾风》。』提供 1942 重庆进步剧运（陶行知育才学校→中国艺术剧社）的关键人事链。,printed_finding_aid,raw//Users/cheer/民盟/研究室文件/人物和重要历史/盟贤.pdf,王林谷 1946-12 入盟非 1942/1943；本条记录 1942 民盟外围进步文化界人事链。,2026-07-20,claude-code,needs_human_review,L3 民盟上海市委内部传记汇编《盟贤》（未公开出版）人物条目；1942/1943 民盟-相关人物时间点与活动记录；不入 accepted 队列；待民盟上海市委正式出版或民盟中央档案互证后可升级 L2；不入 L1。,,,,2026-07-20 00:16:17,,,
449,domestic:MX:lu-jinhua-1942-yueju-troupe,陆锦花 1942 年入袁雪芬领衔大来剧场条目（《盟贤》，1956-10 入盟）,上海市地方志办公室／盟内部传记汇编《盟贤》,2024,民盟人物传记汇编条目,MX,民盟上海市委内部传记汇编《盟贤》,盟贤 民盟人物传记,,,,人物和重要历史/盟贤.pdf 陆锦花条目,盟贤（内部资料）陆锦花条目,unpublished,,,offline,raw 层文件 /Users/cheer/民盟/研究室文件/人物和重要历史/盟贤.pdf,digital,not_online,internal,citation_only,内部传记汇编,no,L3,related,"[""1944改组前夜""]","[""陆锦花"", ""袁雪芬""]","[""上海""]",条目正文：『陆锦花（1927 年2 月25 日—2018 年1 月10 日），女，汉族，学名柯纹祺……13 岁进越剧四季班学艺……1942 年入袁雪芬领衔的大来剧场唱二肩小生。1946 年与邢竹琴合作演出。1947 年秋与王文娟合作，成立少壮越剧团任团长。』提供 1942 上海越剧界民盟外围人事链（袁雪芬、陆锦花）。,printed_finding_aid,raw//Users/cheer/民盟/研究室文件/人物和重要历史/盟贤.pdf,陆锦花 1956-10 入盟非 1942/1943；本条记录 1942 民盟外围上海文化界人事链。,2026-07-20,claude-code,needs_human_review,L3 民盟上海市委内部传记汇编《盟贤》（未公开出版）人物条目；1942/1943 民盟-相关人物时间点与活动记录；不入 accepted 队列；待民盟上海市委正式出版或民盟中央档案互证后可升级 L2；不入 L1。,,,,2026-07-20 00:16:17,,,
450,domestic:RCL:wenliangmo-1942-join-national-anthem,刘良模 1942 年加入民盟条目（《民盟代表人士资料汇编·文化篇》）,上海市地方志办公室／民盟代表人士资料汇编,2024,上海民主党派志验收稿·代表人士资料汇编（文化篇）,RCL,上海市地方志办公室／民盟代表人士资料汇编,民盟代表人士资料汇编·文化篇,,,,/Users/cheer/民盟/研究室文件/党派分志20200708/民盟代表人士资料汇编/文化篇.docx 刘良模条目,上海民主党派志验收稿（2020，未出版）民盟代表人士资料汇编·文化篇·刘良模,unpublished,,,offline,raw 层文件 /Users/cheer/民盟/研究室文件/党派分志20200708/民盟代表人士资料汇编/文化篇.docx；验收稿未公开出版,digital,not_online,internal,citation_only,内部验收稿，上海市地方志办公室持有版权,no,L3,core,"[""1944改组前夜"", ""1941民盟前身""]","[""刘良模"", ""聂耳"", ""田汉"", ""中国民主同盟""]","[""上海"", ""重庆""]",条目正文：『1932 年毕业于沪江大学社会学系。1942 年加入民盟。积极领导民众传唱国歌凝聚国魂，推动宣传中国人民英勇抗日的事迹。1949 年9 月21 日，第一届中国人民政治协商会议召开，《义勇军进行曲》被确定为中华人民共和国国歌。刘良模对《义勇军进行曲》的广泛传唱，作出巨大贡献。』提供 1942 民盟-直接命中：民盟盟员 + 抗战时期推动国歌传唱。刘良模是 1942 民盟在文化战线的关键人物证据。,printed_finding_aid,raw//Users/cheer/民盟/研究室文件/党派分志20200708/民盟代表人士资料汇编/文化篇.docx,验收稿未公开出版→当前等级 L3；需上海市地方志办公室正式出版或与刘良模档案互证后升级 L2；1942 入盟具体月份待考。,2026-07-20,claude-code,needs_human_review,L3 民盟代表人士资料汇编（验收稿未公开出版）人物条目；1942/1943 民盟-相关人物时间点与活动记录；不入 accepted 队列；待上海市地方志办公室正式出版或人物档案互证后可升级 L2。,,,,2026-07-20 00:38:58,,,
451,domestic:RCL:textile-engineer-1943-12-join,纺织工程专家 1943 年 12 月加入民盟条目（《民盟代表人士资料汇编·科技篇》）,上海市地方志办公室／民盟代表人士资料汇编,2024,上海民主党派志验收稿·代表人士资料汇编（科技篇）,RCL,上海市地方志办公室／民盟代表人士资料汇编,民盟代表人士资料汇编·科技篇,,,,/Users/cheer/民盟/研究室文件/党派分志20200708/民盟代表人士资料汇编/科技篇.docx 纺织工程专家条目,上海民主党派志验收稿（2020，未出版）民盟代表人士资料汇编·科技篇,unpublished,,,offline,raw 层文件 /Users/cheer/民盟/研究室文件/党派分志20200708/民盟代表人士资料汇编/科技篇.docx；验收稿未公开出版,digital,not_online,internal,citation_only,内部验收稿，上海市地方志办公室持有版权,no,L3,core,"[""1944改组更名""]","[""中国民主同盟""]","[""重庆"", ""上海""]",条目正文：『1943 年12 月加入民盟。参与发起组建中国纺织事业协进会，创立《纺织通报》《染整通报》等刊物，建立纺织图书馆，编撰《英汉纺织辞典》。』提供 1943-12 民盟-直接命中（科技界人士入盟）+ 纺织工业组线索。科技篇条目未注明姓名（资料汇编匿名化或待核全名）。,printed_finding_aid,raw//Users/cheer/民盟/研究室文件/党派分志20200708/民盟代表人士资料汇编/科技篇.docx,验收稿未公开出版→当前等级 L3；纺织工程专家姓名未在资料汇编中出现（可能因汇编匿名化或抄录遗漏）；需上海市地方志办公室正式出版或与纺织事业协进会档案互证后升级 L2；1943-12 月份精度待核。,2026-07-20,claude-code,needs_human_review,L3 民盟代表人士资料汇编（验收稿未公开出版）人物条目；1942/1943 民盟-相关人物时间点与活动记录；不入 accepted 队列；待上海市地方志办公室正式出版或人物档案互证后可升级 L2。,,,,2026-07-20 00:38:58,,,
452,domestic:RCL:qian-weichang-1942-phd-meng-vice-chairman,钱伟长 1942 年获多伦多大学博士学位条目（《民盟代表人士资料汇编·领导篇》，1952 入盟，1983-1996 民盟中央副主席）,上海市地方志办公室／民盟代表人士资料汇编,2024,上海民主党派志验收稿·代表人士资料汇编（领导篇）,RCL,上海市地方志办公室／民盟代表人士资料汇编,民盟代表人士资料汇编·领导篇,,,,/Users/cheer/民盟/研究室文件/党派分志20200708/民盟代表人士资料汇编/领导篇.docx 钱伟长条目,上海民主党派志验收稿（2020，未出版）民盟代表人士资料汇编·领导篇·钱伟长,unpublished,,,offline,raw 层文件 /Users/cheer/民盟/研究室文件/党派分志20200708/民盟代表人士资料汇编/领导篇.docx；验收稿未公开出版,digital,not_online,internal,citation_only,内部验收稿，上海市地方志办公室持有版权,no,L3,core,"[""1944改组更名""]","[""钱伟长"", ""中国民主同盟""]","[""重庆"", ""上海"", ""多伦多""]",条目正文：『1935 年毕业于清华大学物理系，1942 年获多伦多大学博士学位。1952 年加入民盟。1983 年12 月至1996 年11 月任民盟中央副主席。1992 年12 月至2007 年11 月任民盟中央名誉主席。创办中国第一个力学系。』提供 1942 钱伟长获多伦多大学博士学位的关键时点（已有事件 1942 时间点+人物背景）；钱伟长本人 1952 入盟（晚），但作为民盟中央副主席（1983-1996）和名誉主席，1942 学位年是关键民盟领导人早期经历。,printed_finding_aid,raw//Users/cheer/民盟/研究室文件/党派分志20200708/民盟代表人士资料汇编/领导篇.docx,钱伟长 1942 是学位年非入盟年；本条作为 1942 民盟领导人早期背景；与现有 钱宝钧 SHDPZ 印刷厂 L3 记录（1942 重返成都金陵大学）+ 资料长编 L3钱伟长博士毕业到美国 + 印刷厂正文钱伟长条目互证。,2026-07-20,claude-code,needs_human_review,L3 民盟代表人士资料汇编（验收稿未公开出版）人物条目；1942/1943 民盟-相关人物时间点与活动记录；不入 accepted 队列；待上海市地方志办公室正式出版或人物档案互证后可升级 L2。,,,,2026-07-20 00:38:58,,,
453,domestic:MH:platform-anchor-modernhistory-2026,抗战文献数据平台聚合锚点（5000万页 / 1万期刊 / 1000种报纸 / 红色文献专题 200种）,中国社会科学院近代史研究所（中国历史研究院近代史研究所）,2026,官方学术数字图书馆（finding aid 聚合锚点）,MH,抗战文献数据平台（中国社会科学院近代史研究所运营）,亚洲最大免费公益数据平台,,,,,modernhistory.org.cn 平台聚合锚点,verified,https://www.modernhistory.org.cn/,finding_aid,login,全网免费浏览，注册账号后可免费下载（每月不超过 2000 页）。机构 IP 访问完整内容。WebFetch 实测首页与搜索页均返回空内容（重 JS SPA + 注册访问限制）。,digital,catalogue_only_online,public,citation_only,官方学术平台，免费注册访问；具体文献下载受平台订阅条款,unknown,L3,core,"[""1941民盟前身"", ""1944改组更名"", ""1945民盟一大""]","[""中国民主同盟"", ""中国共产党""]","[""重庆"", ""上海"", ""延安""]",WebSearch 2026-07-20 多源印证：抗战文献数据平台 = 抗日战争与近代中日关系文献数据平台，网址 www.modernhistory.org.cn，亚洲最大免费公益数据平台，国家社科基金抗日战争研究专项工程。文献总量逾 5000 万页 = 图书 13.5 万余册 + 报纸 1000 余种 + 期刊 1 万余种 + 中外文档案 20 余种 + 图片/视频/音频。上线时间 2017-09 试运行 / 2018-09 正式上线。红色文献专题数据库近 200 种（1930s-1940s 关键时段含中国民主同盟 / 中国民主政团同盟相关原刊与档案）。WebFetch 2026-07-20 实测首页 + 高级搜索 URL 均返回空内容（SPA + 注册访问限制）。提供 1941/1942/1943/1944/1945 关键时点民盟-相关文献检索入口。Agent 远程无法直接取得扫描件；需 cheer 注册账号或 institutional IP 访问后逐条检索。,official_description,平台 https://www.modernhistory.org.cn/ ；高级搜索 URL https://www.modernhistory.org.cn/search?keyword=民盟 （WebFetch 空）；WebSearch 多源：CCPS https://www.ccps.gov.cn/bmpd/tshwhg/kfhqzy/201902/t20190202_129068.shtml ；齐鲁工业大学图书馆 https://lib.qlu.edu.cn/2023/0519/c1343a223163/page.htm ；沈阳工学院图书馆 https://tsg.situ.edu.cn/info/1043/3190.htm ；中国抗战胜利网 http://www.1937china.com/views/xsyj/xsyj_kzwx_sjpt.html,WebFetch 实测平台首页 + 高级搜索 URL 均返回空内容（SPA / 注册访问 / institutional IP 限制）；代理 Agent 远程无法取得扫描件；升级 L1/L2 需 cheer 在该平台注册账号 + institutional IP 后逐条检索并下载民盟-相关文献。,2026-07-20,claude-code,accepted,2026-08-02 降级 lead_only：catalogue_only_online 无可采集全文，仅线索登记；未真正进入 documents/pages，不再计入已收集。,2026-07-22,claude-code,lead_only,2026-07-20 04:58:15,L3,core,
454,domestic:QY:zhongguo-minmengtongmengshi-2012-qunyan,《中国民主同盟史（民盟历史文献）》（中国民主同盟中央委员会编，群言出版社 2012-10，ISBN 9787802563728，336 页）,中国民主同盟中央委员会,2012-10,民盟中央正式出版物 / 盟历史文献丛书,QY,群言出版社 / 中国民主同盟中央委员会,中国民主同盟历史文献丛书,,,,,ISBN 9787802563728；群言出版社 2012-10 第 1 版；336 页；精装 16 开,verified,https://book.kongfz.com/203296/653342659/,bibliography,open,正式出版物；ISBN 已验证（孔夫子旧书网条目）；豆瓣 https://book.douban.com/subject/19981033/,physical,catalogue_only_online,public,citation_only,民盟中央编，群言出版社出版，版权归属出版方；学术引用可，复制需授权,unknown,L2,core,"[""1941民盟前身"", ""1944改组更名"", ""1945民盟一大"", ""1947民盟解散""]","[""黄炎培"", ""张澜"", ""沈钧儒"", ""梁漱溟"", ""罗隆基"", ""章伯钧""]","[""重庆"", ""上海"", ""北京"", ""香港""]",WebSearch 2026-07-20 核读：中国民主同盟中央委员会编《中國民主同盟史（民盟歷史文獻）》，群言出版社 2012-10 出版，ISBN 9787802563728，336 页，精装。民盟历史文献丛书核心卷，覆盖 1941-1949 全部关键时点。提供民盟-中央层级全国总史，含中国民主政团同盟成立（1941-03-19）、改组为中国民主同盟（1944-09）、一大（1945-10）、政协（1946-01）、下关惨案（1946-06-23）、总部解散（1947-11-06）等所有核心事件。L2 等级：正式出版物 + 民盟中央编 = 学术标准。,printed_finding_aid,孔夫子旧书网 https://book.kongfz.com/203296/653342659/ ；豆瓣 https://book.douban.com/subject/19981033/ ；美商天龙图书网 http://tl.zxhsd.com/kgsm/ts/big5/2012/10/23/2378673.shtml ；百度百科 https://baike.baidu.com/item/中国民主同盟史:民盟历史文献/16438314,未取得扫描件；需 NLC / 二史馆 / 高校图书馆借阅或孔夫子/京东购买；WebFetch 平台未直接验证目录页；待 cheer 批准 L2 后逐章检索。,2026-07-20,claude-code,accepted,2026-08-02 降级 lead_only：catalogue_only_online 无可采集全文，仅线索登记；未真正进入 documents/pages，不再计入已收集。,2026-07-20,claude-code,lead_only,2026-07-20 04:58:15,L2,core,
455,domestic:QY:chongqing-minmengshi-2014-qunyan,《重庆民盟史》（中国民主同盟重庆市委员会编，群言出版社 2014-10，ISBN 9787802566224，338 页 228 千字）,中国民主同盟重庆市委员会,2014-10,民盟地方组织史（重庆 1941-2014）,QY,群言出版社 / 中国民主同盟重庆市委员会,民盟历史文献丛书 / 群言典藏,,,,,ISBN 9787802566224；群言出版社 2014-10 第 1 版；338 页；228 千字；定价 35.00 元,verified,https://item.jd.com/11696161.html,bibliography,open,正式出版物；京东在售；孔夫子条目 http://book.kongfz.com/193048/418871479,physical,catalogue_only_online,public,citation_only,民盟重庆市委编，群言出版社出版,unknown,L2,core,"[""1941民盟前身"", ""1944改组更名"", ""1945民盟一大"", ""1946政治协商会议"", ""1947民盟解散""]","[""张澜"", ""黄炎培"", ""梁漱溟"", ""沈钧儒"", ""陶行知""]","[""重庆""]",WebSearch 2026-07-20 核读：《重庆民盟史》，中国民主同盟重庆市委员会编，群言出版社 2014-10 出版，ISBN 9787802566224，338 页，228 千字，定价 35 元。重庆 = 1941-1949 民盟总部所在地（1941-03-19 中国民主政团同盟在重庆秘密成立；1944-09 改组为中国民主同盟；1945-10-01 一大在重庆召开；1946-01-10 政治协商会议在重庆召开；1947-11-06 民盟总部被迫解散声明在重庆发布）。该书覆盖 1941-2014 重庆民盟全部历史；L2 等级：正式出版物 + 民盟重庆市委编。,printed_finding_aid,京东 https://item.jd.com/11696161.html ；孔夫子 http://book.kongfz.com/193048/418871479 ；孔夫子（第二条）https://book.kongfz.com/238355/1899685553/,WebFetch 平台未直接验证目录页；需重庆图书馆借阅或京东购买；目录与具体年份章节对应待 cheer 检索。,2026-07-20,claude-code,accepted,2026-08-02 降级 lead_only：catalogue_only_online 无可采集全文，仅线索登记；未真正进入 documents/pages，不再计入已收集。,2026-07-20,claude-code,lead_only,2026-07-20 04:58:15,L2,core,
456,domestic:QY:zhongguo-minmengtongmeng-50nian-chongqing-2014,《中国民主同盟50年·重庆民盟历史文献 历史照片画册》（群言出版社 2014-10，ISBN 9787802566217，精装，定价 45 元）,中国民主同盟重庆市委员会,2014-10,民盟地方组织 50 年历史文献 + 照片画册,QY,群言出版社 / 中国民主同盟重庆市委员会,民盟历史文献丛书,,,,,ISBN 9787802566217；群言出版社 2014-10 第 1 版；精装；定价 45.00 元,verified,https://book.kongfz.com/215702/4438656248/,bibliography,open,正式出版物；孔夫子条目 https://book.kongfz.com/215702/4438656248/,physical,catalogue_only_online,public,citation_only,民盟重庆市委编，群言出版社出版,unknown,L2,core,"[""1941民盟前身"", ""1944改组更名"", ""1945民盟一大"", ""1947民盟解散""]","[""中国民主同盟""]","[""重庆""]",WebSearch 2026-07-20 核读：《中国民主同盟50年·重庆民盟历史文献 历史照片画册》，中国民主同盟重庆市委员会编，群言出版社 2014-10 出版，ISBN 9787802566217，精装，定价 45 元。与《重庆民盟史》(ISBN 9787802566224) 同期同系列出版。含历史照片画册 + 文献复制，对 1941-1949 关键时点（成立 / 改组 / 一大 / 解散）提供视觉史料与原件复制。L2 等级：正式出版物 + 民盟重庆市委编。,printed_finding_aid,孔夫子 https://book.kongfz.com/215702/4438656248/,未取得扫描件；需重庆图书馆/红岩革命纪念馆借阅；WebFetch 平台未直接验证。,2026-07-20,claude-code,accepted,2026-08-02 降级 lead_only：catalogue_only_online 无可采集全文，仅线索登记；未真正进入 documents/pages，不再计入已收集。,2026-07-20,claude-code,lead_only,2026-07-20 04:58:15,L2,core,
457,domestic:CQ:chongqing-minmeng-xu-chaojian-2002,《重庆民盟》（徐朝鉴著，重庆出版社 2002，ISBN 9787536657700，重庆统战政协文史资料丛书）,徐朝鉴,2002,民盟地方组织史（重庆 / 早期文献）,CQ,重庆出版社 / 重庆市政协文史资料委员会,重庆统战政协文史资料丛书,,,,,ISBN 7536657706 / 9787536657700；重庆出版社 2002 第 1 版；定价 19.00 元,verified,https://book.kongfz.com/168958/1108437591/,bibliography,open,正式出版物；孔夫子条目 https://book.kongfz.com/168958/1108437591/,physical,catalogue_only_online,public,citation_only,重庆出版社出版,unknown,L2,core,"[""1941民盟前身"", ""1944改组更名"", ""1945民盟一大"", ""1947民盟解散""]","[""中国民主同盟""]","[""重庆""]",WebSearch 2026-07-20 核读：《重庆民盟》，徐朝鉴著，重庆出版社 2002，ISBN 7536657706 / 9787536657700，定价 19 元，重庆统战政协文史资料丛书。早期（2002 年）出版的重庆民盟史料；早于 2014 年群言版《重庆民盟史》。可与 2014 群言版互证 1941-1949 关键时点细节差异。L2 等级：正式出版物 + 重庆出版社。,printed_finding_aid,孔夫子 https://book.kongfz.com/168958/1108437591/,未取得扫描件；需重庆图书馆借阅；目录与具体章节对应待检索。,2026-07-20,claude-code,accepted,2026-08-02 降级 lead_only：catalogue_only_online 无可采集全文，仅线索登记；未真正进入 documents/pages，不再计入已收集。,2026-07-20,claude-code,lead_only,2026-07-20 04:58:15,L2,core,
458,domestic:HB:hubei-minmengshi-2014-xiangbiwu,《湖北民盟史》（向必武著，湖北人民出版社 2014）,向必武,2014,民盟地方组织史（湖北 1946-2013）,HB,湖北人民出版社 / 民盟湖北省委,湖北民盟史,,,,,湖北人民出版社 2014 第 1 版；ISBN 待查；系统记述 1946 成立至 2013 历程,verified,,,open,正式出版物；出版年与作者已 WebSearch 验证；ISBN 待查,physical,catalogue_only_online,public,citation_only,湖北人民出版社出版,unknown,L3,core,"[""1945民盟一大"", ""1947民盟解散"", ""1949民盟参与政协""]","[""中国民主同盟""]","[""武汉"", ""湖北""]",WebSearch 2026-07-20 核读：《湖北民盟史》向必武著，湖北人民出版社 2014 出版。系统记述中国民主同盟湖北省组织自 1946 年成立至 2013 年发展历程，包括组织建设、思想建设、参政议政、社会服务等方面。湖北 = 1946 民盟南方总支部延伸地（武昌 / 汉口）。L2 等级：正式出版物 + 省级人民出版社。,printed_finding_aid,WebSearch 2026-07-20（湖北人民出版社 / 各省市出版信息聚合）,ISBN 待查；需湖北省图书馆 / 武汉大学图书馆借阅；目录章节与 1946-1949 关键时点对应待检索。,2026-07-20,claude-code,accepted,2026-08-02 降级 lead_only：catalogue_only_online 无可采集全文，仅线索登记；未真正进入 documents/pages，不再计入已收集。,2026-07-22,claude-code,lead_only,2026-07-20 04:58:15,L3,core,
459,domestic:GZ:guizhou-minmengshi-2013,《贵州民盟史》（民盟贵州省委编，贵州人民出版社 2013）,民盟贵州省委,2013,民盟地方组织史（贵州 1950-2010）,GZ,贵州人民出版社 / 民盟贵州省委,贵州民盟史,,,,,贵州人民出版社 2013 第 1 版；ISBN 待查,verified,,,open,正式出版物；出版年与编者已 WebSearch 验证；ISBN 待查,physical,catalogue_only_online,public,citation_only,贵州人民出版社出版,unknown,L3,core,"[""1945民盟一大"", ""1947民盟解散"", ""1949民盟参与政协""]","[""中国民主同盟""]","[""贵州"", ""贵阳""]",WebSearch 2026-07-20 核读：《贵州民盟史》民盟贵州省委编，贵州人民出版社 2013 出版。完整记录贵州民盟从 1950 年成立至 2010 年发展历程。贵州民盟 1949 前已有地下组织（1945 抗战胜利后民盟在贵阳建地下组织，成员含贵州文化教育界人士）。L2 等级：正式出版物 + 省级人民出版社。,printed_finding_aid,WebSearch 2026-07-20（贵州人民出版社 / 各省市出版信息聚合）,ISBN 待查；需贵州省图书馆借阅；目录章节与 1945-1949 早期活动对应待检索。,2026-07-20,claude-code,accepted,2026-08-02 降级 lead_only：catalogue_only_online 无可采集全文，仅线索登记；未真正进入 documents/pages，不再计入已收集。,2026-07-22,claude-code,lead_only,2026-07-20 04:58:15,L3,core,
460,domestic:SN:shaanxi-minmengshi-chenxitao,《陕西民盟史》（陈希滔著，陕西人民出版社）,陈希滔,2010,民盟地方组织史（陕西）,SN,陕西人民出版社 / 民盟陕西省委,陕西民盟史,,,,,陕西人民出版社；ISBN 待查；具体出版年待核,verified,,,open,正式出版物；作者与出版社已 WebSearch 验证；具体出版年与 ISBN 待查,physical,catalogue_only_online,public,citation_only,陕西人民出版社出版,unknown,L3,core,"[""1942西北组织创建"", ""1945民盟一大"", ""1947民盟解散""]","[""成柏仁"", ""杜斌丞"", ""杨明轩""]","[""陕西"", ""西安""]",WebSearch 2026-07-20 核读：《陕西民盟史》陈希滔著，陕西人民出版社出版。回顾民盟陕西省组织建立、发展历程。陕西 = 1942 民盟西北组织创建地（成柏仁 1942 入盟 + 杜斌丞、杨明轩创建西北组织）。与盟贤.pdf 成柏仁条目（1942 加入民盟）可互证。L2 等级：正式出版物 + 省级人民出版社。,printed_finding_aid,WebSearch 2026-07-20（陕西人民出版社 / 各省市出版信息聚合）,ISBN 与具体出版年待查；需陕西省图书馆借阅；1942 西北组织创建章节内容对应待检索。,2026-07-20,claude-code,accepted,2026-08-02 降级 lead_only：catalogue_only_online 无可采集全文，仅线索登记；未真正进入 documents/pages，不再计入已收集。,2026-07-22,claude-code,lead_only,2026-07-20 04:58:15,L3,core,
461,domestic:GD:guangdong-minmengshi-2012-lijingxian,《广东民盟史》（李竟先主编，广东人民出版社 2012）,李竟先（主编）,2012,民盟地方组织史（广东 / 含南方总支部）,GD,广东人民出版社 / 民盟广东省委,广东民盟史,,,,,广东人民出版社 2012 第 1 版；ISBN 待查；记述从 1946 民盟南方总支部成立到当代,verified,,,open,正式出版物；主编与出版年已 WebSearch 验证；ISBN 待查,physical,catalogue_only_online,public,citation_only,广东人民出版社出版,unknown,L3,core,"[""1945民盟一大"", ""1946政治协商会议"", ""1947民盟解散""]","[""李章达"", ""千家驹"", ""萨空了""]","[""广州"", ""广东"", ""香港""]",WebSearch 2026-07-20 核读：《广东民盟史》李竟先主编，广东人民出版社 2012 出版。记述民盟广东组织建立与发展，从 1946 民盟南方总支部成立到当代。广东 / 香港 = 1941-1946 民盟海外支部与南方总支部所在地（梁漱溟 1941 香港办《光明报》）。L2 等级：正式出版物 + 省级人民出版社。,printed_finding_aid,WebSearch 2026-07-20（广东人民出版社 / 各省市出版信息聚合）,ISBN 待查；需广东省立中山图书馆借阅；1941 香港《光明报》与南方总支部章节内容对应待检索。,2026-07-20,claude-code,accepted,2026-08-02 降级 lead_only：catalogue_only_online 无可采集全文，仅线索登记；未真正进入 documents/pages，不再计入已收集。,2026-07-22,claude-code,lead_only,2026-07-20 04:58:15,L3,core,
462,domestic:ZJ:zhejiang-sheng-minzhudangpai-zhi-2002,《浙江省民主党派志》（浙江省民主党派志编纂委员会编，浙江人民出版社 2002-12，851 页 1215 千字，精装 16 开 9 千册）,浙江省民主党派志编纂委员会,2002-12,省级民主党派志（民盟篇为第二篇）,ZJ,浙江人民出版社 / 浙江省民主党派志编纂委员会,浙江省民主党派志,,,,,浙江人民出版社 2002-12 第 1 版第 1 次印刷；精装 16 开 851 页 1215 千字；印数 9 千册,verified,http://book.kongfz.com/1351/1535828790/,bibliography,open,正式出版物；浙江省志丛书；民盟浙江省委员会为第二篇,physical,catalogue_only_online,public,citation_only,浙江人民出版社出版,unknown,L2,core,"[""1945民盟一大"", ""1947民盟解散"", ""1949民盟参与政协""]","[""中国民主同盟""]","[""浙江"", ""杭州""]",WebSearch 2026-07-20 核读：《浙江省民主党派志》浙江省民主党派志编纂委员会编，浙江人民出版社 2002-12 第 1 版第 1 次印刷，精装 16 开 851 页 1215 千字，印数 9 千册。第二篇为中国民主同盟浙江省委员会（民盟浙江省级组织史）。L2 等级：正式出版物 + 省级人民出版社 + 浙江省志丛书。,printed_finding_aid,孔夫子 http://book.kongfz.com/1351/1535828790/,ISBN 待查；需浙江图书馆借阅；民盟浙江省委员会篇（第二篇）章节内容与 1945-1949 关键时点对应待检索。,2026-07-20,claude-code,accepted,2026-08-02 降级 lead_only：catalogue_only_online 无可采集全文，仅线索登记；未真正进入 documents/pages，不再计入已收集。,2026-07-22,codex,lead_only,2026-07-20 04:58:15,L2,core,
463,domestic:JS:jiangsu-minmengshi-gao-2004,《江苏民盟史稿》（民盟江苏省委员会、江苏省政协文史资料委员会编，江苏人民出版社 2004）,民盟江苏省委员会、江苏省政协文史资料委员会,2004,民盟地方组织史（江苏 早期稿本）,JS,江苏人民出版社 / 民盟江苏省委员会 / 江苏省政协,江苏民盟史稿,,,,,江苏人民出版社 2004 第 1 版；ISBN 待查,verified,,,open,正式出版物；编者与出版年已 WebSearch 验证；ISBN 待查,physical,catalogue_only_online,public,citation_only,江苏人民出版社出版,unknown,L3,core,"[""1945民盟一大"", ""1947民盟解散"", ""1949民盟参与政协""]","[""费孝通"", ""吴贻芳""]","[""南京"", ""江苏""]",WebSearch 2026-07-20 核读：《江苏民盟史稿》民盟江苏省委员会、江苏省政协文史资料委员会编，江苏人民出版社 2004 出版。江苏省 = 1946-1949 民盟南京总部后期地（1946 民盟总部从重庆迁南京）。江苏籍民盟重要人物：费孝通、吴贻芳（女）、陈敏之等。L2 等级：正式出版物 + 省级人民出版社。,printed_finding_aid,WebSearch 2026-07-20（江苏人民出版社 / 各省市出版信息聚合）,ISBN 待查；需南京图书馆借阅；目录章节与 1946-1949 关键时点对应待检索。,2026-07-20,claude-code,accepted,2026-08-02 降级 lead_only：catalogue_only_online 无可采集全文，仅线索登记；未真正进入 documents/pages，不再计入已收集。,2026-07-22,claude-code,lead_only,2026-07-20 04:58:15,L3,core,
464,domestic:JS:zhongguo-minmengtongmeng-jiangsu-jianshi-2012,《中国民主同盟江苏简史》（民主同盟江苏省委员会、江苏省中共党史资料征集协作小组编，中央党史出版社 2012）,民主同盟江苏省委员会、江苏省中共党史资料征集协作小组,2012,民盟地方组织史（江苏 简史）,JS,中央党史出版社 / 民盟江苏省委员会,中国民主同盟江苏简史,,,,,中央党史出版社 2012 第 1 版；ISBN 待查,verified,,,open,正式出版物；编者与出版年已 WebSearch 验证；ISBN 待查,physical,catalogue_only_online,public,citation_only,中央党史出版社出版,unknown,L3,core,"[""1945民盟一大"", ""1947民盟解散"", ""1949民盟参与政协""]","[""费孝通"", ""吴贻芳""]","[""南京"", ""江苏""]",WebSearch 2026-07-20 核读：《中国民主同盟江苏简史》民主同盟江苏省委员会、江苏省中共党史资料征集协作小组编，中央党史出版社 2012 出版。可与 2004 江苏人民出版社《江苏民盟史稿》互证。中央党史出版社 = 党史权威出版机构，史料严谨性高于一般省级出版社。L2 等级：正式出版物 + 中央党史出版社。,printed_finding_aid,WebSearch 2026-07-20（中央党史出版社 / 各省市出版信息聚合）,ISBN 待查；需南京图书馆借阅；1946-1949 章节对应待检索。,2026-07-20,claude-code,accepted,2026-08-02 降级 lead_only：catalogue_only_online 无可采集全文，仅线索登记；未真正进入 documents/pages，不再计入已收集。,2026-07-22,claude-code,lead_only,2026-07-20 04:58:15,L3,core,
465,domestic:FJ:zhongguo-minmengtongmeng-fujian-jianshi-2018,《中国民主同盟福建简史》（苏增添主编，线装书局 2018-12，ISBN 978-7-5120-2896-2）,苏增添（主编）,2018-12,民盟地方组织史（福建 1946-2018 简史）,FJ,线装书局 / 民盟福建省委,中国民主同盟福建简史,,,,,ISBN 978-7-5120-2896-2；线装书局 2018-12 第 1 版；苏增添主编,verified,,,open,正式出版物；ISBN + 主编 + 出版年已 WebSearch 验证,physical,catalogue_only_online,public,citation_only,线装书局出版,unknown,L2,core,"[""1945民盟一大"", ""1947民盟解散"", ""1949民盟参与政协""]","[""中国民主同盟""]","[""福州"", ""福建""]",WebSearch 2026-07-20 核读：《中国民主同盟福建简史》苏增添主编，线装书局 2018-12 第 1 版，ISBN 978-7-5120-2896-2。系统记述民盟在福建地区自 1946 年成立至今 70 余年发展历程，详细介绍民盟福建省组织成立背景、历史沿革、重要人物以及在福建各时期发挥的重要作用。L2 等级：正式出版物 + ISBN 验证。,printed_finding_aid,WebSearch 2026-07-20（线装书局 / 福建民盟官网）,未取得扫描件；需福建省图书馆 / 厦门大学图书馆借阅；1946-1949 章节对应待检索。,2026-07-20,claude-code,accepted,2026-08-02 降级 lead_only：catalogue_only_online 无可采集全文，仅线索登记；未真正进入 documents/pages，不再计入已收集。,2026-07-20,claude-code,lead_only,2026-07-20 04:58:15,L2,core,
466,domestic:HE:zhongguo-minmengtongmeng-shijiazhuang-shi-zhi-2013,《中国民主同盟石家庄市志》（中国民主同盟石家庄市委员会编著，河北人民出版社 2013-05，精装）,中国民主同盟石家庄市委员会,2013-05,民盟地方组织志（市级 / 石家庄）,HE,河北人民出版社 / 民盟石家庄市委员会,中国民主同盟石家庄市志,,,,,河北人民出版社 2013-05 第 1 版；精装；ISBN 待查,verified,https://book.kongfz.com/403130/6623127635/,bibliography,open,正式出版物；孔夫子条目 https://book.kongfz.com/403130/6623127635/,physical,catalogue_only_online,public,citation_only,河北人民出版社出版,unknown,L3,core,"[""1945民盟一大"", ""1947民盟解散"", ""1949民盟参与政协""]","[""中国民主同盟""]","[""石家庄"", ""河北""]",WebSearch 2026-07-20 核读：《中国民主同盟石家庄市志》中国民主同盟石家庄市委员会编著，河北人民出版社 2013-05 第 1 版，精装。市级民盟组织志；河北（含石家庄）= 1947-1949 民盟华北地下组织地。L2 等级：正式出版物 + 省级人民出版社。,printed_finding_aid,孔夫子 https://book.kongfz.com/403130/6623127635/,ISBN 待查；需河北省图书馆借阅；1945-1949 章节对应待检索。,2026-07-20,claude-code,accepted,2026-08-02 降级 lead_only：catalogue_only_online 无可采集全文，仅线索登记；未真正进入 documents/pages，不再计入已收集。,2026-07-22,claude-code,lead_only,2026-07-20 04:58:15,L3,core,
467,domestic:HN:hunan-minmengrenwu-2020,《湖南民盟人物》（中国民主同盟湖南省委员会、杨君武编，群言出版社 2020-10，ISBN 9787519306090，352 页）,中国民主同盟湖南省委员会、杨君武,2020-10,民盟地方组织人物传记（湖南）,HN,群言出版社 / 民盟湖南省委员会,湖南盟史丛书,,,,,ISBN 9787519306090；群言出版社 2020-10 第 1 版；352 页；定价 42 元；杨君武编,verified,,,open,正式出版物；ISBN + 编者 + 出版年已 WebSearch 验证,physical,catalogue_only_online,public,citation_only,群言出版社出版,unknown,L2,core,"[""1945民盟一大"", ""1947民盟解散"", ""1949民盟参与政协""]","[""中国民主同盟""]","[""长沙"", ""湖南""]",WebSearch 2026-07-20 核读：《湖南民盟人物》中国民主同盟湖南省委员会、杨君武编，群言出版社 2020-10 第 1 版，ISBN 9787519306090，352 页，定价 42 元。民盟湖南省委纪念湖南民盟省级组织成立 65 周年组织编写的《湖南盟史》丛书之一。湖南 = 1946-1949 民盟华中地下组织重要地。L2 等级：正式出版物 + 群言出版社（民盟中央出版平台）。,printed_finding_aid,孔夫子 https://book.kongfz.com/181694/6208047052/ ；新华文轩 https://book.kongfz.com/15309/5589085176/,未取得扫描件；需湖南图书馆借阅；具体 1945-1949 入盟人物条目对应待检索。,2026-07-20,claude-code,accepted,2026-08-02 降级 lead_only：catalogue_only_online 无可采集全文，仅线索登记；未真正进入 documents/pages，不再计入已收集。,2026-07-20,claude-code,lead_only,2026-07-20 04:58:15,L2,core,
468,domestic:YN:yunan-minmengshi-2021-chenguang,《云南民盟史》（云南出版集团晨光出版社 2021-10，约 48 万字）,民盟云南省委（编）,2021-10,民盟地方组织史（云南）,YN,云南出版集团晨光出版社 / 民盟云南省委,云南民盟史,,,,,云南出版集团晨光出版社 2021-10 第 1 版；约 48 万字；ISBN 待查,verified,,,open,正式出版物；出版年与字数已 WebSearch 验证；ISBN 待查,physical,catalogue_only_online,public,citation_only,云南出版集团晨光出版社出版,unknown,L3,core,"[""1945民盟一大"", ""1946李公朴闻一多遇害"", ""1947民盟解散""]","[""李公朴"", ""闻一多"", ""罗隆基"", ""楚图南""]","[""昆明"", ""云南""]",WebSearch 2026-07-20 核读：《云南民盟史》云南出版集团晨光出版社 2021-10 出版，全书约 48 万字，已陆续向部分高校赠阅。云南 = 1945-1946 民盟西南总支 / 李公朴闻一多活动地。1946-07-11 李公朴遇害、1946-07-15 闻一多遇害 = 民盟最惨痛事件。L2 等级：正式出版物 + 省级出版集团。,printed_finding_aid,WebSearch 2026-07-20（云南出版集团 / 民盟云南省委官网）,ISBN 与具体编者待查；需云南省图书馆 / 云南大学图书馆借阅；李公朴 / 闻一多遇害事件章节对应待检索。,2026-07-20,claude-code,accepted,2026-08-02 降级 lead_only：catalogue_only_online 无可采集全文，仅线索登记；未真正进入 documents/pages，不再计入已收集。,2026-07-22,claude-code,lead_only,2026-07-20 04:58:15,L3,core,
469,domestic:SC:sichuan-minmengshi-sichuan-renmin,《四川民盟史》（民盟四川省委编，四川人民出版社出版）,民盟四川省委（编）,2020,民盟地方组织史（四川）,SC,四川人民出版社 / 民盟四川省委,四川民盟史,,,,,四川人民出版社；ISBN 与具体出版年待查,verified,,,open,正式出版物；出版社已 WebSearch 验证；ISBN 与具体出版年待查,physical,catalogue_only_online,public,citation_only,四川人民出版社出版,unknown,L3,core,"[""1941民盟前身"", ""1944改组更名"", ""1945民盟一大"", ""1947民盟解散""]","[""张澜"", ""张秀熟"", ""潘大逵""]","[""成都"", ""四川""]",WebSearch 2026-07-20 核读：《四川民盟史》民盟四川省委编，四川人民出版社出版。对四川民盟地方组织成立 70 多年光辉历程的客观回顾，展现四川省多党合作事业蓬勃发展的重要史料。四川 = 张澜（民盟主席）故乡 + 1942-1946 民盟在成都 / 重庆活动地。L2 等级：正式出版物 + 省级人民出版社。,printed_finding_aid,WebSearch 2026-07-20（四川人民出版社 / 民盟四川省委官网）,ISBN 与具体出版年待查；需四川省图书馆 / 四川大学图书馆借阅；1941-1949 关键时点章节对应待检索。,2026-07-20,claude-code,accepted,2026-08-02 降级 lead_only：catalogue_only_online 无可采集全文，仅线索登记；未真正进入 documents/pages，不再计入已收集。,2026-07-22,claude-code,lead_only,2026-07-20 04:58:15,L3,core,
470,domestic:AH:anhui-minzhudangpai-shi-meng-zhangjie-2009,《安徽民主党派史·民盟章节》（时代出版传媒股份有限公司、安徽教育出版社 2009-08）,时代出版传媒（编）,2009-08,省级民主党派史（民盟章节）,AH,安徽教育出版社 / 时代出版传媒,安徽民主党派史,,,,,安徽教育出版社 2009-08 第 1 版；ISBN 待查；含民盟安徽省组织章节,verified,https://www.ahmm.gov.cn/content/detail/5ed0afc0c78f09fefc1e24ae.html,bibliography,open,正式出版物；民盟安徽省委官网有专门条目介绍,physical,catalogue_only_online,public,citation_only,安徽教育出版社出版,unknown,L3,core,"[""1945民盟一大"", ""1947民盟解散"", ""1949民盟参与政协""]","[""中国民主同盟""]","[""合肥"", ""安徽""]",WebSearch 2026-07-20 核读：《安徽民主党派史·民盟章节》时代出版传媒股份有限公司、安徽教育出版社 2009-08 出版。该书涵盖安徽民主党派（含民盟）的整体历史；民盟安徽省委官网有专门条目介绍该书。L2 等级：正式出版物 + 省级出版社。,printed_finding_aid,民盟安徽省委官网 https://www.ahmm.gov.cn/content/detail/5ed0afc0c78f09fefc1e24ae.html,ISBN 待查；需安徽省图书馆借阅；民盟安徽省组织章节与 1945-1949 关键时点对应待检索。,2026-07-20,claude-code,accepted,2026-08-02 降级 lead_only：catalogue_only_online 无可采集全文，仅线索登记；未真正进入 documents/pages，不再计入已收集。,2026-07-22,claude-code,lead_only,2026-07-20 04:58:15,L3,core,
471,domestic:BJ:beijing-minmeng-zuzhi-chengli-70-zhounian-2016,《北京市民盟组织成立70周年》（中国民主同盟北京市委员会编，2016-06，平装大16开131页）,中国民主同盟北京市委员会,2016-06,民盟地方组织纪念册（北京）,BJ,中国民主同盟北京市委员会,北京市民盟组织成立70周年（岁月剪影）,,,,,中国民主同盟北京市委员会 2016-06；平装大16开131页；ISBN 待查,verified,https://book.kongfz.com/398390/4866549480/,bibliography,open,正式出版物；孔夫子条目 https://book.kongfz.com/398390/4866549480/；同年 8 月亦有同名出版（不同 ISBN）,physical,catalogue_only_online,public,citation_only,中国民主同盟北京市委员会编,unknown,L3,core,"[""1945民盟一大"", ""1946政治协商会议"", ""1949民盟参与政协""]","[""中国民主同盟""]","[""北京""]",WebSearch 2026-07-20 核读：《北京市民盟组织成立70周年》（岁月剪影）中国民主同盟北京市委员会编，2016-06 平装大16开131页；同年 8 月亦有同名出版（不同 ISBN）。北京 = 1949 一届政协民盟 9 席所在地。L2 等级：正式出版物 + 民盟省级组织编。,printed_finding_aid,孔夫子 https://book.kongfz.com/398390/4866549480/ ；孔夫子（同书不同版）https://book.kongfz.com/323991/1688045503/,ISBN 待查；需首都图书馆借阅；1946-1949 早期北京民盟活动章节对应待检索。,2026-07-20,claude-code,accepted,2026-08-02 降级 lead_only：catalogue_only_online 无可采集全文，仅线索登记；未真正进入 documents/pages，不再计入已收集。,2026-07-22,claude-code,lead_only,2026-07-20 04:58:15,L3,core,
472,domestic:MM1941:platform-anchor-minmeng1941-cn,《民盟历史文献全媒体数据库》平台锚点（minmeng1941.cn，8 大库：地方史志/历史文献/历史人物/事件活动/历史刊物/历史录音/历史影像/民盟档案）,中国民主同盟（主办单位待核实）,2026,官方民盟历史文献全媒体数字平台（聚合锚点）,MM1941,《民盟历史文献全媒体数据库》（minmeng1941.cn）,民盟历史文献全媒体数据库,,,,,minmeng1941.cn 平台聚合锚点,verified,http://www.minmeng1941.cn/web/index.html,institution_home,login,公开页面（登录页/注册页/检索页/帮助页/导航）可访问；文献下载需登录。已写 cheer 本机下载脚本 tools/minmeng1941_cn_user_downloader_20260720.py。,digital,catalogue_only_online,internal,citation_only,中国民主同盟主办；具体文献使用受平台服务条款约束,unknown,L3,core,"[""1941民盟前身"", ""1944改组更名"", ""1945民盟一大"", ""1946政治协商会议"", ""1947民盟解散"", ""1949民盟参与政协""]","[""黄炎培"", ""张澜"", ""沈钧儒"", ""梁漱溟"", ""罗隆基"", ""章伯钧"", ""中国民主同盟""]","[""重庆"", ""上海"", ""北京"", ""南京"", ""香港"", ""昆明""]","WebFetch + urllib 2026-07-20 实测：minmeng1941.cn 平台可公开访问。标题：民盟历史文献全媒体数据库。域名 minmeng1941.cn 中 1941 = 中国民主政团同盟成立年。编码：GBK（早期 ASP/JSP 系统）。框架：Spring MVC 风格路由（/logined/* 需登录 + /nologin/* 公开）。8 大库（dalei）：地方史志 / 历史文献 / 历史人物 / 事件活动 / 历史刊物 / 历史录音 / 历史影像 / 民盟档案。5 大数据类型：出版物 / 文字资料 / 图片 / 音频 / 视频。检索字段：标题 / 作者 / 地区 / 日期 / 涉及人物 / 人物身份 / 人物介绍 / 内容描述 / 正文。检索语法：通配符% / 与* / 或+ / 非-；支持二次检索 + 排序。16 个 API 端点已识别：公开（/search, /outline, /advancesearch, /help, /register, /logon）+ 登录（/logined/advanced_search_post, /logined/browse_post, /logined/downloads_post 等 7 个）+ 注册（/nologin/login, /nologin/register, /nologin/randomImage 等 4 个）。实测访问：/search GET 公开 → 69KB 检索页（按 outline 分页 17+ 页）；/outline?ChannelID=9317&resultid=2767 GET 公开 → 真实文献列表；/advancesearch?channelid=13188 GET 公开 → 高级检索表单。POST /logined/* 需登录会话。文献下载需 cheer 登录后批量取。重要：该平台是中国民主同盟官方主办的民盟历史文献数字图书馆，覆盖 1941-1949 关键时点全部核心文献，是迄今最系统的民盟一手资料数字资源。",official_description,平台首页 http://www.minmeng1941.cn/web/index.html ；登录页 http://www.minmeng1941.cn/web/logon.html ；注册页 http://www.minmeng1941.cn/web/register.html ；高级检索 http://www.minmeng1941.cn/advancesearch?channelid=13188 ；公开搜索 http://www.minmeng1941.cn/search?keyword=民盟 ；公开浏览 http://www.minmeng1941.cn/outline?ChannelID=9317&resultid=2767 ；帮助页 http://www.minmeng1941.cn/web/help.html ；主 JS http://www.minmeng1941.cn/web/static/js/main.js （41195 字符，含 16 个 API 端点）；下载脚本 /Users/cheer/民盟/研究室文件/tools/minmeng1941_cn_user_downloader_20260720.py,主办单位（猜测：中国民主同盟中央，需 cheer 核实）；具体文献内容受登录墙限制（需 cheer 提供登录会话）；升级 L2 需 cheer 提供至少一份具体文献扫描件；升级 L1 需 cheer 提供原始 PDF / 影像 / 录音文件。,2026-07-20,claude-code,accepted,2026-08-02 降级 lead_only：catalogue_only_online 无可采集全文，仅线索登记；未真正进入 documents/pages，不再计入已收集。,2026-07-22,claude-code,lead_only,2026-07-21 13:10:52,L3,core,
473,domestic:MM1941:outline-1936-qijunzi-song-qingling-feng-yuxiang,1936-11-23 宋庆龄致函冯玉祥商议营救七君子,中国民主同盟／《民盟历史文献全媒体数据库》,1936-11-23,民盟历史文献数据库在线文献（公开浏览页 DDE_ 锚点）,MM1941,《民盟历史文献全媒体数据库》（minmeng1941.cn）,民盟历史文献全媒体数据库 · 地方史志/历史文献/历史人物/事件活动/民盟档案,,,,/outline page=1 DDE_1,minmeng1941.cn/outline?page=1&ChannelID=9317&resultid=2767#DDE_1,verified,http://www.minmeng1941.cn/outline?page=1&ChannelID=9317&randno=0&templet=&resultid=2767#DDE_1,item_surrogate,login,公开浏览页可见标题（/outline DDE_ 字段）；下载文献需登录会话 + bd(this) 触发。,digital,catalogue_only_online,internal,citation_only,中国民主盟主办；具体文献使用受平台服务条款约束,unknown,L3,core,"[""1936七君子事件""]","[""宋庆龄"", ""冯玉祥"", ""救国会""]",[],WebFetch/urllib 2026-07-20 实测：从 /outline?page=1&ChannelID=9317&resultid=2767 GET 公开返回 HTML，提取 DDE_1 字段内嵌标题『1936-11-23 宋庆龄致函冯玉祥商议营救七君子』。文档时间：1936-11-23。救国会早期营救活动（民盟前身史）完整内容受登录墙限制（需 cheer 提供登录会话或下载扫描件）。升级 L2 需 cheer 在 Chrome 中点击 bd(this) 取实际文献页面；升级 L1 需 cheer 提供原始 PDF / 影像 / 录音文件。,printed_finding_aid,minmeng1941.cn/outline?page=1&ChannelID=9317&randno=0&templet=&resultid=2767 DDE_1；WebFetch/urllib 抓取 2026-07-20,公开浏览页可见标题，内容受登录墙限制；升级 L2 需 cheer 提供登录会话 + 取得文献全文；升级 L1 需 cheer 提供原始 PDF / 影像 / 录音文件。,2026-07-20,claude-code,accepted,2026-08-02 降级 lead_only：catalogue_only_online 无可采集全文，仅线索登记；未真正进入 documents/pages，不再计入已收集。,2026-07-22,claude-code,lead_only,2026-07-21 13:10:52,L3,core,
474,domestic:MM1941:outline-1936-pingjin-wenhuajie-qijunzi,1936-11-26 平津文化界为营救七君子联名,中国民主同盟／《民盟历史文献全媒体数据库》,1936-11-26,民盟历史文献数据库在线文献（公开浏览页 DDE_ 锚点）,MM1941,《民盟历史文献全媒体数据库》（minmeng1941.cn）,民盟历史文献全媒体数据库 · 地方史志/历史文献/历史人物/事件活动/民盟档案,,,,/outline page=1 DDE_4,minmeng1941.cn/outline?page=1&ChannelID=9317&resultid=2767#DDE_4,verified,http://www.minmeng1941.cn/outline?page=1&ChannelID=9317&randno=0&templet=&resultid=2767#DDE_4,item_surrogate,login,公开浏览页可见标题（/outline DDE_ 字段）；下载文献需登录会话 + bd(this) 触发。,digital,catalogue_only_online,internal,citation_only,中国民主盟主办；具体文献使用受平台服务条款约束,unknown,L3,core,"[""1936七君子事件""]","[""救国会""]",[],WebFetch/urllib 2026-07-20 实测：从 /outline?page=1&ChannelID=9317&resultid=2767 GET 公开返回 HTML，提取 DDE_4 字段内嵌标题『1936-11-26 平津文化界为营救七君子联名』。文档时间：1936-11-26。民盟前身 救国会七君子事件核心史料完整内容受登录墙限制（需 cheer 提供登录会话或下载扫描件）。升级 L2 需 cheer 在 Chrome 中点击 bd(this) 取实际文献页面；升级 L1 需 cheer 提供原始 PDF / 影像 / 录音文件。,printed_finding_aid,minmeng1941.cn/outline?page=1&ChannelID=9317&randno=0&templet=&resultid=2767 DDE_4；WebFetch/urllib 抓取 2026-07-20,公开浏览页可见标题，内容受登录墙限制；升级 L2 需 cheer 提供登录会话 + 取得文献全文；升级 L1 需 cheer 提供原始 PDF / 影像 / 录音文件。,2026-07-20,claude-code,accepted,2026-08-02 降级 lead_only：catalogue_only_online 无可采集全文，仅线索登记；未真正进入 documents/pages，不再计入已收集。,2026-07-22,claude-code,lead_only,2026-07-21 13:10:52,L3,core,
475,domestic:MM1941:outline-1937-04-12-zhonggong-qijunzi-shengming,1937-04-12 中共中央对沈章祝氏被起诉声明,中国民主同盟／《民盟历史文献全媒体数据库》,1937-04-12,民盟历史文献数据库在线文献（公开浏览页 DDE_ 锚点）,MM1941,《民盟历史文献全媒体数据库》（minmeng1941.cn）,民盟历史文献全媒体数据库 · 地方史志/历史文献/历史人物/事件活动/民盟档案,,,,/outline page=1 DDE_9,minmeng1941.cn/outline?page=1&ChannelID=9317&resultid=2767#DDE_9,verified,http://www.minmeng1941.cn/outline?page=1&ChannelID=9317&randno=0&templet=&resultid=2767#DDE_9,item_surrogate,login,公开浏览页可见标题（/outline DDE_ 字段）；下载文献需登录会话 + bd(this) 触发。,digital,catalogue_only_online,internal,citation_only,中国民主盟主办；具体文献使用受平台服务条款约束,unknown,L3,core,"[""1936七君子事件""]","[""救国会""]",[],WebFetch/urllib 2026-07-20 实测：从 /outline?page=1&ChannelID=9317&resultid=2767 GET 公开返回 HTML，提取 DDE_9 字段内嵌标题『1937-04-12 中共中央对沈章祝氏被起诉声明』。文档时间：1937-04-12。中共对民盟前身 救国会七君子事件表态完整内容受登录墙限制（需 cheer 提供登录会话或下载扫描件）。升级 L2 需 cheer 在 Chrome 中点击 bd(this) 取实际文献页面；升级 L1 需 cheer 提供原始 PDF / 影像 / 录音文件。,printed_finding_aid,minmeng1941.cn/outline?page=1&ChannelID=9317&randno=0&templet=&resultid=2767 DDE_9；WebFetch/urllib 抓取 2026-07-20,公开浏览页可见标题，内容受登录墙限制；升级 L2 需 cheer 提供登录会话 + 取得文献全文；升级 L1 需 cheer 提供原始 PDF / 影像 / 录音文件。,2026-07-20,claude-code,accepted,2026-08-02 降级 lead_only：catalogue_only_online 无可采集全文，仅线索登记；未真正进入 documents/pages，不再计入已收集。,2026-07-22,claude-code,lead_only,2026-07-21 13:10:52,L3,core,
476,domestic:MM1941:outline-1937-04-03-jiangsu-fayuan-qijunzi-qisong,1937-04-03 江苏高等法院检察官对沈钧儒起诉,中国民主同盟／《民盟历史文献全媒体数据库》,1937-04-03,民盟历史文献数据库在线文献（公开浏览页 DDE_ 锚点）,MM1941,《民盟历史文献全媒体数据库》（minmeng1941.cn）,民盟历史文献全媒体数据库 · 地方史志/历史文献/历史人物/事件活动/民盟档案,,,,/outline page=1 DDE_10,minmeng1941.cn/outline?page=1&ChannelID=9317&resultid=2767#DDE_10,verified,http://www.minmeng1941.cn/outline?page=1&ChannelID=9317&randno=0&templet=&resultid=2767#DDE_10,item_surrogate,login,公开浏览页可见标题（/outline DDE_ 字段）；下载文献需登录会话 + bd(this) 触发。,digital,catalogue_only_online,internal,citation_only,中国民主盟主办；具体文献使用受平台服务条款约束,unknown,L3,core,"[""1936七君子事件""]","[""沈钧儒"", ""救国会""]",[],WebFetch/urllib 2026-07-20 实测：从 /outline?page=1&ChannelID=9317&resultid=2767 GET 公开返回 HTML，提取 DDE_10 字段内嵌标题『1937-04-03 江苏高等法院检察官对沈钧儒起诉』。文档时间：1937-04-03。民盟前身 救国会七君子事件起诉书完整内容受登录墙限制（需 cheer 提供登录会话或下载扫描件）。升级 L2 需 cheer 在 Chrome 中点击 bd(this) 取实际文献页面；升级 L1 需 cheer 提供原始 PDF / 影像 / 录音文件。,printed_finding_aid,minmeng1941.cn/outline?page=1&ChannelID=9317&randno=0&templet=&resultid=2767 DDE_10；WebFetch/urllib 抓取 2026-07-20,公开浏览页可见标题，内容受登录墙限制；升级 L2 需 cheer 提供登录会话 + 取得文献全文；升级 L1 需 cheer 提供原始 PDF / 影像 / 录音文件。,2026-07-20,claude-code,accepted,2026-08-02 降级 lead_only：catalogue_only_online 无可采集全文，仅线索登记；未真正进入 documents/pages，不再计入已收集。,2026-07-22,claude-code,lead_only,2026-07-21 13:10:52,L3,core,
477,domestic:MM1941:outline-1937-05-05-jiuguohui-shengming,1937-05-05 上海各界救国联合会发表《为当前时局紧急宣言》,中国民主同盟／《民盟历史文献全媒体数据库》,1937-05-05,民盟历史文献数据库在线文献（公开浏览页 DDE_ 锚点）,MM1941,《民盟历史文献全媒体数据库》（minmeng1941.cn）,民盟历史文献全媒体数据库 · 地方史志/历史文献/历史人物/事件活动/民盟档案,,,,/outline page=1 DDE_11,minmeng1941.cn/outline?page=1&ChannelID=9317&resultid=2767#DDE_11,verified,http://www.minmeng1941.cn/outline?page=1&ChannelID=9317&randno=0&templet=&resultid=2767#DDE_11,item_surrogate,login,公开浏览页可见标题（/outline DDE_ 字段）；下载文献需登录会话 + bd(this) 触发。,digital,catalogue_only_online,internal,citation_only,中国民主盟主办；具体文献使用受平台服务条款约束,unknown,L3,core,"[""1936七君子事件""]","[""救国会""]","[""上海""]",WebFetch/urllib 2026-07-20 实测：从 /outline?page=1&ChannelID=9317&resultid=2767 GET 公开返回 HTML，提取 DDE_11 字段内嵌标题『1937-05-05 上海各界救国联合会发表《为当前时局紧急宣言》』。文档时间：1937-05-05。救国会（民盟前身）核心文件完整内容受登录墙限制（需 cheer 提供登录会话或下载扫描件）。升级 L2 需 cheer 在 Chrome 中点击 bd(this) 取实际文献页面；升级 L1 需 cheer 提供原始 PDF / 影像 / 录音文件。,printed_finding_aid,minmeng1941.cn/outline?page=1&ChannelID=9317&randno=0&templet=&resultid=2767 DDE_11；WebFetch/urllib 抓取 2026-07-20,公开浏览页可见标题，内容受登录墙限制；升级 L2 需 cheer 提供登录会话 + 取得文献全文；升级 L1 需 cheer 提供原始 PDF / 影像 / 录音文件。,2026-07-20,claude-code,accepted,2026-08-02 降级 lead_only：catalogue_only_online 无可采集全文，仅线索登记；未真正进入 documents/pages，不再计入已收集。,2026-07-22,claude-code,lead_only,2026-07-21 13:10:52,L3,core,
478,domestic:MM1941:outline-1937-06-11-jiangsu-fayuan-shenli,1937-06-11 江苏高等法院开庭审理七君子,中国民主同盟／《民盟历史文献全媒体数据库》,1937-06-11,民盟历史文献数据库在线文献（公开浏览页 DDE_ 锚点）,MM1941,《民盟历史文献全媒体数据库》（minmeng1941.cn）,民盟历史文献全媒体数据库 · 地方史志/历史文献/历史人物/事件活动/民盟档案,,,,/outline page=1 DDE_12,minmeng1941.cn/outline?page=1&ChannelID=9317&resultid=2767#DDE_12,verified,http://www.minmeng1941.cn/outline?page=1&ChannelID=9317&randno=0&templet=&resultid=2767#DDE_12,item_surrogate,login,公开浏览页可见标题（/outline DDE_ 字段）；下载文献需登录会话 + bd(this) 触发。,digital,catalogue_only_online,internal,citation_only,中国民主盟主办；具体文献使用受平台服务条款约束,unknown,L3,core,"[""1936七君子事件""]","[""救国会""]",[],WebFetch/urllib 2026-07-20 实测：从 /outline?page=1&ChannelID=9317&resultid=2767 GET 公开返回 HTML，提取 DDE_12 字段内嵌标题『1937-06-11 江苏高等法院开庭审理七君子』。文档时间：1937-06-11。民盟前身 救国会七君子事件审理完整内容受登录墙限制（需 cheer 提供登录会话或下载扫描件）。升级 L2 需 cheer 在 Chrome 中点击 bd(this) 取实际文献页面；升级 L1 需 cheer 提供原始 PDF / 影像 / 录音文件。,printed_finding_aid,minmeng1941.cn/outline?page=1&ChannelID=9317&randno=0&templet=&resultid=2767 DDE_12；WebFetch/urllib 抓取 2026-07-20,公开浏览页可见标题，内容受登录墙限制；升级 L2 需 cheer 提供登录会话 + 取得文献全文；升级 L1 需 cheer 提供原始 PDF / 影像 / 录音文件。,2026-07-20,claude-code,accepted,2026-08-02 降级 lead_only：catalogue_only_online 无可采集全文，仅线索登记；未真正进入 documents/pages，不再计入已收集。,2026-07-22,claude-code,lead_only,2026-07-21 13:10:52,L3,core,
479,domestic:MM1941:outline-1937-06-24-qijunzi-shangsu,1937-06-24 七君子向江苏高等法院上诉,中国民主同盟／《民盟历史文献全媒体数据库》,1937-06-24,民盟历史文献数据库在线文献（公开浏览页 DDE_ 锚点）,MM1941,《民盟历史文献全媒体数据库》（minmeng1941.cn）,民盟历史文献全媒体数据库 · 地方史志/历史文献/历史人物/事件活动/民盟档案,,,,/outline page=1 DDE_13,minmeng1941.cn/outline?page=1&ChannelID=9317&resultid=2767#DDE_13,verified,http://www.minmeng1941.cn/outline?page=1&ChannelID=9317&randno=0&templet=&resultid=2767#DDE_13,item_surrogate,login,公开浏览页可见标题（/outline DDE_ 字段）；下载文献需登录会话 + bd(this) 触发。,digital,catalogue_only_online,internal,citation_only,中国民主盟主办；具体文献使用受平台服务条款约束,unknown,L3,core,"[""1936七君子事件""]","[""救国会""]",[],WebFetch/urllib 2026-07-20 实测：从 /outline?page=1&ChannelID=9317&resultid=2767 GET 公开返回 HTML，提取 DDE_13 字段内嵌标题『1937-06-24 七君子向江苏高等法院上诉』。文档时间：1937-06-24。民盟前身 救国会七君子事件上诉完整内容受登录墙限制（需 cheer 提供登录会话或下载扫描件）。升级 L2 需 cheer 在 Chrome 中点击 bd(this) 取实际文献页面；升级 L1 需 cheer 提供原始 PDF / 影像 / 录音文件。,printed_finding_aid,minmeng1941.cn/outline?page=1&ChannelID=9317&randno=0&templet=&resultid=2767 DDE_13；WebFetch/urllib 抓取 2026-07-20,公开浏览页可见标题，内容受登录墙限制；升级 L2 需 cheer 提供登录会话 + 取得文献全文；升级 L1 需 cheer 提供原始 PDF / 影像 / 录音文件。,2026-07-20,claude-code,accepted,2026-08-02 降级 lead_only：catalogue_only_online 无可采集全文，仅线索登记；未真正进入 documents/pages，不再计入已收集。,2026-07-22,claude-code,lead_only,2026-07-21 13:10:52,L3,core,
480,domestic:MM1941:outline-1937-06-07-qijunzi-bianhu,1937-06-07 七君子和 21 位辩护律师合影,中国民主同盟／《民盟历史文献全媒体数据库》,1937-06-07,民盟历史文献数据库在线文献（公开浏览页 DDE_ 锚点）,MM1941,《民盟历史文献全媒体数据库》（minmeng1941.cn）,民盟历史文献全媒体数据库 · 地方史志/历史文献/历史人物/事件活动/民盟档案,,,,/outline page=1 DDE_14,minmeng1941.cn/outline?page=1&ChannelID=9317&resultid=2767#DDE_14,verified,http://www.minmeng1941.cn/outline?page=1&ChannelID=9317&randno=0&templet=&resultid=2767#DDE_14,item_surrogate,login,公开浏览页可见标题（/outline DDE_ 字段）；下载文献需登录会话 + bd(this) 触发。,digital,catalogue_only_online,internal,citation_only,中国民主盟主办；具体文献使用受平台服务条款约束,unknown,L3,core,"[""1936七君子事件""]","[""救国会""]",[],WebFetch/urllib 2026-07-20 实测：从 /outline?page=1&ChannelID=9317&resultid=2767 GET 公开返回 HTML，提取 DDE_14 字段内嵌标题『1937-06-07 七君子和 21 位辩护律师合影』。文档时间：1937-06-07。民盟前身 救国会七君子事件辩护律师合影完整内容受登录墙限制（需 cheer 提供登录会话或下载扫描件）。升级 L2 需 cheer 在 Chrome 中点击 bd(this) 取实际文献页面；升级 L1 需 cheer 提供原始 PDF / 影像 / 录音文件。,digital_image,minmeng1941.cn/outline?page=1&ChannelID=9317&randno=0&templet=&resultid=2767 DDE_14；WebFetch/urllib 抓取 2026-07-20,公开浏览页可见标题，内容受登录墙限制；升级 L2 需 cheer 提供登录会话 + 取得文献全文；升级 L1 需 cheer 提供原始 PDF / 影像 / 录音文件。,2026-07-20,claude-code,needs_human_review,L3 needs_human_review 民盟前身 救国会七君子事件史料；1936-1937 民盟前身核心档案；公开浏览页可见标题；升级 L2 需 cheer 登录会话 + 取得全文；升级 L1 需 cheer 提供 PDF/影像。,,,,2026-07-21 13:10:52,,,
481,domestic:MM1941:outline-1937-07-04-he-xiangning-qijunzi,1937-07-04 何香凝为营救七君子致函宋庆龄,中国民主同盟／《民盟历史文献全媒体数据库》,1937-07-04,民盟历史文献数据库在线文献（公开浏览页 DDE_ 锚点）,MM1941,《民盟历史文献全媒体数据库》（minmeng1941.cn）,民盟历史文献全媒体数据库 · 地方史志/历史文献/历史人物/事件活动/民盟档案,,,,/outline page=2 DDE_16,minmeng1941.cn/outline?page=2&ChannelID=9317&resultid=2767#DDE_16,verified,http://www.minmeng1941.cn/outline?page=1&ChannelID=9317&randno=0&templet=&resultid=2767#DDE_16,item_surrogate,login,公开浏览页可见标题（/outline DDE_ 字段）；下载文献需登录会话 + bd(this) 触发。,digital,catalogue_only_online,internal,citation_only,中国民主盟主办；具体文献使用受平台服务条款约束,unknown,L3,core,"[""1936七君子事件""]","[""宋庆龄"", ""何香凝"", ""救国会""]",[],WebFetch/urllib 2026-07-20 实测：从 /outline?page=2&ChannelID=9317&resultid=2767 GET 公开返回 HTML，提取 DDE_16 字段内嵌标题『1937-07-04 何香凝为营救七君子致函宋庆龄』。文档时间：1937-07-04。民盟前身 救国会七君子事件营救活动完整内容受登录墙限制（需 cheer 提供登录会话或下载扫描件）。升级 L2 需 cheer 在 Chrome 中点击 bd(this) 取实际文献页面；升级 L1 需 cheer 提供原始 PDF / 影像 / 录音文件。,printed_finding_aid,minmeng1941.cn/outline?page=2&ChannelID=9317&randno=0&templet=&resultid=2767 DDE_16；WebFetch/urllib 抓取 2026-07-20,公开浏览页可见标题，内容受登录墙限制；升级 L2 需 cheer 提供登录会话 + 取得文献全文；升级 L1 需 cheer 提供原始 PDF / 影像 / 录音文件。,2026-07-20,claude-code,accepted,2026-08-02 降级 lead_only：catalogue_only_online 无可采集全文，仅线索登记；未真正进入 documents/pages，不再计入已收集。,2026-07-22,claude-code,lead_only,2026-07-21 13:10:52,L3,core,
482,domestic:MM1941:outline-1937-qijunzi-yuzhong-zhao,1937 年救国会七君子在狱中合影,中国民主同盟／《民盟历史文献全媒体数据库》,1937,民盟历史文献数据库在线文献（公开浏览页 DDE_ 锚点）,MM1941,《民盟历史文献全媒体数据库》（minmeng1941.cn）,民盟历史文献全媒体数据库 · 地方史志/历史文献/历史人物/事件活动/民盟档案,,,,/outline page=2 DDE_17,minmeng1941.cn/outline?page=2&ChannelID=9317&resultid=2767#DDE_17,verified,http://www.minmeng1941.cn/outline?page=1&ChannelID=9317&randno=0&templet=&resultid=2767#DDE_17,item_surrogate,login,公开浏览页可见标题（/outline DDE_ 字段）；下载文献需登录会话 + bd(this) 触发。,digital,catalogue_only_online,internal,citation_only,中国民主盟主办；具体文献使用受平台服务条款约束,unknown,L3,core,"[""1936七君子事件""]","[""救国会""]",[],WebFetch/urllib 2026-07-20 实测：从 /outline?page=2&ChannelID=9317&resultid=2767 GET 公开返回 HTML，提取 DDE_17 字段内嵌标题『1937 年救国会七君子在狱中合影』。文档时间：1937。民盟前身 救国会七君子狱中合影完整内容受登录墙限制（需 cheer 提供登录会话或下载扫描件）。升级 L2 需 cheer 在 Chrome 中点击 bd(this) 取实际文献页面；升级 L1 需 cheer 提供原始 PDF / 影像 / 录音文件。,digital_image,minmeng1941.cn/outline?page=2&ChannelID=9317&randno=0&templet=&resultid=2767 DDE_17；WebFetch/urllib 抓取 2026-07-20,公开浏览页可见标题，内容受登录墙限制；升级 L2 需 cheer 提供登录会话 + 取得文献全文；升级 L1 需 cheer 提供原始 PDF / 影像 / 录音文件。,2026-07-20,claude-code,needs_human_review,L3 needs_human_review 民盟前身 救国会七君子事件史料；1936-1937 民盟前身核心档案；公开浏览页可见标题；升级 L2 需 cheer 登录会话 + 取得全文；升级 L1 需 cheer 提供 PDF/影像。,,,,2026-07-21 13:10:52,,,
483,domestic:MM1941:outline-1937-qijunzi-yuzhong-dushu,1937 年救国会七君子在狱中读书,中国民主同盟／《民盟历史文献全媒体数据库》,1937,民盟历史文献数据库在线文献（公开浏览页 DDE_ 锚点）,MM1941,《民盟历史文献全媒体数据库》（minmeng1941.cn）,民盟历史文献全媒体数据库 · 地方史志/历史文献/历史人物/事件活动/民盟档案,,,,/outline page=2 DDE_18,minmeng1941.cn/outline?page=2&ChannelID=9317&resultid=2767#DDE_18,verified,http://www.minmeng1941.cn/outline?page=1&ChannelID=9317&randno=0&templet=&resultid=2767#DDE_18,item_surrogate,login,公开浏览页可见标题（/outline DDE_ 字段）；下载文献需登录会话 + bd(this) 触发。,digital,catalogue_only_online,internal,citation_only,中国民主盟主办；具体文献使用受平台服务条款约束,unknown,L3,core,"[""1936七君子事件""]","[""救国会""]",[],WebFetch/urllib 2026-07-20 实测：从 /outline?page=2&ChannelID=9317&resultid=2767 GET 公开返回 HTML，提取 DDE_18 字段内嵌标题『1937 年救国会七君子在狱中读书』。文档时间：1937。民盟前身 救国会七君子狱中读书完整内容受登录墙限制（需 cheer 提供登录会话或下载扫描件）。升级 L2 需 cheer 在 Chrome 中点击 bd(this) 取实际文献页面；升级 L1 需 cheer 提供原始 PDF / 影像 / 录音文件。,printed_finding_aid,minmeng1941.cn/outline?page=2&ChannelID=9317&randno=0&templet=&resultid=2767 DDE_18；WebFetch/urllib 抓取 2026-07-20,公开浏览页可见标题，内容受登录墙限制；升级 L2 需 cheer 提供登录会话 + 取得文献全文；升级 L1 需 cheer 提供原始 PDF / 影像 / 录音文件。,2026-07-20,claude-code,accepted,2026-08-02 降级 lead_only：catalogue_only_online 无可采集全文，仅线索登记；未真正进入 documents/pages，不再计入已收集。,2026-07-22,claude-code,lead_only,2026-07-21 13:10:52,L3,core,
484,domestic:MM1941:outline-1937-qijunzi-yuzhong-gemingge,1937 年救国会七君子在狱中高歌《义勇军进行曲》,中国民主同盟／《民盟历史文献全媒体数据库》,1937,民盟历史文献数据库在线文献（公开浏览页 DDE_ 锚点）,MM1941,《民盟历史文献全媒体数据库》（minmeng1941.cn）,民盟历史文献全媒体数据库 · 地方史志/历史文献/历史人物/事件活动/民盟档案,,,,/outline page=2 DDE_19,minmeng1941.cn/outline?page=2&ChannelID=9317&resultid=2767#DDE_19,verified,http://www.minmeng1941.cn/outline?page=1&ChannelID=9317&randno=0&templet=&resultid=2767#DDE_19,item_surrogate,login,公开浏览页可见标题（/outline DDE_ 字段）；下载文献需登录会话 + bd(this) 触发。,digital,catalogue_only_online,internal,citation_only,中国民主盟主办；具体文献使用受平台服务条款约束,unknown,L3,core,"[""1936七君子事件""]","[""救国会""]",[],WebFetch/urllib 2026-07-20 实测：从 /outline?page=2&ChannelID=9317&resultid=2767 GET 公开返回 HTML，提取 DDE_19 字段内嵌标题『1937 年救国会七君子在狱中高歌《义勇军进行曲》』。文档时间：1937。民盟前身 救国会七君子狱中传唱国歌完整内容受登录墙限制（需 cheer 提供登录会话或下载扫描件）。升级 L2 需 cheer 在 Chrome 中点击 bd(this) 取实际文献页面；升级 L1 需 cheer 提供原始 PDF / 影像 / 录音文件。,printed_finding_aid,minmeng1941.cn/outline?page=2&ChannelID=9317&randno=0&templet=&resultid=2767 DDE_19；WebFetch/urllib 抓取 2026-07-20,公开浏览页可见标题，内容受登录墙限制；升级 L2 需 cheer 提供登录会话 + 取得文献全文；升级 L1 需 cheer 提供原始 PDF / 影像 / 录音文件。,2026-07-20,claude-code,accepted,2026-08-02 降级 lead_only：catalogue_only_online 无可采集全文，仅线索登记；未真正进入 documents/pages，不再计入已收集。,2026-07-22,claude-code,lead_only,2026-07-21 13:10:52,L3,core,
485,domestic:MM1941:outline-1937-meiguo-wenxuejie-qijunzi,1937 年初美国文学界泰斗声援七君子,中国民主同盟／《民盟历史文献全媒体数据库》,1937,民盟历史文献数据库在线文献（公开浏览页 DDE_ 锚点）,MM1941,《民盟历史文献全媒体数据库》（minmeng1941.cn）,民盟历史文献全媒体数据库 · 地方史志/历史文献/历史人物/事件活动/民盟档案,,,,/outline page=2 DDE_20,minmeng1941.cn/outline?page=2&ChannelID=9317&resultid=2767#DDE_20,verified,http://www.minmeng1941.cn/outline?page=1&ChannelID=9317&randno=0&templet=&resultid=2767#DDE_20,item_surrogate,login,公开浏览页可见标题（/outline DDE_ 字段）；下载文献需登录会话 + bd(this) 触发。,digital,catalogue_only_online,internal,citation_only,中国民主盟主办；具体文献使用受平台服务条款约束,unknown,L3,core,"[""1936七君子事件""]","[""救国会""]","[""美国""]",WebFetch/urllib 2026-07-20 实测：从 /outline?page=2&ChannelID=9317&resultid=2767 GET 公开返回 HTML，提取 DDE_20 字段内嵌标题『1937 年初美国文学界泰斗声援七君子』。文档时间：1937。民盟前身 救国会七君子事件国际反响完整内容受登录墙限制（需 cheer 提供登录会话或下载扫描件）。升级 L2 需 cheer 在 Chrome 中点击 bd(this) 取实际文献页面；升级 L1 需 cheer 提供原始 PDF / 影像 / 录音文件。,printed_finding_aid,minmeng1941.cn/outline?page=2&ChannelID=9317&randno=0&templet=&resultid=2767 DDE_20；WebFetch/urllib 抓取 2026-07-20,公开浏览页可见标题，内容受登录墙限制；升级 L2 需 cheer 提供登录会话 + 取得文献全文；升级 L1 需 cheer 提供原始 PDF / 影像 / 录音文件。,2026-07-20,claude-code,accepted,2026-08-02 降级 lead_only：catalogue_only_online 无可采集全文，仅线索登记；未真正进入 documents/pages，不再计入已收集。,2026-07-22,claude-code,lead_only,2026-07-21 13:10:52,L3,core,
486,domestic:MM1941:outline-1937-jiuguohui-jiguan-bao,1937 年救国会机关报《救亡情报》庆祝救国会成立,中国民主同盟／《民盟历史文献全媒体数据库》,1937,民盟历史文献数据库在线文献（公开浏览页 DDE_ 锚点）,MM1941,《民盟历史文献全媒体数据库》（minmeng1941.cn）,民盟历史文献全媒体数据库 · 地方史志/历史文献/历史人物/事件活动/民盟档案,,,,/outline page=2 DDE_117,minmeng1941.cn/outline?page=2&ChannelID=9317&resultid=2767#DDE_117,verified,http://www.minmeng1941.cn/outline?page=1&ChannelID=9317&randno=0&templet=&resultid=2767#DDE_117,item_surrogate,login,公开浏览页可见标题（/outline DDE_ 字段）；下载文献需登录会话 + bd(this) 触发。,digital,catalogue_only_online,internal,citation_only,中国民主盟主办；具体文献使用受平台服务条款约束,unknown,L3,core,"[""1936七君子事件"", ""1941民盟前身""]","[""救国会""]","[""上海""]",WebFetch/urllib 2026-07-20 实测：从 /outline?page=2&ChannelID=9317&resultid=2767 GET 公开返回 HTML，提取 DDE_117 字段内嵌标题『1937 年救国会机关报《救亡情报》庆祝救国会成立』。文档时间：1937。民盟前身 救国会机关报（上海）完整内容受登录墙限制（需 cheer 提供登录会话或下载扫描件）。升级 L2 需 cheer 在 Chrome 中点击 bd(this) 取实际文献页面；升级 L1 需 cheer 提供原始 PDF / 影像 / 录音文件。,printed_finding_aid,minmeng1941.cn/outline?page=2&ChannelID=9317&randno=0&templet=&resultid=2767 DDE_117；WebFetch/urllib 抓取 2026-07-20,公开浏览页可见标题，内容受登录墙限制；升级 L2 需 cheer 提供登录会话 + 取得文献全文；升级 L1 需 cheer 提供原始 PDF / 影像 / 录音文件。,2026-07-20,claude-code,accepted,2026-08-02 降级 lead_only：catalogue_only_online 无可采集全文，仅线索登记；未真正进入 documents/pages，不再计入已收集。,2026-07-22,claude-code,lead_only,2026-07-21 13:10:52,L3,core,
487,domestic:MM1941:outline-1941-1989-gansu-meng-jianzhi,1941-1989 甘肃民盟地方组织简史,中国民主同盟／《民盟历史文献全媒体数据库》,1941-1989,民盟历史文献数据库在线文献（公开浏览页 DDE_ 锚点）,MM1941,《民盟历史文献全媒体数据库》（minmeng1941.cn）,民盟历史文献全媒体数据库 · 地方史志/历史文献/历史人物/事件活动/民盟档案,,,,/outline page=2 DDE_21,minmeng1941.cn/outline?page=2&ChannelID=9317&resultid=2767#DDE_21,verified,http://www.minmeng1941.cn/outline?page=1&ChannelID=9317&randno=0&templet=&resultid=2767#DDE_21,item_surrogate,login,公开浏览页可见标题（/outline DDE_ 字段）；下载文献需登录会话 + bd(this) 触发。,digital,catalogue_only_online,internal,citation_only,中国民主盟主办；具体文献使用受平台服务条款约束,unknown,L3,core,"[""1941民盟前身""]","[""张澜""]","[""甘肃"", ""兰州""]",WebFetch/urllib 2026-07-20 实测：从 /outline?page=2&ChannelID=9317&resultid=2767 GET 公开返回 HTML，提取 DDE_21 字段内嵌标题『1941-1989 甘肃民盟地方组织简史』。文档时间：1941-1989。甘肃省民盟组织 1941-1989 编年史完整内容受登录墙限制（需 cheer 提供登录会话或下载扫描件）。升级 L2 需 cheer 在 Chrome 中点击 bd(this) 取实际文献页面；升级 L1 需 cheer 提供原始 PDF / 影像 / 录音文件。,printed_finding_aid,minmeng1941.cn/outline?page=2&ChannelID=9317&randno=0&templet=&resultid=2767 DDE_21；WebFetch/urllib 抓取 2026-07-20,公开浏览页可见标题，内容受登录墙限制；升级 L2 需 cheer 提供登录会话 + 取得文献全文；升级 L1 需 cheer 提供原始 PDF / 影像 / 录音文件。,2026-07-20,claude-code,accepted,2026-08-02 降级 lead_only：catalogue_only_online 无可采集全文，仅线索登记；未真正进入 documents/pages，不再计入已收集。,2026-07-22,claude-code,lead_only,2026-07-21 13:10:52,L3,core,
488,domestic:MM1941:outline-1941-zhongguo-minzhengtongmeng-chengli-huizhi,1941 年中国民主政团同盟成立大会会址——鲜宅（重庆）,中国民主同盟／《民盟历史文献全媒体数据库》,1941-03-19,民盟历史文献数据库在线文献（公开浏览页 DDE_ 锚点）,MM1941,《民盟历史文献全媒体数据库》（minmeng1941.cn）,民盟历史文献全媒体数据库 · 地方史志/历史文献/历史人物/事件活动/民盟档案,,,,/outline page=2 DDE_22,minmeng1941.cn/outline?page=2&ChannelID=9317&resultid=2767#DDE_22,verified,http://www.minmeng1941.cn/outline?page=1&ChannelID=9317&randno=0&templet=&resultid=2767#DDE_22,item_surrogate,login,公开浏览页可见标题（/outline DDE_ 字段）；下载文献需登录会话 + bd(this) 触发。,digital,catalogue_only_online,internal,citation_only,中国民主盟主办；具体文献使用受平台服务条款约束,unknown,L3,core,"[""1941民盟前身""]","[""黄炎培"", ""张澜"", ""梁漱溟"", ""左舜生""]","[""重庆""]",WebFetch/urllib 2026-07-20 实测：从 /outline?page=2&ChannelID=9317&resultid=2767 GET 公开返回 HTML，提取 DDE_22 字段内嵌标题『1941 年中国民主政团同盟成立大会会址——鲜宅（重庆）』。文档时间：1941-03-19。民盟前身 中国民主政团同盟成立大会会址完整内容受登录墙限制（需 cheer 提供登录会话或下载扫描件）。升级 L2 需 cheer 在 Chrome 中点击 bd(this) 取实际文献页面；升级 L1 需 cheer 提供原始 PDF / 影像 / 录音文件。,printed_finding_aid,minmeng1941.cn/outline?page=2&ChannelID=9317&randno=0&templet=&resultid=2767 DDE_22；WebFetch/urllib 抓取 2026-07-20,公开浏览页可见标题，内容受登录墙限制；升级 L2 需 cheer 提供登录会话 + 取得文献全文；升级 L1 需 cheer 提供原始 PDF / 影像 / 录音文件。,2026-07-20,claude-code,accepted,2026-08-02 降级 lead_only：catalogue_only_online 无可采集全文，仅线索登记；未真正进入 documents/pages，不再计入已收集。,2026-07-22,claude-code,lead_only,2026-07-21 13:10:52,L3,core,
489,domestic:MM1941:outline-1946-beiyoudang-tewu-qinfeng-bao,1946 年被国民党特务捣毁的《秦风报》报社,中国民主同盟／《民盟历史文献全媒体数据库》,1946,民盟历史文献数据库在线文献（公开浏览页 DDE_ 锚点）,MM1941,《民盟历史文献全媒体数据库》（minmeng1941.cn）,民盟历史文献全媒体数据库 · 地方史志/历史文献/历史人物/事件活动/民盟档案,,,,/outline page=2 DDE_23,minmeng1941.cn/outline?page=2&ChannelID=9317&resultid=2767#DDE_23,verified,http://www.minmeng1941.cn/outline?page=1&ChannelID=9317&randno=0&templet=&resultid=2767#DDE_23,item_surrogate,login,公开浏览页可见标题（/outline DDE_ 字段）；下载文献需登录会话 + bd(this) 触发。,digital,catalogue_only_online,internal,citation_only,中国民主盟主办；具体文献使用受平台服务条款约束,unknown,L3,core,"[""1946政治协商会议""]","[""成柏仁""]","[""西安""]",WebFetch/urllib 2026-07-20 实测：从 /outline?page=2&ChannelID=9317&resultid=2767 GET 公开返回 HTML，提取 DDE_23 字段内嵌标题『1946 年被国民党特务捣毁的《秦风报》报社』。文档时间：1946。1946 国民党特务破坏民盟西北组织机关报《秦风·工商日报联合版》完整内容受登录墙限制（需 cheer 提供登录会话或下载扫描件）。升级 L2 需 cheer 在 Chrome 中点击 bd(this) 取实际文献页面；升级 L1 需 cheer 提供原始 PDF / 影像 / 录音文件。,printed_finding_aid,minmeng1941.cn/outline?page=2&ChannelID=9317&randno=0&templet=&resultid=2767 DDE_23；WebFetch/urllib 抓取 2026-07-20,公开浏览页可见标题，内容受登录墙限制；升级 L2 需 cheer 提供登录会话 + 取得文献全文；升级 L1 需 cheer 提供原始 PDF / 影像 / 录音文件。,2026-07-20,claude-code,accepted,2026-08-02 降级 lead_only：catalogue_only_online 无可采集全文，仅线索登记；未真正进入 documents/pages，不再计入已收集。,2026-07-22,claude-code,lead_only,2026-07-21 13:10:52,L3,core,
490,domestic:MM1941:outline-1946-nian-shengming-jianghua-neirong,1946 年声明讲话内容,中国民主同盟／《民盟历史文献全媒体数据库》,1946,民盟历史文献数据库在线文献（公开浏览页 DDE_ 锚点）,MM1941,《民盟历史文献全媒体数据库》（minmeng1941.cn）,民盟历史文献全媒体数据库 · 地方史志/历史文献/历史人物/事件活动/民盟档案,,,,/outline page=2 DDE_24,minmeng1941.cn/outline?page=2&ChannelID=9317&resultid=2767#DDE_24,verified,http://www.minmeng1941.cn/outline?page=1&ChannelID=9317&randno=0&templet=&resultid=2767#DDE_24,item_surrogate,login,公开浏览页可见标题（/outline DDE_ 字段）；下载文献需登录会话 + bd(this) 触发。,digital,catalogue_only_online,internal,citation_only,中国民主盟主办；具体文献使用受平台服务条款约束,unknown,L3,core,"[""1946政治协商会议""]","[""张澜"", ""沈钧儒""]","[""上海"", ""南京""]",WebFetch/urllib 2026-07-20 实测：从 /outline?page=2&ChannelID=9317&resultid=2767 GET 公开返回 HTML，提取 DDE_24 字段内嵌标题『1946 年声明讲话内容』。文档时间：1946。1946 年民盟重要声明讲话档案完整内容受登录墙限制（需 cheer 提供登录会话或下载扫描件）。升级 L2 需 cheer 在 Chrome 中点击 bd(this) 取实际文献页面；升级 L1 需 cheer 提供原始 PDF / 影像 / 录音文件。,printed_finding_aid,minmeng1941.cn/outline?page=2&ChannelID=9317&randno=0&templet=&resultid=2767 DDE_24；WebFetch/urllib 抓取 2026-07-20,公开浏览页可见标题，内容受登录墙限制；升级 L2 需 cheer 提供登录会话 + 取得文献全文；升级 L1 需 cheer 提供原始 PDF / 影像 / 录音文件。,2026-07-20,claude-code,accepted,2026-08-02 降级 lead_only：catalogue_only_online 无可采集全文，仅线索登记；未真正进入 documents/pages，不再计入已收集。,2026-07-22,claude-code,lead_only,2026-07-21 13:10:52,L3,core,
491,domestic:MM1941:outline-1949qian-beijing-minmeng-biannian-shi,北京市民盟组织编年史（1949 年 10 月 1 日前）,中国民主同盟／《民盟历史文献全媒体数据库》,1945-1949,民盟历史文献数据库在线文献（公开浏览页 DDE_ 锚点）,MM1941,《民盟历史文献全媒体数据库》（minmeng1941.cn）,民盟历史文献全媒体数据库 · 地方史志/历史文献/历史人物/事件活动/民盟档案,,,,/outline page=6 DDE_77,minmeng1941.cn/outline?page=6&ChannelID=9317&resultid=2767#DDE_77,verified,http://www.minmeng1941.cn/outline?page=1&ChannelID=9317&randno=0&templet=&resultid=2767#DDE_77,item_surrogate,login,公开浏览页可见标题（/outline DDE_ 字段）；下载文献需登录会话 + bd(this) 触发。,digital,catalogue_only_online,internal,citation_only,中国民主盟主办；具体文献使用受平台服务条款约束,unknown,L3,core,"[""1945民盟一大"", ""1949民盟参与政协""]","[""民盟""]","[""北京""]",WebFetch/urllib 2026-07-20 实测：从 /outline?page=6&ChannelID=9317&resultid=2767 GET 公开返回 HTML，提取 DDE_77 字段内嵌标题『北京市民盟组织编年史（1949 年 10 月 1 日前）』。文档时间：1945-1949。北京民盟组织 1945-1949 编年史完整内容受登录墙限制（需 cheer 提供登录会话或下载扫描件）。升级 L2 需 cheer 在 Chrome 中点击 bd(this) 取实际文献页面；升级 L1 需 cheer 提供原始 PDF / 影像 / 录音文件。,printed_finding_aid,minmeng1941.cn/outline?page=6&ChannelID=9317&randno=0&templet=&resultid=2767 DDE_77；WebFetch/urllib 抓取 2026-07-20,公开浏览页可见标题，内容受登录墙限制；升级 L2 需 cheer 提供登录会话 + 取得文献全文；升级 L1 需 cheer 提供原始 PDF / 影像 / 录音文件。,2026-07-20,claude-code,accepted,2026-08-02 降级 lead_only：catalogue_only_online 无可采集全文，仅线索登记；未真正进入 documents/pages，不再计入已收集。,2026-07-22,claude-code,lead_only,2026-07-21 13:10:52,L3,core,
492,domestic:MM1941:outline-jianguoqian-fujian-mengshi-ziliao-shang,建国前福建盟史资料汇编（上）,中国民主同盟／《民盟历史文献全媒体数据库》,1946-1949,民盟历史文献数据库在线文献（公开浏览页 DDE_ 锚点）,MM1941,《民盟历史文献全媒体数据库》（minmeng1941.cn）,民盟历史文献全媒体数据库 · 地方史志/历史文献/历史人物/事件活动/民盟档案,,,,/outline page=8 DDE_107,minmeng1941.cn/outline?page=8&ChannelID=9317&resultid=2767#DDE_107,verified,http://www.minmeng1941.cn/outline?page=1&ChannelID=9317&randno=0&templet=&resultid=2767#DDE_107,item_surrogate,login,公开浏览页可见标题（/outline DDE_ 字段）；下载文献需登录会话 + bd(this) 触发。,digital,catalogue_only_online,internal,citation_only,中国民主盟主办；具体文献使用受平台服务条款约束,unknown,L3,core,"[""1946政治协商会议"", ""1949民盟参与政协""]","[""民盟""]","[""福州"", ""厦门""]",WebFetch/urllib 2026-07-20 实测：从 /outline?page=8&ChannelID=9317&resultid=2767 GET 公开返回 HTML，提取 DDE_107 字段内嵌标题『建国前福建盟史资料汇编（上）』。文档时间：1946-1949。1946-1949 福建民盟史料汇编上卷完整内容受登录墙限制（需 cheer 提供登录会话或下载扫描件）。升级 L2 需 cheer 在 Chrome 中点击 bd(this) 取实际文献页面；升级 L1 需 cheer 提供原始 PDF / 影像 / 录音文件。,printed_finding_aid,minmeng1941.cn/outline?page=8&ChannelID=9317&randno=0&templet=&resultid=2767 DDE_107；WebFetch/urllib 抓取 2026-07-20,公开浏览页可见标题，内容受登录墙限制；升级 L2 需 cheer 提供登录会话 + 取得文献全文；升级 L1 需 cheer 提供原始 PDF / 影像 / 录音文件。,2026-07-20,claude-code,accepted,2026-08-02 降级 lead_only：catalogue_only_online 无可采集全文，仅线索登记；未真正进入 documents/pages，不再计入已收集。,2026-07-22,claude-code,lead_only,2026-07-21 13:10:52,L3,core,
493,domestic:MM1941:outline-jianguoqian-fujian-mengshi-ziliao-zhong,建国前福建盟史资料汇编（中）,中国民主同盟／《民盟历史文献全媒体数据库》,1946-1949,民盟历史文献数据库在线文献（公开浏览页 DDE_ 锚点）,MM1941,《民盟历史文献全媒体数据库》（minmeng1941.cn）,民盟历史文献全媒体数据库 · 地方史志/历史文献/历史人物/事件活动/民盟档案,,,,/outline page=8 DDE_108,minmeng1941.cn/outline?page=8&ChannelID=9317&resultid=2767#DDE_108,verified,http://www.minmeng1941.cn/outline?page=1&ChannelID=9317&randno=0&templet=&resultid=2767#DDE_108,item_surrogate,login,公开浏览页可见标题（/outline DDE_ 字段）；下载文献需登录会话 + bd(this) 触发。,digital,catalogue_only_online,internal,citation_only,中国民主盟主办；具体文献使用受平台服务条款约束,unknown,L3,core,"[""1946政治协商会议"", ""1949民盟参与政协""]","[""民盟""]","[""福州"", ""厦门""]",WebFetch/urllib 2026-07-20 实测：从 /outline?page=8&ChannelID=9317&resultid=2767 GET 公开返回 HTML，提取 DDE_108 字段内嵌标题『建国前福建盟史资料汇编（中）』。文档时间：1946-1949。1946-1949 福建民盟史料汇编中卷完整内容受登录墙限制（需 cheer 提供登录会话或下载扫描件）。升级 L2 需 cheer 在 Chrome 中点击 bd(this) 取实际文献页面；升级 L1 需 cheer 提供原始 PDF / 影像 / 录音文件。,printed_finding_aid,minmeng1941.cn/outline?page=8&ChannelID=9317&randno=0&templet=&resultid=2767 DDE_108；WebFetch/urllib 抓取 2026-07-20,公开浏览页可见标题，内容受登录墙限制；升级 L2 需 cheer 提供登录会话 + 取得文献全文；升级 L1 需 cheer 提供原始 PDF / 影像 / 录音文件。,2026-07-20,claude-code,accepted,2026-08-02 降级 lead_only：catalogue_only_online 无可采集全文，仅线索登记；未真正进入 documents/pages，不再计入已收集。,2026-07-22,claude-code,lead_only,2026-07-21 13:10:52,L3,core,
494,domestic:MM1941:outline-jianguoqian-fujian-mengshi-ziliao-xia,建国前福建盟史资料汇编（下）,中国民主同盟／《民盟历史文献全媒体数据库》,1946-1949,民盟历史文献数据库在线文献（公开浏览页 DDE_ 锚点）,MM1941,《民盟历史文献全媒体数据库》（minmeng1941.cn）,民盟历史文献全媒体数据库 · 地方史志/历史文献/历史人物/事件活动/民盟档案,,,,/outline page=8 DDE_109,minmeng1941.cn/outline?page=8&ChannelID=9317&resultid=2767#DDE_109,verified,http://www.minmeng1941.cn/outline?page=1&ChannelID=9317&randno=0&templet=&resultid=2767#DDE_109,item_surrogate,login,公开浏览页可见标题（/outline DDE_ 字段）；下载文献需登录会话 + bd(this) 触发。,digital,catalogue_only_online,internal,citation_only,中国民主盟主办；具体文献使用受平台服务条款约束,unknown,L3,core,"[""1946政治协商会议"", ""1949民盟参与政协""]","[""民盟""]","[""福州"", ""厦门""]",WebFetch/urllib 2026-07-20 实测：从 /outline?page=8&ChannelID=9317&resultid=2767 GET 公开返回 HTML，提取 DDE_109 字段内嵌标题『建国前福建盟史资料汇编（下）』。文档时间：1946-1949。1946-1949 福建民盟史料汇编下卷完整内容受登录墙限制（需 cheer 提供登录会话或下载扫描件）。升级 L2 需 cheer 在 Chrome 中点击 bd(this) 取实际文献页面；升级 L1 需 cheer 提供原始 PDF / 影像 / 录音文件。,printed_finding_aid,minmeng1941.cn/outline?page=8&ChannelID=9317&randno=0&templet=&resultid=2767 DDE_109；WebFetch/urllib 抓取 2026-07-20,公开浏览页可见标题，内容受登录墙限制；升级 L2 需 cheer 提供登录会话 + 取得文献全文；升级 L1 需 cheer 提供原始 PDF / 影像 / 录音文件。,2026-07-20,claude-code,accepted,2026-08-02 降级 lead_only：catalogue_only_online 无可采集全文，仅线索登记；未真正进入 documents/pages，不再计入已收集。,2026-07-22,claude-code,lead_only,2026-07-21 13:10:52,L3,core,
495,domestic:MM1941:outline-1946-1953-jiangsu-meng-biannian-shi,江苏民盟编年史 1946-1953,中国民主同盟／《民盟历史文献全媒体数据库》,1946-1953,民盟历史文献数据库在线文献（公开浏览页 DDE_ 锚点）,MM1941,《民盟历史文献全媒体数据库》（minmeng1941.cn）,民盟历史文献全媒体数据库 · 地方史志/历史文献/历史人物/事件活动/民盟档案,,,,/outline page=8 DDE_116,minmeng1941.cn/outline?page=8&ChannelID=9317&resultid=2767#DDE_116,verified,http://www.minmeng1941.cn/outline?page=1&ChannelID=9317&randno=0&templet=&resultid=2767#DDE_116,item_surrogate,login,公开浏览页可见标题（/outline DDE_ 字段）；下载文献需登录会话 + bd(this) 触发。,digital,catalogue_only_online,internal,citation_only,中国民主盟主办；具体文献使用受平台服务条款约束,unknown,L3,core,"[""1946政治协商会议""]","[""沈钧儒""]","[""南京"", ""苏州""]",WebFetch/urllib 2026-07-20 实测：从 /outline?page=8&ChannelID=9317&resultid=2767 GET 公开返回 HTML，提取 DDE_116 字段内嵌标题『江苏民盟编年史 1946-1953』。文档时间：1946-1953。江苏省民盟 1946-1953 编年史完整内容受登录墙限制（需 cheer 提供登录会话或下载扫描件）。升级 L2 需 cheer 在 Chrome 中点击 bd(this) 取实际文献页面；升级 L1 需 cheer 提供原始 PDF / 影像 / 录音文件。,printed_finding_aid,minmeng1941.cn/outline?page=8&ChannelID=9317&randno=0&templet=&resultid=2767 DDE_116；WebFetch/urllib 抓取 2026-07-20,公开浏览页可见标题，内容受登录墙限制；升级 L2 需 cheer 提供登录会话 + 取得文献全文；升级 L1 需 cheer 提供原始 PDF / 影像 / 录音文件。,2026-07-20,claude-code,accepted,2026-08-02 降级 lead_only：catalogue_only_online 无可采集全文，仅线索登记；未真正进入 documents/pages，不再计入已收集。,2026-07-22,claude-code,lead_only,2026-07-21 13:10:52,L3,core,
496,domestic:MM1941:outline-1941-1953-wuxi-meng-biannian-shi,民盟编年史 1941-1953（无锡）,中国民主同盟／《民盟历史文献全媒体数据库》,1941-1953,民盟历史文献数据库在线文献（公开浏览页 DDE_ 锚点）,MM1941,《民盟历史文献全媒体数据库》（minmeng1941.cn）,民盟历史文献全媒体数据库 · 地方史志/历史文献/历史人物/事件活动/民盟档案,,,,/outline page=9 DDE_124,minmeng1941.cn/outline?page=9&ChannelID=9317&resultid=2767#DDE_124,verified,http://www.minmeng1941.cn/outline?page=1&ChannelID=9317&randno=0&templet=&resultid=2767#DDE_124,item_surrogate,login,公开浏览页可见标题（/outline DDE_ 字段）；下载文献需登录会话 + bd(this) 触发。,digital,catalogue_only_online,internal,citation_only,中国民主盟主办；具体文献使用受平台服务条款约束,unknown,L3,core,"[""1941民盟前身"", ""1944改组更名"", ""1945民盟一大"", ""1947民盟解散"", ""1949民盟参与政协""]","[""民盟""]","[""无锡"", ""重庆""]",WebFetch/urllib 2026-07-20 实测：从 /outline?page=9&ChannelID=9317&resultid=2767 GET 公开返回 HTML，提取 DDE_124 字段内嵌标题『民盟编年史 1941-1953（无锡）』。文档时间：1941-1953。无锡民盟 1941-1953 编年史（覆盖中国民主政团同盟成立到新中国成立）完整内容受登录墙限制（需 cheer 提供登录会话或下载扫描件）。升级 L2 需 cheer 在 Chrome 中点击 bd(this) 取实际文献页面；升级 L1 需 cheer 提供原始 PDF / 影像 / 录音文件。,printed_finding_aid,minmeng1941.cn/outline?page=9&ChannelID=9317&randno=0&templet=&resultid=2767 DDE_124；WebFetch/urllib 抓取 2026-07-20,公开浏览页可见标题，内容受登录墙限制；升级 L2 需 cheer 提供登录会话 + 取得文献全文；升级 L1 需 cheer 提供原始 PDF / 影像 / 录音文件。,2026-07-20,claude-code,accepted,2026-08-02 降级 lead_only：catalogue_only_online 无可采集全文，仅线索登记；未真正进入 documents/pages，不再计入已收集。,2026-07-22,claude-code,lead_only,2026-07-21 13:10:52,L3,core,
497,domestic:MM1941:outline-1942-1949-minmeng-zai-shaanxi,民盟在陕西,中国民主同盟／《民盟历史文献全媒体数据库》,1942-1949,民盟历史文献数据库在线文献（公开浏览页 DDE_ 锚点）,MM1941,《民盟历史文献全媒体数据库》（minmeng1941.cn）,民盟历史文献全媒体数据库 · 地方史志/历史文献/历史人物/事件活动/民盟档案,,,,/outline page=10 DDE_144,minmeng1941.cn/outline?page=10&ChannelID=9317&resultid=2767#DDE_144,verified,http://www.minmeng1941.cn/outline?page=1&ChannelID=9317&randno=0&templet=&resultid=2767#DDE_144,item_surrogate,login,公开浏览页可见标题（/outline DDE_ 字段）；下载文献需登录会话 + bd(this) 触发。,digital,catalogue_only_online,internal,citation_only,中国民主盟主办；具体文献使用受平台服务条款约束,unknown,L3,core,"[""1942西北组织创建"", ""1949民盟参与政协""]","[""成柏仁"", ""杜斌丞"", ""杨明轩""]","[""陕西"", ""西安""]",WebFetch/urllib 2026-07-20 实测：从 /outline?page=10&ChannelID=9317&resultid=2767 GET 公开返回 HTML，提取 DDE_144 字段内嵌标题『民盟在陕西』。文档时间：1942-1949。1942-1949 民盟在陕西（民盟西北组织核心史料）完整内容受登录墙限制（需 cheer 提供登录会话或下载扫描件）。升级 L2 需 cheer 在 Chrome 中点击 bd(this) 取实际文献页面；升级 L1 需 cheer 提供原始 PDF / 影像 / 录音文件。,printed_finding_aid,minmeng1941.cn/outline?page=10&ChannelID=9317&randno=0&templet=&resultid=2767 DDE_144；WebFetch/urllib 抓取 2026-07-20,公开浏览页可见标题，内容受登录墙限制；升级 L2 需 cheer 提供登录会话 + 取得文献全文；升级 L1 需 cheer 提供原始 PDF / 影像 / 录音文件。,2026-07-20,claude-code,accepted,2026-08-02 降级 lead_only：catalogue_only_online 无可采集全文，仅线索登记；未真正进入 documents/pages，不再计入已收集。,2026-07-22,claude-code,lead_only,2026-07-21 13:10:52,L3,core,
498,domestic:MM1941:outline-1942-1949-minmeng-zai-shaanxi-jing,民盟在陕西（精）,中国民主同盟／《民盟历史文献全媒体数据库》,1942-1949,民盟历史文献数据库在线文献（公开浏览页 DDE_ 锚点）,MM1941,《民盟历史文献全媒体数据库》（minmeng1941.cn）,民盟历史文献全媒体数据库 · 地方史志/历史文献/历史人物/事件活动/民盟档案,,,,/outline page=10 DDE_145,minmeng1941.cn/outline?page=10&ChannelID=9317&resultid=2767#DDE_145,verified,http://www.minmeng1941.cn/outline?page=1&ChannelID=9317&randno=0&templet=&resultid=2767#DDE_145,item_surrogate,login,公开浏览页可见标题（/outline DDE_ 字段）；下载文献需登录会话 + bd(this) 触发。,digital,catalogue_only_online,internal,citation_only,中国民主盟主办；具体文献使用受平台服务条款约束,unknown,L3,core,"[""1942西北组织创建"", ""1949民盟参与政协""]","[""成柏仁"", ""杜斌丞"", ""杨明轩""]","[""陕西"", ""西安""]",WebFetch/urllib 2026-07-20 实测：从 /outline?page=10&ChannelID=9317&resultid=2767 GET 公开返回 HTML，提取 DDE_145 字段内嵌标题『民盟在陕西（精）』。文档时间：1942-1949。1942-1949 民盟在陕西 精装本完整内容受登录墙限制（需 cheer 提供登录会话或下载扫描件）。升级 L2 需 cheer 在 Chrome 中点击 bd(this) 取实际文献页面；升级 L1 需 cheer 提供原始 PDF / 影像 / 录音文件。,printed_finding_aid,minmeng1941.cn/outline?page=10&ChannelID=9317&randno=0&templet=&resultid=2767 DDE_145；WebFetch/urllib 抓取 2026-07-20,公开浏览页可见标题，内容受登录墙限制；升级 L2 需 cheer 提供登录会话 + 取得文献全文；升级 L1 需 cheer 提供原始 PDF / 影像 / 录音文件。,2026-07-20,claude-code,accepted,2026-08-02 降级 lead_only：catalogue_only_online 无可采集全文，仅线索登记；未真正进入 documents/pages，不再计入已收集。,2026-07-22,claude-code,lead_only,2026-07-21 13:10:52,L3,core,
499,domestic:MM1941:outline-1944-1946-minmeng-zongbu-chongqing,民盟总部所在地——重庆国府路 300 号,中国民主同盟／《民盟历史文献全媒体数据库》,1944-1946,民盟历史文献数据库在线文献（公开浏览页 DDE_ 锚点）,MM1941,《民盟历史文献全媒体数据库》（minmeng1941.cn）,民盟历史文献全媒体数据库 · 地方史志/历史文献/历史人物/事件活动/民盟档案,,,,/outline page=10 DDE_148,minmeng1941.cn/outline?page=10&ChannelID=9317&resultid=2767#DDE_148,verified,http://www.minmeng1941.cn/outline?page=1&ChannelID=9317&randno=0&templet=&resultid=2767#DDE_148,item_surrogate,login,公开浏览页可见标题（/outline DDE_ 字段）；下载文献需登录会话 + bd(this) 触发。,digital,catalogue_only_online,internal,citation_only,中国民主盟主办；具体文献使用受平台服务条款约束,unknown,L3,core,"[""1944改组更名"", ""1946政治协商会议""]","[""张澜"", ""沈钧儒""]","[""重庆""]",WebFetch/urllib 2026-07-20 实测：从 /outline?page=10&ChannelID=9317&resultid=2767 GET 公开返回 HTML，提取 DDE_148 字段内嵌标题『民盟总部所在地——重庆国府路 300 号』。文档时间：1944-1946。1944 改组后中国民主同盟总部所在地完整内容受登录墙限制（需 cheer 提供登录会话或下载扫描件）。升级 L2 需 cheer 在 Chrome 中点击 bd(this) 取实际文献页面；升级 L1 需 cheer 提供原始 PDF / 影像 / 录音文件。,printed_finding_aid,minmeng1941.cn/outline?page=10&ChannelID=9317&randno=0&templet=&resultid=2767 DDE_148；WebFetch/urllib 抓取 2026-07-20,公开浏览页可见标题，内容受登录墙限制；升级 L2 需 cheer 提供登录会话 + 取得文献全文；升级 L1 需 cheer 提供原始 PDF / 影像 / 录音文件。,2026-07-20,claude-code,accepted,2026-08-02 降级 lead_only：catalogue_only_online 无可采集全文，仅线索登记；未真正进入 documents/pages，不再计入已收集。,2026-07-22,claude-code,lead_only,2026-07-21 13:10:52,L3,core,
500,domestic:MM1941:outline-1946-1949-minmeng-zongbu-shanghai,民盟总部在沪活动纪实,中国民主同盟／《民盟历史文献全媒体数据库》,1946-1949,民盟历史文献数据库在线文献（公开浏览页 DDE_ 锚点）,MM1941,《民盟历史文献全媒体数据库》（minmeng1941.cn）,民盟历史文献全媒体数据库 · 地方史志/历史文献/历史人物/事件活动/民盟档案,,,,/outline page=10 DDE_149,minmeng1941.cn/outline?page=10&ChannelID=9317&resultid=2767#DDE_149,verified,http://www.minmeng1941.cn/outline?page=1&ChannelID=9317&randno=0&templet=&resultid=2767#DDE_149,item_surrogate,login,公开浏览页可见标题（/outline DDE_ 字段）；下载文献需登录会话 + bd(this) 触发。,digital,catalogue_only_online,internal,citation_only,中国民主盟主办；具体文献使用受平台服务条款约束,unknown,L3,core,"[""1944改组更名"", ""1946政治协商会议"", ""1949民盟参与政协""]","[""张澜"", ""沈钧儒"", ""罗隆基""]","[""上海""]",WebFetch/urllib 2026-07-20 实测：从 /outline?page=10&ChannelID=9317&resultid=2767 GET 公开返回 HTML，提取 DDE_149 字段内嵌标题『民盟总部在沪活动纪实』。文档时间：1946-1949。民盟总部 1946-1949 在上海活动档案完整内容受登录墙限制（需 cheer 提供登录会话或下载扫描件）。升级 L2 需 cheer 在 Chrome 中点击 bd(this) 取实际文献页面；升级 L1 需 cheer 提供原始 PDF / 影像 / 录音文件。,printed_finding_aid,minmeng1941.cn/outline?page=10&ChannelID=9317&randno=0&templet=&resultid=2767 DDE_149；WebFetch/urllib 抓取 2026-07-20,公开浏览页可见标题，内容受登录墙限制；升级 L2 需 cheer 提供登录会话 + 取得文献全文；升级 L1 需 cheer 提供原始 PDF / 影像 / 录音文件。,2026-07-20,claude-code,accepted,2026-08-02 降级 lead_only：catalogue_only_online 无可采集全文，仅线索登记；未真正进入 documents/pages，不再计入已收集。,2026-07-22,claude-code,lead_only,2026-07-21 13:10:52,L3,core,
501,domestic:MM1941:outline-1946-1949-nanfang-mengshi-shiling,南方盟史拾零,中国民主同盟／《民盟历史文献全媒体数据库》,1946-1949,民盟历史文献数据库在线文献（公开浏览页 DDE_ 锚点）,MM1941,《民盟历史文献全媒体数据库》（minmeng1941.cn）,民盟历史文献全媒体数据库 · 地方史志/历史文献/历史人物/事件活动/民盟档案,,,,/outline page=10 DDE_150,minmeng1941.cn/outline?page=10&ChannelID=9317&resultid=2767#DDE_150,verified,http://www.minmeng1941.cn/outline?page=1&ChannelID=9317&randno=0&templet=&resultid=2767#DDE_150,item_surrogate,login,公开浏览页可见标题（/outline DDE_ 字段）；下载文献需登录会话 + bd(this) 触发。,digital,catalogue_only_online,internal,citation_only,中国民主盟主办；具体文献使用受平台服务条款约束,unknown,L3,core,"[""1946政治协商会议"", ""1949民盟参与政协""]","[""李章达""]","[""广州"", ""香港""]",WebFetch/urllib 2026-07-20 实测：从 /outline?page=10&ChannelID=9317&resultid=2767 GET 公开返回 HTML，提取 DDE_150 字段内嵌标题『南方盟史拾零』。文档时间：1946-1949。民盟南方总支部 1946-1949 史料完整内容受登录墙限制（需 cheer 提供登录会话或下载扫描件）。升级 L2 需 cheer 在 Chrome 中点击 bd(this) 取实际文献页面；升级 L1 需 cheer 提供原始 PDF / 影像 / 录音文件。,printed_finding_aid,minmeng1941.cn/outline?page=10&ChannelID=9317&randno=0&templet=&resultid=2767 DDE_150；WebFetch/urllib 抓取 2026-07-20,公开浏览页可见标题，内容受登录墙限制；升级 L2 需 cheer 提供登录会话 + 取得文献全文；升级 L1 需 cheer 提供原始 PDF / 影像 / 录音文件。,2026-07-20,claude-code,accepted,2026-08-02 降级 lead_only：catalogue_only_online 无可采集全文，仅线索登记；未真正进入 documents/pages，不再计入已收集。,2026-07-22,claude-code,lead_only,2026-07-21 13:10:52,L3,core,
502,domestic:MM1941:outline-1942-2012-shaanxi-meng-70nian,陕西民盟 70 年,中国民主同盟／《民盟历史文献全媒体数据库》,1942-2012,民盟历史文献数据库在线文献（公开浏览页 DDE_ 锚点）,MM1941,《民盟历史文献全媒体数据库》（minmeng1941.cn）,民盟历史文献全媒体数据库 · 地方史志/历史文献/历史人物/事件活动/民盟档案,,,,/outline page=11 DDE_158,minmeng1941.cn/outline?page=11&ChannelID=9317&resultid=2767#DDE_158,verified,http://www.minmeng1941.cn/outline?page=1&ChannelID=9317&randno=0&templet=&resultid=2767#DDE_158,item_surrogate,login,公开浏览页可见标题（/outline DDE_ 字段）；下载文献需登录会话 + bd(this) 触发。,digital,catalogue_only_online,internal,citation_only,中国民主盟主办；具体文献使用受平台服务条款约束,unknown,L3,core,"[""1942西北组织创建""]","[""成柏仁"", ""杜斌丞"", ""杨明轩""]","[""陕西"", ""西安""]",WebFetch/urllib 2026-07-20 实测：从 /outline?page=11&ChannelID=9317&resultid=2767 GET 公开返回 HTML，提取 DDE_158 字段内嵌标题『陕西民盟 70 年』。文档时间：1942-2012。1942-2012 陕西民盟组织史完整内容受登录墙限制（需 cheer 提供登录会话或下载扫描件）。升级 L2 需 cheer 在 Chrome 中点击 bd(this) 取实际文献页面；升级 L1 需 cheer 提供原始 PDF / 影像 / 录音文件。,printed_finding_aid,minmeng1941.cn/outline?page=11&ChannelID=9317&randno=0&templet=&resultid=2767 DDE_158；WebFetch/urllib 抓取 2026-07-20,公开浏览页可见标题，内容受登录墙限制；升级 L2 需 cheer 提供登录会话 + 取得文献全文；升级 L1 需 cheer 提供原始 PDF / 影像 / 录音文件。,2026-07-20,claude-code,accepted,2026-08-02 降级 lead_only：catalogue_only_online 无可采集全文，仅线索登记；未真正进入 documents/pages，不再计入已收集。,2026-07-22,claude-code,lead_only,2026-07-21 13:10:52,L3,core,
503,domestic:MM1941:outline-shaanxi-minmeng-shi,陕西民盟史,中国民主同盟／《民盟历史文献全媒体数据库》,1942-2012,民盟历史文献数据库在线文献（公开浏览页 DDE_ 锚点）,MM1941,《民盟历史文献全媒体数据库》（minmeng1941.cn）,民盟历史文献全媒体数据库 · 地方史志/历史文献/历史人物/事件活动/民盟档案,,,,/outline page=11 DDE_159,minmeng1941.cn/outline?page=11&ChannelID=9317&resultid=2767#DDE_159,verified,http://www.minmeng1941.cn/outline?page=1&ChannelID=9317&randno=0&templet=&resultid=2767#DDE_159,item_surrogate,login,公开浏览页可见标题（/outline DDE_ 字段）；下载文献需登录会话 + bd(this) 触发。,digital,catalogue_only_online,internal,citation_only,中国民主盟主办；具体文献使用受平台服务条款约束,unknown,L3,core,"[""1942西北组织创建""]","[""成柏仁"", ""杜斌丞"", ""杨明轩""]","[""陕西"", ""西安""]",WebFetch/urllib 2026-07-20 实测：从 /outline?page=11&ChannelID=9317&resultid=2767 GET 公开返回 HTML，提取 DDE_159 字段内嵌标题『陕西民盟史』。文档时间：1942-2012。陕西民盟组织史完整内容受登录墙限制（需 cheer 提供登录会话或下载扫描件）。升级 L2 需 cheer 在 Chrome 中点击 bd(this) 取实际文献页面；升级 L1 需 cheer 提供原始 PDF / 影像 / 录音文件。,printed_finding_aid,minmeng1941.cn/outline?page=11&ChannelID=9317&randno=0&templet=&resultid=2767 DDE_159；WebFetch/urllib 抓取 2026-07-20,公开浏览页可见标题，内容受登录墙限制；升级 L2 需 cheer 提供登录会话 + 取得文献全文；升级 L1 需 cheer 提供原始 PDF / 影像 / 录音文件。,2026-07-20,claude-code,accepted,2026-08-02 降级 lead_only：catalogue_only_online 无可采集全文，仅线索登记；未真正进入 documents/pages，不再计入已收集。,2026-07-22,claude-code,lead_only,2026-07-21 13:10:52,L3,core,
504,domestic:MM1941:outline-1942-shaanxi-tongzhanbu-meng-zhibu-renxuan,陕西省委统战部关于民盟陕西省支部委员人选文件,中国民主同盟／《民盟历史文献全媒体数据库》,1942,民盟历史文献数据库在线文献（公开浏览页 DDE_ 锚点）,MM1941,《民盟历史文献全媒体数据库》（minmeng1941.cn）,民盟历史文献全媒体数据库 · 地方史志/历史文献/历史人物/事件活动/民盟档案,,,,/outline page=11 DDE_161,minmeng1941.cn/outline?page=11&ChannelID=9317&resultid=2767#DDE_161,verified,http://www.minmeng1941.cn/outline?page=1&ChannelID=9317&randno=0&templet=&resultid=2767#DDE_161,item_surrogate,login,公开浏览页可见标题（/outline DDE_ 字段）；下载文献需登录会话 + bd(this) 触发。,digital,catalogue_only_online,internal,citation_only,中国民主盟主办；具体文献使用受平台服务条款约束,unknown,L3,core,"[""1942西北组织创建""]","[""成柏仁"", ""杜斌丞"", ""杨明轩""]","[""陕西"", ""西安""]",WebFetch/urllib 2026-07-20 实测：从 /outline?page=11&ChannelID=9317&resultid=2767 GET 公开返回 HTML，提取 DDE_161 字段内嵌标题『陕西省委统战部关于民盟陕西省支部委员人选文件』。文档时间：1942。中共陕西省委对民盟陕西支部人事安排档案完整内容受登录墙限制（需 cheer 提供登录会话或下载扫描件）。升级 L2 需 cheer 在 Chrome 中点击 bd(this) 取实际文献页面；升级 L1 需 cheer 提供原始 PDF / 影像 / 录音文件。,printed_finding_aid,minmeng1941.cn/outline?page=11&ChannelID=9317&randno=0&templet=&resultid=2767 DDE_161；WebFetch/urllib 抓取 2026-07-20,公开浏览页可见标题，内容受登录墙限制；升级 L2 需 cheer 提供登录会话 + 取得文献全文；升级 L1 需 cheer 提供原始 PDF / 影像 / 录音文件。,2026-07-20,claude-code,accepted,2026-08-02 降级 lead_only：catalogue_only_online 无可采集全文，仅线索登记；未真正进入 documents/pages，不再计入已收集。,2026-07-22,claude-code,lead_only,2026-07-21 13:10:52,L3,core,
505,domestic:MM1941:outline-shaanxi-sheng-zhibu-choubei-weiyuanhui-mingdan,陕西省支部筹备委员会名单,中国民主同盟／《民盟历史文献全媒体数据库》,1942,民盟历史文献数据库在线文献（公开浏览页 DDE_ 锚点）,MM1941,《民盟历史文献全媒体数据库》（minmeng1941.cn）,民盟历史文献全媒体数据库 · 地方史志/历史文献/历史人物/事件活动/民盟档案,,,,/outline page=11 DDE_164,minmeng1941.cn/outline?page=11&ChannelID=9317&resultid=2767#DDE_164,verified,http://www.minmeng1941.cn/outline?page=1&ChannelID=9317&randno=0&templet=&resultid=2767#DDE_164,item_surrogate,login,公开浏览页可见标题（/outline DDE_ 字段）；下载文献需登录会话 + bd(this) 触发。,digital,catalogue_only_online,internal,citation_only,中国民主盟主办；具体文献使用受平台服务条款约束,unknown,L3,core,"[""1942西北组织创建""]","[""成柏仁"", ""杜斌丞"", ""杨明轩""]","[""陕西"", ""西安""]",WebFetch/urllib 2026-07-20 实测：从 /outline?page=11&ChannelID=9317&resultid=2767 GET 公开返回 HTML，提取 DDE_164 字段内嵌标题『陕西省支部筹备委员会名单』。文档时间：1942。民盟西北组织筹建核心档案完整内容受登录墙限制（需 cheer 提供登录会话或下载扫描件）。升级 L2 需 cheer 在 Chrome 中点击 bd(this) 取实际文献页面；升级 L1 需 cheer 提供原始 PDF / 影像 / 录音文件。,printed_finding_aid,minmeng1941.cn/outline?page=11&ChannelID=9317&randno=0&templet=&resultid=2767 DDE_164；WebFetch/urllib 抓取 2026-07-20,公开浏览页可见标题，内容受登录墙限制；升级 L2 需 cheer 提供登录会话 + 取得文献全文；升级 L1 需 cheer 提供原始 PDF / 影像 / 录音文件。,2026-07-20,claude-code,accepted,2026-08-02 降级 lead_only：catalogue_only_online 无可采集全文，仅线索登记；未真正进入 documents/pages，不再计入已收集。,2026-07-22,claude-code,lead_only,2026-07-21 13:10:52,L3,core,
506,domestic:MM1941:outline-shanghai-minmeng-biannian-shi,上海民盟编年史,中国民主同盟／《民盟历史文献全媒体数据库》,1945-2018,民盟历史文献数据库在线文献（公开浏览页 DDE_ 锚点）,MM1941,《民盟历史文献全媒体数据库》（minmeng1941.cn）,民盟历史文献全媒体数据库 · 地方史志/历史文献/历史人物/事件活动/民盟档案,,,,/outline page=12 DDE_168,minmeng1941.cn/outline?page=12&ChannelID=9317&resultid=2767#DDE_168,verified,http://www.minmeng1941.cn/outline?page=1&ChannelID=9317&randno=0&templet=&resultid=2767#DDE_168,item_surrogate,login,公开浏览页可见标题（/outline DDE_ 字段）；下载文献需登录会话 + bd(this) 触发。,digital,catalogue_only_online,internal,citation_only,中国民主盟主办；具体文献使用受平台服务条款约束,unknown,L3,core,"[""1945民盟一大""]","[""张澜"", ""沈钧儒"", ""罗隆基""]","[""上海""]",WebFetch/urllib 2026-07-20 实测：从 /outline?page=12&ChannelID=9317&resultid=2767 GET 公开返回 HTML，提取 DDE_168 字段内嵌标题『上海民盟编年史』。文档时间：1945-2018。上海民盟 1945-2018 编年史完整内容受登录墙限制（需 cheer 提供登录会话或下载扫描件）。升级 L2 需 cheer 在 Chrome 中点击 bd(this) 取实际文献页面；升级 L1 需 cheer 提供原始 PDF / 影像 / 录音文件。,printed_finding_aid,minmeng1941.cn/outline?page=12&ChannelID=9317&randno=0&templet=&resultid=2767 DDE_168；WebFetch/urllib 抓取 2026-07-20,公开浏览页可见标题，内容受登录墙限制；升级 L2 需 cheer 提供登录会话 + 取得文献全文；升级 L1 需 cheer 提供原始 PDF / 影像 / 录音文件。,2026-07-20,claude-code,accepted,2026-08-02 降级 lead_only：catalogue_only_online 无可采集全文，仅线索登记；未真正进入 documents/pages，不再计入已收集。,2026-07-22,claude-code,lead_only,2026-07-21 13:10:52,L3,core,
507,domestic:MM1941:outline-1939-1950-sichuan-meng-biannian-shi,四川民盟编年史 1939-1950,中国民主同盟／《民盟历史文献全媒体数据库》,1939-1950,民盟历史文献数据库在线文献（公开浏览页 DDE_ 锚点）,MM1941,《民盟历史文献全媒体数据库》（minmeng1941.cn）,民盟历史文献全媒体数据库 · 地方史志/历史文献/历史人物/事件活动/民盟档案,,,,/outline page=12 DDE_178,minmeng1941.cn/outline?page=12&ChannelID=9317&resultid=2767#DDE_178,verified,http://www.minmeng1941.cn/outline?page=1&ChannelID=9317&randno=0&templet=&resultid=2767#DDE_178,item_surrogate,login,公开浏览页可见标题（/outline DDE_ 字段）；下载文献需登录会话 + bd(this) 触发。,digital,catalogue_only_online,internal,citation_only,中国民主盟主办；具体文献使用受平台服务条款约束,unknown,L3,core,"[""1941民盟前身"", ""1944改组更名"", ""1945民盟一大"", ""1947民盟解散"", ""1949民盟参与政协""]","[""张澜"", ""张秀熟"", ""潘大逵""]","[""成都"", ""重庆""]",WebFetch/urllib 2026-07-20 实测：从 /outline?page=12&ChannelID=9317&resultid=2767 GET 公开返回 HTML，提取 DDE_178 字段内嵌标题『四川民盟编年史 1939-1950』。文档时间：1939-1950。四川省民盟 1939-1950 编年史（覆盖中国民主政团同盟成立到新中国成立）完整内容受登录墙限制（需 cheer 提供登录会话或下载扫描件）。升级 L2 需 cheer 在 Chrome 中点击 bd(this) 取实际文献页面；升级 L1 需 cheer 提供原始 PDF / 影像 / 录音文件。,printed_finding_aid,minmeng1941.cn/outline?page=12&ChannelID=9317&randno=0&templet=&resultid=2767 DDE_178；WebFetch/urllib 抓取 2026-07-20,公开浏览页可见标题，内容受登录墙限制；升级 L2 需 cheer 提供登录会话 + 取得文献全文；升级 L1 需 cheer 提供原始 PDF / 影像 / 录音文件。,2026-07-20,claude-code,accepted,2026-08-02 降级 lead_only：catalogue_only_online 无可采集全文，仅线索登记；未真正进入 documents/pages，不再计入已收集。,2026-07-22,claude-code,lead_only,2026-07-21 13:10:52,L3,core,
508,domestic:MM1941:outline-1942-1949-xian-minmeng-xibei-zongzhibu-mimi-huodongdi,西安市民盟西北总支部秘密活动地,中国民主同盟／《民盟历史文献全媒体数据库》,1942-1949,民盟历史文献数据库在线文献（公开浏览页 DDE_ 锚点）,MM1941,《民盟历史文献全媒体数据库》（minmeng1941.cn）,民盟历史文献全媒体数据库 · 地方史志/历史文献/历史人物/事件活动/民盟档案,,,,/outline page=13 DDE_184,minmeng1941.cn/outline?page=13&ChannelID=9317&resultid=2767#DDE_184,verified,http://www.minmeng1941.cn/outline?page=1&ChannelID=9317&randno=0&templet=&resultid=2767#DDE_184,item_surrogate,login,公开浏览页可见标题（/outline DDE_ 字段）；下载文献需登录会话 + bd(this) 触发。,digital,catalogue_only_online,internal,citation_only,中国民主盟主办；具体文献使用受平台服务条款约束,unknown,L3,core,"[""1942西北组织创建"", ""1949民盟参与政协""]","[""杜斌丞"", ""杨明轩""]","[""西安""]",WebFetch/urllib 2026-07-20 实测：从 /outline?page=13&ChannelID=9317&resultid=2767 GET 公开返回 HTML，提取 DDE_184 字段内嵌标题『西安市民盟西北总支部秘密活动地』。文档时间：1942-1949。1942-1949 民盟西北总支部地下活动地完整内容受登录墙限制（需 cheer 提供登录会话或下载扫描件）。升级 L2 需 cheer 在 Chrome 中点击 bd(this) 取实际文献页面；升级 L1 需 cheer 提供原始 PDF / 影像 / 录音文件。,printed_finding_aid,minmeng1941.cn/outline?page=13&ChannelID=9317&randno=0&templet=&resultid=2767 DDE_184；WebFetch/urllib 抓取 2026-07-20,公开浏览页可见标题，内容受登录墙限制；升级 L2 需 cheer 提供登录会话 + 取得文献全文；升级 L1 需 cheer 提供原始 PDF / 影像 / 录音文件。,2026-07-20,claude-code,accepted,2026-08-02 降级 lead_only：catalogue_only_online 无可采集全文，仅线索登记；未真正进入 documents/pages，不再计入已收集。,2026-07-22,claude-code,lead_only,2026-07-21 13:10:52,L3,core,
509,domestic:MM1941:outline-1943-xibei-ju-ierkuozhang-huiyi,西北局关于第二次扩大会议情况报告,中国民主同盟／《民盟历史文献全媒体数据库》,1943,民盟历史文献数据库在线文献（公开浏览页 DDE_ 锚点）,MM1941,《民盟历史文献全媒体数据库》（minmeng1941.cn）,民盟历史文献全媒体数据库 · 地方史志/历史文献/历史人物/事件活动/民盟档案,,,,/outline page=13 DDE_185,minmeng1941.cn/outline?page=13&ChannelID=9317&resultid=2767#DDE_185,verified,http://www.minmeng1941.cn/outline?page=1&ChannelID=9317&randno=0&templet=&resultid=2767#DDE_185,item_surrogate,login,公开浏览页可见标题（/outline DDE_ 字段）；下载文献需登录会话 + bd(this) 触发。,digital,catalogue_only_online,internal,citation_only,中国民主盟主办；具体文献使用受平台服务条款约束,unknown,L3,core,"[""1942西北组织创建""]","[""杜斌丞"", ""杨明轩"", ""成柏仁""]","[""西安""]",WebFetch/urllib 2026-07-20 实测：从 /outline?page=13&ChannelID=9317&resultid=2767 GET 公开返回 HTML，提取 DDE_185 字段内嵌标题『西北局关于第二次扩大会议情况报告』。文档时间：1943。民盟西北总支部第二次扩大会议报告完整内容受登录墙限制（需 cheer 提供登录会话或下载扫描件）。升级 L2 需 cheer 在 Chrome 中点击 bd(this) 取实际文献页面；升级 L1 需 cheer 提供原始 PDF / 影像 / 录音文件。,printed_finding_aid,minmeng1941.cn/outline?page=13&ChannelID=9317&randno=0&templet=&resultid=2767 DDE_185；WebFetch/urllib 抓取 2026-07-20,公开浏览页可见标题，内容受登录墙限制；升级 L2 需 cheer 提供登录会话 + 取得文献全文；升级 L1 需 cheer 提供原始 PDF / 影像 / 录音文件。,2026-07-20,claude-code,accepted,2026-08-02 降级 lead_only：catalogue_only_online 无可采集全文，仅线索登记；未真正进入 documents/pages，不再计入已收集。,2026-07-22,claude-code,lead_only,2026-07-21 13:10:52,L3,core,
510,domestic:MM1941:outline-1947-1949-zhongyang-zongzhanhui-lianhehuiyi,中央全会联合会议筹备委员会关于在若干大城市文件,中国民主同盟／《民盟历史文献全媒体数据库》,1947-1949,民盟历史文献数据库在线文献（公开浏览页 DDE_ 锚点）,MM1941,《民盟历史文献全媒体数据库》（minmeng1941.cn）,民盟历史文献全媒体数据库 · 地方史志/历史文献/历史人物/事件活动/民盟档案,,,,/outline page=16 DDE_233,minmeng1941.cn/outline?page=16&ChannelID=9317&resultid=2767#DDE_233,verified,http://www.minmeng1941.cn/outline?page=1&ChannelID=9317&randno=0&templet=&resultid=2767#DDE_233,item_surrogate,login,公开浏览页可见标题（/outline DDE_ 字段）；下载文献需登录会话 + bd(this) 触发。,digital,catalogue_only_online,internal,citation_only,中国民主盟主办；具体文献使用受平台服务条款约束,unknown,L3,core,"[""1947民盟解散"", ""1949民盟参与政协""]","[""沈钧儒""]","[""上海"", ""南京""]",WebFetch/urllib 2026-07-20 实测：从 /outline?page=16&ChannelID=9317&resultid=2767 GET 公开返回 HTML，提取 DDE_233 字段内嵌标题『中央全会联合会议筹备委员会关于在若干大城市文件』。文档时间：1947-1949。民盟中央全会联合会议档案完整内容受登录墙限制（需 cheer 提供登录会话或下载扫描件）。升级 L2 需 cheer 在 Chrome 中点击 bd(this) 取实际文献页面；升级 L1 需 cheer 提供原始 PDF / 影像 / 录音文件。,printed_finding_aid,minmeng1941.cn/outline?page=16&ChannelID=9317&randno=0&templet=&resultid=2767 DDE_233；WebFetch/urllib 抓取 2026-07-20,公开浏览页可见标题，内容受登录墙限制；升级 L2 需 cheer 提供登录会话 + 取得文献全文；升级 L1 需 cheer 提供原始 PDF / 影像 / 录音文件。,2026-07-20,claude-code,accepted,2026-08-02 降级 lead_only：catalogue_only_online 无可采集全文，仅线索登记；未真正进入 documents/pages，不再计入已收集。,2026-07-22,claude-code,lead_only,2026-07-21 13:10:52,L3,core,
511,domestic:MM1941:outline-1941-2014-chongqing-meng-shi-jing,重庆民盟史（精）,中国民主同盟／《民盟历史文献全媒体数据库》,1941-2014,民盟历史文献数据库在线文献（公开浏览页 DDE_ 锚点）,MM1941,《民盟历史文献全媒体数据库》（minmeng1941.cn）,民盟历史文献全媒体数据库 · 地方史志/历史文献/历史人物/事件活动/民盟档案,,,,/outline page=16 DDE_240,minmeng1941.cn/outline?page=16&ChannelID=9317&resultid=2767#DDE_240,verified,http://www.minmeng1941.cn/outline?page=1&ChannelID=9317&randno=0&templet=&resultid=2767#DDE_240,item_surrogate,login,公开浏览页可见标题（/outline DDE_ 字段）；下载文献需登录会话 + bd(this) 触发。,digital,catalogue_only_online,internal,citation_only,中国民主盟主办；具体文献使用受平台服务条款约束,unknown,L3,core,"[""1941民盟前身""]","[""张澜"", ""黄炎培"", ""梁漱溟""]","[""重庆""]",WebFetch/urllib 2026-07-20 实测：从 /outline?page=16&ChannelID=9317&resultid=2767 GET 公开返回 HTML，提取 DDE_240 字段内嵌标题『重庆民盟史（精）』。文档时间：1941-2014。1941-2014 重庆民盟组织史 精装本完整内容受登录墙限制（需 cheer 提供登录会话或下载扫描件）。升级 L2 需 cheer 在 Chrome 中点击 bd(this) 取实际文献页面；升级 L1 需 cheer 提供原始 PDF / 影像 / 录音文件。,printed_finding_aid,minmeng1941.cn/outline?page=16&ChannelID=9317&randno=0&templet=&resultid=2767 DDE_240；WebFetch/urllib 抓取 2026-07-20,公开浏览页可见标题，内容受登录墙限制；升级 L2 需 cheer 提供登录会话 + 取得文献全文；升级 L1 需 cheer 提供原始 PDF / 影像 / 录音文件。,2026-07-20,claude-code,accepted,2026-08-02 降级 lead_only：catalogue_only_online 无可采集全文，仅线索登记；未真正进入 documents/pages，不再计入已收集。,2026-07-22,claude-code,lead_only,2026-07-21 13:10:52,L3,core,
512,domestic:SAAC:album-51koukou-kaoguodadian,"《从""五一口号""到开国大典》档案文献专辑（中央档案馆 / 国家档案局，2019，6 子页 93 件）",中央档案馆 / 国家档案局（saac.gov.cn）,2019-09,中央档案馆官方档案专辑（部分首次公开）,SAAC,中华人民共和国国家档案局 / 中央档案馆,档案文献专辑,,,,https://www.saac.gov.cn/daj/gqzt/index.html + 01-06.html 共 6 子页,中央档案馆迄今最大规模网上展示（含 200+ 珍贵档案）,verified,https://www.saac.gov.cn/daj/gqzt/index.html,institution_home,open,公开访问；含 img/images/001-006.jpg 缩略图 + content/01-06/ 子页 HTML；无 PDF 直链。,digital,full_item_online,public,citation_only,中央档案馆官方公布；引用需注明出处,unknown,L2,core,"[""1948五一口号"", ""1949新政协筹备"", ""1949民盟参与政协"", ""1949开国大典""]","[""毛泽东"", ""周恩来"", ""朱德"", ""刘少奇"", ""任弼时"", ""李济深"", ""沈钧儒"", ""谭平山"", ""张澜"", ""黄炎培"", ""宋庆龄"", ""司徒美堂"", ""何香凝"", ""陈毅"", ""郭沫若"", ""陈叔通"", ""陈嘉庚""]","[""北京"", ""北平"", ""沈阳"", ""哈尔滨"", ""西柏坡"", ""香港""]","WebFetch 2026-07-20 实测：saac.gov.cn/daj/gqzt/ 公开访问 6 子页。页 01 (22件)：毛泽东修改的""五一""口号 (1948-04-30)、毛泽东给李济深沈钧儒电报 (1948-05-01)、沈钧儒谭平山贺电 (1948-10)、中央邀请张澜黄炎培北上电报 (1949-01-20)、毛泽东给宋庆龄的信 (1949-06-19)、周恩来给宋庆龄的信 (1949-06-21)。页 02 (17件)：新政协筹备会各小组 (6 个) 工作报告 (1949-06-19 起)。页 03 (5件)：周恩来李维汉讲话 + 政协一届全体会议通知 (1949-09-17/20)。页 04 (17件)：新政协筹备会成立会 + 毛泽东/朱德/李济深/沈钧儒/郭沫若/陈叔通/陈嘉庚讲话 (1949-06-15)。页 05 (20件)：政协一届全体会议单位及代表名单 + 张澜讲话 (民盟主席) + 黄炎培讲话 + 宋庆龄讲话 (1949-09-21)。页 06 (12件)：开国大典原始影像 + 中央人民政府公告 + 周恩来任政务院总理通知 (1949-10-01)。L2 等级依据：中央档案馆官方公布 = 官方一手档案。",digital_image,https://www.saac.gov.cn/daj/gqzt/index.html (首页)；https://www.saac.gov.cn/daj/gqzt/01.html - 06.html (6 子页)；img/images/001-006.jpg (缩略图)；content/01-06/01_01.html - 06_12.html (档案详情页),缩略图公开，详情页 HTML 公开，无 PDF/原件扫描直链；升级 L1 需 cheer 取中央档案馆纸质/缩微原件或扫描件。,2026-07-20,claude-code,accepted,L2 accepted (批次 D-A)：8 党派官网 = 各党派中央委员会官方发布 + WebSearch 多源印证；saac.gov.cn = 中央档案馆 / 国家档案局官方公布；升级依据与 FRUS L3→L2 流程一致（多源核读 + 官方一手）。,2026-07-20,claude-code,pass,2026-07-21 13:10:52,L2,core,1553
513,domestic:MG:minge-gov-cn-history-1948-hongkong,中国国民党革命委员会成立（民革 1948-01-01 香港）— 民革官网 minge.gov.cn,中国国民党革命委员会中央委员会（minge.gov.cn）,1948-01-01,民主党派中央官网历史栏目,MG,中国国民党革命委员会中央委员会（minge.gov.cn）,民革历史,,,,https://www.minge.gov.cn 简介 / 历史栏目,WebSearch 2026-07-20 核读 minge.gov.cn + 各高校统战部条目,verified,https://www.minge.gov.cn,institution_home,open,民革中央官网公开访问；,digital,full_item_online,public,citation_only,民革中央发布；引用注明出处,unknown,L2,core,"[""1948民革成立香港"", ""1949民盟参与政协""]","[""宋庆龄"", ""李济深"", ""何香凝"", ""冯玉祥"", ""谭平山"", ""柳亚子"", ""蔡廷锴"", ""蒋光鼐""]","[""香港"", ""广州""]",WebSearch 2026-07-20 核读 minge.gov.cn + 各高校统战部条目：1947-11-12 民联、民促、国民党民主派第一次联合会议在香港举行；1948-01-01 中国国民党革命委员会在香港成立；名誉主席宋庆龄、主席李济深、何香凝为中央常委；通过《成立宣言》《行动纲领》《告本党同志书》；1949-09 参加政协一届全体会议，参与制定《共同纲领》；1949-11 民革、民联、民促统一为新的民革。L2 等级：民革中央官网 + 各高校统战部多源印证 = 官方一手。,official_description,https://www.minge.gov.cn + 天水师大统战部 + 永州市人民政府 + 查字典历史上的今天,原件/原件扫描需中央档案馆或二史馆；L1 升级需具体档案扫描件。,2026-07-20,claude-code,accepted,L2 accepted (批次 D-A)：8 党派官网 = 各党派中央委员会官方发布 + WebSearch 多源印证；saac.gov.cn = 中央档案馆 / 国家档案局官方公布；升级依据与 FRUS L3→L2 流程一致（多源核读 + 官方一手）。,2026-07-20,claude-code,pass,2026-07-21 13:10:52,L2,core,1508
514,domestic:CJD:cndca-gov-cn-history-1945-chongqing,中国民主建国会成立（民建 1945-12-16 重庆白象街西南实业大厦）,中国民主建国会中央委员会,1945-12-16,民主党派中央官网历史栏目,CJD,中国民主建国会中央委员会（cndca.org.cn）,民建历史,,,,https://www.cndca.org.cn 简介 / 历史栏目,WebSearch 2026-07-20 核读 + 澎湃【会史撷萃(7)】民主建国会诞生,verified,https://www.cndca.org.cn,institution_home,open,民建中央官网公开访问；,digital,full_item_online,public,citation_only,民建中央发布,unknown,L2,core,"[""1945民建成立"", ""1949民盟参与政协""]","[""黄炎培"", ""胡厥文"", ""章乃器"", ""施复亮"", ""孙起孟"", ""周恩来"", ""毛泽东""]","[""重庆"", ""上海""]",WebSearch 2026-07-20 核读 + 澎湃【会史撷萃(7)】：1945-12-16 民建在重庆白象街西南实业大厦成立；出席 93 人；主席团黄炎培胡厥文黄墨涵；通过民建政纲、章程、组织原则、成立宣言；推举胡厥文章乃器黄炎培等理事；中华职业教育社 + 迁川工厂联合会联合；中共周恩来董必武王若飞邓颖超毛泽东影响帮助。L2 等级：民建中央官网 + 多源印证。,official_description,https://www.cndca.org.cn + 澎湃 https://www.thepaper.cn/newsDetail_forward_30245299,L1 升级需具体原件扫描。,2026-07-20,claude-code,accepted,L2 accepted (批次 D-A)：8 党派官网 = 各党派中央委员会官方发布 + WebSearch 多源印证；saac.gov.cn = 中央档案馆 / 国家档案局官方公布；升级依据与 FRUS L3→L2 流程一致（多源核读 + 官方一手）。,2026-07-20,claude-code,pass,2026-07-21 13:10:52,L2,core,1509
515,domestic:MJ:minj-gov-cn-history-1945-shanghai,中国民主促进会成立（民进 1945-12-30 上海爱麦虞限路中国科学社）,中国民主促进会中央委员会,1945-12-30,民主党派中央官网历史栏目,MJ,中国民主促进会中央委员会（minj.in）,民进历史,,,,https://www.minj.in 简介 / 历史栏目,WebSearch 2026-07-20 核读 + 徐州政协《多党合作•民进记忆——忆政协会议之初》,verified,https://www.minj.in,institution_home,open,民进中央官网公开访问；,digital,full_item_online,public,citation_only,民进中央发布,unknown,L2,core,"[""1945民进成立"", ""1946下关事件"", ""1949民盟参与政协""]","[""马叙伦"", ""王绍鏊"", ""周建人"", ""许广平"", ""林汉达"", ""徐伯昕"", ""赵朴初"", ""雷洁琼"", ""郑振铎"", ""柯灵""]","[""上海"", ""南京""]",WebSearch 2026-07-20 核读 + 徐州政协专题：1945-12-30 民进在上海爱麦虞限路（今绍兴路）中国科学社成立；宗旨：发扬民主精神，推进中国民主政治之实践；第一届常务理事：马叙伦陈巳生王绍鏊林汉达等；1946-06-23 民进参与上海人民反内战大会，马叙伦雷洁琼等赴南京请愿代表团在南京下关车站遭国民党特务殴打（六·二三下关事件）。L2 等级：民进中央官网 + 多源印证。,official_description,https://www.minj.in + 徐州政协 http://www.xzzx.gov.cn/zxdj/623349936398405.shtml,L1 升级需具体原件扫描。,2026-07-20,claude-code,accepted,L2 accepted (批次 D-A)：8 党派官网 = 各党派中央委员会官方发布 + WebSearch 多源印证；saac.gov.cn = 中央档案馆 / 国家档案局官方公布；升级依据与 FRUS L3→L2 流程一致（多源核读 + 官方一手）。；网页 2026-08-02 不可采 (HTTP 0) 2026-08-02T08:16:40+00:00,2026-07-20,claude-code,lead_only,2026-07-21 13:10:52,L2,core,
516,domestic:NGD:ngd-org-cn-history-1930-shanghai,中国农工民主党（前身中国国民党临时行动委员会）成立（1930-08-09 上海淡水路）,中国农工民主党中央委员会,1930-08-09,民主党派中央官网历史栏目,NGD,中国农工民主党中央委员会（ngd.org.cn）,农工党历史,,,,https://www.ngd.org.cn/gs/jj/index.htm 简介,WebSearch 2026-07-20 核读 ngd.org.cn + 中南大学统战部《农工党定名始末》,verified,http://www.ngd.org.cn/gs/jj/index.htm,institution_home,open,农工党中央官网公开访问；,digital,full_item_online,public,citation_only,农工党中央发布,unknown,L2,core,"[""1930农工党前身成立"", ""1935中华民族解放行动委员会"", ""1947农工党定名"", ""1949民盟参与政协""]","[""邓演达"", ""黄琪翔"", ""章伯钧"", ""彭泽民"", ""季方""]","[""上海"", ""南京"", ""香港""]",WebSearch 2026-07-20 核读：1927-05 邓演达鉴于武汉中央已决意背叛革命，酝酿组织新政党；1930-08-09 上海淡水路 332 弄花园住宅召开第一次全国干部会议，正式成立中国国民党临时行动委员会（农工党前身），通过《我们的政治主张》（解放中国民族、建立平民政权、实现社会主义）；邓演达任中央干部会总干事；1931-08 邓演达因叛徒告密被捕，1931-11-29 在南京麒麟门外被秘密杀害；1935-11-10 九龙召开第二次全国干部会议，响应中共《八一宣言》，改党名为中华民族解放行动委员会，黄琪翔任总书记；1947-02 上海第四次全国干部会议改党名为中国农工民主党，章伯钧任主席；1948-05 响应中共五一口号；1949-09 参加政协一届会议。L2 等级：农工党中央官网 + 中南大学统战部 + 多源印证。,official_description,http://www.ngd.org.cn/gs/jj/index.htm + 中南大学统战部 https://tzb.csu.edu.cn/info/1049/5945.htm + 查字典历史上的今天 https://www.chazidian.com/d/8-9/7160/,L1 升级需具体档案原件。,2026-07-20,claude-code,accepted,L2 accepted (批次 D-A)：8 党派官网 = 各党派中央委员会官方发布 + WebSearch 多源印证；saac.gov.cn = 中央档案馆 / 国家档案局官方公布；升级依据与 FRUS L3→L2 流程一致（多源核读 + 官方一手）。,2026-07-20,claude-code,pass,2026-07-21 13:10:52,L2,core,1458
517,domestic:ZG:zg-org-cn-history-1925-america,中国致公党成立（1925-10 美洲旧金山，前身洪门致公堂；1947-05 上海改组）,中国致公党中央委员会,1925-10,民主党派中央官网历史栏目,ZG,中国致公党中央委员会（zg.org.cn）,致公党史,,,,https://www.zg.org.cn 简介 / 历史栏目,WebSearch 2026-07-20 核读,verified,https://www.zg.org.cn,institution_home,open,致公党中央官网公开访问；,digital,full_item_online,public,citation_only,致公党中央发布,unknown,L2,core,"[""1925致公党前身"", ""1947致公党改组"", ""1949民盟参与政协""]","[""司徒美堂"", ""陈其尤"", ""黄鼎臣""]","[""旧金山"", ""美洲"", ""上海"", ""香港""]",WebSearch 2026-07-20 核读：1925-10 中国致公党由洪门致公堂改组成立于美洲旧金山；前身：旧金山洪门筹饷局（洪门民治党）；1947-05 在上海召开第三次代表大会，宣告中国致公党从旧式侨民党转变为现代政党，参加中国共产党领导的人民民主统一战线；历任领导：司徒美堂、陈其尤、黄鼎臣；现有成员约 6 万人，以归侨、侨眷中的中上层人士为主。L2 等级：致公党中央官网 + 多源印证。,official_description,https://www.zg.org.cn + WebSearch 2026-07-20 核读,L1 升级需具体档案原件。,2026-07-20,claude-code,accepted,L2 accepted (批次 D-A)：8 党派官网 = 各党派中央委员会官方发布 + WebSearch 多源印证；saac.gov.cn = 中央档案馆 / 国家档案局官方公布；升级依据与 FRUS L3→L2 流程一致（多源核读 + 官方一手）。；网页 2026-08-02 不可采 (HTTP exception) 2026-08-02T08:16:40+00:00；html-finalize(html-finalize-20260802) 2026-08-02T08:17:29+00:00,2026-07-20,claude-code,pass,2026-07-21 13:10:52,L2,core,1571
518,domestic:93:93-gov-cn-history-1945-chongqing,九三学社成立（1945-09-03 民主科学座谈会 → 1946-05-04 改名九三学社）,九三学社中央委员会,1945-09-03,民主党派中央官网历史栏目,93,九三学社中央委员会（93.gov.cn）,九三学社历史,,,,https://www.93.gov.cn 简介 / 历史栏目,WebSearch 2026-07-20 核读,verified,https://www.93.gov.cn,institution_home,open,九三学社中央官网公开访问；,digital,full_item_online,public,citation_only,九三学社中央发布,unknown,L2,core,"[""1945九三学社前身"", ""1946九三学社定名"", ""1949民盟参与政协""]","[""许德珩"", ""潘菽"", ""张西曼"", ""涂长望"", ""梁希""]","[""重庆"", ""北京""]",WebSearch 2026-07-20 核读：1945-09-03 毛泽东参加重庆谈判期间，许德珩等以 9 月 3 日日本投降为名成立民主科学座谈会（九三学社前身）；1946-05-04 正式改名为九三学社；主要创始人为许德珩、潘菽、张西曼、涂长望、梁希等；九三学社纪念 1945-09-03 抗战胜利日 + 五四运动；1949-09 参加政协一届会议。L2 等级：九三学社中央官网 + 多源印证。,official_description,https://www.93.gov.cn + WebSearch 2026-07-20 核读,L1 升级需具体档案原件。,2026-07-20,claude-code,accepted,L2 accepted (批次 D-A)：8 党派官网 = 各党派中央委员会官方发布 + WebSearch 多源印证；saac.gov.cn = 中央档案馆 / 国家档案局官方公布；升级依据与 FRUS L3→L2 流程一致（多源核读 + 官方一手）。,2026-07-20,claude-code,pass,2026-07-21 13:10:52,L2,core,1457
519,domestic:TM:taimeng-org-cn-history-1947-hongkong,台湾民主自治同盟成立（台盟 1947-11-12 香港，响应二二八事件）,台湾民主自治同盟中央委员会,1947-11-12,民主党派中央官网历史栏目,TM,台湾民主自治同盟中央委员会（taimeng.org.cn）,台盟历史,,,,https://www.taimeng.org.cn 简介 / 历史栏目,WebSearch 2026-07-20 核读,verified,https://www.taimeng.org.cn,institution_home,open,台盟中央官网公开访问；,digital,full_item_online,public,citation_only,台盟中央发布,unknown,L2,core,"[""1947二二八事件"", ""1947台盟成立"", ""1949民盟参与政协""]","[""谢雪红"", ""杨克煌"", ""苏新""]","[""台湾"", ""香港""]",WebSearch 2026-07-20 核读：1947-02-28 台北发生二二八事件（国民党政府镇压台湾人民）；1947-11-12 谢雪红等在香港成立台湾民主自治同盟（台盟）；宗旨：反对国民党独裁统治，争取台湾民主自治；1949-09 参加政协一届会议。L2 等级：台盟中央官网 + 多源印证。,official_description,https://www.taimeng.org.cn + WebSearch 2026-07-20 核读,L1 升级需具体档案原件。,2026-07-20,claude-code,accepted,L2 accepted (批次 D-A)：8 党派官网 = 各党派中央委员会官方发布 + WebSearch 多源印证；saac.gov.cn = 中央档案馆 / 国家档案局官方公布；升级依据与 FRUS L3→L2 流程一致（多源核读 + 官方一手）。,2026-07-20,claude-code,pass,2026-07-21 13:10:52,L2,core,1461
520,domestic:CQ:Teyuan-China-Democratic-Parties-Museum-2024,中国民主党派历史陈列馆（重庆特园，2024-04-29 全新开放，1300+ 图片 2200+ 文物）,重庆特园 + 中国民主党派历史陈列馆,2024-04-29,民主党派历史专题陈列馆（实物 + 文献 + 图片）,CQ,中国民主党派历史陈列馆（重庆特园）,8 大民主党派及无党派人士展厅 + 共画同心圆 共圆中国梦 主题展,,,,重庆市渝中区上清寺特园旧址,WebSearch 2026-07-20 核读 + 光明网 https://news.gmw.cn/2024-04/30/content_37296206.htm + 重庆市政府 http://www.cq.gov.cn/ywdt/jrcq/202404/t20240430_13170490.html,verified,https://www.teyuan.org.cn,institution_home,open,陈列馆现场免费开放参观；线上官网 + 新闻报道详列展品清单；,hybrid,catalogue_only_online,public,citation_only,陈列馆公开展品 + 新闻报道,no,L3,core,"[""1941民盟前身"", ""1944改组更名"", ""1945民盟一大"", ""1948五一口号"", ""1949民盟参与政协""]","[""毛泽东"", ""周恩来"", ""宋庆龄"", ""李济深"", ""沈钧儒"", ""张澜"", ""黄炎培"", ""冯玉祥"", ""范朴斋"", ""司徒美堂"", ""何香凝"", ""马叙伦"", ""邓演达""]","[""重庆"", ""上海"", ""北京"", ""南京"", ""香港""]","WebSearch 2026-07-20 核读 + 光明网 + 重庆市政府网：中国民主党派历史陈列馆位于重庆市渝中区上清寺（依托特园旧址）；2024-04-29 扩容升级后全新开放；主题展：共画同心圆 共圆中国梦；展出 1300+ 历史图片 + 2200+ 件（套）文物实物；含 8 大民主党派及无党派人士展厅；镇馆之宝：范朴斋日记手稿 + 冯玉祥题写""民主之家""匾额；接待游客超 800 万人次；L3 等级：实物展品需现场或扫描件；L1 升级需具体展品原件影像。",printed_finding_aid,https://www.teyuan.org.cn + 光明网 https://news.gmw.cn/2024-04/30/content_37296206.htm + 重庆市政府 http://www.cq.gov.cn/ywdt/jrcq/202404/t20240430_13170490.html + 腾讯新闻 https://new.qq.com/rain/a/20240430A0ANAF00 + 九三学社中央 http://www.93.gov.cn/lshm-jyjj/780200.html,实物 + 文物原件需现场；L1 升级需具体展品影像。,2026-07-20,claude-code,accepted,2026-08-02 降级 lead_only：catalogue_only_online 无可采集全文，仅线索登记；未真正进入 documents/pages，不再计入已收集。,2026-07-22,claude-code,lead_only,2026-07-21 13:10:52,L3,core,
521,domestic:NJSH:2nd-Historical-Archives-1912-1949-220w-juan,中国第二历史档案馆（南京，集中典藏 1912-1949 民国档案，898 全宗 220 万卷宗）,中国第二历史档案馆（南京）,2025-04,中央级国家档案馆（民国时期档案专业馆）,NJSH,中国第二历史档案馆（南京）,中华民国时期（1912-1949）历届中央政府档案 + 各民主党派档案,,,,南京市,898 全宗 + 220 万卷宗；2025-04-23 公开征集民主党派档案公告,verified,https://www.shac.net.cn,institution_home,login,档案馆现场查阅 + 学术利用申请；具体档案数字化需馆内访问；,hybrid,catalogue_only_online,internal,citation_only,国家档案馆藏；具体档案使用需授权,unknown,L3,core,"[""1912-1949综合"", ""1941民盟前身"", ""1944改组更名"", ""1947民盟解散""]","[""南京国民政府"", ""中国国民党"", ""中国民主同盟"", ""中国民主建国会""]","[""南京"", ""北京"", ""重庆"", ""上海"", ""广州""]",WebSearch 2026-07-20 核读 + 故纸堆 https://www.guzhidui.com/gzd/6150.html + 二史馆公告 https://www.shac.net.cn/tzgg/content/202504/202504231638001.html + 知乎概览 https://zhuanlan.zhihu.com/p/113048019：中国第二历史档案馆集中典藏中华民国时期（1912-1949）历届中央政府档案；898 个全宗 + 220 万卷宗；重要全宗：南京国民政府、五院、各部委、地方派系档案；含各民主党派档案；2025-04-23 公开征集中国共产党及民主党派档案资料公告；档案利用：需现场 + 学术申请。L3 等级：档案馆实体需 cheer 现场查阅；L1 升级需具体档案数字化件。,official_description,https://www.shac.net.cn + 故纸堆 https://www.guzhidui.com/gzd/6150.html + 公告 https://www.shac.net.cn/tzgg/content/202504/202504231638001.html + 知乎 https://zhuanlan.zhihu.com/p/113048019,档案原件/数字化件需现场；L1 升级需具体档案数字化件。,2026-07-20,claude-code,accepted,2026-08-02 降级 lead_only：catalogue_only_online 无可采集全文，仅线索登记；未真正进入 documents/pages，不再计入已收集。,2026-07-22,claude-code,lead_only,2026-07-21 13:10:52,L3,core,
522,domestic:SAAC:51koukou-p01-dde04,毛泽东给李济深、沈钧儒电报（1948-05-01）,中央档案馆 / 国家档案局（saac.gov.cn）,1948-05-01,中央档案馆官方档案（民主党派直接相关）,SAAC,中华人民共和国国家档案局 / 中央档案馆,"《从""五一口号""到开国大典》档案文献专辑",,,,页 01 DDE 04,saac.gov.cn/daj/gqzt/01.html (页入口) + 01_04.html (详情页) + img/a001/s/s04.jpg (缩略图),verified,https://www.saac.gov.cn/daj/gqzt/01.html,item_surrogate,open,详情页 https://www.saac.gov.cn/daj/gqzt/01_04.html + 缩略图 https://www.saac.gov.cn/daj/gqzt/img/a001/s/s04.jpg；无 PDF 直链；,digital,full_item_online,public,citation_only,中央档案馆官方公布；引用需注明出处,unknown,L2,core,"[""1948五一口号"", ""1948民革响应""]","[""毛泽东"", ""李济深"", ""沈钧儒""]","[""北京"", ""北平"", ""沈阳"", ""哈尔滨"", ""西柏坡"", ""香港""]","WebFetch 2026-07-20 实测 saac.gov.cn/daj/gqzt/01.html；提取页 01 第 4 件档案：毛泽东给李济深、沈钧儒电报（1948-05-01）（1948-05-01）。上下文：邀请各民主党派响应五一口号。属于 saac.gov.cn 中央档案馆《从""五一口号""到开国大典》档案文献专辑（共 93 件，6 子页，200+ 珍贵档案部分首次公开）。L2 等级依据：中央档案馆官方公布 = 官方一手档案。",digital_image,https://www.saac.gov.cn/daj/gqzt/01.html (页入口)；https://www.saac.gov.cn/daj/gqzt/01_04.html (档案详情页)；https://www.saac.gov.cn/daj/gqzt/img/a001/s/s04.jpg (缩略图),缩略图公开 + HTML 详情页公开，无 PDF/原件扫描直链；L1 升级需 cheer 取中央档案馆纸质/缩微原件或扫描件。,2026-07-20,claude-code,accepted,L2 accepted (批次 D-A)：8 党派官网 = 各党派中央委员会官方发布 + WebSearch 多源印证；saac.gov.cn = 中央档案馆 / 国家档案局官方公布；升级依据与 FRUS L3→L2 流程一致（多源核读 + 官方一手）。；saac_ocr(saac-ocr-20260802) 2026-08-02T07:49:58+00:00,2026-07-20,claude-code,pass,2026-07-21 13:10:52,L2,core,1510
523,domestic:SAAC:51koukou-p01-dde07,沈钧儒、谭平山等给毛泽东电报（1948-10-01）,中央档案馆 / 国家档案局（saac.gov.cn）,1948-10-01,中央档案馆官方档案（民主党派直接相关）,SAAC,中华人民共和国国家档案局 / 中央档案馆,"《从""五一口号""到开国大典》档案文献专辑",,,,页 01 DDE 07,saac.gov.cn/daj/gqzt/01.html (页入口) + 01_07.html (详情页) + img/a001/s/s07.jpg (缩略图),verified,https://www.saac.gov.cn/daj/gqzt/01.html,item_surrogate,open,详情页 https://www.saac.gov.cn/daj/gqzt/01_07.html + 缩略图 https://www.saac.gov.cn/daj/gqzt/img/a001/s/s07.jpg；无 PDF 直链；,digital,full_item_online,public,citation_only,中央档案馆官方公布；引用需注明出处,unknown,L2,core,"[""1948新政协筹备""]","[""沈钧儒"", ""谭平山"", ""毛泽东""]","[""北京"", ""北平"", ""沈阳"", ""哈尔滨"", ""西柏坡"", ""香港""]","WebFetch 2026-07-20 实测 saac.gov.cn/daj/gqzt/01.html；提取页 01 第 7 件档案：沈钧儒、谭平山等给毛泽东电报（1948-10-01）（1948-10-01）。上下文：民盟主席沈钧儒响应新政协。属于 saac.gov.cn 中央档案馆《从""五一口号""到开国大典》档案文献专辑（共 93 件，6 子页，200+ 珍贵档案部分首次公开）。L2 等级依据：中央档案馆官方公布 = 官方一手档案。",digital_image,https://www.saac.gov.cn/daj/gqzt/01.html (页入口)；https://www.saac.gov.cn/daj/gqzt/01_07.html (档案详情页)；https://www.saac.gov.cn/daj/gqzt/img/a001/s/s07.jpg (缩略图),缩略图公开 + HTML 详情页公开，无 PDF/原件扫描直链；L1 升级需 cheer 取中央档案馆纸质/缩微原件或扫描件。,2026-07-20,claude-code,accepted,L2 accepted (批次 D-A)：8 党派官网 = 各党派中央委员会官方发布 + WebSearch 多源印证；saac.gov.cn = 中央档案馆 / 国家档案局官方公布；升级依据与 FRUS L3→L2 流程一致（多源核读 + 官方一手）。；saac_ocr(saac-ocr-20260802) 2026-08-02T08:01:06+00:00,2026-07-20,claude-code,pass,2026-07-21 13:10:52,L2,core,1537
524,domestic:SAAC:51koukou-p01-dde13,中央关于邀请张澜、黄炎培北上的电报（1949-01-20）,中央档案馆 / 国家档案局（saac.gov.cn）,1949-01-20,中央档案馆官方档案（民主党派直接相关）,SAAC,中华人民共和国国家档案局 / 中央档案馆,"《从""五一口号""到开国大典》档案文献专辑",,,,页 01 DDE 13,saac.gov.cn/daj/gqzt/01.html (页入口) + 01_013.html (详情页) + img/a001/s/s13.jpg (缩略图),verified,https://www.saac.gov.cn/daj/gqzt/01.html,item_surrogate,open,详情页 https://www.saac.gov.cn/daj/gqzt/01_013.html + 缩略图 https://www.saac.gov.cn/daj/gqzt/img/a001/s/s13.jpg；无 PDF 直链；,digital,full_item_online,public,citation_only,中央档案馆官方公布；引用需注明出处,unknown,L2,core,"[""1949新政协筹备""]","[""张澜"", ""黄炎培""]","[""北京"", ""北平"", ""沈阳"", ""哈尔滨"", ""西柏坡"", ""香港""]","WebFetch 2026-07-20 实测 saac.gov.cn/daj/gqzt/01.html；提取页 01 第 13 件档案：中央关于邀请张澜、黄炎培北上的电报（1949-01-20）（1949-01-20）。上下文：邀请民盟主席张澜、民建创始人黄炎培北上解放区。属于 saac.gov.cn 中央档案馆《从""五一口号""到开国大典》档案文献专辑（共 93 件，6 子页，200+ 珍贵档案部分首次公开）。L2 等级依据：中央档案馆官方公布 = 官方一手档案。",digital_image,https://www.saac.gov.cn/daj/gqzt/01.html (页入口)；https://www.saac.gov.cn/daj/gqzt/01_013.html (档案详情页)；https://www.saac.gov.cn/daj/gqzt/img/a001/s/s13.jpg (缩略图),缩略图公开 + HTML 详情页公开，无 PDF/原件扫描直链；L1 升级需 cheer 取中央档案馆纸质/缩微原件或扫描件。,2026-07-20,claude-code,accepted,L2 accepted (批次 D-A)：8 党派官网 = 各党派中央委员会官方发布 + WebSearch 多源印证；saac.gov.cn = 中央档案馆 / 国家档案局官方公布；升级依据与 FRUS L3→L2 流程一致（多源核读 + 官方一手）。；saac_ocr(saac-ocr-20260802) 2026-08-02T07:51:04+00:00,2026-07-20,claude-code,pass,2026-07-21 13:10:52,L2,core,1512
525,domestic:SAAC:51koukou-p01-dde14,56 名民主人士贺电及毛泽东、朱德复电（1949-02-01 至 02）,中央档案馆 / 国家档案局（saac.gov.cn）,1949-02-01,中央档案馆官方档案（民主党派直接相关）,SAAC,中华人民共和国国家档案局 / 中央档案馆,"《从""五一口号""到开国大典》档案文献专辑",,,,页 01 DDE 14,saac.gov.cn/daj/gqzt/01.html (页入口) + 01_014.html (详情页) + img/a001/s/s14.jpg (缩略图),verified,https://www.saac.gov.cn/daj/gqzt/01.html,item_surrogate,open,详情页 https://www.saac.gov.cn/daj/gqzt/01_014.html + 缩略图 https://www.saac.gov.cn/daj/gqzt/img/a001/s/s14.jpg；无 PDF 直链；,digital,full_item_online,public,citation_only,中央档案馆官方公布；引用需注明出处,unknown,L2,core,"[""1949新政协筹备""]","[""毛泽东"", ""朱德""]","[""北京"", ""北平"", ""沈阳"", ""哈尔滨"", ""西柏坡"", ""香港""]","WebFetch 2026-07-20 实测 saac.gov.cn/daj/gqzt/01.html；提取页 01 第 14 件档案：56 名民主人士贺电及毛泽东、朱德复电（1949-02-01 至 02）（1949-02-01）。上下文：56 名到达解放区民主人士联名贺电。属于 saac.gov.cn 中央档案馆《从""五一口号""到开国大典》档案文献专辑（共 93 件，6 子页，200+ 珍贵档案部分首次公开）。L2 等级依据：中央档案馆官方公布 = 官方一手档案。",digital_image,https://www.saac.gov.cn/daj/gqzt/01.html (页入口)；https://www.saac.gov.cn/daj/gqzt/01_014.html (档案详情页)；https://www.saac.gov.cn/daj/gqzt/img/a001/s/s14.jpg (缩略图),缩略图公开 + HTML 详情页公开，无 PDF/原件扫描直链；L1 升级需 cheer 取中央档案馆纸质/缩微原件或扫描件。,2026-07-20,claude-code,accepted,L2 accepted (批次 D-A)：8 党派官网 = 各党派中央委员会官方发布 + WebSearch 多源印证；saac.gov.cn = 中央档案馆 / 国家档案局官方公布；升级依据与 FRUS L3→L2 流程一致（多源核读 + 官方一手）。；saac_ocr(saac-ocr-20260802) 2026-08-02T07:51:40+00:00,2026-07-20,claude-code,pass,2026-07-21 13:10:52,L2,core,1513
526,domestic:SAAC:51koukou-p01-dde20,毛泽东给宋庆龄的信（1949-06-19）,中央档案馆 / 国家档案局（saac.gov.cn）,1949-06-19,中央档案馆官方档案（民主党派直接相关）,SAAC,中华人民共和国国家档案局 / 中央档案馆,"《从""五一口号""到开国大典》档案文献专辑",,,,页 01 DDE 20,saac.gov.cn/daj/gqzt/01.html (页入口) + 01_020.html (详情页) + img/a001/s/s20.jpg (缩略图),verified,https://www.saac.gov.cn/daj/gqzt/01.html,item_surrogate,open,详情页 https://www.saac.gov.cn/daj/gqzt/01_020.html + 缩略图 https://www.saac.gov.cn/daj/gqzt/img/a001/s/s20.jpg；无 PDF 直链；,digital,full_item_online,public,citation_only,中央档案馆官方公布；引用需注明出处,unknown,L2,core,"[""1949新政协筹备""]","[""毛泽东"", ""宋庆龄""]","[""北京"", ""北平"", ""沈阳"", ""哈尔滨"", ""西柏坡"", ""香港""]","WebFetch 2026-07-20 实测 saac.gov.cn/daj/gqzt/01.html；提取页 01 第 20 件档案：毛泽东给宋庆龄的信（1949-06-19）（1949-06-19）。上下文：邀请宋庆龄（民革名誉主席）参加政协。属于 saac.gov.cn 中央档案馆《从""五一口号""到开国大典》档案文献专辑（共 93 件，6 子页，200+ 珍贵档案部分首次公开）。L2 等级依据：中央档案馆官方公布 = 官方一手档案。",digital_image,https://www.saac.gov.cn/daj/gqzt/01.html (页入口)；https://www.saac.gov.cn/daj/gqzt/01_020.html (档案详情页)；https://www.saac.gov.cn/daj/gqzt/img/a001/s/s20.jpg (缩略图),缩略图公开 + HTML 详情页公开，无 PDF/原件扫描直链；L1 升级需 cheer 取中央档案馆纸质/缩微原件或扫描件。,2026-07-20,claude-code,accepted,L2 accepted (批次 D-A)：8 党派官网 = 各党派中央委员会官方发布 + WebSearch 多源印证；saac.gov.cn = 中央档案馆 / 国家档案局官方公布；升级依据与 FRUS L3→L2 流程一致（多源核读 + 官方一手）。；saac_ocr(saac-ocr-20260802) 2026-08-02T07:51:58+00:00,2026-07-20,claude-code,pass,2026-07-21 13:10:52,L2,core,1515
527,domestic:SAAC:51koukou-p01-dde21,周恩来给宋庆龄的信（1949-06-21）,中央档案馆 / 国家档案局（saac.gov.cn）,1949-06-21,中央档案馆官方档案（民主党派直接相关）,SAAC,中华人民共和国国家档案局 / 中央档案馆,"《从""五一口号""到开国大典》档案文献专辑",,,,页 01 DDE 21,saac.gov.cn/daj/gqzt/01.html (页入口) + 01_021.html (详情页) + img/a001/s/s21.jpg (缩略图),verified,https://www.saac.gov.cn/daj/gqzt/01.html,item_surrogate,open,详情页 https://www.saac.gov.cn/daj/gqzt/01_021.html + 缩略图 https://www.saac.gov.cn/daj/gqzt/img/a001/s/s21.jpg；无 PDF 直链；,digital,full_item_online,public,citation_only,中央档案馆官方公布；引用需注明出处,unknown,L2,core,"[""1949新政协筹备""]","[""周恩来"", ""宋庆龄""]","[""北京"", ""北平"", ""沈阳"", ""哈尔滨"", ""西柏坡"", ""香港""]","WebFetch 2026-07-20 实测 saac.gov.cn/daj/gqzt/01.html；提取页 01 第 21 件档案：周恩来给宋庆龄的信（1949-06-21）（1949-06-21）。上下文：周恩来邀请宋庆龄北上。属于 saac.gov.cn 中央档案馆《从""五一口号""到开国大典》档案文献专辑（共 93 件，6 子页，200+ 珍贵档案部分首次公开）。L2 等级依据：中央档案馆官方公布 = 官方一手档案。",digital_image,https://www.saac.gov.cn/daj/gqzt/01.html (页入口)；https://www.saac.gov.cn/daj/gqzt/01_021.html (档案详情页)；https://www.saac.gov.cn/daj/gqzt/img/a001/s/s21.jpg (缩略图),缩略图公开 + HTML 详情页公开，无 PDF/原件扫描直链；L1 升级需 cheer 取中央档案馆纸质/缩微原件或扫描件。,2026-07-20,claude-code,accepted,L2 accepted (批次 D-A)：8 党派官网 = 各党派中央委员会官方发布 + WebSearch 多源印证；saac.gov.cn = 中央档案馆 / 国家档案局官方公布；升级依据与 FRUS L3→L2 流程一致（多源核读 + 官方一手）。；saac_ocr(saac-ocr-20260802) 2026-08-02T07:52:08+00:00,2026-07-20,claude-code,pass,2026-07-21 13:10:52,L2,core,1516
528,domestic:SAAC:51koukou-p04-dde04,李济深在新政治协商会议筹备会开幕典礼上的讲话（1949-06-15）,中央档案馆 / 国家档案局（saac.gov.cn）,1949-06-15,中央档案馆官方档案（民主党派直接相关）,SAAC,中华人民共和国国家档案局 / 中央档案馆,"《从""五一口号""到开国大典》档案文献专辑",,,,页 04 DDE 04,saac.gov.cn/daj/gqzt/04.html (页入口) + 04_04.html (详情页) + img/a004/s/s04.jpg (缩略图),verified,https://www.saac.gov.cn/daj/gqzt/04_04.html,item_surrogate,open,详情页 https://www.saac.gov.cn/daj/gqzt/04_04.html + 缩略图 https://www.saac.gov.cn/daj/gqzt/img/a004/s/s04.jpg；无 PDF 直链；,digital,full_item_online,public,citation_only,中央档案馆官方公布；引用需注明出处,unknown,L2,core,"[""1949新政协筹备""]","[""李济深""]","[""北京"", ""北平"", ""沈阳"", ""哈尔滨"", ""西柏坡"", ""香港""]","WebFetch 2026-07-20 实测 saac.gov.cn/daj/gqzt/04.html；提取页 04 第 4 件档案：李济深在新政治协商会议筹备会开幕典礼上的讲话（1949-06-15）（1949-06-15）。上下文：民革主席李济深讲话。属于 saac.gov.cn 中央档案馆《从""五一口号""到开国大典》档案文献专辑（共 93 件，6 子页，200+ 珍贵档案部分首次公开）。L2 等级依据：中央档案馆官方公布 = 官方一手档案。",digital_image,https://www.saac.gov.cn/daj/gqzt/04.html (页入口)；https://www.saac.gov.cn/daj/gqzt/04_04.html (档案详情页)；https://www.saac.gov.cn/daj/gqzt/img/a004/s/s04.jpg (缩略图),缩略图公开 + HTML 详情页公开，无 PDF/原件扫描直链；L1 升级需 cheer 取中央档案馆纸质/缩微原件或扫描件。,2026-07-20,claude-code,accepted,L2 accepted (批次 D-A)：8 党派官网 = 各党派中央委员会官方发布 + WebSearch 多源印证；saac.gov.cn = 中央档案馆 / 国家档案局官方公布；升级依据与 FRUS L3→L2 流程一致（多源核读 + 官方一手）。；saac_ocr(saac-ocr-20260802) 2026-08-02T07:55:49+00:00,2026-07-20,claude-code,pass,2026-07-21 13:10:52,L2,core,1533
529,domestic:SAAC:51koukou-p04-dde05,沈钧儒在新政治协商会议筹备会开幕典礼上的讲话（1949-06-15）,中央档案馆 / 国家档案局（saac.gov.cn）,1949-06-15,中央档案馆官方档案（民主党派直接相关）,SAAC,中华人民共和国国家档案局 / 中央档案馆,"《从""五一口号""到开国大典》档案文献专辑",,,,页 04 DDE 05,saac.gov.cn/daj/gqzt/04.html (页入口) + 04_05.html (详情页) + img/a004/s/s05.jpg (缩略图),verified,https://www.saac.gov.cn/daj/gqzt/04_05.html,item_surrogate,open,详情页 https://www.saac.gov.cn/daj/gqzt/04_05.html + 缩略图 https://www.saac.gov.cn/daj/gqzt/img/a004/s/s05.jpg；无 PDF 直链；,digital,full_item_online,public,citation_only,中央档案馆官方公布；引用需注明出处,unknown,L2,core,"[""1949新政协筹备""]","[""沈钧儒""]","[""北京"", ""北平"", ""沈阳"", ""哈尔滨"", ""西柏坡"", ""香港""]","WebFetch 2026-07-20 实测 saac.gov.cn/daj/gqzt/04.html；提取页 04 第 5 件档案：沈钧儒在新政治协商会议筹备会开幕典礼上的讲话（1949-06-15）（1949-06-15）。上下文：民盟代表沈钧儒讲话。属于 saac.gov.cn 中央档案馆《从""五一口号""到开国大典》档案文献专辑（共 93 件，6 子页，200+ 珍贵档案部分首次公开）。L2 等级依据：中央档案馆官方公布 = 官方一手档案。",digital_image,https://www.saac.gov.cn/daj/gqzt/04.html (页入口)；https://www.saac.gov.cn/daj/gqzt/04_05.html (档案详情页)；https://www.saac.gov.cn/daj/gqzt/img/a004/s/s05.jpg (缩略图),缩略图公开 + HTML 详情页公开，无 PDF/原件扫描直链；L1 升级需 cheer 取中央档案馆纸质/缩微原件或扫描件。,2026-07-20,claude-code,accepted,L2 accepted (批次 D-A)：8 党派官网 = 各党派中央委员会官方发布 + WebSearch 多源印证；saac.gov.cn = 中央档案馆 / 国家档案局官方公布；升级依据与 FRUS L3→L2 流程一致（多源核读 + 官方一手）。；saac_ocr(saac-ocr-20260802) 2026-08-02T07:56:05+00:00,2026-07-20,claude-code,pass,2026-07-21 13:10:52,L2,core,1534
530,domestic:SAAC:51koukou-p04-dde07,陈叔通在新政治协商会议筹备会开幕典礼上的讲话（1949-06-15）,中央档案馆 / 国家档案局（saac.gov.cn）,1949-06-15,中央档案馆官方档案（民主党派直接相关）,SAAC,中华人民共和国国家档案局 / 中央档案馆,"《从""五一口号""到开国大典》档案文献专辑",,,,页 04 DDE 07,saac.gov.cn/daj/gqzt/04.html (页入口) + 04_07.html (详情页) + img/a004/s/s07.jpg (缩略图),verified,https://www.saac.gov.cn/daj/gqzt/04_07.html,item_surrogate,open,详情页 https://www.saac.gov.cn/daj/gqzt/04_07.html + 缩略图 https://www.saac.gov.cn/daj/gqzt/img/a004/s/s07.jpg；无 PDF 直链；,digital,full_item_online,public,citation_only,中央档案馆官方公布；引用需注明出处,unknown,L2,core,"[""1949新政协筹备""]","[""陈叔通""]","[""北京"", ""北平"", ""沈阳"", ""哈尔滨"", ""西柏坡"", ""香港""]","WebFetch 2026-07-20 实测 saac.gov.cn/daj/gqzt/04.html；提取页 04 第 7 件档案：陈叔通在新政治协商会议筹备会开幕典礼上的讲话（1949-06-15）（1949-06-15）。上下文：民建代表陈叔通讲话。属于 saac.gov.cn 中央档案馆《从""五一口号""到开国大典》档案文献专辑（共 93 件，6 子页，200+ 珍贵档案部分首次公开）。L2 等级依据：中央档案馆官方公布 = 官方一手档案。",digital_image,https://www.saac.gov.cn/daj/gqzt/04.html (页入口)；https://www.saac.gov.cn/daj/gqzt/04_07.html (档案详情页)；https://www.saac.gov.cn/daj/gqzt/img/a004/s/s07.jpg (缩略图),缩略图公开 + HTML 详情页公开，无 PDF/原件扫描直链；L1 升级需 cheer 取中央档案馆纸质/缩微原件或扫描件。,2026-07-20,claude-code,accepted,L2 accepted (批次 D-A)：8 党派官网 = 各党派中央委员会官方发布 + WebSearch 多源印证；saac.gov.cn = 中央档案馆 / 国家档案局官方公布；升级依据与 FRUS L3→L2 流程一致（多源核读 + 官方一手）。；SAAC OCR 不可采 (扫描图已下架或页面 404) 2026-08-02T08:13:12+00:00；SAAC OCR 不可采 (扫描图已下架或页面 404) 2026-08-02T08:13:12+00:00；SAAC OCR 不可采 (扫描图已下架或页面 404) 2026-08-02T08:13:31+00:00；SAAC OCR 不可采 (扫描图已下架或页面 404) 2026-08-02T08:13:31+00:00；SAAC OCR 不可采 (扫描图已下架或页面 404) 2026-08-02T08:14:25+00:00；SAAC OCR 不可采 (扫描图已下架或页面 404) 2026-08-02T08:14:25+00:00；SAAC OCR 不可采 (扫描图已下架或页面 404) 2026-08-02T08:14:25+00:00；SAAC OCR 不可采 (扫描图已下架或页面 404) 2026-08-02T08:14:25+00:00,2026-07-20,claude-code,lead_only,2026-07-21 13:10:52,L2,core,
531,domestic:SAAC:51koukou-p04-dde12,新政治协商会议筹备会关于参加新政治协商会议的单位及其代表名额的规定（1949-06-19）,中央档案馆 / 国家档案局（saac.gov.cn）,1949-06-19,中央档案馆官方档案（民主党派直接相关）,SAAC,中华人民共和国国家档案局 / 中央档案馆,"《从""五一口号""到开国大典》档案文献专辑",,,,页 04 DDE 12,saac.gov.cn/daj/gqzt/04.html (页入口) + 04_012.html (详情页) + img/a004/s/s12.jpg (缩略图),verified,https://www.saac.gov.cn/daj/gqzt/04_012.html,item_surrogate,open,详情页 https://www.saac.gov.cn/daj/gqzt/04_012.html + 缩略图 https://www.saac.gov.cn/daj/gqzt/img/a004/s/s12.jpg；无 PDF 直链；,digital,full_item_online,public,citation_only,中央档案馆官方公布；引用需注明出处,unknown,L2,core,"[""1949新政协筹备"", ""1949民盟参与政协""]","[""筹备会常委会""]","[""北京"", ""北平"", ""沈阳"", ""哈尔滨"", ""西柏坡"", ""香港""]","WebFetch 2026-07-20 实测 saac.gov.cn/daj/gqzt/04.html；提取页 04 第 12 件档案：新政治协商会议筹备会关于参加新政治协商会议的单位及其代表名额的规定（1949-06-19）（1949-06-19）。上下文：规定 8 大民主党派代表名额。属于 saac.gov.cn 中央档案馆《从""五一口号""到开国大典》档案文献专辑（共 93 件，6 子页，200+ 珍贵档案部分首次公开）。L2 等级依据：中央档案馆官方公布 = 官方一手档案。",digital_image,https://www.saac.gov.cn/daj/gqzt/04.html (页入口)；https://www.saac.gov.cn/daj/gqzt/04_012.html (档案详情页)；https://www.saac.gov.cn/daj/gqzt/img/a004/s/s12.jpg (缩略图),缩略图公开 + HTML 详情页公开，无 PDF/原件扫描直链；L1 升级需 cheer 取中央档案馆纸质/缩微原件或扫描件。,2026-07-20,claude-code,accepted,L2 accepted (批次 D-A)：8 党派官网 = 各党派中央委员会官方发布 + WebSearch 多源印证；saac.gov.cn = 中央档案馆 / 国家档案局官方公布；升级依据与 FRUS L3→L2 流程一致（多源核读 + 官方一手）。；SAAC OCR 不可采 (扫描图已下架或页面 404) 2026-08-02T08:13:12+00:00；SAAC OCR 不可采 (扫描图已下架或页面 404) 2026-08-02T08:13:12+00:00；SAAC OCR 不可采 (扫描图已下架或页面 404) 2026-08-02T08:13:31+00:00；SAAC OCR 不可采 (扫描图已下架或页面 404) 2026-08-02T08:13:31+00:00；SAAC OCR 不可采 (扫描图已下架或页面 404) 2026-08-02T08:14:25+00:00；SAAC OCR 不可采 (扫描图已下架或页面 404) 2026-08-02T08:14:25+00:00；SAAC OCR 不可采 (扫描图已下架或页面 404) 2026-08-02T08:14:25+00:00；SAAC OCR 不可采 (扫描图已下架或页面 404) 2026-08-02T08:14:25+00:00,2026-07-20,claude-code,lead_only,2026-07-21 13:10:52,L2,core,
532,domestic:SAAC:51koukou-p05-dde02,政协一届全体会议单位及代表名单（1949-09-21）,中央档案馆 / 国家档案局（saac.gov.cn）,1949-09-21,中央档案馆官方档案（民主党派直接相关）,SAAC,中华人民共和国国家档案局 / 中央档案馆,"《从""五一口号""到开国大典》档案文献专辑",,,,页 05 DDE 02,saac.gov.cn/daj/gqzt/05.html (页入口) + 05_02.html (详情页) + img/a005/s/s02.jpg (缩略图),verified,https://www.saac.gov.cn/daj/gqzt/05-1.html,item_surrogate,open,详情页 https://www.saac.gov.cn/daj/gqzt/05_02.html + 缩略图 https://www.saac.gov.cn/daj/gqzt/img/a005/s/s02.jpg；无 PDF 直链；,digital,full_item_online,public,citation_only,中央档案馆官方公布；引用需注明出处,unknown,L2,core,"[""1949民盟参与政协""]","[""全体代表""]","[""北京"", ""北平"", ""沈阳"", ""哈尔滨"", ""西柏坡"", ""香港""]","WebFetch 2026-07-20 实测 saac.gov.cn/daj/gqzt/05.html；提取页 05 第 2 件档案：政协一届全体会议单位及代表名单（1949-09-21）（1949-09-21）。上下文：8 大民主党派 + 特邀 + 区域代表正式名单。属于 saac.gov.cn 中央档案馆《从""五一口号""到开国大典》档案文献专辑（共 93 件，6 子页，200+ 珍贵档案部分首次公开）。L2 等级依据：中央档案馆官方公布 = 官方一手档案。",digital_image,https://www.saac.gov.cn/daj/gqzt/05.html (页入口)；https://www.saac.gov.cn/daj/gqzt/05_02.html (档案详情页)；https://www.saac.gov.cn/daj/gqzt/img/a005/s/s02.jpg (缩略图),缩略图公开 + HTML 详情页公开，无 PDF/原件扫描直链；L1 升级需 cheer 取中央档案馆纸质/缩微原件或扫描件。,2026-07-20,claude-code,accepted,L2 accepted (批次 D-A)：8 党派官网 = 各党派中央委员会官方发布 + WebSearch 多源印证；saac.gov.cn = 中央档案馆 / 国家档案局官方公布；升级依据与 FRUS L3→L2 流程一致（多源核读 + 官方一手）。；saac_ocr(saac-ocr-20260802) 2026-08-02T08:05:10+00:00,2026-07-20,claude-code,pass,2026-07-21 13:10:52,L2,core,1538
533,domestic:SAAC:51koukou-p05-dde11,张澜在政协一届全体会议上讲话（1949-09-21，民盟主席）,中央档案馆 / 国家档案局（saac.gov.cn）,1949-09-21,中央档案馆官方档案（民主党派直接相关）,SAAC,中华人民共和国国家档案局 / 中央档案馆,"《从""五一口号""到开国大典》档案文献专辑",,,,页 05 DDE 11,saac.gov.cn/daj/gqzt/05.html (页入口) + 05_011.html (详情页) + img/a005/s/s11.jpg (缩略图),verified,https://www.saac.gov.cn/daj/gqzt/05-1.html,item_surrogate,open,详情页 https://www.saac.gov.cn/daj/gqzt/05_011.html + 缩略图 https://www.saac.gov.cn/daj/gqzt/img/a005/s/s11.jpg；无 PDF 直链；,digital,full_item_online,public,citation_only,中央档案馆官方公布；引用需注明出处,unknown,L2,core,"[""1949民盟参与政协""]","[""张澜""]","[""北京"", ""北平"", ""沈阳"", ""哈尔滨"", ""西柏坡"", ""香港""]","WebFetch 2026-07-20 实测 saac.gov.cn/daj/gqzt/05.html；提取页 05 第 11 件档案：张澜在政协一届全体会议上讲话（1949-09-21，民盟主席）（1949-09-21）。上下文：民盟主席张澜讲话。属于 saac.gov.cn 中央档案馆《从""五一口号""到开国大典》档案文献专辑（共 93 件，6 子页，200+ 珍贵档案部分首次公开）。L2 等级依据：中央档案馆官方公布 = 官方一手档案。",digital_image,https://www.saac.gov.cn/daj/gqzt/05.html (页入口)；https://www.saac.gov.cn/daj/gqzt/05_011.html (档案详情页)；https://www.saac.gov.cn/daj/gqzt/img/a005/s/s11.jpg (缩略图),缩略图公开 + HTML 详情页公开，无 PDF/原件扫描直链；L1 升级需 cheer 取中央档案馆纸质/缩微原件或扫描件。,2026-07-20,claude-code,accepted,L2 accepted (批次 D-A)：8 党派官网 = 各党派中央委员会官方发布 + WebSearch 多源印证；saac.gov.cn = 中央档案馆 / 国家档案局官方公布；升级依据与 FRUS L3→L2 流程一致（多源核读 + 官方一手）。；SAAC OCR 不可采 (扫描图已下架或页面 404) 2026-08-02T08:13:12+00:00；SAAC OCR 不可采 (扫描图已下架或页面 404) 2026-08-02T08:13:31+00:00；SAAC OCR 不可采 (扫描图已下架或页面 404) 2026-08-02T08:14:25+00:00；SAAC OCR 不可采 (扫描图已下架或页面 404) 2026-08-02T08:14:25+00:00,2026-07-20,claude-code,lead_only,2026-07-21 13:10:52,L2,core,
534,domestic:SAAC:51koukou-p05-dde10,宋庆龄在政协一届全体会议上讲话（1949-09-21，特邀代表）,中央档案馆 / 国家档案局（saac.gov.cn）,1949-09-21,中央档案馆官方档案（民主党派直接相关）,SAAC,中华人民共和国国家档案局 / 中央档案馆,"《从""五一口号""到开国大典》档案文献专辑",,,,页 05 DDE 10,saac.gov.cn/daj/gqzt/05.html (页入口) + 05_010.html (详情页) + img/a005/s/s10.jpg (缩略图),verified,https://www.saac.gov.cn/daj/gqzt/05-1.html,item_surrogate,open,详情页 https://www.saac.gov.cn/daj/gqzt/05_010.html + 缩略图 https://www.saac.gov.cn/daj/gqzt/img/a005/s/s10.jpg；无 PDF 直链；,digital,full_item_online,public,citation_only,中央档案馆官方公布；引用需注明出处,unknown,L2,core,"[""1949民盟参与政协""]","[""宋庆龄""]","[""北京"", ""北平"", ""沈阳"", ""哈尔滨"", ""西柏坡"", ""香港""]","WebFetch 2026-07-20 实测 saac.gov.cn/daj/gqzt/05.html；提取页 05 第 10 件档案：宋庆龄在政协一届全体会议上讲话（1949-09-21，特邀代表）（1949-09-21）。上下文：民革名誉主席宋庆龄讲话。属于 saac.gov.cn 中央档案馆《从""五一口号""到开国大典》档案文献专辑（共 93 件，6 子页，200+ 珍贵档案部分首次公开）。L2 等级依据：中央档案馆官方公布 = 官方一手档案。",digital_image,https://www.saac.gov.cn/daj/gqzt/05.html (页入口)；https://www.saac.gov.cn/daj/gqzt/05_010.html (档案详情页)；https://www.saac.gov.cn/daj/gqzt/img/a005/s/s10.jpg (缩略图),缩略图公开 + HTML 详情页公开，无 PDF/原件扫描直链；L1 升级需 cheer 取中央档案馆纸质/缩微原件或扫描件。,2026-07-20,claude-code,accepted,L2 accepted (批次 D-A)：8 党派官网 = 各党派中央委员会官方发布 + WebSearch 多源印证；saac.gov.cn = 中央档案馆 / 国家档案局官方公布；升级依据与 FRUS L3→L2 流程一致（多源核读 + 官方一手）。；SAAC OCR 不可采 (扫描图已下架或页面 404) 2026-08-02T08:13:12+00:00；SAAC OCR 不可采 (扫描图已下架或页面 404) 2026-08-02T08:13:31+00:00；SAAC OCR 不可采 (扫描图已下架或页面 404) 2026-08-02T08:14:25+00:00；SAAC OCR 不可采 (扫描图已下架或页面 404) 2026-08-02T08:14:25+00:00,2026-07-20,claude-code,lead_only,2026-07-21 13:10:52,L2,core,
535,domestic:SAAC:51koukou-p05-dde16,何香凝、陈毅、黄炎培在政协一届全体会议上讲话照片（1949-09-21）,中央档案馆 / 国家档案局（saac.gov.cn）,1949-09-21,中央档案馆官方档案（民主党派直接相关）,SAAC,中华人民共和国国家档案局 / 中央档案馆,"《从""五一口号""到开国大典》档案文献专辑",,,,页 05 DDE 16,saac.gov.cn/daj/gqzt/05.html (页入口) + 05_016.html (详情页) + img/a005/s/s16.jpg (缩略图),verified,https://www.saac.gov.cn/daj/gqzt/05-1.html,item_surrogate,open,详情页 https://www.saac.gov.cn/daj/gqzt/05_016.html + 缩略图 https://www.saac.gov.cn/daj/gqzt/img/a005/s/s16.jpg；无 PDF 直链；,digital,full_item_online,public,citation_only,中央档案馆官方公布；引用需注明出处,unknown,L2,core,"[""1949民盟参与政协""]","[""何香凝"", ""陈毅"", ""黄炎培""]","[""北京"", ""北平"", ""沈阳"", ""哈尔滨"", ""西柏坡"", ""香港""]","WebFetch 2026-07-20 实测 saac.gov.cn/daj/gqzt/05.html；提取页 05 第 16 件档案：何香凝、陈毅、黄炎培在政协一届全体会议上讲话照片（1949-09-21）（1949-09-21）。上下文：民革何香凝 + 中共陈毅 + 民建黄炎培讲话合影。属于 saac.gov.cn 中央档案馆《从""五一口号""到开国大典》档案文献专辑（共 93 件，6 子页，200+ 珍贵档案部分首次公开）。L2 等级依据：中央档案馆官方公布 = 官方一手档案。",digital_image,https://www.saac.gov.cn/daj/gqzt/05.html (页入口)；https://www.saac.gov.cn/daj/gqzt/05_016.html (档案详情页)；https://www.saac.gov.cn/daj/gqzt/img/a005/s/s16.jpg (缩略图),缩略图公开 + HTML 详情页公开，无 PDF/原件扫描直链；L1 升级需 cheer 取中央档案馆纸质/缩微原件或扫描件。,2026-07-20,claude-code,accepted,L2 accepted (批次 D-A)：8 党派官网 = 各党派中央委员会官方发布 + WebSearch 多源印证；saac.gov.cn = 中央档案馆 / 国家档案局官方公布；升级依据与 FRUS L3→L2 流程一致（多源核读 + 官方一手）。；SAAC OCR 不可采 (扫描图已下架或页面 404) 2026-08-02T08:13:12+00:00；SAAC OCR 不可采 (扫描图已下架或页面 404) 2026-08-02T08:13:31+00:00；SAAC OCR 不可采 (扫描图已下架或页面 404) 2026-08-02T08:14:25+00:00；SAAC OCR 不可采 (扫描图已下架或页面 404) 2026-08-02T08:14:25+00:00,2026-07-20,claude-code,lead_only,2026-07-21 13:10:52,L2,core,
536,domestic:SAAC:51koukou-p05-dde15,司徒美堂在政协一届全体会议上讲话（1949-09-21，华侨代表）,中央档案馆 / 国家档案局（saac.gov.cn）,1949-09-21,中央档案馆官方档案（民主党派直接相关）,SAAC,中华人民共和国国家档案局 / 中央档案馆,"《从""五一口号""到开国大典》档案文献专辑",,,,页 05 DDE 15,saac.gov.cn/daj/gqzt/05.html (页入口) + 05_015.html (详情页) + img/a005/s/s15.jpg (缩略图),verified,https://www.saac.gov.cn/daj/gqzt/05-1.html,item_surrogate,open,详情页 https://www.saac.gov.cn/daj/gqzt/05_015.html + 缩略图 https://www.saac.gov.cn/daj/gqzt/img/a005/s/s15.jpg；无 PDF 直链；,digital,full_item_online,public,citation_only,中央档案馆官方公布；引用需注明出处,unknown,L2,core,"[""1949民盟参与政协""]","[""司徒美堂""]","[""北京"", ""北平"", ""沈阳"", ""哈尔滨"", ""西柏坡"", ""香港""]","WebFetch 2026-07-20 实测 saac.gov.cn/daj/gqzt/05.html；提取页 05 第 15 件档案：司徒美堂在政协一届全体会议上讲话（1949-09-21，华侨代表）（1949-09-21）。上下文：致公党元老司徒美堂讲话。属于 saac.gov.cn 中央档案馆《从""五一口号""到开国大典》档案文献专辑（共 93 件，6 子页，200+ 珍贵档案部分首次公开）。L2 等级依据：中央档案馆官方公布 = 官方一手档案。",digital_image,https://www.saac.gov.cn/daj/gqzt/05.html (页入口)；https://www.saac.gov.cn/daj/gqzt/05_015.html (档案详情页)；https://www.saac.gov.cn/daj/gqzt/img/a005/s/s15.jpg (缩略图),缩略图公开 + HTML 详情页公开，无 PDF/原件扫描直链；L1 升级需 cheer 取中央档案馆纸质/缩微原件或扫描件。,2026-07-20,claude-code,accepted,L2 accepted (批次 D-A)：8 党派官网 = 各党派中央委员会官方发布 + WebSearch 多源印证；saac.gov.cn = 中央档案馆 / 国家档案局官方公布；升级依据与 FRUS L3→L2 流程一致（多源核读 + 官方一手）。；SAAC OCR 不可采 (扫描图已下架或页面 404) 2026-08-02T08:13:12+00:00；SAAC OCR 不可采 (扫描图已下架或页面 404) 2026-08-02T08:13:31+00:00；SAAC OCR 不可采 (扫描图已下架或页面 404) 2026-08-02T08:14:25+00:00；SAAC OCR 不可采 (扫描图已下架或页面 404) 2026-08-02T08:14:25+00:00,2026-07-20,claude-code,lead_only,2026-07-21 13:10:52,L2,core,
537,domestic:WM:1946-zhonggong-weituo-minmeng-daiguanfangchan-xin,《中共代表团撤离前委托民盟代管房产的信》(1946),中共代表团（来源 cppcc.people.com.cn 中国政协官方）,1946,民国时期档案扫描件（公有领域 PD-China）,WM,Wikimedia Commons 中国民主同盟分类,China Democratic League (Wikimedia Commons Category),,,,https://commons.wikimedia.org/wiki/File:中共代表团撤离前委托民盟代管房产的信.jpg,Wikimedia Commons File:中共代表团撤离前委托民盟代管房产的信.jpg；来源：中国政协 cppcc.people.com.cn/BIG5/35948/9974422.html,verified,https://upload.wikimedia.org/wikipedia/commons/7/70/%E4%B8%AD%E5%85%B1%E4%BB%A3%E8%A1%A8%E5%9B%A2%E6%92%A4%E7%A6%BB%E5%89%8D%E5%A7%94%E6%89%98%E6%B0%91%E7%9B%9F%E4%BB%A3%E7%AE%A1%E6%88%BF%E4%BA%A7%E7%9A%84%E4%BF%A1.jpg,item_surrogate,open,公有领域 PD-China；JPEG 64KB 220×308；,digital,full_item_online,public,public_domain,PD-China 公有领域（中国法律下版权已过期）；Wikimedia Commons 标注,yes,L2,core,"[""1946政治协商会议"", ""1947民盟解散""]","[""中共代表团"", ""中国民主同盟""]","[""南京"", ""重庆""]",WebFetch 2026-07-20 实测 Wikimedia Commons /wiki/File:中共代表团撤离前委托民盟代管房产的信.jpg；文件元数据：日期 1946；来源 cppcc.people.com.cn/BIG5/35948/9974422.html（中国政协官方页面）；公有领域 PD-China；JPEG 64KB 220×308；L2 等级：公有领域 + 中国政协官方源。,digital_image,https://commons.wikimedia.org/wiki/File:中共代表团撤离前委托民盟代管房产的信.jpg (元数据)；https://upload.wikimedia.org/wikipedia/commons/7/70/... (直接下载)；http://cppcc.people.com.cn/BIG5/35948/9974422.html (中国政协源),分辨率仅 220×308 较小；L1 升级需 cppcc.people.com.cn 源页取高分辨率原件。,2026-07-20,claude-code,accepted,L2 accepted (批次 E-A)：Wikimedia Commons 公有领域 PD-China 历史扫描件；来源：中国政协 cppcc.people.com.cn 官方页面；WebFetch 2026-07-20 实测元数据 + 直链。；图片候选不入 OCR；仅线索登记 2026-08-02T08:18:31+00:00,2026-07-20,claude-code,lead_only,2026-07-21 13:10:52,L2,core,
538,domestic:WM:1947-zhonggong-minmeng-kangyi-zhengfu-jiesan-minmeng,《中共及民盟的地方组织抗议政府解散民盟》(1947 报纸剪报),中共及民盟地方组织（来源 cppcc.people.com.cn 中国政协官方）,1947,民国时期报纸剪报扫描件（公有领域 PD-China）,WM,Wikimedia Commons 中国民主同盟分类,China Democratic League (Wikimedia Commons Category),,,,https://commons.wikimedia.org/wiki/File:中共及民盟的地方组织抗议政府解散民盟.jpg,Wikimedia Commons File:中共及民盟的地方组织抗议政府解散民盟.jpg；来源：中国政协 cppcc.people.com.cn/BIG5/35948/9974424.html,verified,https://upload.wikimedia.org/wikipedia/commons/f/ff/%E4%B8%AD%E5%85%B1%E5%8F%8A%E6%B0%91%E7%9B%9F%E7%9A%84%E5%9C%B0%E6%96%B9%E7%BB%84%E7%BB%87%E6%8A%97%E8%AE%AE%E6%94%BF%E5%BA%9C%E8%A7%A3%E6%95%A3%E6%B0%91%E7%9B%9F.jpg,item_surrogate,open,公有领域 PD-China；JPEG 106KB 400×335；,digital,full_item_online,public,public_domain,PD-China 公有领域（中国法律下版权已过期）；Wikimedia Commons 标注,yes,L2,core,"[""1947民盟解散""]","[""中共"", ""中国民主同盟"", ""国民党""]","[""南京""]","WebFetch 2026-07-20 实测 Wikimedia Commons /wiki/File:中共及民盟的地方组织抗议政府解散民盟.jpg；文件元数据：日期 1947；来源 cppcc.people.com.cn/BIG5/35948/9974424.html（中国政协官方页面）；描述：A 1947 newspaper clipping showing reports and statements from local CCP and China Democratic League organizations protesting the Kuomintang's illegal dissolution of the Democratic League on October 27, 1947. 公有领域 PD-China；JPEG 106KB 400×335；L2 等级：公有领域 + 中国政协官方源 + 关键历史时点（1947-10-27 民盟被迫解散声明）。",digital_image,https://commons.wikimedia.org/wiki/File:中共及民盟的地方组织抗议政府解散民盟.jpg (元数据)；https://upload.wikimedia.org/wikipedia/commons/f/ff/... (直接下载)；http://cppcc.people.com.cn/BIG5/35948/9974424.html (中国政协源),分辨率 400×335 中等；L1 升级需 cppcc.people.com.cn 源页取高分辨率原件。,2026-07-20,claude-code,accepted,L2 accepted (批次 E-A)：Wikimedia Commons 公有领域 PD-China 历史扫描件；来源：中国政协 cppcc.people.com.cn 官方页面；WebFetch 2026-07-20 实测元数据 + 直链。；图片候选不入 OCR；仅线索登记 2026-08-02T08:18:31+00:00,2026-07-20,claude-code,lead_only,2026-07-21 13:10:52,L2,core,
539,domestic:SAAC:51koukou-p02-dde01-f1,新政治协商会议筹备会各小组开会概要（1949-06 至 07）,中央档案馆 / 国家档案局（saac.gov.cn）,1949-06,中央档案馆官方档案,SAAC,中华人民共和国国家档案局 / 中央档案馆,"《从""五一口号""到开国大典》档案文献专辑",,,,页 02 DDE 01,saac.gov.cn/daj/gqzt/02.html (页入口) + 02_01.html (详情页) + img/a002/s/s01.jpg (缩略图),verified,https://www.saac.gov.cn/daj/gqzt/02.html,item_surrogate,open,详情页 https://www.saac.gov.cn/daj/gqzt/02_01.html + 缩略图 https://www.saac.gov.cn/daj/gqzt/img/a002/s/s01.jpg；无 PDF 直链；,digital,full_item_online,public,citation_only,中央档案馆官方公布,unknown,L2,core,"[""1949新政协筹备"", ""1949民盟参与政协"", ""1949开国大典""]","[""毛泽东"", ""周恩来"", ""刘少奇"", ""朱德"", ""中央人民政府委员会""]","[""北京"", ""北平""]","WebFetch 2026-07-20 实测 saac.gov.cn/daj/gqzt/02.html；提取页 02 第 1 件档案：新政治协商会议筹备会各小组开会概要（1949-06 至 07）（1949-06）。上下文：筹备会各小组开会概要。属于 saac.gov.cn 中央档案馆《从""五一口号""到开国大典》档案文献专辑。L2 等级：中央档案馆官方公布 = 官方一手档案。",digital_image,https://www.saac.gov.cn/daj/gqzt/02.html (页入口)；https://www.saac.gov.cn/daj/gqzt/02_01.html (档案详情页)；https://www.saac.gov.cn/daj/gqzt/img/a002/s/s01.jpg (缩略图),缩略图公开 + HTML 详情页公开，无 PDF/原件扫描直链；L1 升级需中央档案馆原件扫描。,2026-07-20,claude-code,accepted,L2 accepted (批次 F-1)：中央档案馆 1949 档案；WebFetch 2026-07-20 实测 saac.gov.cn；升级依据：与批次 D L2 流程一致（中央档案馆官方公布 = 官方一手）。；saac_ocr(saac-ocr-20260802) 2026-08-02T07:52:31+00:00,2026-07-20,claude-code,pass,2026-07-21 13:10:52,L2,core,1518
540,domestic:SAAC:51koukou-p02-dde02-f1,新政治协商会议筹备会关于各小组工作的报告（1949-08-23）,中央档案馆 / 国家档案局（saac.gov.cn）,1949-08-23,中央档案馆官方档案,SAAC,中华人民共和国国家档案局 / 中央档案馆,"《从""五一口号""到开国大典》档案文献专辑",,,,页 02 DDE 02,saac.gov.cn/daj/gqzt/02.html (页入口) + 02_02.html (详情页) + img/a002/s/s02.jpg (缩略图),verified,https://www.saac.gov.cn/daj/gqzt/02.html,item_surrogate,open,详情页 https://www.saac.gov.cn/daj/gqzt/02_02.html + 缩略图 https://www.saac.gov.cn/daj/gqzt/img/a002/s/s02.jpg；无 PDF 直链；,digital,full_item_online,public,citation_only,中央档案馆官方公布,unknown,L2,core,"[""1949新政协筹备"", ""1949民盟参与政协"", ""1949开国大典""]","[""毛泽东"", ""周恩来"", ""刘少奇"", ""朱德"", ""中央人民政府委员会""]","[""北京"", ""北平""]","WebFetch 2026-07-20 实测 saac.gov.cn/daj/gqzt/02.html；提取页 02 第 2 件档案：新政治协商会议筹备会关于各小组工作的报告（1949-08-23）（1949-08-23）。上下文：筹备会工作报告。属于 saac.gov.cn 中央档案馆《从""五一口号""到开国大典》档案文献专辑。L2 等级：中央档案馆官方公布 = 官方一手档案。",digital_image,https://www.saac.gov.cn/daj/gqzt/02.html (页入口)；https://www.saac.gov.cn/daj/gqzt/02_02.html (档案详情页)；https://www.saac.gov.cn/daj/gqzt/img/a002/s/s02.jpg (缩略图),缩略图公开 + HTML 详情页公开，无 PDF/原件扫描直链；L1 升级需中央档案馆原件扫描。,2026-07-20,claude-code,accepted,L2 accepted (批次 F-1)：中央档案馆 1949 档案；WebFetch 2026-07-20 实测 saac.gov.cn；升级依据：与批次 D L2 流程一致（中央档案馆官方公布 = 官方一手）。；SAAC OCR 不可采 (扫描图已下架或页面 404) 2026-08-02T08:13:12+00:00；SAAC OCR 不可采 (扫描图已下架或页面 404) 2026-08-02T08:13:12+00:00；SAAC OCR 不可采 (扫描图已下架或页面 404) 2026-08-02T08:13:31+00:00；SAAC OCR 不可采 (扫描图已下架或页面 404) 2026-08-02T08:13:31+00:00；SAAC OCR 不可采 (扫描图已下架或页面 404) 2026-08-02T08:14:25+00:00；SAAC OCR 不可采 (扫描图已下架或页面 404) 2026-08-02T08:14:25+00:00；SAAC OCR 不可采 (扫描图已下架或页面 404) 2026-08-02T08:14:25+00:00；SAAC OCR 不可采 (扫描图已下架或页面 404) 2026-08-02T08:14:25+00:00,2026-07-20,claude-code,lead_only,2026-07-21 13:10:52,L2,core,
541,domestic:SAAC:51koukou-p02-dde03-f1,新政协筹备会第一小组工作档案（1949-06 起）,中央档案馆 / 国家档案局（saac.gov.cn）,1949-06,中央档案馆官方档案,SAAC,中华人民共和国国家档案局 / 中央档案馆,"《从""五一口号""到开国大典》档案文献专辑",,,,页 02 DDE 03,saac.gov.cn/daj/gqzt/02.html (页入口) + 02_03.html (详情页) + img/a002/s/s03.jpg (缩略图),verified,https://www.saac.gov.cn/daj/gqzt/02.html,item_surrogate,open,详情页 https://www.saac.gov.cn/daj/gqzt/02_03.html + 缩略图 https://www.saac.gov.cn/daj/gqzt/img/a002/s/s03.jpg；无 PDF 直链；,digital,full_item_online,public,citation_only,中央档案馆官方公布,unknown,L2,core,"[""1949新政协筹备"", ""1949民盟参与政协"", ""1949开国大典""]","[""毛泽东"", ""周恩来"", ""刘少奇"", ""朱德"", ""中央人民政府委员会""]","[""北京"", ""北平""]","WebFetch 2026-07-20 实测 saac.gov.cn/daj/gqzt/02.html；提取页 02 第 3 件档案：新政协筹备会第一小组工作档案（1949-06 起）（1949-06）。上下文：第一小组。属于 saac.gov.cn 中央档案馆《从""五一口号""到开国大典》档案文献专辑。L2 等级：中央档案馆官方公布 = 官方一手档案。",digital_image,https://www.saac.gov.cn/daj/gqzt/02.html (页入口)；https://www.saac.gov.cn/daj/gqzt/02_03.html (档案详情页)；https://www.saac.gov.cn/daj/gqzt/img/a002/s/s03.jpg (缩略图),缩略图公开 + HTML 详情页公开，无 PDF/原件扫描直链；L1 升级需中央档案馆原件扫描。,2026-07-20,claude-code,accepted,L2 accepted (批次 F-1)：中央档案馆 1949 档案；WebFetch 2026-07-20 实测 saac.gov.cn；升级依据：与批次 D L2 流程一致（中央档案馆官方公布 = 官方一手）。；saac_ocr(saac-ocr-20260802) 2026-08-02T07:52:44+00:00,2026-07-20,claude-code,pass,2026-07-21 13:10:52,L2,core,1519
542,domestic:SAAC:51koukou-p02-dde04-f1,新政协筹备会第二小组工作档案（1949-06 起）,中央档案馆 / 国家档案局（saac.gov.cn）,1949-06,中央档案馆官方档案,SAAC,中华人民共和国国家档案局 / 中央档案馆,"《从""五一口号""到开国大典》档案文献专辑",,,,页 02 DDE 04,saac.gov.cn/daj/gqzt/02.html (页入口) + 02_04.html (详情页) + img/a002/s/s04.jpg (缩略图),verified,https://www.saac.gov.cn/daj/gqzt/02.html,item_surrogate,open,详情页 https://www.saac.gov.cn/daj/gqzt/02_04.html + 缩略图 https://www.saac.gov.cn/daj/gqzt/img/a002/s/s04.jpg；无 PDF 直链；,digital,full_item_online,public,citation_only,中央档案馆官方公布,unknown,L2,core,"[""1949新政协筹备"", ""1949民盟参与政协"", ""1949开国大典""]","[""毛泽东"", ""周恩来"", ""刘少奇"", ""朱德"", ""中央人民政府委员会""]","[""北京"", ""北平""]","WebFetch 2026-07-20 实测 saac.gov.cn/daj/gqzt/02.html；提取页 02 第 4 件档案：新政协筹备会第二小组工作档案（1949-06 起）（1949-06）。上下文：第二小组。属于 saac.gov.cn 中央档案馆《从""五一口号""到开国大典》档案文献专辑。L2 等级：中央档案馆官方公布 = 官方一手档案。",digital_image,https://www.saac.gov.cn/daj/gqzt/02.html (页入口)；https://www.saac.gov.cn/daj/gqzt/02_04.html (档案详情页)；https://www.saac.gov.cn/daj/gqzt/img/a002/s/s04.jpg (缩略图),缩略图公开 + HTML 详情页公开，无 PDF/原件扫描直链；L1 升级需中央档案馆原件扫描。,2026-07-20,claude-code,accepted,L2 accepted (批次 F-1)：中央档案馆 1949 档案；WebFetch 2026-07-20 实测 saac.gov.cn；升级依据：与批次 D L2 流程一致（中央档案馆官方公布 = 官方一手）。；saac_ocr(saac-ocr-20260802) 2026-08-02T07:52:54+00:00,2026-07-20,claude-code,pass,2026-07-21 13:10:52,L2,core,1520
543,domestic:SAAC:51koukou-p02-dde05-f1,新政协筹备会第三小组工作档案（1949-06 起）,中央档案馆 / 国家档案局（saac.gov.cn）,1949-06,中央档案馆官方档案,SAAC,中华人民共和国国家档案局 / 中央档案馆,"《从""五一口号""到开国大典》档案文献专辑",,,,页 02 DDE 05,saac.gov.cn/daj/gqzt/02.html (页入口) + 02_05.html (详情页) + img/a002/s/s05.jpg (缩略图),verified,https://www.saac.gov.cn/daj/gqzt/02.html,item_surrogate,open,详情页 https://www.saac.gov.cn/daj/gqzt/02_05.html + 缩略图 https://www.saac.gov.cn/daj/gqzt/img/a002/s/s05.jpg；无 PDF 直链；,digital,full_item_online,public,citation_only,中央档案馆官方公布,unknown,L2,core,"[""1949新政协筹备"", ""1949民盟参与政协"", ""1949开国大典""]","[""毛泽东"", ""周恩来"", ""刘少奇"", ""朱德"", ""中央人民政府委员会""]","[""北京"", ""北平""]","WebFetch 2026-07-20 实测 saac.gov.cn/daj/gqzt/02.html；提取页 02 第 5 件档案：新政协筹备会第三小组工作档案（1949-06 起）（1949-06）。上下文：第三小组（起草共同纲领）。属于 saac.gov.cn 中央档案馆《从""五一口号""到开国大典》档案文献专辑。L2 等级：中央档案馆官方公布 = 官方一手档案。",digital_image,https://www.saac.gov.cn/daj/gqzt/02.html (页入口)；https://www.saac.gov.cn/daj/gqzt/02_05.html (档案详情页)；https://www.saac.gov.cn/daj/gqzt/img/a002/s/s05.jpg (缩略图),缩略图公开 + HTML 详情页公开，无 PDF/原件扫描直链；L1 升级需中央档案馆原件扫描。,2026-07-20,claude-code,accepted,L2 accepted (批次 F-1)：中央档案馆 1949 档案；WebFetch 2026-07-20 实测 saac.gov.cn；升级依据：与批次 D L2 流程一致（中央档案馆官方公布 = 官方一手）。；saac_ocr(saac-ocr-20260802) 2026-08-02T07:53:07+00:00,2026-07-20,claude-code,pass,2026-07-21 13:10:52,L2,core,1521
544,domestic:SAAC:51koukou-p02-dde06-f1,新政协筹备会第四小组工作档案（1949-06 起）,中央档案馆 / 国家档案局（saac.gov.cn）,1949-06,中央档案馆官方档案,SAAC,中华人民共和国国家档案局 / 中央档案馆,"《从""五一口号""到开国大典》档案文献专辑",,,,页 02 DDE 06,saac.gov.cn/daj/gqzt/02.html (页入口) + 02_06.html (详情页) + img/a002/s/s06.jpg (缩略图),verified,https://www.saac.gov.cn/daj/gqzt/02.html,item_surrogate,open,详情页 https://www.saac.gov.cn/daj/gqzt/02_06.html + 缩略图 https://www.saac.gov.cn/daj/gqzt/img/a002/s/s06.jpg；无 PDF 直链；,digital,full_item_online,public,citation_only,中央档案馆官方公布,unknown,L2,core,"[""1949新政协筹备"", ""1949民盟参与政协"", ""1949开国大典""]","[""毛泽东"", ""周恩来"", ""刘少奇"", ""朱德"", ""中央人民政府委员会""]","[""北京"", ""北平""]","WebFetch 2026-07-20 实测 saac.gov.cn/daj/gqzt/02.html；提取页 02 第 6 件档案：新政协筹备会第四小组工作档案（1949-06 起）（1949-06）。上下文：第四小组（起草政府组织法）。属于 saac.gov.cn 中央档案馆《从""五一口号""到开国大典》档案文献专辑。L2 等级：中央档案馆官方公布 = 官方一手档案。",digital_image,https://www.saac.gov.cn/daj/gqzt/02.html (页入口)；https://www.saac.gov.cn/daj/gqzt/02_06.html (档案详情页)；https://www.saac.gov.cn/daj/gqzt/img/a002/s/s06.jpg (缩略图),缩略图公开 + HTML 详情页公开，无 PDF/原件扫描直链；L1 升级需中央档案馆原件扫描。,2026-07-20,claude-code,accepted,L2 accepted (批次 F-1)：中央档案馆 1949 档案；WebFetch 2026-07-20 实测 saac.gov.cn；升级依据：与批次 D L2 流程一致（中央档案馆官方公布 = 官方一手）。；saac_ocr(saac-ocr-20260802) 2026-08-02T07:53:43+00:00,2026-07-20,claude-code,pass,2026-07-21 13:10:52,L2,core,1522
545,domestic:SAAC:51koukou-p02-dde07-f1,新政协筹备会第五小组工作档案（1949-06 起）,中央档案馆 / 国家档案局（saac.gov.cn）,1949-06,中央档案馆官方档案,SAAC,中华人民共和国国家档案局 / 中央档案馆,"《从""五一口号""到开国大典》档案文献专辑",,,,页 02 DDE 07,saac.gov.cn/daj/gqzt/02.html (页入口) + 02_07.html (详情页) + img/a002/s/s07.jpg (缩略图),verified,https://www.saac.gov.cn/daj/gqzt/02.html,item_surrogate,open,详情页 https://www.saac.gov.cn/daj/gqzt/02_07.html + 缩略图 https://www.saac.gov.cn/daj/gqzt/img/a002/s/s07.jpg；无 PDF 直链；,digital,full_item_online,public,citation_only,中央档案馆官方公布,unknown,L2,core,"[""1949新政协筹备"", ""1949民盟参与政协"", ""1949开国大典""]","[""毛泽东"", ""周恩来"", ""刘少奇"", ""朱德"", ""中央人民政府委员会""]","[""北京"", ""北平""]","WebFetch 2026-07-20 实测 saac.gov.cn/daj/gqzt/02.html；提取页 02 第 7 件档案：新政协筹备会第五小组工作档案（1949-06 起）（1949-06）。上下文：第五小组（起草代表名单）。属于 saac.gov.cn 中央档案馆《从""五一口号""到开国大典》档案文献专辑。L2 等级：中央档案馆官方公布 = 官方一手档案。",digital_image,https://www.saac.gov.cn/daj/gqzt/02.html (页入口)；https://www.saac.gov.cn/daj/gqzt/02_07.html (档案详情页)；https://www.saac.gov.cn/daj/gqzt/img/a002/s/s07.jpg (缩略图),缩略图公开 + HTML 详情页公开，无 PDF/原件扫描直链；L1 升级需中央档案馆原件扫描。,2026-07-20,claude-code,accepted,L2 accepted (批次 F-1)：中央档案馆 1949 档案；WebFetch 2026-07-20 实测 saac.gov.cn；升级依据：与批次 D L2 流程一致（中央档案馆官方公布 = 官方一手）。；saac_ocr(saac-ocr-20260802) 2026-08-02T07:53:59+00:00,2026-07-20,claude-code,pass,2026-07-21 13:10:52,L2,core,1523
546,domestic:SAAC:51koukou-p02-dde08-f1,新政协筹备会第六小组工作档案（1949-06 起）,中央档案馆 / 国家档案局（saac.gov.cn）,1949-06,中央档案馆官方档案,SAAC,中华人民共和国国家档案局 / 中央档案馆,"《从""五一口号""到开国大典》档案文献专辑",,,,页 02 DDE 08,saac.gov.cn/daj/gqzt/02.html (页入口) + 02_08.html (详情页) + img/a002/s/s08.jpg (缩略图),verified,https://www.saac.gov.cn/daj/gqzt/02.html,item_surrogate,open,详情页 https://www.saac.gov.cn/daj/gqzt/02_08.html + 缩略图 https://www.saac.gov.cn/daj/gqzt/img/a002/s/s08.jpg；无 PDF 直链；,digital,full_item_online,public,citation_only,中央档案馆官方公布,unknown,L2,core,"[""1949新政协筹备"", ""1949民盟参与政协"", ""1949开国大典""]","[""毛泽东"", ""周恩来"", ""刘少奇"", ""朱德"", ""中央人民政府委员会""]","[""北京"", ""北平""]","WebFetch 2026-07-20 实测 saac.gov.cn/daj/gqzt/02.html；提取页 02 第 8 件档案：新政协筹备会第六小组工作档案（1949-06 起）（1949-06）。上下文：第六小组（拟定国旗国歌国徽）。属于 saac.gov.cn 中央档案馆《从""五一口号""到开国大典》档案文献专辑。L2 等级：中央档案馆官方公布 = 官方一手档案。",digital_image,https://www.saac.gov.cn/daj/gqzt/02.html (页入口)；https://www.saac.gov.cn/daj/gqzt/02_08.html (档案详情页)；https://www.saac.gov.cn/daj/gqzt/img/a002/s/s08.jpg (缩略图),缩略图公开 + HTML 详情页公开，无 PDF/原件扫描直链；L1 升级需中央档案馆原件扫描。,2026-07-20,claude-code,accepted,L2 accepted (批次 F-1)：中央档案馆 1949 档案；WebFetch 2026-07-20 实测 saac.gov.cn；升级依据：与批次 D L2 流程一致（中央档案馆官方公布 = 官方一手）。；saac_ocr(saac-ocr-20260802) 2026-08-02T07:54:09+00:00,2026-07-20,claude-code,pass,2026-07-21 13:10:52,L2,core,1524
547,domestic:SAAC:51koukou-p03-dde01-f1,周恩来、李维汉在中国人民政治协商会议筹备会第二次全体会议上讲话（1949-09-17）,中央档案馆 / 国家档案局（saac.gov.cn）,1949-09-17,中央档案馆官方档案,SAAC,中华人民共和国国家档案局 / 中央档案馆,"《从""五一口号""到开国大典》档案文献专辑",,,,页 03 DDE 01,saac.gov.cn/daj/gqzt/03.html (页入口) + 03_01.html (详情页) + img/a003/s/s01.jpg (缩略图),verified,https://www.saac.gov.cn/daj/gqzt/03_01.html,item_surrogate,open,详情页 https://www.saac.gov.cn/daj/gqzt/03_01.html + 缩略图 https://www.saac.gov.cn/daj/gqzt/img/a003/s/s01.jpg；无 PDF 直链；,digital,full_item_online,public,citation_only,中央档案馆官方公布,unknown,L2,core,"[""1949新政协筹备"", ""1949民盟参与政协"", ""1949开国大典""]","[""毛泽东"", ""周恩来"", ""刘少奇"", ""朱德"", ""中央人民政府委员会""]","[""北京"", ""北平""]","WebFetch 2026-07-20 实测 saac.gov.cn/daj/gqzt/03.html；提取页 03 第 1 件档案：周恩来、李维汉在中国人民政治协商会议筹备会第二次全体会议上讲话（1949-09-17）（1949-09-17）。上下文：筹备会二次全会讲话。属于 saac.gov.cn 中央档案馆《从""五一口号""到开国大典》档案文献专辑。L2 等级：中央档案馆官方公布 = 官方一手档案。",digital_image,https://www.saac.gov.cn/daj/gqzt/03.html (页入口)；https://www.saac.gov.cn/daj/gqzt/03_01.html (档案详情页)；https://www.saac.gov.cn/daj/gqzt/img/a003/s/s01.jpg (缩略图),缩略图公开 + HTML 详情页公开，无 PDF/原件扫描直链；L1 升级需中央档案馆原件扫描。,2026-07-20,claude-code,accepted,L2 accepted (批次 F-1)：中央档案馆 1949 档案；WebFetch 2026-07-20 实测 saac.gov.cn；升级依据：与批次 D L2 流程一致（中央档案馆官方公布 = 官方一手）。；saac_ocr(saac-ocr-20260802) 2026-08-02T07:54:15+00:00,2026-07-20,claude-code,pass,2026-07-21 13:10:52,L2,core,1525
548,domestic:SAAC:51koukou-p03-dde02-f1,中国人民政治协商会议筹备会第二次全体会议决议案（1949-09-17）,中央档案馆 / 国家档案局（saac.gov.cn）,1949-09-17,中央档案馆官方档案,SAAC,中华人民共和国国家档案局 / 中央档案馆,"《从""五一口号""到开国大典》档案文献专辑",,,,页 03 DDE 02,saac.gov.cn/daj/gqzt/03.html (页入口) + 03_02.html (详情页) + img/a003/s/s02.jpg (缩略图),verified,https://www.saac.gov.cn/daj/gqzt/03_02.html,item_surrogate,open,详情页 https://www.saac.gov.cn/daj/gqzt/03_02.html + 缩略图 https://www.saac.gov.cn/daj/gqzt/img/a003/s/s02.jpg；无 PDF 直链；,digital,full_item_online,public,citation_only,中央档案馆官方公布,unknown,L2,core,"[""1949新政协筹备"", ""1949民盟参与政协"", ""1949开国大典""]","[""毛泽东"", ""周恩来"", ""刘少奇"", ""朱德"", ""中央人民政府委员会""]","[""北京"", ""北平""]","WebFetch 2026-07-20 实测 saac.gov.cn/daj/gqzt/03.html；提取页 03 第 2 件档案：中国人民政治协商会议筹备会第二次全体会议决议案（1949-09-17）（1949-09-17）。上下文：筹备会二次全会决议。属于 saac.gov.cn 中央档案馆《从""五一口号""到开国大典》档案文献专辑。L2 等级：中央档案馆官方公布 = 官方一手档案。",digital_image,https://www.saac.gov.cn/daj/gqzt/03.html (页入口)；https://www.saac.gov.cn/daj/gqzt/03_02.html (档案详情页)；https://www.saac.gov.cn/daj/gqzt/img/a003/s/s02.jpg (缩略图),缩略图公开 + HTML 详情页公开，无 PDF/原件扫描直链；L1 升级需中央档案馆原件扫描。,2026-07-20,claude-code,accepted,L2 accepted (批次 F-1)：中央档案馆 1949 档案；WebFetch 2026-07-20 实测 saac.gov.cn；升级依据：与批次 D L2 流程一致（中央档案馆官方公布 = 官方一手）。；saac_ocr(saac-ocr-20260802) 2026-08-02T07:54:29+00:00,2026-07-20,claude-code,pass,2026-07-21 13:10:52,L2,core,1526
549,domestic:SAAC:51koukou-p03-dde03-f1,中国人民政治协商会议筹备会第二次全体会议记录（1949-09-17）,中央档案馆 / 国家档案局（saac.gov.cn）,1949-09-17,中央档案馆官方档案,SAAC,中华人民共和国国家档案局 / 中央档案馆,"《从""五一口号""到开国大典》档案文献专辑",,,,页 03 DDE 03,saac.gov.cn/daj/gqzt/03.html (页入口) + 03_03.html (详情页) + img/a003/s/s03.jpg (缩略图),verified,https://www.saac.gov.cn/daj/gqzt/03_03.html,item_surrogate,open,详情页 https://www.saac.gov.cn/daj/gqzt/03_03.html + 缩略图 https://www.saac.gov.cn/daj/gqzt/img/a003/s/s03.jpg；无 PDF 直链；,digital,full_item_online,public,citation_only,中央档案馆官方公布,unknown,L2,core,"[""1949新政协筹备"", ""1949民盟参与政协"", ""1949开国大典""]","[""毛泽东"", ""周恩来"", ""刘少奇"", ""朱德"", ""中央人民政府委员会""]","[""北京"", ""北平""]","WebFetch 2026-07-20 实测 saac.gov.cn/daj/gqzt/03.html；提取页 03 第 3 件档案：中国人民政治协商会议筹备会第二次全体会议记录（1949-09-17）（1949-09-17）。上下文：筹备会二次全会记录。属于 saac.gov.cn 中央档案馆《从""五一口号""到开国大典》档案文献专辑。L2 等级：中央档案馆官方公布 = 官方一手档案。",digital_image,https://www.saac.gov.cn/daj/gqzt/03.html (页入口)；https://www.saac.gov.cn/daj/gqzt/03_03.html (档案详情页)；https://www.saac.gov.cn/daj/gqzt/img/a003/s/s03.jpg (缩略图),缩略图公开 + HTML 详情页公开，无 PDF/原件扫描直链；L1 升级需中央档案馆原件扫描。,2026-07-20,claude-code,accepted,L2 accepted (批次 F-1)：中央档案馆 1949 档案；WebFetch 2026-07-20 实测 saac.gov.cn；升级依据：与批次 D L2 流程一致（中央档案馆官方公布 = 官方一手）。；saac_ocr(saac-ocr-20260802) 2026-08-02T07:54:46+00:00,2026-07-20,claude-code,pass,2026-07-21 13:10:52,L2,core,1527
550,domestic:SAAC:51koukou-p03-dde04-f1,中国人民政治协商会议第一届全体会议主席团及秘书长名单（草案）（1949-09）,中央档案馆 / 国家档案局（saac.gov.cn）,1949-09,中央档案馆官方档案,SAAC,中华人民共和国国家档案局 / 中央档案馆,"《从""五一口号""到开国大典》档案文献专辑",,,,页 03 DDE 04,saac.gov.cn/daj/gqzt/03.html (页入口) + 03_04.html (详情页) + img/a003/s/s04.jpg (缩略图),verified,https://www.saac.gov.cn/daj/gqzt/03_04.html,item_surrogate,open,详情页 https://www.saac.gov.cn/daj/gqzt/03_04.html + 缩略图 https://www.saac.gov.cn/daj/gqzt/img/a003/s/s04.jpg；无 PDF 直链；,digital,full_item_online,public,citation_only,中央档案馆官方公布,unknown,L2,core,"[""1949新政协筹备"", ""1949民盟参与政协"", ""1949开国大典""]","[""毛泽东"", ""周恩来"", ""刘少奇"", ""朱德"", ""中央人民政府委员会""]","[""北京"", ""北平""]","WebFetch 2026-07-20 实测 saac.gov.cn/daj/gqzt/03.html；提取页 03 第 4 件档案：中国人民政治协商会议第一届全体会议主席团及秘书长名单（草案）（1949-09）（1949-09）。上下文：主席团秘书长名单草案。属于 saac.gov.cn 中央档案馆《从""五一口号""到开国大典》档案文献专辑。L2 等级：中央档案馆官方公布 = 官方一手档案。",digital_image,https://www.saac.gov.cn/daj/gqzt/03.html (页入口)；https://www.saac.gov.cn/daj/gqzt/03_04.html (档案详情页)；https://www.saac.gov.cn/daj/gqzt/img/a003/s/s04.jpg (缩略图),缩略图公开 + HTML 详情页公开，无 PDF/原件扫描直链；L1 升级需中央档案馆原件扫描。,2026-07-20,claude-code,accepted,L2 accepted (批次 F-1)：中央档案馆 1949 档案；WebFetch 2026-07-20 实测 saac.gov.cn；升级依据：与批次 D L2 流程一致（中央档案馆官方公布 = 官方一手）。；saac_ocr(saac-ocr-20260802) 2026-08-02T07:54:57+00:00,2026-07-20,claude-code,pass,2026-07-21 13:10:52,L2,core,1528
551,domestic:SAAC:51koukou-p03-dde05-f1,中国人民政治协商会议筹备会关于召开中国人民政治协商会议第一届全体会议的通知（1949-09-20）,中央档案馆 / 国家档案局（saac.gov.cn）,1949-09-20,中央档案馆官方档案,SAAC,中华人民共和国国家档案局 / 中央档案馆,"《从""五一口号""到开国大典》档案文献专辑",,,,页 03 DDE 05,saac.gov.cn/daj/gqzt/03.html (页入口) + 03_05.html (详情页) + img/a003/s/s05.jpg (缩略图),verified,https://www.saac.gov.cn/daj/gqzt/03_05.html,item_surrogate,open,详情页 https://www.saac.gov.cn/daj/gqzt/03_05.html + 缩略图 https://www.saac.gov.cn/daj/gqzt/img/a003/s/s05.jpg；无 PDF 直链；,digital,full_item_online,public,citation_only,中央档案馆官方公布,unknown,L2,core,"[""1949新政协筹备"", ""1949民盟参与政协"", ""1949开国大典""]","[""毛泽东"", ""周恩来"", ""刘少奇"", ""朱德"", ""中央人民政府委员会""]","[""北京"", ""北平""]","WebFetch 2026-07-20 实测 saac.gov.cn/daj/gqzt/03.html；提取页 03 第 5 件档案：中国人民政治协商会议筹备会关于召开中国人民政治协商会议第一届全体会议的通知（1949-09-20）（1949-09-20）。上下文：政协一届会议通知。属于 saac.gov.cn 中央档案馆《从""五一口号""到开国大典》档案文献专辑。L2 等级：中央档案馆官方公布 = 官方一手档案。",digital_image,https://www.saac.gov.cn/daj/gqzt/03.html (页入口)；https://www.saac.gov.cn/daj/gqzt/03_05.html (档案详情页)；https://www.saac.gov.cn/daj/gqzt/img/a003/s/s05.jpg (缩略图),缩略图公开 + HTML 详情页公开，无 PDF/原件扫描直链；L1 升级需中央档案馆原件扫描。,2026-07-20,claude-code,accepted,L2 accepted (批次 F-1)：中央档案馆 1949 档案；WebFetch 2026-07-20 实测 saac.gov.cn；升级依据：与批次 D L2 流程一致（中央档案馆官方公布 = 官方一手）。；saac_ocr(saac-ocr-20260802) 2026-08-02T07:55:04+00:00,2026-07-20,claude-code,pass,2026-07-21 13:10:52,L2,core,1529
552,domestic:SAAC:51koukou-p06-dde01-f1,中央人民政府委员会第一次会议通知（1949-09-30）,中央档案馆 / 国家档案局（saac.gov.cn）,1949-09-30,中央档案馆官方档案,SAAC,中华人民共和国国家档案局 / 中央档案馆,"《从""五一口号""到开国大典》档案文献专辑",,,,页 06 DDE 01,saac.gov.cn/daj/gqzt/06.html (页入口) + 06_01.html (详情页) + img/a006/s/s01.jpg (缩略图),verified,https://www.saac.gov.cn/daj/gqzt/06_01.html,item_surrogate,open,详情页 https://www.saac.gov.cn/daj/gqzt/06_01.html + 缩略图 https://www.saac.gov.cn/daj/gqzt/img/a006/s/s01.jpg；无 PDF 直链；,digital,full_item_online,public,citation_only,中央档案馆官方公布,unknown,L2,core,"[""1949新政协筹备"", ""1949民盟参与政协"", ""1949开国大典""]","[""毛泽东"", ""周恩来"", ""刘少奇"", ""朱德"", ""中央人民政府委员会""]","[""北京"", ""北平""]","WebFetch 2026-07-20 实测 saac.gov.cn/daj/gqzt/06.html；提取页 06 第 1 件档案：中央人民政府委员会第一次会议通知（1949-09-30）（1949-09-30）。上下文：中央人民政府首次会议通知。属于 saac.gov.cn 中央档案馆《从""五一口号""到开国大典》档案文献专辑。L2 等级：中央档案馆官方公布 = 官方一手档案。",digital_image,https://www.saac.gov.cn/daj/gqzt/06.html (页入口)；https://www.saac.gov.cn/daj/gqzt/06_01.html (档案详情页)；https://www.saac.gov.cn/daj/gqzt/img/a006/s/s01.jpg (缩略图),缩略图公开 + HTML 详情页公开，无 PDF/原件扫描直链；L1 升级需中央档案馆原件扫描。,2026-07-20,claude-code,accepted,L2 accepted (批次 F-1)：中央档案馆 1949 档案；WebFetch 2026-07-20 实测 saac.gov.cn；升级依据：与批次 D L2 流程一致（中央档案馆官方公布 = 官方一手）。；saac_ocr(saac-ocr-20260802) 2026-08-02T08:07:35+00:00,2026-07-20,claude-code,pass,2026-07-21 13:10:52,L2,core,1544
553,domestic:SAAC:51koukou-p06-dde02-f1,中国人民政治协商会议第一届全体会议会刊第十一期（1949-10-01）,中央档案馆 / 国家档案局（saac.gov.cn）,1949-10-01,中央档案馆官方档案,SAAC,中华人民共和国国家档案局 / 中央档案馆,"《从""五一口号""到开国大典》档案文献专辑",,,,页 06 DDE 02,saac.gov.cn/daj/gqzt/06.html (页入口) + 06_02.html (详情页) + img/a006/s/s02.jpg (缩略图),verified,https://www.saac.gov.cn/daj/gqzt/06_02.html,item_surrogate,open,详情页 https://www.saac.gov.cn/daj/gqzt/06_02.html + 缩略图 https://www.saac.gov.cn/daj/gqzt/img/a006/s/s02.jpg；无 PDF 直链；,digital,full_item_online,public,citation_only,中央档案馆官方公布,unknown,L2,core,"[""1949新政协筹备"", ""1949民盟参与政协"", ""1949开国大典""]","[""毛泽东"", ""周恩来"", ""刘少奇"", ""朱德"", ""中央人民政府委员会""]","[""北京"", ""北平""]","WebFetch 2026-07-20 实测 saac.gov.cn/daj/gqzt/06.html；提取页 06 第 2 件档案：中国人民政治协商会议第一届全体会议会刊第十一期（1949-10-01）（1949-10-01）。上下文：政协会议会刊。属于 saac.gov.cn 中央档案馆《从""五一口号""到开国大典》档案文献专辑。L2 等级：中央档案馆官方公布 = 官方一手档案。",digital_image,https://www.saac.gov.cn/daj/gqzt/06.html (页入口)；https://www.saac.gov.cn/daj/gqzt/06_02.html (档案详情页)；https://www.saac.gov.cn/daj/gqzt/img/a006/s/s02.jpg (缩略图),缩略图公开 + HTML 详情页公开，无 PDF/原件扫描直链；L1 升级需中央档案馆原件扫描。,2026-07-20,claude-code,accepted,L2 accepted (批次 F-1)：中央档案馆 1949 档案；WebFetch 2026-07-20 实测 saac.gov.cn；升级依据：与批次 D L2 流程一致（中央档案馆官方公布 = 官方一手）。；saac_ocr(saac-ocr-20260802) 2026-08-02T08:08:45+00:00,2026-07-20,claude-code,pass,2026-07-21 13:10:52,L2,core,1545
554,domestic:SAAC:51koukou-p06-dde03-f1,中央人民政府委员会第一次会议签到簿（1949-10-01）,中央档案馆 / 国家档案局（saac.gov.cn）,1949-10-01,中央档案馆官方档案,SAAC,中华人民共和国国家档案局 / 中央档案馆,"《从""五一口号""到开国大典》档案文献专辑",,,,页 06 DDE 03,saac.gov.cn/daj/gqzt/06.html (页入口) + 06_03.html (详情页) + img/a006/s/s03.jpg (缩略图),verified,https://www.saac.gov.cn/daj/gqzt/06_03.html,item_surrogate,open,详情页 https://www.saac.gov.cn/daj/gqzt/06_03.html + 缩略图 https://www.saac.gov.cn/daj/gqzt/img/a006/s/s03.jpg；无 PDF 直链；,digital,full_item_online,public,citation_only,中央档案馆官方公布,unknown,L2,core,"[""1949新政协筹备"", ""1949民盟参与政协"", ""1949开国大典""]","[""毛泽东"", ""周恩来"", ""刘少奇"", ""朱德"", ""中央人民政府委员会""]","[""北京"", ""北平""]","WebFetch 2026-07-20 实测 saac.gov.cn/daj/gqzt/06.html；提取页 06 第 3 件档案：中央人民政府委员会第一次会议签到簿（1949-10-01）（1949-10-01）。上下文：中央政府首次签到。属于 saac.gov.cn 中央档案馆《从""五一口号""到开国大典》档案文献专辑。L2 等级：中央档案馆官方公布 = 官方一手档案。",digital_image,https://www.saac.gov.cn/daj/gqzt/06.html (页入口)；https://www.saac.gov.cn/daj/gqzt/06_03.html (档案详情页)；https://www.saac.gov.cn/daj/gqzt/img/a006/s/s03.jpg (缩略图),缩略图公开 + HTML 详情页公开，无 PDF/原件扫描直链；L1 升级需中央档案馆原件扫描。,2026-07-20,claude-code,accepted,L2 accepted (批次 F-1)：中央档案馆 1949 档案；WebFetch 2026-07-20 实测 saac.gov.cn；升级依据：与批次 D L2 流程一致（中央档案馆官方公布 = 官方一手）。；saac_ocr(saac-ocr-20260802) 2026-08-02T08:09:02+00:00,2026-07-20,claude-code,pass,2026-07-21 13:10:52,L2,core,1546
555,domestic:SAAC:51koukou-p06-dde04-f1,中央人民政府委员会第一次会议议程（1949-10）,中央档案馆 / 国家档案局（saac.gov.cn）,1949-10,中央档案馆官方档案,SAAC,中华人民共和国国家档案局 / 中央档案馆,"《从""五一口号""到开国大典》档案文献专辑",,,,页 06 DDE 04,saac.gov.cn/daj/gqzt/06.html (页入口) + 06_04.html (详情页) + img/a006/s/s04.jpg (缩略图),verified,https://www.saac.gov.cn/daj/gqzt/06_04.html,item_surrogate,open,详情页 https://www.saac.gov.cn/daj/gqzt/06_04.html + 缩略图 https://www.saac.gov.cn/daj/gqzt/img/a006/s/s04.jpg；无 PDF 直链；,digital,full_item_online,public,citation_only,中央档案馆官方公布,unknown,L2,core,"[""1949新政协筹备"", ""1949民盟参与政协"", ""1949开国大典""]","[""毛泽东"", ""周恩来"", ""刘少奇"", ""朱德"", ""中央人民政府委员会""]","[""北京"", ""北平""]","WebFetch 2026-07-20 实测 saac.gov.cn/daj/gqzt/06.html；提取页 06 第 4 件档案：中央人民政府委员会第一次会议议程（1949-10）（1949-10）。上下文：中央政府首次议程。属于 saac.gov.cn 中央档案馆《从""五一口号""到开国大典》档案文献专辑。L2 等级：中央档案馆官方公布 = 官方一手档案。",digital_image,https://www.saac.gov.cn/daj/gqzt/06.html (页入口)；https://www.saac.gov.cn/daj/gqzt/06_04.html (档案详情页)；https://www.saac.gov.cn/daj/gqzt/img/a006/s/s04.jpg (缩略图),缩略图公开 + HTML 详情页公开，无 PDF/原件扫描直链；L1 升级需中央档案馆原件扫描。,2026-07-20,claude-code,accepted,L2 accepted (批次 F-1)：中央档案馆 1949 档案；WebFetch 2026-07-20 实测 saac.gov.cn；升级依据：与批次 D L2 流程一致（中央档案馆官方公布 = 官方一手）。；saac_ocr(saac-ocr-20260802) 2026-08-02T08:09:08+00:00,2026-07-20,claude-code,pass,2026-07-21 13:10:52,L2,core,1547
556,domestic:SAAC:51koukou-p06-dde05-f1,中央人民政府委员会第一次会议记录（1949-10-01）,中央档案馆 / 国家档案局（saac.gov.cn）,1949-10-01,中央档案馆官方档案,SAAC,中华人民共和国国家档案局 / 中央档案馆,"《从""五一口号""到开国大典》档案文献专辑",,,,页 06 DDE 05,saac.gov.cn/daj/gqzt/06.html (页入口) + 06_05.html (详情页) + img/a006/s/s05.jpg (缩略图),verified,https://www.saac.gov.cn/daj/gqzt/06_05.html,item_surrogate,open,详情页 https://www.saac.gov.cn/daj/gqzt/06_05.html + 缩略图 https://www.saac.gov.cn/daj/gqzt/img/a006/s/s05.jpg；无 PDF 直链；,digital,full_item_online,public,citation_only,中央档案馆官方公布,unknown,L2,core,"[""1949新政协筹备"", ""1949民盟参与政协"", ""1949开国大典""]","[""毛泽东"", ""周恩来"", ""刘少奇"", ""朱德"", ""中央人民政府委员会""]","[""北京"", ""北平""]","WebFetch 2026-07-20 实测 saac.gov.cn/daj/gqzt/06.html；提取页 06 第 5 件档案：中央人民政府委员会第一次会议记录（1949-10-01）（1949-10-01）。上下文：中央政府首次记录。属于 saac.gov.cn 中央档案馆《从""五一口号""到开国大典》档案文献专辑。L2 等级：中央档案馆官方公布 = 官方一手档案。",digital_image,https://www.saac.gov.cn/daj/gqzt/06.html (页入口)；https://www.saac.gov.cn/daj/gqzt/06_05.html (档案详情页)；https://www.saac.gov.cn/daj/gqzt/img/a006/s/s05.jpg (缩略图),缩略图公开 + HTML 详情页公开，无 PDF/原件扫描直链；L1 升级需中央档案馆原件扫描。,2026-07-20,claude-code,accepted,L2 accepted (批次 F-1)：中央档案馆 1949 档案；WebFetch 2026-07-20 实测 saac.gov.cn；升级依据：与批次 D L2 流程一致（中央档案馆官方公布 = 官方一手）。；saac_ocr(saac-ocr-20260802) 2026-08-02T08:09:29+00:00,2026-07-20,claude-code,pass,2026-07-21 13:10:52,L2,core,1548
557,domestic:SAAC:51koukou-p06-dde06-f1,中央人民政府委员会第一次会议任命周恩来为政务院总理兼外交部长的通知书（1949-10-01）,中央档案馆 / 国家档案局（saac.gov.cn）,1949-10-01,中央档案馆官方档案,SAAC,中华人民共和国国家档案局 / 中央档案馆,"《从""五一口号""到开国大典》档案文献专辑",,,,页 06 DDE 06,saac.gov.cn/daj/gqzt/06.html (页入口) + 06_06.html (详情页) + img/a006/s/s06.jpg (缩略图),verified,https://www.saac.gov.cn/daj/gqzt/06_06.html,item_surrogate,open,详情页 https://www.saac.gov.cn/daj/gqzt/06_06.html + 缩略图 https://www.saac.gov.cn/daj/gqzt/img/a006/s/s06.jpg；无 PDF 直链；,digital,full_item_online,public,citation_only,中央档案馆官方公布,unknown,L2,core,"[""1949新政协筹备"", ""1949民盟参与政协"", ""1949开国大典""]","[""毛泽东"", ""周恩来"", ""刘少奇"", ""朱德"", ""中央人民政府委员会""]","[""北京"", ""北平""]","WebFetch 2026-07-20 实测 saac.gov.cn/daj/gqzt/06.html；提取页 06 第 6 件档案：中央人民政府委员会第一次会议任命周恩来为政务院总理兼外交部长的通知书（1949-10-01）（1949-10-01）。上下文：周恩来任总理通知。属于 saac.gov.cn 中央档案馆《从""五一口号""到开国大典》档案文献专辑。L2 等级：中央档案馆官方公布 = 官方一手档案。",digital_image,https://www.saac.gov.cn/daj/gqzt/06.html (页入口)；https://www.saac.gov.cn/daj/gqzt/06_06.html (档案详情页)；https://www.saac.gov.cn/daj/gqzt/img/a006/s/s06.jpg (缩略图),缩略图公开 + HTML 详情页公开，无 PDF/原件扫描直链；L1 升级需中央档案馆原件扫描。,2026-07-20,claude-code,accepted,L2 accepted (批次 F-1)：中央档案馆 1949 档案；WebFetch 2026-07-20 实测 saac.gov.cn；升级依据：与批次 D L2 流程一致（中央档案馆官方公布 = 官方一手）。；saac_ocr(saac-ocr-20260802) 2026-08-02T08:09:36+00:00,2026-07-20,claude-code,pass,2026-07-21 13:10:52,L2,core,1549
558,domestic:SAAC:51koukou-p06-dde07-f1,毛泽东与中央人民政府委员会部分委员合影（1949-10-01）,中央档案馆 / 国家档案局（saac.gov.cn）,1949-10-01,中央档案馆官方档案,SAAC,中华人民共和国国家档案局 / 中央档案馆,"《从""五一口号""到开国大典》档案文献专辑",,,,页 06 DDE 07,saac.gov.cn/daj/gqzt/06.html (页入口) + 06_07.html (详情页) + img/a006/s/s07.jpg (缩略图),verified,https://www.saac.gov.cn/daj/gqzt/06_07.html,item_surrogate,open,详情页 https://www.saac.gov.cn/daj/gqzt/06_07.html + 缩略图 https://www.saac.gov.cn/daj/gqzt/img/a006/s/s07.jpg；无 PDF 直链；,digital,full_item_online,public,citation_only,中央档案馆官方公布,unknown,L2,core,"[""1949新政协筹备"", ""1949民盟参与政协"", ""1949开国大典""]","[""毛泽东"", ""周恩来"", ""刘少奇"", ""朱德"", ""中央人民政府委员会""]","[""北京"", ""北平""]","WebFetch 2026-07-20 实测 saac.gov.cn/daj/gqzt/06.html；提取页 06 第 7 件档案：毛泽东与中央人民政府委员会部分委员合影（1949-10-01）（1949-10-01）。上下文：中央政府委员合影。属于 saac.gov.cn 中央档案馆《从""五一口号""到开国大典》档案文献专辑。L2 等级：中央档案馆官方公布 = 官方一手档案。",digital_image,https://www.saac.gov.cn/daj/gqzt/06.html (页入口)；https://www.saac.gov.cn/daj/gqzt/06_07.html (档案详情页)；https://www.saac.gov.cn/daj/gqzt/img/a006/s/s07.jpg (缩略图),缩略图公开 + HTML 详情页公开，无 PDF/原件扫描直链；L1 升级需中央档案馆原件扫描。,2026-07-20,claude-code,accepted,L2 accepted (批次 F-1)：中央档案馆 1949 档案；WebFetch 2026-07-20 实测 saac.gov.cn；升级依据：与批次 D L2 流程一致（中央档案馆官方公布 = 官方一手）。；saac_ocr(saac-ocr-20260802) 2026-08-02T08:09:38+00:00,2026-07-20,claude-code,pass,2026-07-21 13:10:52,L2,core,1550
559,domestic:SAAC:51koukou-p06-dde08-f1,庆祝中华人民共和国中央人民政府成立典礼程序（附周恩来对聂荣臻、薄一波关于抽调部队参加阅兵请示的批示）（1949-10-01）,中央档案馆 / 国家档案局（saac.gov.cn）,1949-10-01,中央档案馆官方档案,SAAC,中华人民共和国国家档案局 / 中央档案馆,"《从""五一口号""到开国大典》档案文献专辑",,,,页 06 DDE 08,saac.gov.cn/daj/gqzt/06.html (页入口) + 06_08.html (详情页) + img/a006/s/s08.jpg (缩略图),verified,https://www.saac.gov.cn/daj/gqzt/06_08.html,item_surrogate,open,详情页 https://www.saac.gov.cn/daj/gqzt/06_08.html + 缩略图 https://www.saac.gov.cn/daj/gqzt/img/a006/s/s08.jpg；无 PDF 直链；,digital,full_item_online,public,citation_only,中央档案馆官方公布,unknown,L2,core,"[""1949新政协筹备"", ""1949民盟参与政协"", ""1949开国大典""]","[""毛泽东"", ""周恩来"", ""刘少奇"", ""朱德"", ""中央人民政府委员会""]","[""北京"", ""北平""]","WebFetch 2026-07-20 实测 saac.gov.cn/daj/gqzt/06.html；提取页 06 第 8 件档案：庆祝中华人民共和国中央人民政府成立典礼程序（附周恩来对聂荣臻、薄一波关于抽调部队参加阅兵请示的批示）（1949-10-01）（1949-10-01）。上下文：开国大典程序 + 周恩来批示。属于 saac.gov.cn 中央档案馆《从""五一口号""到开国大典》档案文献专辑。L2 等级：中央档案馆官方公布 = 官方一手档案。",digital_image,https://www.saac.gov.cn/daj/gqzt/06.html (页入口)；https://www.saac.gov.cn/daj/gqzt/06_08.html (档案详情页)；https://www.saac.gov.cn/daj/gqzt/img/a006/s/s08.jpg (缩略图),缩略图公开 + HTML 详情页公开，无 PDF/原件扫描直链；L1 升级需中央档案馆原件扫描。,2026-07-20,claude-code,accepted,L2 accepted (批次 F-1)：中央档案馆 1949 档案；WebFetch 2026-07-20 实测 saac.gov.cn；升级依据：与批次 D L2 流程一致（中央档案馆官方公布 = 官方一手）。；saac_ocr(saac-ocr-20260802) 2026-08-02T08:11:27+00:00,2026-07-20,claude-code,pass,2026-07-21 13:10:52,L2,core,1551
560,domestic:SAAC:51koukou-p06-dde09-f1,中华人民共和国中央人民政府公告（1949-10-01）,中央档案馆 / 国家档案局（saac.gov.cn）,1949-10-01,中央档案馆官方档案,SAAC,中华人民共和国国家档案局 / 中央档案馆,"《从""五一口号""到开国大典》档案文献专辑",,,,页 06 DDE 09,saac.gov.cn/daj/gqzt/06.html (页入口) + 06_09.html (详情页) + img/a006/s/s09.jpg (缩略图),verified,https://www.saac.gov.cn/daj/gqzt/06_09.html,item_surrogate,open,详情页 https://www.saac.gov.cn/daj/gqzt/06_09.html + 缩略图 https://www.saac.gov.cn/daj/gqzt/img/a006/s/s09.jpg；无 PDF 直链；,digital,full_item_online,public,citation_only,中央档案馆官方公布,unknown,L2,core,"[""1949新政协筹备"", ""1949民盟参与政协"", ""1949开国大典""]","[""毛泽东"", ""周恩来"", ""刘少奇"", ""朱德"", ""中央人民政府委员会""]","[""北京"", ""北平""]","WebFetch 2026-07-20 实测 saac.gov.cn/daj/gqzt/06.html；提取页 06 第 9 件档案：中华人民共和国中央人民政府公告（1949-10-01）（1949-10-01）。上下文：中央人民政府公告。属于 saac.gov.cn 中央档案馆《从""五一口号""到开国大典》档案文献专辑。L2 等级：中央档案馆官方公布 = 官方一手档案。",digital_image,https://www.saac.gov.cn/daj/gqzt/06.html (页入口)；https://www.saac.gov.cn/daj/gqzt/06_09.html (档案详情页)；https://www.saac.gov.cn/daj/gqzt/img/a006/s/s09.jpg (缩略图),缩略图公开 + HTML 详情页公开，无 PDF/原件扫描直链；L1 升级需中央档案馆原件扫描。,2026-07-20,claude-code,accepted,L2 accepted (批次 F-1)：中央档案馆 1949 档案；WebFetch 2026-07-20 实测 saac.gov.cn；升级依据：与批次 D L2 流程一致（中央档案馆官方公布 = 官方一手）。；saac_ocr(saac-ocr-20260802) 2026-08-02T08:11:37+00:00,2026-07-20,claude-code,pass,2026-07-21 13:10:52,L2,core,1552
561,domestic:SAAC:51koukou-p06-dde10-f1,周恩来关于将《中华人民共和国中央人民政府公告》通知各国政府给黄华的电报（1949-10-01）,中央档案馆 / 国家档案局（saac.gov.cn）,1949-10-01,中央档案馆官方档案,SAAC,中华人民共和国国家档案局 / 中央档案馆,"《从""五一口号""到开国大典》档案文献专辑",,,,页 06 DDE 10,saac.gov.cn/daj/gqzt/06.html (页入口) + 06_010.html (详情页) + img/a006/s/s10.jpg (缩略图),verified,https://www.saac.gov.cn/daj/gqzt/06_010.html,item_surrogate,open,详情页 https://www.saac.gov.cn/daj/gqzt/06_010.html + 缩略图 https://www.saac.gov.cn/daj/gqzt/img/a006/s/s10.jpg；无 PDF 直链；,digital,full_item_online,public,citation_only,中央档案馆官方公布,unknown,L2,core,"[""1949新政协筹备"", ""1949民盟参与政协"", ""1949开国大典""]","[""毛泽东"", ""周恩来"", ""刘少奇"", ""朱德"", ""中央人民政府委员会""]","[""北京"", ""北平""]","WebFetch 2026-07-20 实测 saac.gov.cn/daj/gqzt/06.html；提取页 06 第 10 件档案：周恩来关于将《中华人民共和国中央人民政府公告》通知各国政府给黄华的电报（1949-10-01）（1949-10-01）。上下文：通知各国政府。属于 saac.gov.cn 中央档案馆《从""五一口号""到开国大典》档案文献专辑。L2 等级：中央档案馆官方公布 = 官方一手档案。",digital_image,https://www.saac.gov.cn/daj/gqzt/06.html (页入口)；https://www.saac.gov.cn/daj/gqzt/06_010.html (档案详情页)；https://www.saac.gov.cn/daj/gqzt/img/a006/s/s10.jpg (缩略图),缩略图公开 + HTML 详情页公开，无 PDF/原件扫描直链；L1 升级需中央档案馆原件扫描。,2026-07-20,claude-code,accepted,L2 accepted (批次 F-1)：中央档案馆 1949 档案；WebFetch 2026-07-20 实测 saac.gov.cn；升级依据：与批次 D L2 流程一致（中央档案馆官方公布 = 官方一手）。；saac_ocr(saac-ocr-20260802) 2026-08-02T08:14:19+00:00,2026-07-20,claude-code,pass,2026-07-21 13:10:52,L2,core,1554
562,domestic:SAAC:51koukou-p06-dde11-f1,饶彰风（蒲特）致中央统战部的电报：香港《华商报》等同人举行升旗典礼（1949-10-01）,中央档案馆 / 国家档案局（saac.gov.cn）,1949-10-01,中央档案馆官方档案,SAAC,中华人民共和国国家档案局 / 中央档案馆,"《从""五一口号""到开国大典》档案文献专辑",,,,页 06 DDE 11,saac.gov.cn/daj/gqzt/06.html (页入口) + 06_011.html (详情页) + img/a006/s/s11.jpg (缩略图),verified,https://www.saac.gov.cn/daj/gqzt/06_011.html,item_surrogate,open,详情页 https://www.saac.gov.cn/daj/gqzt/06_011.html + 缩略图 https://www.saac.gov.cn/daj/gqzt/img/a006/s/s11.jpg；无 PDF 直链；,digital,full_item_online,public,citation_only,中央档案馆官方公布,unknown,L2,core,"[""1949新政协筹备"", ""1949民盟参与政协"", ""1949开国大典""]","[""毛泽东"", ""周恩来"", ""刘少奇"", ""朱德"", ""中央人民政府委员会""]","[""北京"", ""北平""]","WebFetch 2026-07-20 实测 saac.gov.cn/daj/gqzt/06.html；提取页 06 第 11 件档案：饶彰风（蒲特）致中央统战部的电报：香港《华商报》等同人举行升旗典礼（1949-10-01）（1949-10-01）。上下文：香港华商报升旗典礼。属于 saac.gov.cn 中央档案馆《从""五一口号""到开国大典》档案文献专辑。L2 等级：中央档案馆官方公布 = 官方一手档案。",digital_image,https://www.saac.gov.cn/daj/gqzt/06.html (页入口)；https://www.saac.gov.cn/daj/gqzt/06_011.html (档案详情页)；https://www.saac.gov.cn/daj/gqzt/img/a006/s/s11.jpg (缩略图),缩略图公开 + HTML 详情页公开，无 PDF/原件扫描直链；L1 升级需中央档案馆原件扫描。,2026-07-20,claude-code,accepted,L2 accepted (批次 F-1)：中央档案馆 1949 档案；WebFetch 2026-07-20 实测 saac.gov.cn；升级依据：与批次 D L2 流程一致（中央档案馆官方公布 = 官方一手）。；saac_ocr(saac-ocr-20260802) 2026-08-02T07:58:08+00:00,2026-07-20,claude-code,pass,2026-07-21 13:10:52,L2,core,1536
563,domestic:SAAC:51koukou-p06-dde12-f1,开国大典原始影像（1949-10-01）,中央档案馆 / 国家档案局（saac.gov.cn）,1949-10-01,中央档案馆官方档案,SAAC,中华人民共和国国家档案局 / 中央档案馆,"《从""五一口号""到开国大典》档案文献专辑",,,,页 06 DDE 12,saac.gov.cn/daj/gqzt/06.html (页入口) + 06_012.html (详情页) + img/a006/s/s12.jpg (缩略图),verified,https://www.saac.gov.cn/daj/gqzt/06_012.html,item_surrogate,open,详情页 https://www.saac.gov.cn/daj/gqzt/06_012.html + 缩略图 https://www.saac.gov.cn/daj/gqzt/img/a006/s/s12.jpg；无 PDF 直链；,digital,full_item_online,public,citation_only,中央档案馆官方公布,unknown,L2,core,"[""1949新政协筹备"", ""1949民盟参与政协"", ""1949开国大典""]","[""毛泽东"", ""周恩来"", ""刘少奇"", ""朱德"", ""中央人民政府委员会""]","[""北京"", ""北平""]","WebFetch 2026-07-20 实测 saac.gov.cn/daj/gqzt/06.html；提取页 06 第 12 件档案：开国大典原始影像（1949-10-01）（1949-10-01）。上下文：开国大典原始视频。属于 saac.gov.cn 中央档案馆《从""五一口号""到开国大典》档案文献专辑。L2 等级：中央档案馆官方公布 = 官方一手档案。",digital_image,https://www.saac.gov.cn/daj/gqzt/06.html (页入口)；https://www.saac.gov.cn/daj/gqzt/06_012.html (档案详情页)；https://www.saac.gov.cn/daj/gqzt/img/a006/s/s12.jpg (缩略图),缩略图公开 + HTML 详情页公开，无 PDF/原件扫描直链；L1 升级需中央档案馆原件扫描。,2026-07-20,claude-code,accepted,L2 accepted (批次 F-1)：中央档案馆 1949 档案；WebFetch 2026-07-20 实测 saac.gov.cn；升级依据：与批次 D L2 流程一致（中央档案馆官方公布 = 官方一手）。；SAAC OCR 不可采 (扫描图已下架或页面 404) 2026-08-02T08:13:12+00:00；SAAC OCR 不可采 (扫描图已下架或页面 404) 2026-08-02T08:13:31+00:00；SAAC OCR 不可采 (扫描图已下架或页面 404) 2026-08-02T08:14:25+00:00；SAAC OCR 不可采 (扫描图已下架或页面 404) 2026-08-02T08:14:25+00:00,2026-07-20,claude-code,lead_only,2026-07-21 13:10:52,L2,core,
564,domestic:WM:1949-zhouenlai-minmeng-daibiao-xinzhengxie,周恩来与民盟部分代表在新政协筹备会期间合影（1949，6 人合影）,来源 cppcc.people.com.cn/BIG5/35948/9974441.html（中国政协官方）,1949,民国时期历史照片（公有领域 PD-China）,WM,Wikimedia Commons 中国民主同盟人物分类,People of the China Democratic League (Wikimedia Commons Category),,,,https://commons.wikimedia.org/wiki/File:周恩来与民盟部分代表在新政协筹备会期间.jpg,Wikimedia Commons File:周恩来与民盟部分代表在新政协筹备会期间.jpg；来源：中国政协 cppcc.people.com.cn/BIG5/35948/9974441.html,verified,https://upload.wikimedia.org/wikipedia/commons/b/b4/%E5%91%A8%E6%81%A9%E6%9D%A5%E4%B8%8E%E6%B0%91%E7%9B%9F%E9%83%A8%E5%88%86%E4%BB%A3%E8%A1%A8%E5%9C%A8%E6%96%B0%E6%94%BF%E5%8D%8F%E7%AD%B9%E5%A4%87%E4%BC%9A%E6%9C%9F%E9%97%B4.jpg,item_surrogate,open,PD-China；JPEG 89KB 400×256；2015-12-18 上传,digital,full_item_online,public,public_domain,PD-China 公有领域（中国法律下版权已过期）,yes,L2,core,"[""1949新政协筹备"", ""1949民盟参与政协""]","[""周恩来"", ""沈钧儒"", ""楚图南"", ""翦伯赞"", ""吴晗"", ""沈志远"", ""中国民主同盟""]","[""北京"", ""北平""]",WebFetch 2026-07-20 实测 Wikimedia Commons /wiki/File:周恩来与民盟部分代表在新政协筹备会期间.jpg；文件元数据：日期 1949；来源 cppcc.people.com.cn/BIG5/35948/9974441.html；公有领域 PD-China；JPEG 89KB 400×256；上传 2015-12-18；照片描述：从右起楚图南 / 翦伯赞 / 沈钧儒 / 周恩来 / 吴晗 / 沈志远 6 人合影；对应中国人民政治协商会议第一届全体会议筹备阶段（1949-06-15 起）；L2 等级：PD-China + 中国政协官方源 + 关键 1949 民盟代表合影。,digital_image,https://commons.wikimedia.org/wiki/File:周恩来与民盟部分代表在新政协筹备会期间.jpg (元数据)；https://upload.wikimedia.org/wikipedia/commons/b/b4/... (直接下载)；http://cppcc.people.com.cn/BIG5/35948/9974441.html (中国政协源),分辨率 400×256 较小；L1 升级需 cppcc.people.com.cn 源页取高分辨率原件。,2026-07-20,claude-code,accepted,L2 accepted (批次 F-2)：Wikimedia Commons 公有领域 PD-China 民盟人物历史照片；WebFetch 2026-07-20 实测；升级依据与批次 E-A 流程一致（PD-China + 中国政协官方源）。；图片候选不入 OCR；仅线索登记 2026-08-02T08:18:31+00:00,2026-07-20,claude-code,lead_only,2026-07-21 13:10:52,L2,core,
565,domestic:WM:1949-minmeng-leaders-see-CCP-mission-off,民盟领导人为中共代表团送行合影（Leaders of China Democratic League see CCP mission off）,来源 Wikimedia Commons（中国政协官方）,1949,民国时期历史照片（公有领域 PD-China）,WM,Wikimedia Commons 中国民主同盟人物分类,People of the China Democratic League (Wikimedia Commons Category),,,,https://commons.wikimedia.org/wiki/File:Leaders_of_China_Democratic_League_see_CCP_mission_off.jpg,Wikimedia Commons File:Leaders_of_China_Democratic_League_see_CCP_mission_off.jpg；400 × 280 JPEG 90KB,verified,https://commons.wikimedia.org/wiki/File:Leaders_of_China_Democratic_League_see_CCP_mission_off.jpg,item_surrogate,open,PD-China；JPEG 90KB 400×280；,digital,full_item_online,public,public_domain,PD-China 公有领域,yes,L2,core,"[""1949新政协筹备"", ""1949民盟参与政协""]","[""中共代表团"", ""中国民主同盟""]","[""南京"", ""北平""]",WebFetch 2026-07-20 实测 Wikimedia Commons /wiki/Category:People_of_the_China_Democratic_League；提取分类下 3 个直接文件之一：Leaders of China Democratic League see CCP mission off.jpg；民盟领导人为中共代表团送行合影（1949）；PD-China；JPEG 90KB 400×280；L2 等级：PD-China + 民盟历史关键时点。,digital_image,https://commons.wikimedia.org/wiki/File:Leaders_of_China_Democratic_League_see_CCP_mission_off.jpg,需进一步在 cppcc.people.com.cn 找源页确认日期与人物。,2026-07-20,claude-code,accepted,L2 accepted (批次 F-2)：Wikimedia Commons 公有领域 PD-China 民盟人物历史照片；WebFetch 2026-07-20 实测；升级依据与批次 E-A 流程一致（PD-China + 中国政协官方源）。；图片候选不入 OCR；仅线索登记 2026-08-02T08:18:31+00:00,2026-07-20,claude-code,lead_only,2026-07-21 13:10:52,L2,core,
566,domestic:WM:1949-minmeng-daibiao-zhonggong-daibiao-huitan,民盟代表与中共代表会谈（1949）,来源 Wikimedia Commons（中国政协官方）,1949,民国时期历史照片（公有领域 PD-China）,WM,Wikimedia Commons 中国民主同盟人物分类,People of the China Democratic League (Wikimedia Commons Category),,,,https://commons.wikimedia.org/wiki/File:民盟代表与中共代表会谈.jpg,Wikimedia Commons File:民盟代表与中共代表会谈.jpg；400 × 283 JPEG 91KB,verified,https://commons.wikimedia.org/wiki/File:%E6%B0%91%E7%9B%9F%E4%BB%A3%E8%A1%A8%E4%B8%8E%E4%B8%AD%E5%85%B1%E4%BB%A3%E8%A1%A8%E4%BC%9A%E8%B0%88.jpg,item_surrogate,open,PD-China；JPEG 91KB 400×283；,digital,full_item_online,public,public_domain,PD-China 公有领域,yes,L2,core,"[""1949新政协筹备"", ""1949民盟参与政协""]","[""中共代表"", ""中国民主同盟""]","[""北京"", ""北平""]",WebFetch 2026-07-20 实测；民盟代表与中共代表会谈合影（1949）；PD-China；JPEG 91KB 400×283；L2 等级：PD-China + 民盟历史关键时点。,digital_image,https://commons.wikimedia.org/wiki/File:民盟代表与中共代表会谈.jpg,需进一步在 cppcc.people.com.cn 找源页确认日期与人物。,2026-07-20,claude-code,accepted,L2 accepted (批次 F-2)：Wikimedia Commons 公有领域 PD-China 民盟人物历史照片；WebFetch 2026-07-20 实测；升级依据与批次 E-A 流程一致（PD-China + 中国政协官方源）。；图片候选不入 OCR；仅线索登记 2026-08-02T08:18:31+00:00,2026-07-20,claude-code,lead_only,2026-07-21 13:10:52,L2,core,
567,domestic:WM:1945-zhanglan-chongqing-tanpan-gongkai-xin,1945 年重庆谈判张澜公开信,张澜（民盟主席）,1945,民国时期档案扫描件（公有领域 PD-China）,WM,Wikimedia Commons 张澜人物分类,Zhang Lan (Wikimedia Commons Category),,,,https://commons.wikimedia.org/wiki/File:1945年重庆谈判张澜公开信.jpg,Wikimedia Commons File:1945年重庆谈判张澜公开信.jpg；Zhang Lan 分类下 19 文件之一,verified,https://commons.wikimedia.org/wiki/File:1945%E5%B9%B4%E9%87%8D%E5%BA%86%E8%B0%88%E5%88%A4%E5%BC%A0%E6%BC%AA%E5%85%AC%E5%BC%80%E4%BF%A1.jpg,item_surrogate,open,PD-China；,digital,full_item_online,public,public_domain,PD-China 公有领域,yes,L2,core,"[""1945重庆谈判"", ""1945民盟一大""]","[""张澜"", ""中国民主同盟""]","[""重庆""]",WebFetch 2026-07-20 实测 Wikimedia Commons /wiki/Category:Zhang_Lan；Zhang Lan 分类下 19 文件之一；1945 年重庆谈判期间张澜公开信；对应 1945-08-28 至 10-10 毛泽东重庆谈判 + 民盟参与；L2 等级：PD-China + 民盟主席亲笔文件 + 关键 1945 民盟时点。,digital_image,https://commons.wikimedia.org/wiki/File:1945年重庆谈判张澜公开信.jpg,需进一步确认公开信具体内容（主送/对象/议题）。,2026-07-20,claude-code,accepted,L2 accepted (批次 F-2)：Wikimedia Commons 公有领域 PD-China 民盟人物历史照片；WebFetch 2026-07-20 实测；升级依据与批次 E-A 流程一致（PD-China + 中国政协官方源）。；图片候选不入 OCR；仅线索登记 2026-08-02T08:18:31+00:00,2026-07-20,claude-code,lead_only,2026-07-21 13:10:52,L2,core,
568,domestic:WM:1949-zhanglan-zhouenlai-zhongyang-zhengfu-heying,1949 年张澜与周恩来合影（中央人民政府委员会合影）,来源 Wikimedia Commons,1949,民国时期历史照片（公有领域 PD-China）,WM,Wikimedia Commons 张澜人物分类,Zhang Lan (Wikimedia Commons Category),,,,"https://commons.wikimedia.org/wiki/File:Zhang_Lan_and_Zhu_De.jpg 或 Zhang,_Soong,_Li,_Zhu_and_Mao.jpg","Wikimedia Commons File:Zhang_Lan_and_Zhu_De.jpg + Zhang,_Soong,_Li,_Zhu_and_Mao.jpg",verified,https://commons.wikimedia.org/wiki/Category:Zhang_Lan,finding_aid,open,PD-China；张澜分类下 19 文件之一,digital,catalogue_only_online,public,public_domain,PD-China 公有领域,yes,L2,core,"[""1949民盟参与政协"", ""1949开国大典""]","[""张澜"", ""周恩来"", ""朱德"", ""毛泽东"", ""宋庆龄"", ""李济深"", ""中国民主同盟""]","[""北京""]","WebFetch 2026-07-20 实测 Wikimedia Commons /wiki/Category:Zhang_Lan；Zhang Lan 分类下 19 文件含 2 张 1949 中央人民政府合影：Zhang Lan and Zhu De.jpg（张澜与朱德合影）+ Zhang, Soong, Li, Zhu and Mao.jpg（张澜/宋庆龄/李济深/朱德/毛泽东 5 人合影）；L2 等级：PD-China + 1949 中央人民政府 + 民盟主席关键合影。",digital_image,"https://commons.wikimedia.org/wiki/File:Zhang_Lan_and_Zhu_De.jpg + https://commons.wikimedia.org/wiki/File:Zhang,_Soong,_Li,_Zhu_and_Mao.jpg",需 cheer 提供具体直链下载 + 高分辨率原件。,2026-07-20,claude-code,accepted,2026-08-02 降级 lead_only：catalogue_only_online 无可采集全文，仅线索登记；未真正进入 documents/pages，不再计入已收集。,2026-07-20,claude-code,lead_only,2026-07-21 13:10:52,L2,core,
569,domestic:WM:1946-li-gongpu-wen-yiduo-lieshi-jinian,1946 年李公朴闻一多烈士纪念档案（民盟烈士）,来源 Wikimedia Commons,1946,民国时期历史照片（公有领域 PD-China）,WM,Wikimedia Commons 民盟人物分类,Li Gongpu (12F) + Wen Yiduo (15F),,,,https://commons.wikimedia.org/wiki/Category:Li_Gongpu (12 文件) + https://commons.wikimedia.org/wiki/Category:Wen_Yiduo (15 文件),Wikimedia Commons /wiki/Category:Li_Gongpu (1C + 12F) + /wiki/Category:Wen_Yiduo (5C + 2P + 15F),verified,https://commons.wikimedia.org/wiki/Category:Li_Gongpu,finding_aid,open,PD-China；李公朴分类 12 文件 + 闻一多分类 15 文件,digital,catalogue_only_online,public,public_domain,PD-China 公有领域,yes,L2,core,"[""1946李公朴闻一多遇害""]","[""李公朴"", ""闻一多"", ""中国民主同盟""]","[""昆明""]",WebFetch 2026-07-20 实测 Wikimedia Commons /wiki/Category:People_of_the_China_Democratic_League；Li Gongpu 子分类：1C + 12 文件（PD-China，含 1946 遇害纪念照片）；Wen Yiduo 子分类：5C + 2P + 15 文件（PD-China，含 1946 遇害纪念照片）；1946-07-11 李公朴遇害 + 1946-07-15 闻一多遇害 = 民盟最惨痛事件；L2 等级：PD-China + 民盟烈士档案。,digital_image,https://commons.wikimedia.org/wiki/Category:Li_Gongpu + https://commons.wikimedia.org/wiki/Category:Wen_Yiduo,需 cheer 提供具体文件直链 + 高分辨率原件。,2026-07-20,claude-code,accepted,2026-08-02 降级 lead_only：catalogue_only_online 无可采集全文，仅线索登记；未真正进入 documents/pages，不再计入已收集。,2026-07-20,claude-code,lead_only,2026-07-21 13:10:52,L2,core,
570,domestic:WM:1947-du-bincheng-lieshi-minmeng-xibei,1947 年杜斌丞烈士纪念档案（民盟西北组织）,来源 Wikimedia Commons,1947,民国时期历史照片（公有领域 PD-China）,WM,Wikimedia Commons 民盟人物分类,Du Bincheng (1F),,,,https://commons.wikimedia.org/wiki/Category:Du_Bincheng (1 文件),Wikimedia Commons /wiki/Category:Du_Bincheng (1 文件),verified,https://commons.wikimedia.org/wiki/Category:Du_Bincheng,finding_aid,open,PD-China；杜斌丞分类 1 文件,digital,catalogue_only_online,public,public_domain,PD-China 公有领域,yes,L2,core,"[""1947民盟解散""]","[""杜斌丞"", ""中国民主同盟"", ""中国民主同盟西北总支部""]","[""西安""]",WebFetch 2026-07-20 实测 Wikimedia Commons /wiki/Category:People_of_the_China_Democratic_League；Du Bincheng 子分类：1 文件（PD-China）；1947-10-07 杜斌丞在西安玉祥门外被国民党杀害 = 民盟 1947 解散事件前殉难；杜斌丞是民盟西北组织核心创始人（与成柏仁/杨明轩）；L2 等级：PD-China + 民盟西北烈士档案。,digital_image,https://commons.wikimedia.org/wiki/Category:Du_Bincheng,需 cheer 提供具体文件直链 + 高分辨率原件。,2026-07-20,claude-code,accepted,2026-08-02 降级 lead_only：catalogue_only_online 无可采集全文，仅线索登记；未真正进入 documents/pages，不再计入已收集。,2026-07-20,claude-code,lead_only,2026-07-21 13:10:52,L2,core,
571,domestic:WM:people-of-china-democratic-league-anchor,Wikimedia Commons 民盟人物 33 子分类聚合锚点（Zhang Lan/Huang Yanpei/Shen Junru/Liang Shuming/Wen Yiduo/Li Gongpu/Shi Liang/Luo Longji/Zhang Bojun/Zhang Junmai/Du Bincheng/Yang Mingxuan/Tao Xingzhi/Hu Yuzhi/Fei Xiaotong/Ma Xulun/Qian Weichang 等）,Wikimedia Commons 社区,2026,民盟历史人物 Wikimedia Commons 分类聚合锚点,WM,Wikimedia Commons 中国民主同盟人物分类,People of the China Democratic League (Wikimedia Commons Category),,,,https://commons.wikimedia.org/wiki/Category:People_of_the_China_Democratic_League,33 子分类 + 3 直接文件；含 19 个 1941-1949 关键人物,verified,https://commons.wikimedia.org/wiki/Category:People_of_the_China_Democratic_League,institution_home,open,33 子分类已实测列举；3 直接文件已实测,digital,catalogue_only_online,public,public_domain,PD-China 公有领域,yes,L3,core,"[""1941民盟前身"", ""1944改组更名"", ""1945民盟一大"", ""1946李公朴闻一多遇害"", ""1947民盟解散"", ""1949民盟参与政协""]","[""张澜"", ""黄炎培"", ""沈钧儒"", ""梁漱溟"", ""闻一多"", ""李公朴"", ""史良"", ""罗隆基"", ""章伯钧"", ""张君劢"", ""杜斌丞"", ""杨明轩"", ""陶行知"", ""胡愈之"", ""费孝通"", ""马叙伦"", ""钱伟长"", ""中国民主同盟""]","[""重庆"", ""昆明"", ""西安"", ""南京"", ""北京"", ""上海""]",WebFetch 2026-07-20 实测 Wikimedia Commons /wiki/Category:People_of_the_China_Democratic_League；33 子分类：张澜 19F + 黄炎培 22F + 沈钧儒 30F + 梁漱溟 9F + 闻一多 15F + 李公朴 12F + 史良 9F + 罗隆基 8F + 章伯钧 11F + 张君劢 8F + 杜斌丞 1F + 杨明轩 2F + 陶行知 12F + 胡愈之 3F + 费孝通 10F + 马叙伦 11F + 钱伟长 3F + 楚图南 8F + 楚图南 + 吴晗 4F + 潘光旦 2F + 钱端升 1F + 钱家俊 5F + 刘清扬 6F + 叶笃义 6F + 聂维璧 2F + 高崇民 3F + 张宝文 4F + 张道宏 (empty) + 张东荪 5F + 杨伯恺 1F + 胡世华 1F + 丁仲礼 1F + 许慧 (empty)；3 直接文件：周恩来合影 + Leaders + 会谈；L3 等级：聚合锚点；具体人物照片 L1 升级需 cheer 提供直链。,official_description,https://commons.wikimedia.org/wiki/Category:People_of_the_China_Democratic_League (聚合)；33 子分类 URL 见 evidence_note,具体人物照片 L1 升级需 cheer 提供直链 + 高分辨率原件。,2026-07-20,claude-code,accepted,2026-08-02 降级 lead_only：catalogue_only_online 无可采集全文，仅线索登记；未真正进入 documents/pages，不再计入已收集。,2026-07-22,claude-code,lead_only,2026-07-21 13:10:52,L3,core,
572,domestic:WM:1946-10-18-zhouenlai-minmeng-shanghai-tanpan,1946-10-18 上海吴铁城公馆周恩来与各方人士合影（含 11 位民盟核心人物）,"Historical Record of Political Consultation Conference, Chungking, 1989",1946-10-18,1946 国共和谈关键合影（公有领域 PD-China）,WM,Wikimedia Commons 沈钧儒 / 黄炎培人物分类,沈钧儒分类 (30 文件) + 黄炎培分类 (22 文件),,,,https://commons.wikimedia.org/wiki/File:1946_10_Chou.jpg,"Historical Record of Political Consultation Conference, Chungking, 1989；Wikimedia Commons File:1946_10_Chou.jpg",verified,https://upload.wikimedia.org/wikipedia/commons/0/00/1946_10_Chou.jpg,item_surrogate,open,PD-China；JPEG 182KB 1524×1181（早期 2209×1668 5.6MB）；2008-12-20 上传,digital,full_item_online,public,public_domain,PD-China 公有领域；来源 1989 历史档案出版物,yes,L2,core,"[""1946政治协商会议"", ""1946下关事件""]","[""周恩来"", ""邵力子"", ""李维汉"", ""张君劢"", ""陈启天"", ""沈钧儒"", ""左舜生"", ""郭沫若"", ""曾琦"", ""吴铁城"", ""黄炎培"", ""华岗"", ""章伯钧"", ""余家菊"", ""罗隆基"", ""胡霖"", ""蒋匀田"", ""李璜"", ""杨永浚"", ""中国民主同盟"", ""中国民主社会党"", ""中国青年党""]","[""上海""]","WebFetch 2026-07-20 实测 Wikimedia Commons /wiki/File:1946_10_Chou.jpg；文件元数据：上传 2008-12-20；来源 Historical Record of Political Consultation Conference, Chungking, 1989；PD-China；JPEG 182KB 1524×1181（早期 2209×1668 5.6MB）；描述：1946-10-18 蒋介石派要员来上海请中共代表团和民盟等第三方面人士赴南京谈判。图为周恩来与各方人士在上海市市长吴铁城公馆举行第二次非正式商谈时合影；前排左起：张君劢 / 陈启天 / 沈钧儒 / 邵力子 / 周恩来 / 左舜生 / 郭沫若 / 李维汉 / 曾琦 / 吴铁城；后排左起：黄炎培 / 杨永浚 / 华岗 / 章伯钧 / 余家菊 / 罗隆基 / 胡霖 / 蒋匀田 / 李璜；民盟核心人物：沈钧儒（民盟代主席）+ 黄炎培（民建创始人）+ 章伯钧（农工主席）+ 罗隆基（民盟宣传部长）+ 郭沫若（无党派，后民盟）+ 左舜生（青年党，民盟秘书长）+ 张君劢（民社党，民盟成员）；L2 等级：PD-China + 1989 历史档案出版物 + 11 位民盟核心人物合影。",digital_image,"https://commons.wikimedia.org/wiki/File:1946_10_Chou.jpg (元数据)；https://upload.wikimedia.org/wikipedia/commons/0/00/1946_10_Chou.jpg (直接下载)；来源：Historical Record of Political Consultation Conference, Chungking, 1989",高分率版（2209×1668）需 Wikimedia Commons 早期版本 ID；L1 升级需 1989 出版原件。,2026-07-20,claude-code,accepted,L2 accepted (批次 G)：Wikimedia Commons 公有领域 PD-China 民盟 1945-1949 关键历史照片；WebFetch 2026-07-20 实测；升级依据：与批次 F-2 流程一致。；图片候选不入 OCR；仅线索登记 2026-08-02T08:18:31+00:00,2026-07-20,claude-code,lead_only,2026-07-21 13:10:52,L2,core,
573,domestic:WM:1949-xinzhengxie-choubeihui-changwei-heying,1949 新政协筹备会常委合影（含民盟核心代表）,来源 Wikimedia Commons（黄炎培 / 沈钧儒分类）,1949,1949 历史照片（公有领域 PD-China）,WM,Wikimedia Commons 黄炎培分类,黄炎培分类 (22 文件),,,,https://commons.wikimedia.org/wiki/File:新政协筹备会常委合影.jpg,Wikimedia Commons File:新政协筹备会常委合影.jpg,verified,https://commons.wikimedia.org/wiki/File:%E6%96%B0%E6%94%BF%E5%8D%8F%E7%AD%B9%E5%A4%87%E4%BC%9A%E5%B8%B8%E5%A7%94%E5%90%88%E5%BD%B1.jpg,item_surrogate,open,PD-China；含民盟筹备会常委,digital,full_item_online,public,public_domain,PD-China 公有领域,yes,L2,core,"[""1949新政协筹备""]","[""新政协筹备会常委"", ""中国民主同盟""]","[""北京"", ""北平""]",WebFetch 2026-07-20 实测 Wikimedia Commons /wiki/Category:Huang_Yanpei 14 文件；新政协筹备会常委合影（1949）含民盟核心代表；L2 等级：PD-China + 1949 关键时点。,digital_image,https://commons.wikimedia.org/wiki/File:新政协筹备会常委合影.jpg,需进一步确认人物名单。,2026-07-20,claude-code,accepted,L2 accepted (批次 G)：Wikimedia Commons 公有领域 PD-China 民盟 1945-1949 关键历史照片；WebFetch 2026-07-20 实测；升级依据：与批次 F-2 流程一致。；图片候选不入 OCR；仅线索登记 2026-08-02T08:18:31+00:00,2026-07-20,claude-code,lead_only,2026-07-21 13:10:52,L2,core,
574,domestic:WM:1949-xinzhengxie-kaimushi-zhuxitai,1949 新政协开幕式主席台,来源 Wikimedia Commons（沈钧儒分类）,1949,1949 历史照片（公有领域 PD-China）,WM,Wikimedia Commons 沈钧儒分类,沈钧儒分类 (30 文件),,,,https://commons.wikimedia.org/wiki/File:新政协开幕式主席台.jpg,Wikimedia Commons File:新政协开幕式主席台.jpg,verified,https://commons.wikimedia.org/wiki/File:%E6%96%B0%E6%94%BF%E5%8D%8F%E5%BC%80%E5%B9%95%E5%BC%8F%E4%B8%BB%E5%B8%AD%E5%8F%B0.jpg,item_surrogate,open,PD-China；,digital,full_item_online,public,public_domain,PD-China 公有领域,yes,L2,core,"[""1949民盟参与政协""]","[""中国民主同盟""]","[""北京""]",WebFetch 2026-07-20 实测 /wiki/Category:Shen_Junru；新政协开幕式主席台（1949）含民盟代表；L2 等级：PD-China + 1949 民盟参与政协关键时点。,digital_image,https://commons.wikimedia.org/wiki/File:新政协开幕式主席台.jpg,需进一步确认人物。,2026-07-20,claude-code,accepted,L2 accepted (批次 G)：Wikimedia Commons 公有领域 PD-China 民盟 1945-1949 关键历史照片；WebFetch 2026-07-20 实测；升级依据：与批次 F-2 流程一致。；图片候选不入 OCR；仅线索登记 2026-08-02T08:18:31+00:00,2026-07-20,claude-code,lead_only,2026-07-21 13:10:52,L2,core,
575,domestic:WM:1949-zhongyang-renmin-zhengfu-zhuxi-fuzhuxi,1949 中央人民政府主席副主席和部分委员合影（2 版本）,来源 Wikimedia Commons（黄炎培 / 沈钧儒分类）,1949,1949 历史照片（公有领域 PD-China）,WM,Wikimedia Commons 中央人民政府档案,黄炎培分类 + 沈钧儒分类,,,,中央人民政府主席副主席和部分委员.jpg + 1.jpg,Wikimedia Commons File:中央人民政府主席副主席和部分委员.jpg；File:中央人民政府主席副主席和部分委员1.jpg,verified,https://commons.wikimedia.org/wiki/File:%E4%B8%AD%E5%A4%AE%E4%BA%BA%E6%B0%91%E6%94%BF%E5%BA%9C%E4%B8%BB%E5%B8%AD%E5%89%AF%E4%B8%BB%E5%B8%AD%E5%92%8C%E9%83%A8%E5%88%86%E5%A7%94%E5%91%98.jpg,item_surrogate,open,PD-China；2 版本（带 1 编号 + 无编号）；,digital,full_item_online,public,public_domain,PD-China 公有领域,yes,L2,core,"[""1949民盟参与政协"", ""1949开国大典""]","[""毛泽东"", ""朱德"", ""刘少奇"", ""宋庆龄"", ""李济深"", ""张澜"", ""高岗"", ""中国民主同盟""]","[""北京""]",WebFetch 2026-07-20 实测；中央人民政府主席副主席和部分委员合影（1949-10-01 开国大典前后）含民盟张澜；L2 等级：PD-China + 1949 中央政府核心合影。,digital_image,https://commons.wikimedia.org/wiki/File:中央人民政府主席副主席和部分委员.jpg + File:中央人民政府主席副主席和部分委员1.jpg,需进一步确认全部人物。,2026-07-20,claude-code,accepted,L2 accepted (批次 G)：Wikimedia Commons 公有领域 PD-China 民盟 1945-1949 关键历史照片；WebFetch 2026-07-20 实测；升级依据：与批次 F-2 流程一致。；图片候选不入 OCR；仅线索登记 2026-08-02T08:18:31+00:00,2026-07-20,claude-code,lead_only,2026-07-21 13:10:52,L2,core,
576,domestic:WM:1949-maozedong-zhude-daoda-beiping,1949 毛泽东朱德到达北平（中共中央迁平）,来源 Wikimedia Commons,1949,1949 历史照片（公有领域 PD-China）,WM,Wikimedia Commons 黄炎培 / 沈钧儒分类,,,,,https://commons.wikimedia.org/wiki/File:毛泽东朱德到达北平.jpg,Wikimedia Commons File:毛泽东朱德到达北平.jpg,verified,https://commons.wikimedia.org/wiki/File:%E6%AF%9B%E6%B3%BD%E4%B8%9C%E6%9C%B1%E5%BE%B7%E5%88%B0%E8%BE%BE%E5%8C%97%E5%B9%B3.jpg,item_surrogate,open,PD-China；,digital,full_item_online,public,public_domain,PD-China 公有领域,yes,L2,core,"[""1949新政协筹备""]","[""毛泽东"", ""朱德"", ""中国共产党""]","[""北平""]",WebFetch 2026-07-20 实测；毛泽东朱德到达北平（1949-03-25 西苑机场阅兵）；L2 等级：PD-China + 1949 关键时点。,digital_image,https://commons.wikimedia.org/wiki/File:毛泽东朱德到达北平.jpg,需进一步确认日期与具体场合。,2026-07-20,claude-code,accepted,L2 accepted (批次 G)：Wikimedia Commons 公有领域 PD-China 民盟 1945-1949 关键历史照片；WebFetch 2026-07-20 实测；升级依据：与批次 F-2 流程一致。；图片候选不入 OCR；仅线索登记 2026-08-02T08:18:31+00:00,2026-07-20,claude-code,lead_only,2026-07-21 13:10:52,L2,core,
577,domestic:WM:1946-qieshi-baozhang-renmin-quanli-an,切实保障人民权利案（1946 政治协商会议核心议题档案）,来源 Wikimedia Commons,1946,1946 政治协商会议议题档案（公有领域 PD-China）,WM,Wikimedia Commons 黄炎培 / 沈钧儒分类,,,,,https://commons.wikimedia.org/wiki/File:切实保障人民权利案.jpg,Wikimedia Commons File:切实保障人民权利案.jpg,verified,https://commons.wikimedia.org/wiki/File:%E5%88%87%E5%AE%9E%E4%BF%9D%E9%9A%9C%E4%BA%BA%E6%B0%91%E6%9D%83%E5%88%A9%E6%A1%88.jpg,item_surrogate,open,PD-China；1946-01 政治协商会议核心议题；,digital,full_item_online,public,public_domain,PD-China 公有领域,yes,L2,core,"[""1946政治协商会议""]","[""中国共产党"", ""中国民主同盟"", ""中国国民党""]","[""重庆""]",WebFetch 2026-07-20 实测；切实保障人民权利案（1946-01 政治协商会议核心议题）—1946-01-31 政治协商会议通过；民盟核心推动议题；L2 等级：PD-China + 1946 关键议题。,digital_image,https://commons.wikimedia.org/wiki/File:切实保障人民权利案.jpg,需进一步确认具体内容与提交人。,2026-07-20,claude-code,accepted,L2 accepted (批次 G)：Wikimedia Commons 公有领域 PD-China 民盟 1945-1949 关键历史照片；WebFetch 2026-07-20 实测；升级依据：与批次 F-2 流程一致。；图片候选不入 OCR；仅线索登记 2026-08-02T08:18:31+00:00,2026-07-20,claude-code,lead_only,2026-07-21 13:10:52,L2,core,
578,domestic:WM:qijunzi-heying-shen-junru-categorized,七君子合影（沈钧儒分类）,来源 Wikimedia Commons,1936,民国时期历史照片（公有领域 PD-China）,WM,Wikimedia Commons 沈钧儒分类,沈钧儒分类 (30 文件),,,,https://commons.wikimedia.org/wiki/File:Qijunzi.jpg,Wikimedia Commons File:Qijunzi.jpg,verified,https://commons.wikimedia.org/wiki/File:Qijunzi.jpg,item_surrogate,open,PD-China；七君子 = 民盟前身救国会核心 7 人；,digital,full_item_online,public,public_domain,PD-China 公有领域,yes,L2,core,"[""1936七君子事件""]","[""沈钧儒"", ""邹韬審"", ""李公朴"", ""史良"", ""章乃器"", ""沙千里"", ""王造时""]","[""上海"", ""苏州""]",WebFetch 2026-07-20 实测 /wiki/Category:Shen_Junru；Qijunzi.jpg = 七君子合影；七君子 = 1936-11 全国各界救国联合会（民盟前身）核心 7 人；1936-11-23 被国民党政府逮捕，1937-07-31 抗战前夕释放；L2 等级：PD-China + 民盟前身核心事件。,digital_image,https://commons.wikimedia.org/wiki/File:Qijunzi.jpg,需进一步确认拍摄日期。,2026-07-20,claude-code,accepted,"L2 accepted (Phase 1 sprint 39 Wed, 2026-07-22): 45 L2 pending (9 full + 32 surrogate + 4 catalogue), 全部 codex/claude-code/grok 抽检通过 (37 codex + 5 claude + 3 grok); accept 表示记录级影像 / 目录身份和可复查入口通过, 不代表全文已逐字转录或原档已实物核校。；图片候选不入 OCR；仅线索登记 2026-08-02T08:18:31+00:00",2026-07-22,codex,lead_only,2026-07-21 13:10:52,L2,core,
579,domestic:WM:1946-taoxingzhi-zangli,陶行知葬礼（1946-11，民盟领导人）,来源 Wikimedia Commons,1946-11,民国时期历史照片（公有领域 PD-China）,WM,Wikimedia Commons 沈钧儒分类,沈钧儒分类 (30 文件),,,,https://commons.wikimedia.org/wiki/File:Tao_Xingzhi%27s_funeral.jpg,Wikimedia Commons File:Tao_Xingzhi's funeral.jpg,verified,https://commons.wikimedia.org/wiki/File:Tao_Xingzhi%27s_funeral.jpg,item_surrogate,open,PD-China；1946-11 陶行知葬礼；,digital,full_item_online,public,public_domain,PD-China 公有领域,yes,L2,core,"[""1946陶行知逝世""]","[""陶行知"", ""沈钧儒"", ""中国民主同盟""]","[""南京""]",WebFetch 2026-07-20 实测；陶行知葬礼（1946-11-25 逝世后）；陶行知 = 民盟领导人之一，1945 民盟一大中央常委；L2 等级：PD-China + 民盟领导人关键事件。,digital_image,https://commons.wikimedia.org/wiki/File:Tao_Xingzhi%27s_funeral.jpg,需进一步确认具体日期与参加者。,2026-07-20,claude-code,accepted,L2 accepted (批次 G)：Wikimedia Commons 公有领域 PD-China 民盟 1945-1949 关键历史照片；WebFetch 2026-07-20 实测；升级依据：与批次 F-2 流程一致。；图片候选不入 OCR；仅线索登记 2026-08-02T08:18:31+00:00,2026-07-20,claude-code,lead_only,2026-07-21 13:10:52,L2,core,
580,domestic:WM:1949-wei-sakongliao-songxing,为萨空了送行（1949 民盟代表送行合影）,来源 Wikimedia Commons,1949,1949 历史照片（公有领域 PD-China）,WM,Wikimedia Commons 沈钧儒分类,沈钧儒分类 (30 文件),,,,https://commons.wikimedia.org/wiki/File:为萨空了送行.jpg,Wikimedia Commons File:为萨空了送行.jpg,verified,https://commons.wikimedia.org/wiki/File:%E4%B8%BA%E8%90%A8%E7%A9%BA%E4%BA%86%E9%80%81%E8%A1%8C.jpg,item_surrogate,open,PD-China；萨空了 = 民盟代表；,digital,full_item_online,public,public_domain,PD-China 公有领域,yes,L2,core,"[""1949新政协筹备""]","[""萨空了"", ""中国民主同盟""]","[""北京"", ""北平""]",WebFetch 2026-07-20 实测；为萨空了送行合影（1949）— 萨空了 = 民盟代表；L2 等级：PD-China + 1949 民盟代表送行。,digital_image,https://commons.wikimedia.org/wiki/File:为萨空了送行.jpg,需进一步确认具体场合。,2026-07-20,claude-code,accepted,L2 accepted (批次 G)：Wikimedia Commons 公有领域 PD-China 民盟 1945-1949 关键历史照片；WebFetch 2026-07-20 实测；升级依据：与批次 F-2 流程一致。；图片候选不入 OCR；仅线索登记 2026-08-02T08:18:31+00:00,2026-07-20,claude-code,lead_only,2026-07-21 13:10:52,L2,core,
581,domestic:WM:1949-zhongyang-zhengfu-shouge-fuxinjiang-weiwentuan,1949 中央人民政府派出的首个赴新疆慰问团,来源 Wikimedia Commons,1949,1949 历史照片（公有领域 PD-China）,WM,Wikimedia Commons 沈钧儒分类,沈钧儒分类 (30 文件),,,,https://commons.wikimedia.org/wiki/File:中央人民政府派出的首个赴新疆慰问团.jpg,Wikimedia Commons File:中央人民政府派出的首个赴新疆慰问团.jpg,verified,https://commons.wikimedia.org/wiki/File:%E4%B8%AD%E5%A4%AE%E4%BA%BA%E6%B0%91%E6%94%BF%E5%BA%9C%E6%B4%BE%E5%87%BA%E7%9A%84%E9%A6%96%E4%B8%AA%E8%B5%B4%E6%96%B0%E7%96%86%E6%85%B0%E9%97%AE%E5%9B%A2.jpg,item_surrogate,open,PD-China；1949 新中国成立后的首个赴新疆慰问团；,digital,full_item_online,public,public_domain,PD-China 公有领域,yes,L2,core,"[""1949民盟参与政协""]","[""中央人民政府"", ""新疆代表团""]","[""新疆"", ""北京""]",WebFetch 2026-07-20 实测；中央人民政府派出的首个赴新疆慰问团（1949）；L2 等级：PD-China + 1949 中央政府组建后首次外事活动。,digital_image,https://commons.wikimedia.org/wiki/File:中央人民政府派出的首个赴新疆慰问团.jpg,需进一步确认具体日期与成员。,2026-07-20,claude-code,accepted,L2 accepted (批次 G)：Wikimedia Commons 公有领域 PD-China 民盟 1945-1949 关键历史照片；WebFetch 2026-07-20 实测；升级依据：与批次 F-2 流程一致。；图片候选不入 OCR；仅线索登记 2026-08-02T08:18:31+00:00,2026-07-20,claude-code,lead_only,2026-07-21 13:10:52,L2,core,
582,domestic:WM:1949-liushaoqi-huangyanpei,1949 刘少奇与黄炎培合影（中央人民政府合影）,来源 Wikimedia Commons,1949,1949 历史照片（公有领域 PD-China）,WM,Wikimedia Commons 黄炎培分类,黄炎培分类 (22 文件),,,,https://commons.wikimedia.org/wiki/File:Liu_Shaoqi_and_Huang_Yanpei.jpg,Wikimedia Commons File:Liu Shaoqi and Huang Yanpei.jpg,verified,https://commons.wikimedia.org/wiki/File:Liu_Shaoqi_and_Huang_Yanpei.jpg,item_surrogate,open,PD-China；,digital,full_item_online,public,public_domain,PD-China 公有领域,yes,L2,core,"[""1949民盟参与政协""]","[""刘少奇"", ""黄炎培""]","[""北京""]",WebFetch 2026-07-20 实测 /wiki/Category:Huang_Yanpei；刘少奇与黄炎培合影（1949）；黄炎培 = 民建创始人 + 民盟前身成员；L2 等级：PD-China + 1949 关键时点。,digital_image,https://commons.wikimedia.org/wiki/File:Liu_Shaoqi_and_Huang_Yanpei.jpg,需进一步确认日期与场合。,2026-07-20,claude-code,accepted,L2 accepted (批次 G)：Wikimedia Commons 公有领域 PD-China 民盟 1945-1949 关键历史照片；WebFetch 2026-07-20 实测；升级依据：与批次 F-2 流程一致。；图片候选不入 OCR；仅线索登记 2026-08-02T08:18:31+00:00,2026-07-20,claude-code,lead_only,2026-07-21 13:10:52,L2,core,
583,domestic:WM:1937-07-31-qijunzi-chuyu-heying,1937-07-31 七君子出狱合影（七位救国领导人合影，民盟前身核心）,作者不详（PD-China）,1937-07-31,民国时期历史照片（公有领域 PD-China）,WM,Wikimedia Commons 史良 / 沈钧儒分类,史良分类 + 沈钧儒分类,,,,https://commons.wikimedia.org/wiki/File:Qijunzi.jpg,Wikimedia Commons File:Qijunzi.jpg；来源：http://www.audit.gov.cn/n1057/n1102/n2064/n2653/1650468.html,verified,https://commons.wikimedia.org/wiki/File:Qijunzi.jpg,item_surrogate,open,PD-China；JPEG 54KB 500×373；2010-04-01 上传；Wikipedia 多语言引用,digital,full_item_online,public,public_domain,PD-China 公有领域；URAA 不适用,yes,L2,core,"[""1936七君子事件""]","[""沈钧儒"", ""邹韬審"", ""李公朴"", ""史良"", ""章乃器"", ""沙千里"", ""王造时""]","[""苏州""]",WebFetch 2026-07-21 实测 Wikimedia Commons /wiki/File:Qijunzi.jpg；元数据：拍摄 1937-07-31；上传 2010-04-01；JPEG 54KB 500×373；PD-China；照片描述：『七君子事件』七位领导人出狱前合影，左起：王造时 / 史良 / 章乃器 / 沈钧儒 / 沙千里 / 李公朴 / 邹韬奋；七君子 = 民盟前身 1936 全国各界救国联合会核心 7 人；1936-11-23 被国民党政府逮捕，1937-07-31 抗战前夕释放；L2 等级：PD-China + 民盟前身核心事件 + 多语言 Wikipedia 引用。,digital_image,https://commons.wikimedia.org/wiki/File:Qijunzi.jpg (元数据)；https://upload.wikimedia.org/wikipedia/commons/.../Qijunzi.jpg (直接下载)；http://www.audit.gov.cn/n1057/n1102/n2064/n2653/1650468.html (中国审计署源),原始出处需进一步确认；可升级 L1 取得原件档案级扫描。,2026-07-21,claude-code,accepted,L2 accepted (批次 G-2)：Wikimedia Commons 公有领域 PD-China 民盟 1941-1949 历史照片；WebFetch 2026-07-21 实测；升级依据与批次 F-2/G 流程一致。；图片候选不入 OCR；仅线索登记 2026-08-02T08:18:31+00:00,2026-07-21,claude-code,lead_only,2026-07-21 13:10:52,L2,core,
584,domestic:WM:1949-yijie-zhengxie-nvdaibiao,1949 参加中国人民政治协商会议第一届全体会议的女代表合影（含 5 位核心女代表）,作者不详（PD-China）,1949,1949 历史照片（公有领域 PD-China）,WM,Wikimedia Commons 史良分类 + CPPCC First Plenary Session 分类,First Plenary Session of the CPPCC + 史良分类,,,,https://commons.wikimedia.org/wiki/File:参加中国人民政治协商会议第一届全体会议的女代表.jpg,Wikimedia Commons File:参加中国人民政治协商会议第一届全体会议的女代表.jpg；来源：163 博客 + 新华网论坛,verified,https://commons.wikimedia.org/wiki/File:%E5%8F%82%E5%8A%A0%E4%B8%AD%E5%9B%BD%E4%BA%BA%E6%B0%91%E6%94%BF%E5%8B%99%E5%8D%8F%E5%95%86%E7%AC%AC%E4%B8%80%E5%B1%8A%E5%85%A8%E4%BD%93%E4%BC%9A%E8%AE%AE%E7%9A%84%E5%A5%B3%E4%BB%A3%E8%A1%A8.jpg,item_surrogate,open,PD-China；JPEG 61KB 640×452；2015-12-17 上传；含 PRC + ROC 国旗,digital,full_item_online,public,public_domain,PD-China 公有领域,yes,L2,core,"[""1949民盟参与政协""]","[""邓颖超"", ""宋庆龄"", ""何香凝"", ""罗叔章"", ""史良"", ""中国民主同盟""]","[""北京""]",WebFetch 2026-07-21 实测 Wikimedia Commons /wiki/File:参加中国人民政治协商会议第一届全体会议的女代表.jpg；元数据：日期 1949；PD-China；JPEG 61KB 640×452；2015-12-17 上传；照片描述：黑白合影，1949 拍摄，展示参加中国人民政治协商会议第一届全体会议的女代表；人物识别（Wikidata depicts + 分类）：邓颖超（明示）/ 宋庆龄 / 何香凝 / 罗叔章 / 史良；史良 = 民盟中央副主席（1958-1965）+ 民盟核心领导人；L2 等级：PD-China + 一届政协民盟 + 关键 1949 时点。,digital_image,https://commons.wikimedia.org/wiki/File:参加中国人民政治协商会议第一届全体会议的女代表.jpg,部分人物识别需进一步确认；L1 升级需原件级扫描。,2026-07-21,claude-code,accepted,L2 accepted (批次 G-2)：Wikimedia Commons 公有领域 PD-China 民盟 1941-1949 历史照片；WebFetch 2026-07-21 实测；升级依据与批次 F-2/G 流程一致。；图片候选不入 OCR；仅线索登记 2026-08-02T08:18:31+00:00,2026-07-21,claude-code,lead_only,2026-07-21 13:10:52,L2,core,
585,domestic:WM:1946-dengyingchao-daoci-li-wen,邓颖超朗读周恩来为李公朴闻一多所写悼词（1946 年七七事变后）,作者不详（PD-China）,1946,1946 历史照片（公有领域 PD-China）,WM,Wikimedia Commons 闻一多分类 + 史良分类,Wen Yiduo (15F) + Shi Liang (9F),,,,https://commons.wikimedia.org/wiki/File:Deng_Yingchao_reads_out_the_eulogy_written_by_Zhou_Enlai_for_Li_Gongpu_and_Wen_Yiduo.jpg,Wikimedia Commons File:Deng Yingchao reads out the eulogy written by Zhou Enlai for Li Gongpu and Wen Yiduo.jpg,verified,https://commons.wikimedia.org/wiki/File:Deng_Yingchao_reads_out_the_eulogy_written_by_Zhou_Enlai_for_Li_Gongpu_and_Wen_Yiduo.jpg,item_surrogate,open,PD-China；JPEG 86KB 400×262,digital,full_item_online,public,public_domain,PD-China 公有领域,yes,L2,core,"[""1946李公朴闻一多遇害""]","[""邓颖超"", ""周恩来"", ""李公朴"", ""闻一多"", ""中国民主同盟""]","[""上海""]",WebFetch 2026-07-21 实测 Wikimedia Commons /wiki/File:Deng_Yingchao_reads_out_the_eulogy_written_by_Zhou_Enlai_for_Li_Gongpu_and_Wen_Yiduo.jpg；标题：邓颖超朗读周恩来为李公朴闻一多所写悼词；时间：1946（李公朴 1946-07-11 + 闻一多 1946-07-15 遇害后 10 天内的悼念活动）；李公朴 / 闻一多 = 民盟核心成员，1946 民盟最惨痛事件；L2 等级：PD-China + 民盟烈士悼念活动 + 周恩来亲笔悼词。,digital_image,https://commons.wikimedia.org/wiki/File:Deng_Yingchao_reads_out_the_eulogy_written_by_Zhou_Enlai_for_Li_Gongpu_and_Wen_Yiduo.jpg,具体场合（追悼会/上海/南京）需进一步确认；L1 升级需原件扫描。,2026-07-21,claude-code,accepted,L2 accepted (批次 G-2)：Wikimedia Commons 公有领域 PD-China 民盟 1941-1949 历史照片；WebFetch 2026-07-21 实测；升级依据与批次 F-2/G 流程一致。；图片候选不入 OCR；仅线索登记 2026-08-02T08:18:31+00:00,2026-07-21,claude-code,lead_only,2026-07-21 13:10:52,L2,core,
586,domestic:WM:1936-shen-junru-zaiyuzhong,1936 年沈钧儒在狱中（七君子事件核心照片）,作者不详（PD-China）,1936,民国时期历史照片（公有领域 PD-China）,WM,Wikimedia Commons 沈钧儒分类,沈钧儒分类 (30 文件),,,,https://commons.wikimedia.org/wiki/File:1963-08_1936年_沈钧儒在狱中.jpg,Wikimedia Commons File:1963-08 1936年 沈钧儒在狱中.jpg,verified,https://commons.wikimedia.org/wiki/File:1963-08_1936%E5%B9%B4_%E6%B2%88%E9%92%A7%E5%84%92%E5%9C%A8%E7%8B%B1%E4%B8%AD.jpg,item_surrogate,open,PD-China；,digital,full_item_online,public,public_domain,PD-China 公有领域,yes,L2,core,"[""1936七君子事件""]","[""沈钧儒"", ""中国民主同盟""]","[""上海"", ""苏州"", ""南京""]",WebFetch 2026-07-21 实测 Wikimedia Commons /wiki/Category:Shen_Junru；1936 年沈钧儒在狱中（七君子事件核心照片）；沈钧儒 = 民盟前身救国会领袖；L2 等级：PD-China + 民盟前身核心事件。,digital_image,https://commons.wikimedia.org/wiki/File:1963-08_1936年_沈钧儒在狱中.jpg,需进一步确认监狱地点（上海提篮桥 / 苏州）。,2026-07-21,claude-code,accepted,"L2 accepted (Phase 1 sprint 39 Wed, 2026-07-22): 45 L2 pending (9 full + 32 surrogate + 4 catalogue), 全部 codex/claude-code/grok 抽检通过 (37 codex + 5 claude + 3 grok); accept 表示记录级影像 / 目录身份和可复查入口通过, 不代表全文已逐字转录或原档已实物核校。；图片候选不入 OCR；仅线索登记 2026-08-02T08:18:31+00:00",2026-07-22,codex,lead_only,2026-07-21 13:10:52,L2,core,
587,domestic:WM:1949-song-ching-ling-1st-cppcc,1949 宋庆龄在第一届全国政协（民革名誉主席）,作者不详（PD-China）,1949,1949 历史照片（公有领域 PD-China）,WM,Wikimedia Commons 史良分类 + CPPCC 分类,First Plenary Session of the CPPCC,,,,https://commons.wikimedia.org/wiki/File:Soong_Ching-ling_at_1st_CPPCC.jpg,Wikimedia Commons File:Soong Ching-ling at 1st CPPCC.jpg,verified,https://commons.wikimedia.org/wiki/File:Soong_Ching-ling_at_1st_CPPCC.jpg,item_surrogate,open,PD-China；,digital,full_item_online,public,public_domain,PD-China 公有领域,yes,L2,core,"[""1949民盟参与政协""]","[""宋庆龄"", ""中国国民党革命委员会"", ""中国民主同盟""]","[""北京""]",WebFetch 2026-07-21 实测 /wiki/Category:Shi_Liang；宋庆龄在第一届全国政协（1949）= 民革名誉主席出席；L2 等级：PD-China + 1949 一届政协。,digital_image,https://commons.wikimedia.org/wiki/File:Soong_Ching-ling_at_1st_CPPCC.jpg,需进一步确认具体场合。,2026-07-21,claude-code,accepted,L2 accepted (批次 G-2)：Wikimedia Commons 公有领域 PD-China 民盟 1941-1949 历史照片；WebFetch 2026-07-21 实测；升级依据与批次 F-2/G 流程一致。；图片候选不入 OCR；仅线索登记 2026-08-02T08:18:31+00:00,2026-07-21,claude-code,lead_only,2026-07-21 13:10:52,L2,core,
588,domestic:WM:1949-xianfa-caogao-zuotanhui-di8zu-heying,1949 宪法草案座谈会第八组合影（含民主党派代表）,作者不详（PD-China）,1949,1949 历史照片（公有领域 PD-China）,WM,Wikimedia Commons 史良分类,史良分类 (9 文件),,,,https://commons.wikimedia.org/wiki/File:宪法草案座谈会第八组合影.jpg,Wikimedia Commons File:宪法草案座谈会第八组合影.jpg,verified,https://commons.wikimedia.org/wiki/File:%E5%AE%AA%E6%B3%95%E8%8D%89%E6%A1%88%E5%BA%A7%E8%B0%88%E4%BC%9A%E7%AC%AC%E5%85%AB%E7%BB%84%E5%90%88%E5%BD%B1.jpg,item_surrogate,open,PD-China；,digital,full_item_online,public,public_domain,PD-China 公有领域,yes,L2,core,"[""1949民盟参与政协""]","[""史良"", ""中国民主同盟""]","[""北京""]",WebFetch 2026-07-21 实测；1949 宪法草案座谈会第八组合影（含民盟/民革代表，含史良）；L2 等级：PD-China + 1949 宪法草案起草。,digital_image,https://commons.wikimedia.org/wiki/File:宪法草案座谈会第八组合影.jpg,需进一步确认全部人物。,2026-07-21,claude-code,accepted,L2 accepted (批次 G-2)：Wikimedia Commons 公有领域 PD-China 民盟 1941-1949 历史照片；WebFetch 2026-07-21 实测；升级依据与批次 F-2/G 流程一致。；图片候选不入 OCR；仅线索登记 2026-08-02T08:18:31+00:00,2026-07-21,claude-code,lead_only,2026-07-21 13:10:52,L2,core,
589,domestic:WM:1949-cai-chang-shiliang-tiananmen,1949 蔡畅与史良在天安门（开国大典）,作者不详（PD-China）,1949,1949 历史照片（公有领域 PD-China）,WM,Wikimedia Commons 史良分类,史良分类 (9 文件),,,,https://commons.wikimedia.org/wiki/File:Cai_Chang_and_Shiliang_on_Tian%27anmen.jpg,Wikimedia Commons File:Cai Chang and Shiliang on Tian'anmen.jpg,verified,https://commons.wikimedia.org/wiki/File:Cai_Chang_and_Shiliang_on_Tian%27anmen.jpg,item_surrogate,open,PD-China；开国大典天安门合影；,digital,full_item_online,public,public_domain,PD-China 公有领域,yes,L2,core,"[""1949开国大典"", ""1949民盟参与政协""]","[""蔡畅"", ""史良"", ""中国民主同盟""]","[""北京""]",WebFetch 2026-07-21 实测；蔡畅与史良在天安门（1949-10-01 开国大典）；史良 = 民盟中央副主席（1958-1965）+ 新中国第一任司法部部长；L2 等级：PD-China + 开国大典。,digital_image,https://commons.wikimedia.org/wiki/File:Cai_Chang_and_Shiliang_on_Tian%27anmen.jpg,需进一步确认日期。,2026-07-21,claude-code,accepted,L2 accepted (批次 G-2)：Wikimedia Commons 公有领域 PD-China 民盟 1941-1949 历史照片；WebFetch 2026-07-21 实测；升级依据与批次 F-2/G 流程一致。；图片候选不入 OCR；仅线索登记 2026-08-02T08:18:31+00:00,2026-07-21,claude-code,lead_only,2026-07-21 13:10:52,L2,core,
590,domestic:WM:1949-shiliang-tiananmen-cropped,1949 史良在天安门城楼（开国大典）,作者不详（PD-China）,1949,1949 历史照片（公有领域 PD-China）,WM,Wikimedia Commons 史良分类,史良分类 (9 文件),,,,https://commons.wikimedia.org/wiki/File:Shiliang_on_Tian%27anmen_(cropped).jpg,Wikimedia Commons File:Shiliang on Tian'anmen (cropped).jpg,verified,https://commons.wikimedia.org/wiki/File:Shiliang_on_Tian%27anmen_(cropped).jpg,item_surrogate,open,PD-China；,digital,full_item_online,public,public_domain,PD-China 公有领域,yes,L2,core,"[""1949开国大典""]","[""史良"", ""中国民主同盟""]","[""北京""]",WebFetch 2026-07-21 实测；史良在天安门城楼（开国大典）；L2 等级：PD-China + 开国大典。,digital_image,https://commons.wikimedia.org/wiki/File:Shiliang_on_Tian%27anmen_(cropped).jpg,需进一步确认日期与剪裁关系。,2026-07-21,claude-code,accepted,L2 accepted (批次 G-2)：Wikimedia Commons 公有领域 PD-China 民盟 1941-1949 历史照片；WebFetch 2026-07-21 实测；升级依据与批次 F-2/G 流程一致。；图片候选不入 OCR；仅线索登记 2026-08-02T08:18:31+00:00,2026-07-21,claude-code,lead_only,2026-07-21 13:10:52,L2,core,
591,domestic:WM:1946-zhouenlai-shougao-daoci-li-wen,1946 周恩来为李公朴闻一多追悼会所写亲笔悼词（手写原件）,周恩来,1946-07,1946 民国时期档案（周恩来亲笔手写悼词原件扫描）,WM,Wikimedia Commons 李公朴分类,Li Gongpu (12F),,,,https://commons.wikimedia.org/wiki/File:周恩来为李公朴闻一多追悼会所写悼词.jpg,Wikimedia Commons File:周恩来为李公朴闻一多追悼会所写悼词.jpg,verified,https://commons.wikimedia.org/wiki/File:%E5%91%A8%E6%81%A9%E6%9D%A5%E4%B8%BA%E6%9D%8E%E5%85%AC%E6%9C%B3%E9%97%BB%E4%B8%80%E5%A4%9A%E8%BF%BD%E6%82%BC%E4%BC%9A%E6%89%80%E5%86%99%E6%82%BC%E8%AF%8D.jpg,item_surrogate,open,PD-China；JPEG 65KB 220×291,digital,full_item_online,public,public_domain,PD-China 公有领域,yes,L2,core,"[""1946李公朴闻一多遇害""]","[""周恩来"", ""李公朴"", ""闻一多"", ""中国民主同盟""]","[""上海""]",WebFetch 2026-07-21 实测 Wikimedia Commons /wiki/Category:Li_Gongpu；周恩来为李公朴闻一多追悼会所写悼词（手写原件扫描）= 周恩来亲笔悼词；李公朴 1946-07-11 + 闻一多 1946-07-15 遇害后，周恩来亲笔写悼词，1946-07 由邓颖超在追悼会上宣读；L2 等级：PD-China + 周恩来亲笔原件扫描 + 民盟最惨痛事件。,digital_image,https://commons.wikimedia.org/wiki/File:周恩来为李公朴闻一多追悼会所写悼词.jpg,需进一步确认悼词具体内容文本。,2026-07-21,claude-code,accepted,L1/L2 accepted (批次 G-3)：Wikimedia Commons 公有领域 PD-China 民盟历史文件；WebFetch 2026-07-21 实测。；图片候选不入 OCR；仅线索登记 2026-08-02T08:18:31+00:00,2026-07-21,claude-code,lead_only,2026-07-21 13:10:52,L2,core,
592,domestic:WM:1946-li-gongpu-yiguanzhong-highres,李公朴衣冠冢（民国时期罕见高分辨率扫描 9.79 MB）,作者不详（PD-China）,1946,1946 民国时期高分辨率影像扫描（公有领域 PD-China）,WM,Wikimedia Commons 李公朴分类,Li Gongpu (12F),,,,https://commons.wikimedia.org/wiki/File:李公朴衣冠冢.jpg,Wikimedia Commons File:李公朴衣冠冢.jpg,verified,https://commons.wikimedia.org/wiki/File:%E6%9D%8E%E5%85%AC%E6%9C%B3%E8%A1%A3%E5%86%A0%E5%BA%9F.jpg,item_surrogate,open,PD-China；JPEG 9.79 MB 7737×5160（罕见高分辨率）,digital,full_item_online,public,public_domain,PD-China 公有领域,yes,L1,core,"[""1946李公朴闻一多遇害""]","[""李公朴"", ""中国民主同盟""]","[""上海""]","WebFetch 2026-07-21 实测 Wikimedia Commons /wiki/Category:Li_Gongpu；李公朴衣冠冢扫描；分辨率 7,737 × 5,160（罕见高分辨率）；文件大小 9.79 MB（罕见大文件，PD-China 但完整高分辨率）；李公朴 1946-07-11 遇害后衣冠冢；L1 等级依据：PD-China + 9.79MB 高分辨率 + 完整衣冠冢影像 + 民盟烈士文物；可直接用于民盟文物数字化复制。",digital_image,https://commons.wikimedia.org/wiki/File:李公朴衣冠冢.jpg,L1 已设置（PD-China + 9.79MB 原始扫描）。,2026-07-21,claude-code,accepted,L1/L2 accepted (批次 G-3)：Wikimedia Commons 公有领域 PD-China 民盟历史文件；WebFetch 2026-07-21 实测。；图片候选不入 OCR；仅线索登记 2026-08-02T08:18:31+00:00,2026-07-21,claude-code,lead_only,2026-07-21 13:10:52,L1,core,
593,domestic:WM:1946-li-gongpu-fangwen-balujun-zongbu,李公朴访问八路军总部,作者不详（PD-China）,1937,民国时期历史照片（公有领域 PD-China）,WM,Wikimedia Commons 李公朴分类,Li Gongpu (12F),,,,https://commons.wikimedia.org/wiki/File:李公朴访问八路军总部.jpg,Wikimedia Commons File:李公朴访问八路军总部.jpg,verified,https://commons.wikimedia.org/wiki/File:%E6%9D%8E%E5%85%AC%E6%9C%B3%E8%AE%BF%E9%97%AE%E5%85%AB%E8%B7%AF%E5%86%9B%E6%80%BB%E9%83%A8.jpg,item_surrogate,open,PD-China；JPEG 95KB 400×285,digital,full_item_online,public,public_domain,PD-China 公有领域,yes,L2,core,"[""1936七君子事件""]","[""李公朴"", ""中国民主同盟""]","[""延安"", ""山西""]",WebFetch 2026-07-21 实测 Wikimedia Commons /wiki/Category:Li_Gongpu；李公朴访问八路军总部（1937 抗战初期或战后）；L2 等级：PD-China + 民盟核心人物。,digital_image,https://commons.wikimedia.org/wiki/File:李公朴访问八路军总部.jpg,需进一步确认具体日期。,2026-07-21,claude-code,accepted,L1/L2 accepted (批次 G-3)：Wikimedia Commons 公有领域 PD-China 民盟历史文件；WebFetch 2026-07-21 实测。；图片候选不入 OCR；仅线索登记 2026-08-02T08:18:31+00:00,2026-07-21,claude-code,lead_only,2026-07-21 13:10:52,L2,core,
594,domestic:WM:1946-pengdehuai-tici-li-gongpu,1946 彭德怀为李公朴夫妇题词,彭德怀,1946,1946 民国时期手写题词（公有领域 PD-China）,WM,Wikimedia Commons 李公朴分类,Li Gongpu (12F),,,,https://commons.wikimedia.org/wiki/File:彭德怀为李公朴夫妇题词.jpg,Wikimedia Commons File:彭德怀为李公朴夫妇题词.jpg,verified,https://commons.wikimedia.org/wiki/File:%E5%BD%AD%E5%BE%B7%E6%80%80%E4%B8%BA%E6%9D%8E%E5%85%AC%E6%9C%B3%E5%A4%AB%E5%A6%BB%E9%A2%98%E8%AF%8D.jpg,item_surrogate,open,PD-China；JPEG 96KB 400×312,digital,full_item_online,public,public_domain,PD-China 公有领域,yes,L2,core,"[""1946李公朴闻一多遇害""]","[""彭德怀"", ""李公朴"", ""中国民主同盟""]","[""北京""]",WebFetch 2026-07-21 实测 Wikimedia Commons /wiki/Category:Li_Gongpu；1946 彭德怀为李公朴夫妇题词（手写原件扫描）；彭德怀 = 中共将领，为民盟烈士李公朴夫妇题词；L2 等级：PD-China + 中共将领亲笔 + 民盟烈士文物。,digital_image,https://commons.wikimedia.org/wiki/File:彭德怀为李公朴夫妇题词.jpg,需进一步确认题词内容。,2026-07-21,claude-code,accepted,L1/L2 accepted (批次 G-3)：Wikimedia Commons 公有领域 PD-China 民盟历史文件；WebFetch 2026-07-21 实测。；图片候选不入 OCR；仅线索登记 2026-08-02T08:18:31+00:00,2026-07-21,claude-code,lead_only,2026-07-21 13:10:52,L2,core,
595,domestic:WM:1946-nierongzhen-tici-li-gongpu,1946 聂荣臻为李公朴题词,聂荣臻,1946,1946 民国时期手写题词（公有领域 PD-China）,WM,Wikimedia Commons 李公朴分类,Li Gongpu (12F),,,,https://commons.wikimedia.org/wiki/File:聂荣臻为李公朴题词.jpg,Wikimedia Commons File:聂荣臻为李公朴题词.jpg,verified,https://commons.wikimedia.org/wiki/File:%E8%81%82%E8%8D%A3%E7%82%9C%E4%B8%BA%E6%9D%8E%E5%85%AC%E6%9C%B3%E9%A2%98%E8%AF%8D.jpg,item_surrogate,open,PD-China；JPEG 87KB 400×238,digital,full_item_online,public,public_domain,PD-China 公有领域,yes,L2,core,"[""1946李公朴闻一多遇害""]","[""聂荣臻"", ""李公朴"", ""中国民主同盟""]","[""北京""]",WebFetch 2026-07-21 实测；1946 聂荣臻为李公朴题词（手写原件扫描）；聂荣臻 = 中共将领，为民盟烈士李公朴题词；L2 等级：PD-China + 中共将领亲笔。,digital_image,https://commons.wikimedia.org/wiki/File:聂荣臻为李公朴题词.jpg,需进一步确认题词内容。,2026-07-21,claude-code,accepted,L1/L2 accepted (批次 G-3)：Wikimedia Commons 公有领域 PD-China 民盟历史文件；WebFetch 2026-07-21 实测。；图片候选不入 OCR；仅线索登记 2026-08-02T08:18:31+00:00,2026-07-21,claude-code,lead_only,2026-07-21 13:10:52,L2,core,
596,domestic:WM:1945-liucanzhengyuan-fangwen-yanan,1945 六参政员访问延安（含黄炎培/章伯钧/罗隆基等 6 位民盟/民社党/青年党参政员）,作者不详（PD-China）,1945,1945 历史照片（公有领域 PD-China）,WM,Wikimedia Commons 黄炎培 / 章伯钧 / 沈钧儒分类,黄炎培分类 + 章伯钧分类 + 沈钧儒分类,,,,https://commons.wikimedia.org/wiki/File:六参政员访问延安.jpg,Wikimedia Commons File:六参政员访问延安.jpg,verified,https://commons.wikimedia.org/wiki/File:%E5%85%AD%E5%8F%82%E6%94%BF%E5%91%98%E8%AE%BF%E9%97%AE%E5%BB%B6%E5%AE%89.jpg,item_surrogate,open,PD-China；,digital,full_item_online,public,public_domain,PD-China 公有领域,yes,L2,core,"[""1945重庆谈判"", ""1945民盟一大""]","[""黄炎培"", ""章伯钧"", ""罗隆基"", ""左舜生"", ""中国民主同盟""]","[""延安""]",WebFetch 2026-07-21 实测 Wikimedia Commons /wiki/Category:Zhang_Bojun + /wiki/Category:Huang_Yanpei；1945 六参政员访问延安 = 民盟 + 民社党 + 青年党各 2 位参政员访问延安；1945-07 民盟创始人黄炎培 + 章伯钧 + 罗隆基等访问延安见毛泽东；L2 等级：PD-China + 1945 民盟历史关键时点。,digital_image,https://commons.wikimedia.org/wiki/File:六参政员访问延安.jpg,需进一步确认 6 位具体人物名单。,2026-07-21,claude-code,accepted,L1/L2 accepted (批次 G-3)：Wikimedia Commons 公有领域 PD-China 民盟历史文件；WebFetch 2026-07-21 实测。；图片候选不入 OCR；仅线索登记 2026-08-02T08:18:31+00:00,2026-07-21,claude-code,lead_only,2026-07-21 13:10:52,L2,core,
597,domestic:WM:1945-liucanzhengyuan-fangwen-yanan-2,1945 六参政员访问延安（另一版本合影）,作者不详（PD-China）,1945,1945 历史照片（公有领域 PD-China）,WM,Wikimedia Commons 章伯钧 / 黄炎培分类,,,,,https://commons.wikimedia.org/wiki/File:六参政员访问延安1.jpg,Wikimedia Commons File:六参政员访问延安1.jpg,verified,https://commons.wikimedia.org/wiki/File:%E5%85%AD%E5%8F%82%E6%94%BF%E5%91%98%E8%AE%BF%E9%97%AE%E5%BB%B6%E5%AE%891.jpg,item_surrogate,open,PD-China；,digital,full_item_online,public,public_domain,PD-China 公有领域,yes,L2,core,"[""1945重庆谈判"", ""1945民盟一大""]","[""黄炎培"", ""章伯钧"", ""罗隆基"", ""中国民主同盟""]","[""延安""]",WebFetch 2026-07-21 实测；1945 六参政员访问延安 第二版本合影；L2 等级：PD-China + 1945 关键时点。,digital_image,https://commons.wikimedia.org/wiki/File:六参政员访问延安1.jpg,需进一步对照版本差异。,2026-07-21,claude-code,accepted,L1/L2 accepted (批次 G-3)：Wikimedia Commons 公有领域 PD-China 民盟历史文件；WebFetch 2026-07-21 实测。；图片候选不入 OCR；仅线索登记 2026-08-02T08:18:31+00:00,2026-07-21,claude-code,lead_only,2026-07-21 13:10:52,L2,core,
598,domestic:WM:1945-maozedong-zhude-liucanzhengyuan,1945 毛泽东朱德与六参政员合影（含民盟代表）,作者不详（PD-China）,1945,1945 历史照片（公有领域 PD-China）,WM,Wikimedia Commons 章伯钧 / 沈钧儒分类,,,,,https://commons.wikimedia.org/wiki/File:毛泽东朱德与六参政员.jpg,Wikimedia Commons File:毛泽东朱德与六参政员.jpg,verified,https://commons.wikimedia.org/wiki/File:%E6%AF%9B%E6%B3%BD%E4%B8%9C%E6%9C%B1%E5%BE%B7%E4%B8%8E%E5%85%AD%E5%8F%82%E6%94%BF%E5%91%98.jpg,item_surrogate,open,PD-China；,digital,full_item_online,public,public_domain,PD-China 公有领域,yes,L2,core,"[""1945重庆谈判"", ""1945民盟一大""]","[""毛泽东"", ""朱德"", ""黄炎培"", ""章伯钧"", ""罗隆基"", ""中国民主同盟""]","[""延安""]",WebFetch 2026-07-21 实测；1945 毛泽东朱德与六参政员合影 = 1945-07 延安访问合影；L2 等级：PD-China + 1945 关键时点 + 毛泽东朱德亲临。,digital_image,https://commons.wikimedia.org/wiki/File:毛泽东朱德与六参政员.jpg,需进一步确认具体身份。,2026-07-21,claude-code,accepted,L1/L2 accepted (批次 G-3)：Wikimedia Commons 公有领域 PD-China 民盟历史文件；WebFetch 2026-07-21 实测。；图片候选不入 OCR；仅线索登记 2026-08-02T08:18:31+00:00,2026-07-21,claude-code,lead_only,2026-07-21 13:10:52,L2,core,
599,domestic:WM:shiliang-portrait-1,史良肖像照（民国时期）,作者不详（PD-China）,1940,民国时期人物照（公有领域 PD-China）,WM,Wikimedia Commons 史良分类,史良分类 (9 文件),,,,https://commons.wikimedia.org/wiki/File:史良.jpg,Wikimedia Commons File:史良.jpg,verified,https://commons.wikimedia.org/wiki/File:%E5%8F%B2%E8%89%AF.jpg,item_surrogate,open,PD-China；史良个人肖像照,digital,full_item_online,public,public_domain,PD-China 公有领域,yes,L2,core,"[""1936七君子事件""]","[""史良"", ""中国民主同盟""]","[""上海""]",WebFetch 2026-07-21 实测；史良肖像照（民国时期，1937-1949 大致）；史良 = 七君子中唯一女性 + 民盟中央副主席（1958-1965）+ 新中国首任司法部部长；L2 等级：PD-China + 民盟核心人物肖像。,digital_image,https://commons.wikimedia.org/wiki/File:史良.jpg,需进一步确认拍摄年份。,2026-07-21,claude-code,accepted,L1/L2 accepted (批次 G-3)：Wikimedia Commons 公有领域 PD-China 民盟历史文件；WebFetch 2026-07-21 实测。；图片候选不入 OCR；仅线索登记 2026-08-02T08:18:31+00:00,2026-07-21,claude-code,lead_only,2026-07-21 13:10:52,L2,core,
600,domestic:WM:zhang-bojun-portrait,章伯钧肖像照（民国时期，农工主席 + 民盟中央常委）,作者不详（PD-China）,1940,民国时期人物照（公有领域 PD-China）,WM,Wikimedia Commons 章伯钧分类,章伯钧分类 (11 文件),,,,https://commons.wikimedia.org/wiki/File:章伯鈞.jpg,Wikimedia Commons File:章伯鈞.jpg,verified,https://commons.wikimedia.org/wiki/File:%E7%AB%A0%E4%BC%AF%E9%88%9E.jpg,item_surrogate,open,PD-China；,digital,full_item_online,public,public_domain,PD-China 公有领域,yes,L2,core,"[""1936七君子事件""]","[""章伯钧"", ""中国农工民主党"", ""中国民主同盟""]","[""上海"", ""重庆""]",WebFetch 2026-07-21 实测；章伯钧肖像照（民国时期）；章伯钧 = 中国农工民主党主席（1947-） + 民盟中央常委 + 1946 民盟参加政协代表；L2 等级：PD-China + 民盟 + 农工双重身份核心人物。,digital_image,https://commons.wikimedia.org/wiki/File:章伯鈞.jpg,需进一步确认拍摄年份。,2026-07-21,claude-code,accepted,L1/L2 accepted (批次 G-3)：Wikimedia Commons 公有领域 PD-China 民盟历史文件；WebFetch 2026-07-21 实测。；图片候选不入 OCR；仅线索登记 2026-08-02T08:18:31+00:00,2026-07-21,claude-code,lead_only,2026-07-21 13:10:52,L2,core,
601,domestic:WM:1946-06-23-xiaguan-can'an-maxulun,1946-06-23 下关惨案（马叙伦、雷洁琼等民进创始人在南京下关车站遭国民党特务殴打）,作者不详（PD-China）,1946-06-23,1946 历史照片（公有领域 PD-China）,WM,Wikimedia Commons 马叙伦分类,马叙伦分类 (11 文件),,,,https://commons.wikimedia.org/wiki/File:下关惨案3.jpg,Wikimedia Commons File:下关惨案3.jpg,verified,https://commons.wikimedia.org/wiki/File:%E4%B8%8B%E5%85%B3%E6%83%A8%E6%A1%883.jpg,item_surrogate,open,PD-China；JPEG 48KB 488×350,digital,full_item_online,public,public_domain,PD-China 公有领域,yes,L2,core,"[""1946下关事件""]","[""马叙伦"", ""雷洁琼"", ""中国民主促进会""]","[""南京""]",WebFetch 2026-07-21 实测 Wikimedia Commons /wiki/Category:Ma_Xulun；下关惨案（1946-06-23）—— 民进代表赴南京请愿代表团（马叙伦/雷洁琼/阎宝航/胡子婴/马叙伦 等）在南京下关车站遭国民党特务暴徒殴打，马叙伦雷洁琼等重伤；这是民进 + 民盟参与政治协商的关键事件；L2 等级：PD-China + 民进/民盟参与政协核心事件。,digital_image,https://commons.wikimedia.org/wiki/File:下关惨案3.jpg,需进一步确认人物身份。,2026-07-21,claude-code,accepted,"L2 accepted (Phase 1 sprint 39 Wed, 2026-07-22): 45 L2 pending (9 full + 32 surrogate + 4 catalogue), 全部 codex/claude-code/grok 抽检通过 (37 codex + 5 claude + 3 grok); accept 表示记录级影像 / 目录身份和可复查入口通过, 不代表全文已逐字转录或原档已实物核校。；图片候选不入 OCR；仅线索登记 2026-08-02T08:18:31+00:00",2026-07-22,codex,lead_only,2026-07-21 13:10:52,L2,core,
602,domestic:WM:1949-minjin-daibiao-heying-yijie-zhengxie,1949 参加政协第一届全体会议的民进代表合影（含马叙伦等民进核心）,作者不详（PD-China）,1949,1949 历史照片（公有领域 PD-China）,WM,Wikimedia Commons 马叙伦分类,马叙伦分类 (11 文件),,,,https://commons.wikimedia.org/wiki/File:参加政协第一届全体会议的民进代表合影.jpg,Wikimedia Commons File:参加政协第一届全体会议的民进代表合影.jpg,verified,https://commons.wikimedia.org/wiki/File:%E5%8F%82%E5%8A%A0%E6%94%BF%E5%8D%8F%E7%AC%AC%E4%B8%80%E5%B1%8A%E5%85%A8%E4%BD%93%E4%BC%9A%E8%AE%AE%E7%9A%84%E6%B0%91%E8%BF%9B%E4%BB%A3%E8%A1%A8%E5%90%88%E5%BD%B1.jpg,item_surrogate,open,PD-China；JPEG 70KB 500×352,digital,full_item_online,public,public_domain,PD-China 公有领域,yes,L2,core,"[""1949民盟参与政协""]","[""马叙伦"", ""中国民主促进会""]","[""北京""]",WebFetch 2026-07-21 实测；1949 参加政协第一届全体会议的民进代表合影；L2 等级：PD-China + 民进 + 一届政协。,digital_image,https://commons.wikimedia.org/wiki/File:参加政协第一届全体会议的民进代表合影.jpg,需进一步确认全部人物。,2026-07-21,claude-code,accepted,L1/L2 accepted (批次 G-4)：Wikimedia Commons 公有领域 PD-China 民盟历史文件；WebFetch 2026-07-21 实测；升级依据与批次 G-3 流程一致。；图片候选不入 OCR；仅线索登记 2026-08-02T08:18:31+00:00,2026-07-21,claude-code,lead_only,2026-07-21 13:10:52,L2,core,
603,domestic:WM:1946-ship-huazhong-minjin-dongbei-jiefangqu,1946 华中号轮船 民进创始人在东北解放区（马叙伦等赴东北）,作者不详（PD-China）,1946,1946 历史照片（公有领域 PD-China）,WM,Wikimedia Commons 马叙伦分类,马叙伦分类 (11 文件),,,,https://commons.wikimedia.org/wiki/File:Ship_Huazhong_Arrived_in_the_Northeast_Liberated_Area.jpg,Wikimedia Commons File:Ship Huazhong Arrived in the Northeast Liberated Area.jpg,verified,https://commons.wikimedia.org/wiki/File:Ship_Huazhong_Arrived_in_the_Northeast_Liberated_Area.jpg,item_surrogate,open,PD-China；JPEG 234KB 758×800,digital,full_item_online,public,public_domain,PD-China 公有领域,yes,L2,core,"[""1946下关事件"", ""1949民盟参与政协""]","[""马叙伦"", ""中国民主促进会""]","[""东北"", ""解放区""]",WebFetch 2026-07-21 实测；华中号轮船 民进创始人在东北解放区；1946-06 下关惨案后马叙伦等赴东北哈尔滨/大连解放区；L2 等级：PD-China + 民进 1946-1949 关键行动。,digital_image,https://commons.wikimedia.org/wiki/File:Ship_Huazhong_Arrived_in_the_Northeast_Liberated_Area.jpg,需进一步确认日期与人物。,2026-07-21,claude-code,accepted,L1/L2 accepted (批次 G-4)：Wikimedia Commons 公有领域 PD-China 民盟历史文件；WebFetch 2026-07-21 实测；升级依据与批次 G-3 流程一致。；图片候选不入 OCR；仅线索登记 2026-08-02T08:18:31+00:00,2026-07-21,claude-code,lead_only,2026-07-21 13:10:52,L2,core,
604,domestic:WM:1946-zhouenlai-luolongji-zhengxie,1946 周恩来与罗隆基在政治协商会议（罗隆基 = 民盟宣传部长）,作者不详（PD-China）,1946-01,1946 历史照片（公有领域 PD-China）,WM,Wikimedia Commons 罗隆基分类,罗隆基分类 (8 文件),,,,https://commons.wikimedia.org/wiki/File:Zhou_Enlai_and_Luo_Longji_on_the_Political_Consultative_Conference.jpg,Wikimedia Commons File:Zhou Enlai and Luo Longji on the Political Consultative Conference.jpg,verified,https://commons.wikimedia.org/wiki/File:Zhou_Enlai_and_Luo_Longji_on_the_Political_Consultative_Conference.jpg,item_surrogate,open,PD-China；,digital,full_item_online,public,public_domain,PD-China 公有领域,yes,L2,core,"[""1946政治协商会议""]","[""周恩来"", ""罗隆基"", ""中国民主同盟""]","[""重庆""]",WebFetch 2026-07-21 实测 /wiki/Category:Luo_Longji；1946-01 周恩来与罗隆基在政治协商会议（重庆）；罗隆基 = 民盟宣传部 + 一届政协代表 + 起草多份政协决议；L2 等级：PD-China + 民盟核心 + 政治协商会议。,digital_image,https://commons.wikimedia.org/wiki/File:Zhou_Enlai_and_Luo_Longji_on_the_Political_Consultative_Conference.jpg,需进一步确认具体场合。,2026-07-21,claude-code,accepted,L1/L2 accepted (批次 G-4)：Wikimedia Commons 公有领域 PD-China 民盟历史文件；WebFetch 2026-07-21 实测；升级依据与批次 G-3 流程一致。；图片候选不入 OCR；仅线索登记 2026-08-02T08:18:31+00:00,2026-07-21,claude-code,lead_only,2026-07-21 13:10:52,L2,core,
605,domestic:WM:1949-xinzhengxie-choubeihui-changwei-maxulun-categorized,1949 新政协筹备会常委合影（马叙伦分类 - 1174×759 高分辨率）,作者不详（PD-China）,1949,1949 历史照片（公有领域 PD-China）,WM,Wikimedia Commons 马叙伦分类,马叙伦分类 (11 文件),,,,https://commons.wikimedia.org/wiki/File:新政协筹备会常委合影.jpg,Wikimedia Commons File:新政协筹备会常委合影.jpg；1174×759（高分辨率，145KB）,verified,https://commons.wikimedia.org/wiki/File:%E6%96%B0%E6%94%BF%E5%8D%8F%E7%AD%B9%E5%A4%87%E4%BC%9A%E5%B8%B8%E5%A7%94%E5%90%88%E5%BD%B1.jpg,item_surrogate,open,PD-China；JPEG 145KB 1174×759（高分辨率）,digital,full_item_online,public,public_domain,PD-China 公有领域,yes,L1,core,"[""1949民盟参与政协""]","[""马叙伦"", ""中国民主促进会"", ""中国民主同盟""]","[""北京""]",WebFetch 2026-07-21 实测；新政协筹备会常委合影（1949-06-15 起）- 高分辨率 1174×759；含民盟筹备会常委（沈钧儒/章伯钧等）；L1 等级：PD-China + 高分辨率 + 民盟参与政协关键影像。,digital_image,https://commons.wikimedia.org/wiki/File:新政协筹备会常委合影.jpg,L1 已设置。,2026-07-21,claude-code,accepted,L1/L2 accepted (批次 G-4)：Wikimedia Commons 公有领域 PD-China 民盟历史文件；WebFetch 2026-07-21 实测；升级依据与批次 G-3 流程一致。；图片候选不入 OCR；仅线索登记 2026-08-02T08:18:31+00:00,2026-07-21,claude-code,lead_only,2026-07-21 13:10:52,L1,core,
606,domestic:WM:1949-zhouenlai-maxulun-masicong,1949 周恩来与马叙伦 + 马思聪（民进创始人）,作者不详（PD-China）,1949,1949 历史照片（公有领域 PD-China）,WM,Wikimedia Commons 马叙伦分类,马叙伦分类 (11 文件),,,,https://commons.wikimedia.org/wiki/File:Zhou_Enlai_talking_with_Ma_Xulan_and_Ma_Sicong.jpg,Wikimedia Commons File:Zhou Enlai talking with Ma Xulan and Ma Sicong.jpg,verified,https://commons.wikimedia.org/wiki/File:Zhou_Enlai_talking_with_Ma_Xulan_and_Ma_Sicong.jpg,item_surrogate,open,PD-China；JPEG 57KB 640×411,digital,full_item_online,public,public_domain,PD-China 公有领域,yes,L2,core,"[""1949民盟参与政协""]","[""周恩来"", ""马叙伦"", ""马思聪""]","[""北京""]",WebFetch 2026-07-21 实测；周恩来与马叙伦 + 马思聪会谈（1949）；L2 等级：PD-China + 1949 民进核心。,digital_image,https://commons.wikimedia.org/wiki/File:Zhou_Enlai_talking_with_Ma_Xulan_and_Ma_Sicong.jpg,需进一步确认日期。,2026-07-21,claude-code,accepted,L1/L2 accepted (批次 G-4)：Wikimedia Commons 公有领域 PD-China 民盟历史文件；WebFetch 2026-07-21 实测；升级依据与批次 G-3 流程一致。；图片候选不入 OCR；仅线索登记 2026-08-02T08:18:31+00:00,2026-07-21,claude-code,lead_only,2026-07-21 13:10:52,L2,core,
607,domestic:WM:1940s-zhang-lan-portrait-zhang-lan-tomb,张澜肖像照（民国时期，民盟主席 1941-1945）,作者不详（PD-China）,1940,民国时期人物照（公有领域 PD-China）,WM,Wikimedia Commons 张澜分类,Zhang Lan (19F),,,,https://commons.wikimedia.org/wiki/File:張瀾.jpg + Zhanglantomb.jpg + Mao Zedong and Zhang Lan.jpg + Zhang Lan and Zhu De.jpg,Wikimedia Commons /wiki/Category:Zhang_Lan,verified,https://commons.wikimedia.org/wiki/File:%E5%BC%B5%E7%80%9B.jpg,item_surrogate,open,PD-China；张澜肖像 + 墓 + 与毛泽东 / 朱德合影,digital,full_item_online,public,public_domain,PD-China 公有领域,yes,L2,core,"[""1941民盟前身"", ""1944改组更名"", ""1945民盟一大"", ""1947民盟解散""]","[""张澜"", ""中国民主同盟""]","[""重庆"", ""上海""]",WebFetch 2026-07-21 实测 Wikimedia Commons /wiki/Category:Zhang_Lan；张澜分类 19 文件含肖像 + 墓 + 1955 照片 + 1945 重庆谈判公开信 + 成都市伊斯兰教协会题字 + 与毛泽东 / 朱德合影等；张澜 = 民盟主席（1945-1955）+ 中国民主政团同盟成立核心；L2 等级：PD-China + 民盟主席肖像 + 1941-1945 关键期。,digital_image,https://commons.wikimedia.org/wiki/Category:Zhang_Lan；File:張瀾.jpg / Zhanglantomb.jpg / Mao Zedong and Zhang Lan.jpg / Zhang Lan and Zhu De.jpg,具体拍摄年份待核。,2026-07-21,claude-code,accepted,L2 accepted (批次 G-5)：Wikimedia Commons 公有领域 PD-China 民盟人物肖像；WebFetch 2026-07-21 实测；；图片候选不入 OCR；仅线索登记 2026-08-02T08:18:31+00:00,2026-07-21,claude-code,lead_only,2026-07-21 13:10:52,L2,core,
608,domestic:WM:1949-zhang-lan-mao-zedong-heying,1949 张澜与毛泽东合影（中央人民政府）,作者不详（PD-China）,1949,1949 历史照片（公有领域 PD-China）,WM,Wikimedia Commons 张澜分类,Zhang Lan (19F),,,,https://commons.wikimedia.org/wiki/File:Mao Zedong and Zhang Lan.jpg,Wikimedia Commons File:Mao Zedong and Zhang Lan.jpg,verified,https://commons.wikimedia.org/wiki/File:Mao_Zedong_and_Zhang_Lan.jpg,item_surrogate,open,PD-China；,digital,full_item_online,public,public_domain,PD-China 公有领域,yes,L2,core,"[""1949民盟参与政协"", ""1949开国大典""]","[""张澜"", ""毛泽东"", ""中国民主同盟""]","[""北京""]",WebFetch 2026-07-21 实测；1949 张澜与毛泽东合影（中央人民政府期间）；L2 等级：PD-China + 1949 民盟主席与毛主席合影。,digital_image,https://commons.wikimedia.org/wiki/File:Mao_Zedong_and_Zhang_Lan.jpg,需进一步确认日期与场合。,2026-07-21,claude-code,accepted,L2 accepted (批次 G-5)：Wikimedia Commons 公有领域 PD-China 民盟人物肖像；WebFetch 2026-07-21 实测；；图片候选不入 OCR；仅线索登记 2026-08-02T08:18:31+00:00,2026-07-21,claude-code,lead_only,2026-07-21 13:10:52,L2,core,
609,domestic:WM:zhang-lan-tomb,张澜墓（北京八宝山革命公墓）,作者不详（PD-China）,2010,现代纪念设施照（公有领域 PD-China）,WM,Wikimedia Commons 张澜分类,Zhang Lan (19F),,,,https://commons.wikimedia.org/wiki/File:Zhanglantomb.jpg,Wikimedia Commons File:Zhanglantomb.jpg,verified,https://commons.wikimedia.org/wiki/File:Zhanglantomb.jpg,item_surrogate,open,PD-China；张澜墓照片；,digital,full_item_online,public,public_domain,PD-China 公有领域,yes,L3,core,"[""1941民盟前身""]","[""张澜"", ""中国民主同盟""]","[""北京""]",WebFetch 2026-07-21 实测；张澜墓（八宝山革命公墓）；L3 等级：纪念设施，非 1941-1949 原件。,digital_image,https://commons.wikimedia.org/wiki/File:Zhanglantomb.jpg,张澜墓 = 1955 以后，非 1941-1949 范围，但作为民盟核心人物纪念设施保留。,2026-07-21,claude-code,accepted,T2.1 accepted (codex-style 复审 2026-07-21)：L3 5 强 primary source (WS 1941 解放日报社论 wikisource 200 / 闻一多 baike 200 已修 URL / WM 张澜墓 wikimedia 200 / WM 西南联大旧址 wikimedia 200 / BJDCMM 1945 宣言剪影 bjdcmm.org.cn 200)；L4 3 张澜 1943 (URL 共享 zl1872.cn/zxxnewsview.aspx?producid=1397 专题页)；accept 表示：URL 可达 / 身份可核 / 引用合规；不代表原档已实物核校 / 全文已逐字转录 / 复制权利已清。；图片候选不入 OCR；仅线索登记 2026-08-02T08:18:31+00:00,2026-07-21,human,lead_only,2026-07-21 13:10:52,L3,core,
610,domestic:WM:1940s-zhang-junmai-portrait-1,张君劢肖像照（民国时期，民盟创始人 + 1946 国共和谈代表）,作者不详（PD-China）,1940,民国时期人物照（公有领域 PD-China）,WM,Wikimedia Commons 张君劢分类,Zhang Junmai (8F),,,,https://commons.wikimedia.org/wiki/File:Zhang_Junmai.jpg,Wikimedia Commons File:Zhang Junmai.jpg,verified,https://commons.wikimedia.org/wiki/File:Zhang_Junmai.jpg,item_surrogate,open,PD-China；,digital,full_item_online,public,public_domain,PD-China 公有领域,yes,L2,core,"[""1941民盟前身"", ""1946政治协商会议""]","[""张君劢"", ""中国民主社会党"", ""中国民主同盟""]","[""重庆"", ""上海""]",WebFetch 2026-07-21 实测 /wiki/Category:Zhang_Junmai；张君劢肖像照（民国时期）；张君劢 = 民盟创始人之一 + 1946 国共和谈代表（1946_10_Chou 民盟核心）；L2 等级：PD-China + 民盟创始人肖像。,digital_image,https://commons.wikimedia.org/wiki/File:Zhang_Junmai.jpg,需进一步确认拍摄年份。,2026-07-21,claude-code,accepted,L2 accepted (批次 G-5)：Wikimedia Commons 公有领域 PD-China 民盟人物肖像；WebFetch 2026-07-21 实测；；图片候选不入 OCR；仅线索登记 2026-08-02T08:18:31+00:00,2026-07-21,claude-code,lead_only,2026-07-21 13:10:52,L2,core,
611,domestic:WM:taoxingzhi-heweigui-hengfu,陶行知楷书『和为贵』横幅（民进创始人题字）,陶行知,1940,民国时期书法原件（公有领域 PD-China）,WM,Wikimedia Commons 陶行知分类,Tao Xingzhi (12F),,,,"https://commons.wikimedia.org/wiki/File:陶行知楷书""和为贵""横幅.jpg","Wikimedia Commons File:陶行知楷书""和为贵""横幅.jpg",verified,https://commons.wikimedia.org/wiki/File:%E9%99%B6%E8%A1%8C%E7%9F%A5%E6%A5%B7%E4%B9%A6%E2%80%9C%E5%92%8C%E4%B8%BA%E8%B4%B5%E2%80%9D%E6%A8%AA%E5%B9%85.jpg,item_surrogate,open,PD-China；陶行知楷书原件扫描；,digital,full_item_online,public,public_domain,PD-China 公有领域,yes,L2,core,"[""1941民盟前身"", ""1945民盟一大""]","[""陶行知"", ""中国民主同盟""]","[""重庆"", ""上海""]",WebFetch 2026-07-21 实测 /wiki/Category:Tao_Xingzhi；陶行知楷书『和为贵』横幅原件扫描（民国时期）；陶行知 = 1945 民盟一大中央常委 + 1946-11 逝世；L2 等级：PD-China + 陶行知真迹原件 + 民盟核心人物文物。,digital_image,"https://commons.wikimedia.org/wiki/File:陶行知楷书""和为贵""横幅.jpg",需进一步确认原件真伪。,2026-07-21,claude-code,accepted,L2 accepted (批次 G-5)：Wikimedia Commons 公有领域 PD-China 民盟人物肖像；WebFetch 2026-07-21 实测；；图片候选不入 OCR；仅线索登记 2026-08-02T08:18:31+00:00,2026-07-21,claude-code,lead_only,2026-07-21 13:10:52,L2,core,
612,domestic:WM:1940s-luo-longji-portrait,罗隆基肖像照（民国时期，民盟宣传部 + 一届政协代表）,作者不详（PD-China）,1940,民国时期人物照（公有领域 PD-China）,WM,Wikimedia Commons 罗隆基分类,Luo Longji (8F),,,,https://commons.wikimedia.org/wiki/File:羅隆基.jpg,Wikimedia Commons File:羅隆基.jpg,verified,https://commons.wikimedia.org/wiki/File:%E7%BE%85%E9%9A%86%E5%9F%BA.jpg,item_surrogate,open,PD-China；,digital,full_item_online,public,public_domain,PD-China 公有领域,yes,L2,core,"[""1941民盟前身"", ""1946政治协商会议"", ""1947民盟解散""]","[""罗隆基"", ""中国民主同盟""]","[""重庆"", ""上海"", ""北京""]",WebFetch 2026-07-21 实测 /wiki/Category:Luo_Longji；罗隆基肖像照（民国时期）；罗隆基 = 民盟宣传部长 + 一届政协代表 + 1946 国共和谈代表（1946_10_Chou 民盟核心）；L2 等级：PD-China + 民盟核心人物肖像。,digital_image,https://commons.wikimedia.org/wiki/File:羅隆基.jpg,需进一步确认拍摄年份。,2026-07-21,claude-code,accepted,L2 accepted (批次 G-5)：Wikimedia Commons 公有领域 PD-China 民盟人物肖像；WebFetch 2026-07-21 实测；；图片候选不入 OCR；仅线索登记 2026-08-02T08:18:31+00:00,2026-07-21,claude-code,lead_only,2026-07-21 13:10:52,L2,core,
613,domestic:MMC:lingdao-jiegou-2026,民盟第十三届中央委员会现任领导机构名单（mmzy.org.cn 民盟中央官方，2026）,中国民主同盟中央委员会,2026-01,民盟中央官方网站一手权威发布,MMC,中国民主同盟中央委员会官网（mmzy.org.cn）,民盟概况 / 民盟中央领导机构,,,,https://www.mmzy.org.cn/mmgk/1186/default.aspx,mmzy.org.cn/mmgk/1186/default.aspx 民盟第十三届中央委员会现任领导机构,verified,https://www.mmzy.org.cn/mmgk/1186/default.aspx,institution_home,open,民盟中央官方公开发布；含 13 届 4 中全会补选名单（2026-01）,digital,full_item_online,public,citation_only,民盟中央官方发布,unknown,L2,core,"[""1941民盟前身"", ""1945民盟一大""]","[""丁仲礼"", ""王光谦"", ""中国民主同盟""]","[""北京""]",WebFetch 2026-07-21 实测 mmzy.org.cn/mmgk/1186/default.aspx；民盟第十三届中央委员会现任领导机构名单：主席丁仲礼 / 常务副主席王光谦 + 副主席田刚等 11 人 + 70 常委 + 281 中央委员；2026-01 13 届 4 中全会补选丁洪/吕小兵/沈维孝为常委 + 王亚愚等 11 人为中央委员；L2 等级：民盟中央官方公开发布 = 官方一手权威。,official_description,https://www.mmzy.org.cn/mmgk/1186/default.aspx,L1 升级需具体民盟中央文件原件。,2026-07-21,claude-code,accepted,L2 accepted (批次 H-2)：民盟中央/光明日报官方一手资源；WebFetch 2026-07-21 实测；升级依据与批次 D 流程一致。,2026-07-21,claude-code,pass,2026-07-21 13:10:52,L2,core,1452
614,domestic:MMC:lijie-zhongyang-weiyuanhui-index,民盟历届中央委员会索引页（第一届 1945 到第十二届，含 1941 中国民主政团同盟中央执行委员会）,中国民主同盟中央委员会,2026,民盟中央官方网站一手权威发布,MMC,中国民主同盟中央委员会官网（mmzy.org.cn）,历届中央委员会,,,,https://www.mmzy.org.cn/mmgk/1193/default.aspx,mmzy.org.cn/mmgk/1193/default.aspx 民盟历届中央委员会列表,verified,https://www.mmzy.org.cn/mmgk/1193/default.aspx,institution_home,open,民盟中央官方公开发布；含完整历届中央委员会索引（第一届到第十二届 + 中国民主政团同盟中央执行委员会）；具体届次详情页 404（路径失效）但索引页可用,digital,catalogue_only_online,public,citation_only,民盟中央官方发布,unknown,L2,core,"[""1941民盟前身"", ""1945民盟一大"", ""1949民盟参与政协""]","[""黄炎培"", ""张澜"", ""沈钧儒"", ""杨明轩"", ""史良"", ""胡愈之"", ""楚图南"", ""费孝通"", ""中国民主同盟""]","[""重庆"", ""上海"", ""北京""]",WebFetch 2026-07-21 实测 mmzy.org.cn/mmgk/1193/default.aspx；民盟历届中央委员会索引页（官方一手）：中国民主政团同盟中央执行委员会（1941）+ 第一届（1945-10）+ 第二届（1946）+ 第三届（1947）+ 第四届 + 第五届（1958）+ 第六至十二届；涵盖 1941-1949 全部关键时点；具体届次详情子页 404（路径失效）但索引页可用；L2 等级：民盟中央官方 = 官方一手。,official_description,https://www.mmzy.org.cn/mmgk/1193/default.aspx,具体届次详情页 404；L1 升级需具体届次原件档案。,2026-07-21,claude-code,accepted,2026-08-02 降级 lead_only：catalogue_only_online 无可采集全文，仅线索登记；未真正进入 documents/pages，不再计入已收集。,2026-07-21,claude-code,lead_only,2026-07-21 13:10:52,L2,core,
615,domestic:MMC:zhangcheng-latest,中国民主同盟章程（mmzy.org.cn 民盟中央官方最新版）,中国民主同盟中央委员会,2024,民盟中央官方网站一手权威发布（章程）,MMC,中国民主同盟中央委员会官网（mmzy.org.cn）,民盟章程,,,,https://www.mmzy.org.cn/mmgk/zhangcheng/default.aspx,mmzy.org.cn/mmgk/zhangcheng/default.aspx 民盟章程,verified,https://www.mmzy.org.cn/mmgk/zhangcheng/default.aspx,institution_home,open,民盟中央官方公开发布,digital,full_item_online,public,citation_only,民盟中央官方发布,unknown,L2,core,"[""1941民盟前身"", ""1944改组更名"", ""1945民盟一大""]","[""中国民主同盟""]","[""北京""]",WebFetch 2026-07-21 实测 mmzy.org.cn；中国民主同盟章程（民盟中央官方最新版）；民盟章程含 1941 成立 + 1944 改组 + 1945 一大等历史条款；L2 等级：民盟中央官方一手。,official_description,https://www.mmzy.org.cn/mmgk/zhangcheng/default.aspx,L1 升级需具体届次章程原件。,2026-07-21,claude-code,accepted,L2 accepted (批次 H-2)：民盟中央/光明日报官方一手资源；WebFetch 2026-07-21 实测；升级依据与批次 D 流程一致。,2026-07-21,claude-code,pass,2026-07-21 13:10:52,L2,core,1453
616,domestic:MMC:zuzhi-jiegou,中国民主同盟组织结构（mmzy.org.cn 民盟中央官方）,中国民主同盟中央委员会,2026,民盟中央官方网站一手权威发布,MMC,中国民主同盟中央委员会官网（mmzy.org.cn）,组织结构,,,,https://www.mmzy.org.cn/mmgk/1162/default.aspx,mmzy.org.cn/mmgk/1162/default.aspx 民盟组织结构,verified,https://www.mmzy.org.cn/mmgk/1162/default.aspx,institution_home,open,民盟中央官方公开发布,digital,full_item_online,public,citation_only,民盟中央官方发布,unknown,L2,core,"[""1941民盟前身"", ""1945民盟一大""]","[""中国民主同盟""]","[""北京""]",WebFetch 2026-07-21 实测；中国民主同盟组织结构（民盟中央官方）；含专门委员会 + 各类部门；L2 等级：民盟中央官方一手。,official_description,https://www.mmzy.org.cn/mmgk/1162/default.aspx,L1 升级需具体组织结构原件。,2026-07-21,claude-code,accepted,L2 accepted (批次 H-2)：民盟中央/光明日报官方一手资源；WebFetch 2026-07-21 实测；升级依据与批次 D 流程一致。,2026-07-21,claude-code,pass,2026-07-21 13:10:52,L2,core,1454
617,domestic:GMD:2022-12-22-minmeng-baodao,《光明日报》2022-12-22 关于中国民主同盟的报道（新华社北京 12 月 21 日电，第 02 版）,新华社 / 光明日报,2022-12-22,光明日报官方历史报道,GMD,光明日报（gmw.cn）,民主党派专题报道,,,,https://news.gmw.cn/2022-12/22/content_36249069.htm,《光明日报》2022-12-22 第 02 版；孙宗鹤 编辑,verified,https://news.gmw.cn/2022-12/22/content_36249069.htm,item_surrogate,open,光明日报官方公开发布；含 1941 成立 / 1944 改组 / 1949 一届政协等关键时点简述,digital,full_item_online,public,citation_only,光明日报官方发布,unknown,L2,core,"[""1941民盟前身"", ""1944改组更名"", ""1949民盟参与政协""]","[""中国民主同盟""]","[""北京""]",WebFetch 2026-07-21 实测 news.gmw.cn/2022-12/22/content_36249069.htm；《光明日报》2022-12-22 第 02 版关于中国民主同盟报道；1941-03-19 重庆秘密成立中国民主政团同盟；1944-09 改名为中国民主同盟；抗日战争和解放战争时期民盟与中共合作反帝反封建反官僚资本；新中国成立后参与政治协商、民主监督、参政议政；L2 等级：光明日报官方 = 中共党报官方一手。,official_description,https://news.gmw.cn/2022-12/22/content_36249069.htm,L1 升级需光明日报纸本原件。,2026-07-21,claude-code,accepted,L2 accepted (批次 H-2)：民盟中央/光明日报官方一手资源；WebFetch 2026-07-21 实测；升级依据与批次 D 流程一致。,2026-07-21,claude-code,pass,2026-07-21 13:10:52,L2,core,1488
618,domestic:WM:1946-wen-yiduo-yiguanzhong,闻一多衣冠冢（1946 昆明，民国烈士文物）,作者不详（PD-China）,1946,民国时期影像（公有领域 PD-China）,WM,Wikimedia Commons 闻一多分类,Wen Yiduo (15F),,,,https://commons.wikimedia.org/wiki/File:闻一多 衣冠冢.jpg,Wikimedia Commons File:闻一多 衣冠冢.jpg,verified,https://commons.wikimedia.org/wiki/File:%E9%97%BB%E4%B8%80%E5%A4%9A%20%E8%A1%A3%E5%86%A0%E5%BA%9F.jpg,item_surrogate,open,PD-China；闻一多衣冠冢影像；,digital,full_item_online,public,public_domain,PD-China 公有领域,yes,L2,core,"[""1946李公朴闻一多遇害""]","[""闻一多"", ""中国民主同盟""]","[""昆明""]",WebFetch 2026-07-21 实测 Wikimedia Commons /wiki/Category:Wen_Yiduo；闻一多衣冠冢（1946-07-15 闻一多遇害后衣冠冢）；L2 等级：PD-China + 民盟烈士文物。,digital_image,https://commons.wikimedia.org/wiki/File:闻一多 衣冠冢.jpg,分辨率待核。,2026-07-21,claude-code,accepted,L2 accepted (批次 H-3)：Wikimedia Commons + 文物出版社 + 群言出版社 官方一手；WebFetch 2026-07-21 实测；升级依据与批次 D 流程一致。；图片候选不入 OCR；仅线索登记 2026-08-02T08:18:31+00:00,2026-07-21,claude-code,lead_only,2026-07-21 13:10:52,L2,core,
619,domestic:WM:wen-yiduo-xi-nan-lian-da-yin-zhang,西南联大博物馆 闻一多刻印（谭庆双捐赠）,闻一多,1940,民国时期印章（公有领域 PD-China）,WM,Wikimedia Commons 闻一多分类,Wen Yiduo (15F),,,,https://commons.wikimedia.org/wiki/File:西南联大博物馆-闻一多刻谭庆双印（谭庆双捐赠）.jpg,Wikimedia Commons File:西南联大博物馆-闻一多刻谭庆双印（谭庆双捐赠）.jpg,verified,https://commons.wikimedia.org/wiki/File:%E8%A5%BF%E5%8D%97%E8%81%94%E5%A4%A7%E5%8D%9A%E7%89%A9%E9%A6%86-%E9%97%BB%E4%B8%80%E5%A4%9A%E5%88%BB%E8%B0%AD%E5%BA%86%E5%8F%8C%E5%8D%B0%EF%BC%88%E8%B0%AD%E5%BA%86%E5%8F%8C%E6%8D%90%E8%B5%A0%EF%BC%89.jpg,item_surrogate,open,PD-China；闻一多刻印原件扫描；,digital,full_item_online,public,public_domain,PD-China 公有领域,yes,L2,core,"[""1941民盟前身"", ""1944改组更名""]","[""闻一多"", ""中国民主同盟""]","[""昆明""]",WebFetch 2026-07-21 实测；西南联大博物馆藏闻一多刻印（谭庆双捐赠）；闻一多 = 民盟中央执行委员（1945 一大）+ 西南联大教授；L2 等级：PD-China + 民盟中央执委文物。,digital_image,https://commons.wikimedia.org/wiki/File:西南联大博物馆-闻一多刻谭庆双印（谭庆双捐赠）.jpg,需进一步确认具体印章内容。,2026-07-21,claude-code,accepted,L2 accepted (批次 H-3)：Wikimedia Commons + 文物出版社 + 群言出版社 官方一手；WebFetch 2026-07-21 实测；升级依据与批次 D 流程一致。；图片候选不入 OCR；仅线索登记 2026-08-02T08:18:31+00:00,2026-07-21,claude-code,lead_only,2026-07-21 13:10:52,L2,core,
620,domestic:WM:xinan-lianda-jiuzhi-1946-meng,西南联大旧址（1946 民盟核心活动地之一）,作者不详（PD-China）,2024,现代纪念设施照（公有领域 PD-China）,WM,Wikimedia Commons 闻一多分类,Wen Yiduo (15F),,,,https://commons.wikimedia.org/wiki/File:西南联大旧址 15.jpg,Wikimedia Commons File:西南联大旧址 15.jpg,verified,https://commons.wikimedia.org/wiki/File:%E8%A5%BF%E5%8D%97%E8%81%94%E5%A4%A7%E6%97%A7%E5%9D%80%2015.jpg,item_surrogate,open,PD-China；西南联大旧址现状；,digital,full_item_online,public,public_domain,PD-China 公有领域,yes,L3,core,"[""1944改组更名"", ""1945民盟一大""]","[""西南联大"", ""闻一多"", ""中国民主同盟""]","[""昆明""]",WebFetch 2026-07-21 实测；西南联大旧址（昆明）= 1944-1946 西南联大时期 = 民盟核心活动地；闻一多/罗隆基/吴晗 等民盟核心均任教于此；L3 等级：纪念设施。,digital_image,https://commons.wikimedia.org/wiki/File:西南联大旧址 15.jpg,L3 等级（现代纪念设施）。,2026-07-21,claude-code,accepted,T2.1 accepted (codex-style 复审 2026-07-21)：L3 5 强 primary source (WS 1941 解放日报社论 wikisource 200 / 闻一多 baike 200 已修 URL / WM 张澜墓 wikimedia 200 / WM 西南联大旧址 wikimedia 200 / BJDCMM 1945 宣言剪影 bjdcmm.org.cn 200)；L4 3 张澜 1943 (URL 共享 zl1872.cn/zxxnewsview.aspx?producid=1397 专题页)；accept 表示：URL 可达 / 身份可核 / 引用合规；不代表原档已实物核校 / 全文已逐字转录 / 复制权利已清。；图片候选不入 OCR；仅线索登记 2026-08-02T08:18:31+00:00,2026-07-21,human,lead_only,2026-07-21 13:10:52,L3,core,
621,domestic:WM:wen-yiduo-portrait,闻一多肖像照（民国时期）,作者不详（PD-China）,1940,民国时期人物照（公有领域 PD-China）,WM,Wikimedia Commons 闻一多分类,Wen Yiduo (15F),,,,https://commons.wikimedia.org/wiki/File:Wen Yiduo.jpg,Wikimedia Commons File:Wen Yiduo.jpg,verified,https://commons.wikimedia.org/wiki/File:Wen_Yiduo.jpg,item_surrogate,open,PD-China；闻一多肖像照；,digital,full_item_online,public,public_domain,PD-China 公有领域,yes,L2,core,"[""1944改组更名"", ""1945民盟一大"", ""1946李公朴闻一多遇害""]","[""闻一多"", ""中国民主同盟""]","[""昆明""]",WebFetch 2026-07-21 实测；闻一多肖像照（民国时期）；闻一多 = 民盟中央执委（1945 一大）+ 1946-07-15 遇害；L2 等级：PD-China + 民盟中央执委肖像。,digital_image,https://commons.wikimedia.org/wiki/File:Wen_Yiduo.jpg,需进一步确认拍摄年份。,2026-07-21,claude-code,accepted,L2 accepted (批次 H-3)：Wikimedia Commons + 文物出版社 + 群言出版社 官方一手；WebFetch 2026-07-21 实测；升级依据与批次 D 流程一致。；图片候选不入 OCR；仅线索登记 2026-08-02T08:18:31+00:00,2026-07-21,claude-code,lead_only,2026-07-21 13:10:52,L2,core,
622,domestic:WP:1949-1988-minmeng-wenwu-1991,《中国民主同盟历史文献 1949-1988》（中国民主同盟中央文史委员会编，文物出版社 1991-01，2 卷）,中国民主同盟中央文史委员会,1991-01,民盟中央正式出版档案文献汇编（2 卷精装）,WP,文物出版社（中央级出版机构）,民盟中央文史委员会编档案文献,,,,上卷 + 下卷 2 卷,文物出版社 1991-01-01 第 1 版第 1 次印刷；上下册全；定价 80 元（参考）,verified,http://book.kongfz.com/12382/403045316/,bibliography,open,正式出版物；孔夫子旧书网在售；民盟中央编,physical,catalogue_only_online,public,citation_only,民盟中央文史委员会编 / 文物出版社出版 = 官方一手；学术引用可，复制需授权,unknown,L2,core,"[""1949民盟参与政协"", ""1949-1988民盟史""]","[""中国民主同盟中央文史委员会"", ""中国民主同盟""]","[""北京""]",WebSearch 2026-07-21 核读孔夫子旧书网 http://book.kongfz.com/12382/403045316/；中国民主同盟历史文献 1949-1988（上下册全，文物出版社 1991-01 第 1 版第 1 次印刷）；中国民主同盟中央文史委员会 编；民盟中央 = 官方一手档案文献汇编；2 卷精装本；覆盖 1949-1988 民盟全部重大事件（含一届政协 / 第一届中央 / 历届代表大会 / 重要声明讲话）；L2 等级：民盟中央编 + 文物出版社 = 官方一手汇编。,printed_finding_aid,孔夫子旧书网 http://book.kongfz.com/12382/403045316/ ；百度百科 https://baike.baidu.com/item/中国民主同盟史:民盟历史文献/16438314,未取得扫描件；L1 升级需取得扫描件。,2026-07-21,claude-code,accepted,2026-08-02 降级 lead_only：catalogue_only_online 无可采集全文，仅线索登记；未真正进入 documents/pages，不再计入已收集。,2026-07-21,claude-code,lead_only,2026-07-21 13:10:52,L2,core,
623,domestic:QY:qunyan-chubanshe-meng-zhongyang,群言出版社（中国民主同盟中央委员会直属出版社，出版民盟历史文献系列）,群言出版社（民盟中央直属）,2026,民盟中央直属出版社（民盟历史文献系列官方出版机构）,QY,群言出版社（民盟中央直属）,民盟历史文献系列 + 群言典藏,,,,http://www.qypublish.com/Pages/ZDAboutUs.aspx,群言出版社 = 中国民主同盟中央委员会主办出版社,verified,http://www.qypublish.com/Pages/ZDAboutUs.aspx,institution_home,open,群言出版社官方公开发布,digital,catalogue_only_online,public,citation_only,群言出版社官方发布,unknown,L2,core,"[""1941民盟前身"", ""1949民盟参与政协""]","[""群言出版社"", ""中国民主同盟""]","[""北京""]",WebSearch 2026-07-21 核读群言出版社 qypublish.com；群言出版社 = 中国民主同盟中央委员会主办出版社；出版《中国民主同盟史 2012》/《重庆民盟史 2014》/《中国民主同盟50年·重庆 2014》/《北京市民盟组织成立70周年 2016》/《福建简史 2018》/《湖南民盟人物 2020》/《重庆民盟史（精）2021》/《安徽民盟年鉴 2014-2018》/《云南民盟史 2021》等民盟历史文献系列；L2 等级：民盟中央直属出版社 = 官方一手。,official_description,群言出版社官网 http://www.qypublish.com/Pages/ZDAboutUs.aspx ；群言典藏系列（孔夫子旧书网）,L1 升级需取得具体出版物扫描件。,2026-07-21,claude-code,accepted,2026-08-02 降级 lead_only：catalogue_only_online 无可采集全文，仅线索登记；未真正进入 documents/pages，不再计入已收集。,2026-07-21,claude-code,lead_only,2026-07-21 13:10:52,L2,core,
624,domestic:SAAC:51koukou-p01-dde08-i3,中共中央关于邀请民主党派等代表来解放区开政协的指示（1948-05-01）,中央档案馆 / 国家档案局（saac.gov.cn）,1948-05-01,中央档案馆官方档案,SAAC,中华人民共和国国家档案局 / 中央档案馆,"《从""五一口号""到开国大典》档案文献专辑",,,,页 01 DDE 08,saac.gov.cn/daj/gqzt/01.html (页入口) + 01_08.html (详情页) + img/a001/s/s08.jpg (缩略图),verified,https://www.saac.gov.cn/daj/gqzt/01_08.html,item_surrogate,open,详情页 https://www.saac.gov.cn/daj/gqzt/01_08.html + 缩略图 https://www.saac.gov.cn/daj/gqzt/img/a001/s/s08.jpg；无 PDF 直链；,digital,full_item_online,public,citation_only,中央档案馆官方公布,unknown,L2,core,"[""1948五一口号"", ""1949新政协筹备"", ""1949民盟参与政协"", ""1949开国大典""]","[""毛泽东"", ""朱德"", ""周恩来"", ""刘少奇"", ""李济深"", ""郭沫若"", ""陈嘉庚"", ""李立三"", ""张治中"", ""程潜""]","[""北京"", ""北平""]","WebFetch 2026-07-21 实测 saac.gov.cn/daj/gqzt/01.html；提取页 01 第 8 件档案：中共中央关于邀请民主党派等代表来解放区开政协的指示（1948-05-01）（1948-05-01）。上下文：中央对民主党派的指示。属于 saac.gov.cn 中央档案馆《从""五一口号""到开国大典》档案文献专辑。L2 等级：中央档案馆官方公布 = 官方一手档案。",digital_image,https://www.saac.gov.cn/daj/gqzt/01.html (页入口)；https://www.saac.gov.cn/daj/gqzt/01_08.html (档案详情页)；https://www.saac.gov.cn/daj/gqzt/img/a001/s/s08.jpg (缩略图),缩略图公开 + HTML 详情页公开，无 PDF/原件扫描直链；L1 升级需中央档案馆原件扫描。,2026-07-21,claude-code,accepted,L2 accepted (批次 I-3)：中央档案馆 1948-1949 民主党派相关档案；WebFetch 2026-07-21 实测 saac.gov.cn；升级依据与批次 D 流程一致。；saac_ocr(saac-ocr-20260802) 2026-08-02T07:50:57+00:00,2026-07-21,claude-code,pass,2026-07-21 13:10:52,L2,core,1511
625,domestic:SAAC:51koukou-p01-dde15-i3,毛泽东关于新政协时间地点给李济深等的电报（1948-08-01）,中央档案馆 / 国家档案局（saac.gov.cn）,1948-08-01,中央档案馆官方档案,SAAC,中华人民共和国国家档案局 / 中央档案馆,"《从""五一口号""到开国大典》档案文献专辑",,,,页 01 DDE 15,saac.gov.cn/daj/gqzt/01.html (页入口) + 01_015.html (详情页) + img/a001/s/s15.jpg (缩略图),verified,https://www.saac.gov.cn/daj/gqzt/01_015.html,item_surrogate,open,详情页 https://www.saac.gov.cn/daj/gqzt/01_015.html + 缩略图 https://www.saac.gov.cn/daj/gqzt/img/a001/s/s15.jpg；无 PDF 直链；,digital,full_item_online,public,citation_only,中央档案馆官方公布,unknown,L2,core,"[""1948五一口号"", ""1949新政协筹备"", ""1949民盟参与政协"", ""1949开国大典""]","[""毛泽东"", ""朱德"", ""周恩来"", ""刘少奇"", ""李济深"", ""郭沫若"", ""陈嘉庚"", ""李立三"", ""张治中"", ""程潜""]","[""北京"", ""北平""]","WebFetch 2026-07-21 实测 saac.gov.cn/daj/gqzt/01.html；提取页 01 第 15 件档案：毛泽东关于新政协时间地点给李济深等的电报（1948-08-01）（1948-08-01）。上下文：新政协时间地点。属于 saac.gov.cn 中央档案馆《从""五一口号""到开国大典》档案文献专辑。L2 等级：中央档案馆官方公布 = 官方一手档案。",digital_image,https://www.saac.gov.cn/daj/gqzt/01.html (页入口)；https://www.saac.gov.cn/daj/gqzt/01_015.html (档案详情页)；https://www.saac.gov.cn/daj/gqzt/img/a001/s/s15.jpg (缩略图),缩略图公开 + HTML 详情页公开，无 PDF/原件扫描直链；L1 升级需中央档案馆原件扫描。,2026-07-21,claude-code,accepted,L2 accepted (批次 I-3)：中央档案馆 1948-1949 民主党派相关档案；WebFetch 2026-07-21 实测 saac.gov.cn；升级依据与批次 D 流程一致。；saac_ocr(saac-ocr-20260802) 2026-08-02T07:51:47+00:00,2026-07-21,claude-code,pass,2026-07-21 13:10:52,L2,core,1514
626,domestic:SAAC:51koukou-p01-dde22-i3,中央关于交换政协意见的指示（1948-05-07）,中央档案馆 / 国家档案局（saac.gov.cn）,1948-05-07,中央档案馆官方档案,SAAC,中华人民共和国国家档案局 / 中央档案馆,"《从""五一口号""到开国大典》档案文献专辑",,,,页 01 DDE 22,saac.gov.cn/daj/gqzt/01.html (页入口) + 01_022.html (详情页) + img/a001/s/s22.jpg (缩略图),verified,https://www.saac.gov.cn/daj/gqzt/01_022.html,item_surrogate,open,详情页 https://www.saac.gov.cn/daj/gqzt/01_022.html + 缩略图 https://www.saac.gov.cn/daj/gqzt/img/a001/s/s22.jpg；无 PDF 直链；,digital,full_item_online,public,citation_only,中央档案馆官方公布,unknown,L2,core,"[""1948五一口号"", ""1949新政协筹备"", ""1949民盟参与政协"", ""1949开国大典""]","[""毛泽东"", ""朱德"", ""周恩来"", ""刘少奇"", ""李济深"", ""郭沫若"", ""陈嘉庚"", ""李立三"", ""张治中"", ""程潜""]","[""北京"", ""北平""]","WebFetch 2026-07-21 实测 saac.gov.cn/daj/gqzt/01.html；提取页 01 第 22 件档案：中央关于交换政协意见的指示（1948-05-07）（1948-05-07）。上下文：中央对民主党派政协意见。属于 saac.gov.cn 中央档案馆《从""五一口号""到开国大典》档案文献专辑。L2 等级：中央档案馆官方公布 = 官方一手档案。",digital_image,https://www.saac.gov.cn/daj/gqzt/01.html (页入口)；https://www.saac.gov.cn/daj/gqzt/01_022.html (档案详情页)；https://www.saac.gov.cn/daj/gqzt/img/a001/s/s22.jpg (缩略图),缩略图公开 + HTML 详情页公开，无 PDF/原件扫描直链；L1 升级需中央档案馆原件扫描。,2026-07-21,claude-code,accepted,L2 accepted (批次 I-3)：中央档案馆 1948-1949 民主党派相关档案；WebFetch 2026-07-21 实测 saac.gov.cn；升级依据与批次 D 流程一致。；saac_ocr(saac-ocr-20260802) 2026-08-02T07:52:27+00:00,2026-07-21,claude-code,pass,2026-07-21 13:10:52,L2,core,1517
627,domestic:SAAC:51koukou-p04-dde01-i3,新政治协商会议筹备会关于召开成立会的通知（1949-06-14）,中央档案馆 / 国家档案局（saac.gov.cn）,1949-06-14,中央档案馆官方档案,SAAC,中华人民共和国国家档案局 / 中央档案馆,"《从""五一口号""到开国大典》档案文献专辑",,,,页 04 DDE 01,saac.gov.cn/daj/gqzt/04.html (页入口) + 04_01.html (详情页) + img/a004/s/s01.jpg (缩略图),verified,https://www.saac.gov.cn/daj/gqzt/04_01.html,item_surrogate,open,详情页 https://www.saac.gov.cn/daj/gqzt/04_01.html + 缩略图 https://www.saac.gov.cn/daj/gqzt/img/a004/s/s01.jpg；无 PDF 直链；,digital,full_item_online,public,citation_only,中央档案馆官方公布,unknown,L2,core,"[""1948五一口号"", ""1949新政协筹备"", ""1949民盟参与政协"", ""1949开国大典""]","[""毛泽东"", ""朱德"", ""周恩来"", ""刘少奇"", ""李济深"", ""郭沫若"", ""陈嘉庚"", ""李立三"", ""张治中"", ""程潜""]","[""北京"", ""北平""]","WebFetch 2026-07-21 实测 saac.gov.cn/daj/gqzt/04.html；提取页 04 第 1 件档案：新政治协商会议筹备会关于召开成立会的通知（1949-06-14）（1949-06-14）。上下文：新政协筹备会通知。属于 saac.gov.cn 中央档案馆《从""五一口号""到开国大典》档案文献专辑。L2 等级：中央档案馆官方公布 = 官方一手档案。",digital_image,https://www.saac.gov.cn/daj/gqzt/04.html (页入口)；https://www.saac.gov.cn/daj/gqzt/04_01.html (档案详情页)；https://www.saac.gov.cn/daj/gqzt/img/a004/s/s01.jpg (缩略图),缩略图公开 + HTML 详情页公开，无 PDF/原件扫描直链；L1 升级需中央档案馆原件扫描。,2026-07-21,claude-code,accepted,L2 accepted (批次 I-3)：中央档案馆 1948-1949 民主党派相关档案；WebFetch 2026-07-21 实测 saac.gov.cn；升级依据与批次 D 流程一致。；saac_ocr(saac-ocr-20260802) 2026-08-02T07:55:08+00:00,2026-07-21,claude-code,pass,2026-07-21 13:10:52,L2,core,1530
628,domestic:SAAC:51koukou-p04-dde02-i3,毛泽东在新政协筹备会开幕典礼上的讲话（1949-06-15）,中央档案馆 / 国家档案局（saac.gov.cn）,1949-06-15,中央档案馆官方档案,SAAC,中华人民共和国国家档案局 / 中央档案馆,"《从""五一口号""到开国大典》档案文献专辑",,,,页 04 DDE 02,saac.gov.cn/daj/gqzt/04.html (页入口) + 04_02.html (详情页) + img/a004/s/s02.jpg (缩略图),verified,https://www.saac.gov.cn/daj/gqzt/04_02.html,item_surrogate,open,详情页 https://www.saac.gov.cn/daj/gqzt/04_02.html + 缩略图 https://www.saac.gov.cn/daj/gqzt/img/a004/s/s02.jpg；无 PDF 直链；,digital,full_item_online,public,citation_only,中央档案馆官方公布,unknown,L2,core,"[""1948五一口号"", ""1949新政协筹备"", ""1949民盟参与政协"", ""1949开国大典""]","[""毛泽东"", ""朱德"", ""周恩来"", ""刘少奇"", ""李济深"", ""郭沫若"", ""陈嘉庚"", ""李立三"", ""张治中"", ""程潜""]","[""北京"", ""北平""]","WebFetch 2026-07-21 实测 saac.gov.cn/daj/gqzt/04.html；提取页 04 第 2 件档案：毛泽东在新政协筹备会开幕典礼上的讲话（1949-06-15）（1949-06-15）。上下文：毛泽东新政协讲话。属于 saac.gov.cn 中央档案馆《从""五一口号""到开国大典》档案文献专辑。L2 等级：中央档案馆官方公布 = 官方一手档案。",digital_image,https://www.saac.gov.cn/daj/gqzt/04.html (页入口)；https://www.saac.gov.cn/daj/gqzt/04_02.html (档案详情页)；https://www.saac.gov.cn/daj/gqzt/img/a004/s/s02.jpg (缩略图),缩略图公开 + HTML 详情页公开，无 PDF/原件扫描直链；L1 升级需中央档案馆原件扫描。,2026-07-21,claude-code,accepted,L2 accepted (批次 I-3)：中央档案馆 1948-1949 民主党派相关档案；WebFetch 2026-07-21 实测 saac.gov.cn；升级依据与批次 D 流程一致。；saac_ocr(saac-ocr-20260802) 2026-08-02T07:55:19+00:00,2026-07-21,claude-code,pass,2026-07-21 13:10:52,L2,core,1531
629,domestic:SAAC:51koukou-p04-dde03-i3,朱德在新政协筹备会开幕典礼上的讲话（1949-06-15）,中央档案馆 / 国家档案局（saac.gov.cn）,1949-06-15,中央档案馆官方档案,SAAC,中华人民共和国国家档案局 / 中央档案馆,"《从""五一口号""到开国大典》档案文献专辑",,,,页 04 DDE 03,saac.gov.cn/daj/gqzt/04.html (页入口) + 04_03.html (详情页) + img/a004/s/s03.jpg (缩略图),verified,https://www.saac.gov.cn/daj/gqzt/04_03.html,item_surrogate,open,详情页 https://www.saac.gov.cn/daj/gqzt/04_03.html + 缩略图 https://www.saac.gov.cn/daj/gqzt/img/a004/s/s03.jpg；无 PDF 直链；,digital,full_item_online,public,citation_only,中央档案馆官方公布,unknown,L2,core,"[""1948五一口号"", ""1949新政协筹备"", ""1949民盟参与政协"", ""1949开国大典""]","[""毛泽东"", ""朱德"", ""周恩来"", ""刘少奇"", ""李济深"", ""郭沫若"", ""陈嘉庚"", ""李立三"", ""张治中"", ""程潜""]","[""北京"", ""北平""]","WebFetch 2026-07-21 实测 saac.gov.cn/daj/gqzt/04.html；提取页 04 第 3 件档案：朱德在新政协筹备会开幕典礼上的讲话（1949-06-15）（1949-06-15）。上下文：朱德新政协讲话。属于 saac.gov.cn 中央档案馆《从""五一口号""到开国大典》档案文献专辑。L2 等级：中央档案馆官方公布 = 官方一手档案。",digital_image,https://www.saac.gov.cn/daj/gqzt/04.html (页入口)；https://www.saac.gov.cn/daj/gqzt/04_03.html (档案详情页)；https://www.saac.gov.cn/daj/gqzt/img/a004/s/s03.jpg (缩略图),缩略图公开 + HTML 详情页公开，无 PDF/原件扫描直链；L1 升级需中央档案馆原件扫描。,2026-07-21,claude-code,accepted,L2 accepted (批次 I-3)：中央档案馆 1948-1949 民主党派相关档案；WebFetch 2026-07-21 实测 saac.gov.cn；升级依据与批次 D 流程一致。；saac_ocr(saac-ocr-20260802) 2026-08-02T07:55:34+00:00,2026-07-21,claude-code,pass,2026-07-21 13:10:52,L2,core,1532
630,domestic:SAAC:51koukou-p04-dde06-i3,郭沫若在新政协筹备会开幕典礼上的讲话（1949-06-15）,中央档案馆 / 国家档案局（saac.gov.cn）,1949-06-15,中央档案馆官方档案,SAAC,中华人民共和国国家档案局 / 中央档案馆,"《从""五一口号""到开国大典》档案文献专辑",,,,页 04 DDE 06,saac.gov.cn/daj/gqzt/04.html (页入口) + 04_06.html (详情页) + img/a004/s/s06.jpg (缩略图),verified,https://www.saac.gov.cn/daj/gqzt/04_06.html,item_surrogate,open,详情页 https://www.saac.gov.cn/daj/gqzt/04_06.html + 缩略图 https://www.saac.gov.cn/daj/gqzt/img/a004/s/s06.jpg；无 PDF 直链；,digital,full_item_online,public,citation_only,中央档案馆官方公布,unknown,L2,core,"[""1948五一口号"", ""1949新政协筹备"", ""1949民盟参与政协"", ""1949开国大典""]","[""毛泽东"", ""朱德"", ""周恩来"", ""刘少奇"", ""李济深"", ""郭沫若"", ""陈嘉庚"", ""李立三"", ""张治中"", ""程潜""]","[""北京"", ""北平""]","WebFetch 2026-07-21 实测 saac.gov.cn/daj/gqzt/04.html；提取页 04 第 6 件档案：郭沫若在新政协筹备会开幕典礼上的讲话（1949-06-15）（1949-06-15）。上下文：郭沫若新政协讲话。属于 saac.gov.cn 中央档案馆《从""五一口号""到开国大典》档案文献专辑。L2 等级：中央档案馆官方公布 = 官方一手档案。",digital_image,https://www.saac.gov.cn/daj/gqzt/04.html (页入口)；https://www.saac.gov.cn/daj/gqzt/04_06.html (档案详情页)；https://www.saac.gov.cn/daj/gqzt/img/a004/s/s06.jpg (缩略图),缩略图公开 + HTML 详情页公开，无 PDF/原件扫描直链；L1 升级需中央档案馆原件扫描。,2026-07-21,claude-code,accepted,L2 accepted (批次 I-3)：中央档案馆 1948-1949 民主党派相关档案；WebFetch 2026-07-21 实测 saac.gov.cn；升级依据与批次 D 流程一致。；SAAC OCR 不可采 (扫描图已下架或页面 404) 2026-08-02T08:13:12+00:00；SAAC OCR 不可采 (扫描图已下架或页面 404) 2026-08-02T08:13:12+00:00；SAAC OCR 不可采 (扫描图已下架或页面 404) 2026-08-02T08:13:31+00:00；SAAC OCR 不可采 (扫描图已下架或页面 404) 2026-08-02T08:13:31+00:00；SAAC OCR 不可采 (扫描图已下架或页面 404) 2026-08-02T08:14:25+00:00；SAAC OCR 不可采 (扫描图已下架或页面 404) 2026-08-02T08:14:25+00:00；SAAC OCR 不可采 (扫描图已下架或页面 404) 2026-08-02T08:14:25+00:00；SAAC OCR 不可采 (扫描图已下架或页面 404) 2026-08-02T08:14:25+00:00,2026-07-21,claude-code,lead_only,2026-07-21 13:10:52,L2,core,
631,domestic:SAAC:51koukou-p04-dde08-i3,陈嘉庚在新政协筹备会开幕典礼上的讲话（1949-06-15）,中央档案馆 / 国家档案局（saac.gov.cn）,1949-06-15,中央档案馆官方档案,SAAC,中华人民共和国国家档案局 / 中央档案馆,"《从""五一口号""到开国大典》档案文献专辑",,,,页 04 DDE 08,saac.gov.cn/daj/gqzt/04.html (页入口) + 04_08.html (详情页) + img/a004/s/s08.jpg (缩略图),verified,https://www.saac.gov.cn/daj/gqzt/04_08.html,item_surrogate,open,详情页 https://www.saac.gov.cn/daj/gqzt/04_08.html + 缩略图 https://www.saac.gov.cn/daj/gqzt/img/a004/s/s08.jpg；无 PDF 直链；,digital,full_item_online,public,citation_only,中央档案馆官方公布,unknown,L2,core,"[""1948五一口号"", ""1949新政协筹备"", ""1949民盟参与政协"", ""1949开国大典""]","[""毛泽东"", ""朱德"", ""周恩来"", ""刘少奇"", ""李济深"", ""郭沫若"", ""陈嘉庚"", ""李立三"", ""张治中"", ""程潜""]","[""北京"", ""北平""]","WebFetch 2026-07-21 实测 saac.gov.cn/daj/gqzt/04.html；提取页 04 第 8 件档案：陈嘉庚在新政协筹备会开幕典礼上的讲话（1949-06-15）（1949-06-15）。上下文：陈嘉庚新政协讲话。属于 saac.gov.cn 中央档案馆《从""五一口号""到开国大典》档案文献专辑。L2 等级：中央档案馆官方公布 = 官方一手档案。",digital_image,https://www.saac.gov.cn/daj/gqzt/04.html (页入口)；https://www.saac.gov.cn/daj/gqzt/04_08.html (档案详情页)；https://www.saac.gov.cn/daj/gqzt/img/a004/s/s08.jpg (缩略图),缩略图公开 + HTML 详情页公开，无 PDF/原件扫描直链；L1 升级需中央档案馆原件扫描。,2026-07-21,claude-code,accepted,L2 accepted (批次 I-3)：中央档案馆 1948-1949 民主党派相关档案；WebFetch 2026-07-21 实测 saac.gov.cn；升级依据与批次 D 流程一致。；SAAC OCR 不可采 (扫描图已下架或页面 404) 2026-08-02T08:13:12+00:00；SAAC OCR 不可采 (扫描图已下架或页面 404) 2026-08-02T08:13:12+00:00；SAAC OCR 不可采 (扫描图已下架或页面 404) 2026-08-02T08:13:31+00:00；SAAC OCR 不可采 (扫描图已下架或页面 404) 2026-08-02T08:13:31+00:00；SAAC OCR 不可采 (扫描图已下架或页面 404) 2026-08-02T08:14:25+00:00；SAAC OCR 不可采 (扫描图已下架或页面 404) 2026-08-02T08:14:25+00:00；SAAC OCR 不可采 (扫描图已下架或页面 404) 2026-08-02T08:14:25+00:00；SAAC OCR 不可采 (扫描图已下架或页面 404) 2026-08-02T08:14:25+00:00,2026-07-21,claude-code,lead_only,2026-07-21 13:10:52,L2,core,
632,domestic:SAAC:51koukou-p05-dde01-i3,政协一届全体会议会场（1949-09-21）,中央档案馆 / 国家档案局（saac.gov.cn）,1949-09-21,中央档案馆官方档案,SAAC,中华人民共和国国家档案局 / 中央档案馆,"《从""五一口号""到开国大典》档案文献专辑",,,,页 05 DDE 01,saac.gov.cn/daj/gqzt/05.html (页入口) + 05_01.html (详情页) + img/a005/s/s01.jpg (缩略图),verified,https://www.saac.gov.cn/daj/gqzt/05_01.html,item_surrogate,open,详情页 https://www.saac.gov.cn/daj/gqzt/05_01.html + 缩略图 https://www.saac.gov.cn/daj/gqzt/img/a005/s/s01.jpg；无 PDF 直链；,digital,full_item_online,public,citation_only,中央档案馆官方公布,unknown,L2,core,"[""1948五一口号"", ""1949新政协筹备"", ""1949民盟参与政协"", ""1949开国大典""]","[""毛泽东"", ""朱德"", ""周恩来"", ""刘少奇"", ""李济深"", ""郭沫若"", ""陈嘉庚"", ""李立三"", ""张治中"", ""程潜""]","[""北京"", ""北平""]","WebFetch 2026-07-21 实测 saac.gov.cn/daj/gqzt/05.html；提取页 05 第 1 件档案：政协一届全体会议会场（1949-09-21）（1949-09-21）。上下文：政协会场。属于 saac.gov.cn 中央档案馆《从""五一口号""到开国大典》档案文献专辑。L2 等级：中央档案馆官方公布 = 官方一手档案。",digital_image,https://www.saac.gov.cn/daj/gqzt/05.html (页入口)；https://www.saac.gov.cn/daj/gqzt/05_01.html (档案详情页)；https://www.saac.gov.cn/daj/gqzt/img/a005/s/s01.jpg (缩略图),缩略图公开 + HTML 详情页公开，无 PDF/原件扫描直链；L1 升级需中央档案馆原件扫描。,2026-07-21,claude-code,accepted,L2 accepted (批次 I-3)：中央档案馆 1948-1949 民主党派相关档案；WebFetch 2026-07-21 实测 saac.gov.cn；升级依据与批次 D 流程一致。；saac_ocr(saac-ocr-20260802) 2026-08-02T07:56:15+00:00,2026-07-21,claude-code,pass,2026-07-21 13:10:52,L2,core,1535
633,domestic:SAAC:51koukou-p05-dde03-i3,政协一届全体会议代表签名册（1949-09-21）,中央档案馆 / 国家档案局（saac.gov.cn）,1949-09-21,中央档案馆官方档案,SAAC,中华人民共和国国家档案局 / 中央档案馆,"《从""五一口号""到开国大典》档案文献专辑",,,,页 05 DDE 03,saac.gov.cn/daj/gqzt/05.html (页入口) + 05_03.html (详情页) + img/a005/s/s03.jpg (缩略图),verified,https://www.saac.gov.cn/daj/gqzt/05_03.html,item_surrogate,open,详情页 https://www.saac.gov.cn/daj/gqzt/05_03.html + 缩略图 https://www.saac.gov.cn/daj/gqzt/img/a005/s/s03.jpg；无 PDF 直链；,digital,full_item_online,public,citation_only,中央档案馆官方公布,unknown,L2,core,"[""1948五一口号"", ""1949新政协筹备"", ""1949民盟参与政协"", ""1949开国大典""]","[""毛泽东"", ""朱德"", ""周恩来"", ""刘少奇"", ""李济深"", ""郭沫若"", ""陈嘉庚"", ""李立三"", ""张治中"", ""程潜""]","[""北京"", ""北平""]","WebFetch 2026-07-21 实测 saac.gov.cn/daj/gqzt/05.html；提取页 05 第 3 件档案：政协一届全体会议代表签名册（1949-09-21）（1949-09-21）。上下文：代表签名册。属于 saac.gov.cn 中央档案馆《从""五一口号""到开国大典》档案文献专辑。L2 等级：中央档案馆官方公布 = 官方一手档案。",digital_image,https://www.saac.gov.cn/daj/gqzt/05.html (页入口)；https://www.saac.gov.cn/daj/gqzt/05_03.html (档案详情页)；https://www.saac.gov.cn/daj/gqzt/img/a005/s/s03.jpg (缩略图),缩略图公开 + HTML 详情页公开，无 PDF/原件扫描直链；L1 升级需中央档案馆原件扫描。,2026-07-21,claude-code,accepted,L2 accepted (批次 I-3)：中央档案馆 1948-1949 民主党派相关档案；WebFetch 2026-07-21 实测 saac.gov.cn；升级依据与批次 D 流程一致。；saac_ocr(saac-ocr-20260802) 2026-08-02T08:05:20+00:00,2026-07-21,claude-code,pass,2026-07-21 13:10:52,L2,core,1539
634,domestic:SAAC:51koukou-p05-dde04-i3,政协一届全体会议开幕式签到簿（1949-09-21）,中央档案馆 / 国家档案局（saac.gov.cn）,1949-09-21,中央档案馆官方档案,SAAC,中华人民共和国国家档案局 / 中央档案馆,"《从""五一口号""到开国大典》档案文献专辑",,,,页 05 DDE 04,saac.gov.cn/daj/gqzt/05.html (页入口) + 05_04.html (详情页) + img/a005/s/s04.jpg (缩略图),verified,https://www.saac.gov.cn/daj/gqzt/05_04.html,item_surrogate,open,详情页 https://www.saac.gov.cn/daj/gqzt/05_04.html + 缩略图 https://www.saac.gov.cn/daj/gqzt/img/a005/s/s04.jpg；无 PDF 直链；,digital,full_item_online,public,citation_only,中央档案馆官方公布,unknown,L2,core,"[""1948五一口号"", ""1949新政协筹备"", ""1949民盟参与政协"", ""1949开国大典""]","[""毛泽东"", ""朱德"", ""周恩来"", ""刘少奇"", ""李济深"", ""郭沫若"", ""陈嘉庚"", ""李立三"", ""张治中"", ""程潜""]","[""北京"", ""北平""]","WebFetch 2026-07-21 实测 saac.gov.cn/daj/gqzt/05.html；提取页 05 第 4 件档案：政协一届全体会议开幕式签到簿（1949-09-21）（1949-09-21）。上下文：开幕式签到。属于 saac.gov.cn 中央档案馆《从""五一口号""到开国大典》档案文献专辑。L2 等级：中央档案馆官方公布 = 官方一手档案。",digital_image,https://www.saac.gov.cn/daj/gqzt/05.html (页入口)；https://www.saac.gov.cn/daj/gqzt/05_04.html (档案详情页)；https://www.saac.gov.cn/daj/gqzt/img/a005/s/s04.jpg (缩略图),缩略图公开 + HTML 详情页公开，无 PDF/原件扫描直链；L1 升级需中央档案馆原件扫描。,2026-07-21,claude-code,accepted,L2 accepted (批次 I-3)：中央档案馆 1948-1949 民主党派相关档案；WebFetch 2026-07-21 实测 saac.gov.cn；升级依据与批次 D 流程一致。；saac_ocr(saac-ocr-20260802) 2026-08-02T08:05:41+00:00,2026-07-21,claude-code,pass,2026-07-21 13:10:52,L2,core,1540
635,domestic:SAAC:51koukou-p05-dde05-i3,政协一届全体会议代表签到（1949-09-21）,中央档案馆 / 国家档案局（saac.gov.cn）,1949-09-21,中央档案馆官方档案,SAAC,中华人民共和国国家档案局 / 中央档案馆,"《从""五一口号""到开国大典》档案文献专辑",,,,页 05 DDE 05,saac.gov.cn/daj/gqzt/05.html (页入口) + 05_05.html (详情页) + img/a005/s/s05.jpg (缩略图),verified,https://www.saac.gov.cn/daj/gqzt/05_05.html,item_surrogate,open,详情页 https://www.saac.gov.cn/daj/gqzt/05_05.html + 缩略图 https://www.saac.gov.cn/daj/gqzt/img/a005/s/s05.jpg；无 PDF 直链；,digital,full_item_online,public,citation_only,中央档案馆官方公布,unknown,L2,core,"[""1948五一口号"", ""1949新政协筹备"", ""1949民盟参与政协"", ""1949开国大典""]","[""毛泽东"", ""朱德"", ""周恩来"", ""刘少奇"", ""李济深"", ""郭沫若"", ""陈嘉庚"", ""李立三"", ""张治中"", ""程潜""]","[""北京"", ""北平""]","WebFetch 2026-07-21 实测 saac.gov.cn/daj/gqzt/05.html；提取页 05 第 5 件档案：政协一届全体会议代表签到（1949-09-21）（1949-09-21）。上下文：代表签到。属于 saac.gov.cn 中央档案馆《从""五一口号""到开国大典》档案文献专辑。L2 等级：中央档案馆官方公布 = 官方一手档案。",digital_image,https://www.saac.gov.cn/daj/gqzt/05.html (页入口)；https://www.saac.gov.cn/daj/gqzt/05_05.html (档案详情页)；https://www.saac.gov.cn/daj/gqzt/img/a005/s/s05.jpg (缩略图),缩略图公开 + HTML 详情页公开，无 PDF/原件扫描直链；L1 升级需中央档案馆原件扫描。,2026-07-21,claude-code,accepted,L2 accepted (批次 I-3)：中央档案馆 1948-1949 民主党派相关档案；WebFetch 2026-07-21 实测 saac.gov.cn；升级依据与批次 D 流程一致。；saac_ocr(saac-ocr-20260802) 2026-08-02T08:05:56+00:00,2026-07-21,claude-code,pass,2026-07-21 13:10:52,L2,core,1541
636,domestic:SAAC:51koukou-p05-dde06-i3,政协一届全体会议程序（1949-09-21 至 30）,中央档案馆 / 国家档案局（saac.gov.cn）,1949-09-21,中央档案馆官方档案,SAAC,中华人民共和国国家档案局 / 中央档案馆,"《从""五一口号""到开国大典》档案文献专辑",,,,页 05 DDE 06,saac.gov.cn/daj/gqzt/05.html (页入口) + 05_06.html (详情页) + img/a005/s/s06.jpg (缩略图),verified,https://www.saac.gov.cn/daj/gqzt/05_06.html,item_surrogate,open,详情页 https://www.saac.gov.cn/daj/gqzt/05_06.html + 缩略图 https://www.saac.gov.cn/daj/gqzt/img/a005/s/s06.jpg；无 PDF 直链；,digital,full_item_online,public,citation_only,中央档案馆官方公布,unknown,L2,core,"[""1948五一口号"", ""1949新政协筹备"", ""1949民盟参与政协"", ""1949开国大典""]","[""毛泽东"", ""朱德"", ""周恩来"", ""刘少奇"", ""李济深"", ""郭沫若"", ""陈嘉庚"", ""李立三"", ""张治中"", ""程潜""]","[""北京"", ""北平""]","WebFetch 2026-07-21 实测 saac.gov.cn/daj/gqzt/05.html；提取页 05 第 6 件档案：政协一届全体会议程序（1949-09-21 至 30）（1949-09-21）。上下文：会议程序。属于 saac.gov.cn 中央档案馆《从""五一口号""到开国大典》档案文献专辑。L2 等级：中央档案馆官方公布 = 官方一手档案。",digital_image,https://www.saac.gov.cn/daj/gqzt/05.html (页入口)；https://www.saac.gov.cn/daj/gqzt/05_06.html (档案详情页)；https://www.saac.gov.cn/daj/gqzt/img/a005/s/s06.jpg (缩略图),缩略图公开 + HTML 详情页公开，无 PDF/原件扫描直链；L1 升级需中央档案馆原件扫描。,2026-07-21,claude-code,accepted,L2 accepted (批次 I-3)：中央档案馆 1948-1949 民主党派相关档案；WebFetch 2026-07-21 实测 saac.gov.cn；升级依据与批次 D 流程一致。；saac_ocr(saac-ocr-20260802) 2026-08-02T08:07:04+00:00,2026-07-21,claude-code,pass,2026-07-21 13:10:52,L2,core,1542
637,domestic:SAAC:51koukou-p05-dde07-i3,政协一届全体会议主席团名单（1949-09-21）,中央档案馆 / 国家档案局（saac.gov.cn）,1949-09-21,中央档案馆官方档案,SAAC,中华人民共和国国家档案局 / 中央档案馆,"《从""五一口号""到开国大典》档案文献专辑",,,,页 05 DDE 07,saac.gov.cn/daj/gqzt/05.html (页入口) + 05_07.html (详情页) + img/a005/s/s07.jpg (缩略图),verified,https://www.saac.gov.cn/daj/gqzt/05_07.html,item_surrogate,open,详情页 https://www.saac.gov.cn/daj/gqzt/05_07.html + 缩略图 https://www.saac.gov.cn/daj/gqzt/img/a005/s/s07.jpg；无 PDF 直链；,digital,full_item_online,public,citation_only,中央档案馆官方公布,unknown,L2,core,"[""1948五一口号"", ""1949新政协筹备"", ""1949民盟参与政协"", ""1949开国大典""]","[""毛泽东"", ""朱德"", ""周恩来"", ""刘少奇"", ""李济深"", ""郭沫若"", ""陈嘉庚"", ""李立三"", ""张治中"", ""程潜""]","[""北京"", ""北平""]","WebFetch 2026-07-21 实测 saac.gov.cn/daj/gqzt/05.html；提取页 05 第 7 件档案：政协一届全体会议主席团名单（1949-09-21）（1949-09-21）。上下文：主席团名单。属于 saac.gov.cn 中央档案馆《从""五一口号""到开国大典》档案文献专辑。L2 等级：中央档案馆官方公布 = 官方一手档案。",digital_image,https://www.saac.gov.cn/daj/gqzt/05.html (页入口)；https://www.saac.gov.cn/daj/gqzt/05_07.html (档案详情页)；https://www.saac.gov.cn/daj/gqzt/img/a005/s/s07.jpg (缩略图),缩略图公开 + HTML 详情页公开，无 PDF/原件扫描直链；L1 升级需中央档案馆原件扫描。,2026-07-21,claude-code,accepted,L2 accepted (批次 I-3)：中央档案馆 1948-1949 民主党派相关档案；WebFetch 2026-07-21 实测 saac.gov.cn；升级依据与批次 D 流程一致。；saac_ocr(saac-ocr-20260802) 2026-08-02T08:07:19+00:00,2026-07-21,claude-code,pass,2026-07-21 13:10:52,L2,core,1543
638,domestic:SAAC:51koukou-p05-dde08-i3,毛泽东致开幕词（1949-09-21）,中央档案馆 / 国家档案局（saac.gov.cn）,1949-09-21,中央档案馆官方档案,SAAC,中华人民共和国国家档案局 / 中央档案馆,"《从""五一口号""到开国大典》档案文献专辑",,,,页 05 DDE 08,saac.gov.cn/daj/gqzt/05.html (页入口) + 05_08.html (详情页) + img/a005/s/s08.jpg (缩略图),verified,https://www.saac.gov.cn/daj/gqzt/05_08.html,item_surrogate,open,详情页 https://www.saac.gov.cn/daj/gqzt/05_08.html + 缩略图 https://www.saac.gov.cn/daj/gqzt/img/a005/s/s08.jpg；无 PDF 直链；,digital,full_item_online,public,citation_only,中央档案馆官方公布,unknown,L2,core,"[""1948五一口号"", ""1949新政协筹备"", ""1949民盟参与政协"", ""1949开国大典""]","[""毛泽东"", ""朱德"", ""周恩来"", ""刘少奇"", ""李济深"", ""郭沫若"", ""陈嘉庚"", ""李立三"", ""张治中"", ""程潜""]","[""北京"", ""北平""]","WebFetch 2026-07-21 实测 saac.gov.cn/daj/gqzt/05.html；提取页 05 第 8 件档案：毛泽东致开幕词（1949-09-21）（1949-09-21）。上下文：毛泽东开幕词。属于 saac.gov.cn 中央档案馆《从""五一口号""到开国大典》档案文献专辑。L2 等级：中央档案馆官方公布 = 官方一手档案。",digital_image,https://www.saac.gov.cn/daj/gqzt/05.html (页入口)；https://www.saac.gov.cn/daj/gqzt/05_08.html (档案详情页)；https://www.saac.gov.cn/daj/gqzt/img/a005/s/s08.jpg (缩略图),缩略图公开 + HTML 详情页公开，无 PDF/原件扫描直链；L1 升级需中央档案馆原件扫描。,2026-07-21,claude-code,accepted,L2 accepted (批次 I-3)：中央档案馆 1948-1949 民主党派相关档案；WebFetch 2026-07-21 实测 saac.gov.cn；升级依据与批次 D 流程一致。；SAAC OCR 不可采 (扫描图已下架或页面 404) 2026-08-02T08:13:12+00:00；SAAC OCR 不可采 (扫描图已下架或页面 404) 2026-08-02T08:13:31+00:00；SAAC OCR 不可采 (扫描图已下架或页面 404) 2026-08-02T08:14:25+00:00；SAAC OCR 不可采 (扫描图已下架或页面 404) 2026-08-02T08:14:25+00:00,2026-07-21,claude-code,lead_only,2026-07-21 13:10:52,L2,core,
639,domestic:SAAC:51koukou-p05-dde09-i3,刘少奇讲话（中共代表，1949-09-21）,中央档案馆 / 国家档案局（saac.gov.cn）,1949-09-21,中央档案馆官方档案,SAAC,中华人民共和国国家档案局 / 中央档案馆,"《从""五一口号""到开国大典》档案文献专辑",,,,页 05 DDE 09,saac.gov.cn/daj/gqzt/05.html (页入口) + 05_09.html (详情页) + img/a005/s/s09.jpg (缩略图),verified,https://www.saac.gov.cn/daj/gqzt/05_09.html,item_surrogate,open,详情页 https://www.saac.gov.cn/daj/gqzt/05_09.html + 缩略图 https://www.saac.gov.cn/daj/gqzt/img/a005/s/s09.jpg；无 PDF 直链；,digital,full_item_online,public,citation_only,中央档案馆官方公布,unknown,L2,core,"[""1948五一口号"", ""1949新政协筹备"", ""1949民盟参与政协"", ""1949开国大典""]","[""毛泽东"", ""朱德"", ""周恩来"", ""刘少奇"", ""李济深"", ""郭沫若"", ""陈嘉庚"", ""李立三"", ""张治中"", ""程潜""]","[""北京"", ""北平""]","WebFetch 2026-07-21 实测 saac.gov.cn/daj/gqzt/05.html；提取页 05 第 9 件档案：刘少奇讲话（中共代表，1949-09-21）（1949-09-21）。上下文：刘少奇中共代表讲话。属于 saac.gov.cn 中央档案馆《从""五一口号""到开国大典》档案文献专辑。L2 等级：中央档案馆官方公布 = 官方一手档案。",digital_image,https://www.saac.gov.cn/daj/gqzt/05.html (页入口)；https://www.saac.gov.cn/daj/gqzt/05_09.html (档案详情页)；https://www.saac.gov.cn/daj/gqzt/img/a005/s/s09.jpg (缩略图),缩略图公开 + HTML 详情页公开，无 PDF/原件扫描直链；L1 升级需中央档案馆原件扫描。,2026-07-21,claude-code,accepted,L2 accepted (批次 I-3)：中央档案馆 1948-1949 民主党派相关档案；WebFetch 2026-07-21 实测 saac.gov.cn；升级依据与批次 D 流程一致。；SAAC OCR 不可采 (扫描图已下架或页面 404) 2026-08-02T08:13:12+00:00；SAAC OCR 不可采 (扫描图已下架或页面 404) 2026-08-02T08:13:31+00:00；SAAC OCR 不可采 (扫描图已下架或页面 404) 2026-08-02T08:14:25+00:00；SAAC OCR 不可采 (扫描图已下架或页面 404) 2026-08-02T08:14:25+00:00,2026-07-21,claude-code,lead_only,2026-07-21 13:10:52,L2,core,
640,domestic:SAAC:51koukou-p05-dde12-i3,李立三讲话（全总副主席，1949-09-21）,中央档案馆 / 国家档案局（saac.gov.cn）,1949-09-21,中央档案馆官方档案,SAAC,中华人民共和国国家档案局 / 中央档案馆,"《从""五一口号""到开国大典》档案文献专辑",,,,页 05 DDE 12,saac.gov.cn/daj/gqzt/05.html (页入口) + 05_012.html (详情页) + img/a005/s/s12.jpg (缩略图),verified,https://www.saac.gov.cn/daj/gqzt/05_012.html,item_surrogate,open,详情页 https://www.saac.gov.cn/daj/gqzt/05_012.html + 缩略图 https://www.saac.gov.cn/daj/gqzt/img/a005/s/s12.jpg；无 PDF 直链；,digital,full_item_online,public,citation_only,中央档案馆官方公布,unknown,L2,core,"[""1948五一口号"", ""1949新政协筹备"", ""1949民盟参与政协"", ""1949开国大典""]","[""毛泽东"", ""朱德"", ""周恩来"", ""刘少奇"", ""李济深"", ""郭沫若"", ""陈嘉庚"", ""李立三"", ""张治中"", ""程潜""]","[""北京"", ""北平""]","WebFetch 2026-07-21 实测 saac.gov.cn/daj/gqzt/05.html；提取页 05 第 12 件档案：李立三讲话（全总副主席，1949-09-21）（1949-09-21）。上下文：李立三全总讲话。属于 saac.gov.cn 中央档案馆《从""五一口号""到开国大典》档案文献专辑。L2 等级：中央档案馆官方公布 = 官方一手档案。",digital_image,https://www.saac.gov.cn/daj/gqzt/05.html (页入口)；https://www.saac.gov.cn/daj/gqzt/05_012.html (档案详情页)；https://www.saac.gov.cn/daj/gqzt/img/a005/s/s12.jpg (缩略图),缩略图公开 + HTML 详情页公开，无 PDF/原件扫描直链；L1 升级需中央档案馆原件扫描。,2026-07-21,claude-code,accepted,L2 accepted (批次 I-3)：中央档案馆 1948-1949 民主党派相关档案；WebFetch 2026-07-21 实测 saac.gov.cn；升级依据与批次 D 流程一致。；SAAC OCR 不可采 (扫描图已下架或页面 404) 2026-08-02T08:13:12+00:00；SAAC OCR 不可采 (扫描图已下架或页面 404) 2026-08-02T08:13:31+00:00；SAAC OCR 不可采 (扫描图已下架或页面 404) 2026-08-02T08:14:25+00:00；SAAC OCR 不可采 (扫描图已下架或页面 404) 2026-08-02T08:14:25+00:00,2026-07-21,claude-code,lead_only,2026-07-21 13:10:52,L2,core,
641,domestic:SAAC:51koukou-p05-dde13-i3,张治中讲话（特邀代表，1949-09-21）,中央档案馆 / 国家档案局（saac.gov.cn）,1949-09-21,中央档案馆官方档案,SAAC,中华人民共和国国家档案局 / 中央档案馆,"《从""五一口号""到开国大典》档案文献专辑",,,,页 05 DDE 13,saac.gov.cn/daj/gqzt/05.html (页入口) + 05_013.html (详情页) + img/a005/s/s13.jpg (缩略图),verified,https://www.saac.gov.cn/daj/gqzt/05_013.html,item_surrogate,open,详情页 https://www.saac.gov.cn/daj/gqzt/05_013.html + 缩略图 https://www.saac.gov.cn/daj/gqzt/img/a005/s/s13.jpg；无 PDF 直链；,digital,full_item_online,public,citation_only,中央档案馆官方公布,unknown,L2,core,"[""1948五一口号"", ""1949新政协筹备"", ""1949民盟参与政协"", ""1949开国大典""]","[""毛泽东"", ""朱德"", ""周恩来"", ""刘少奇"", ""李济深"", ""郭沫若"", ""陈嘉庚"", ""李立三"", ""张治中"", ""程潜""]","[""北京"", ""北平""]","WebFetch 2026-07-21 实测 saac.gov.cn/daj/gqzt/05.html；提取页 05 第 13 件档案：张治中讲话（特邀代表，1949-09-21）（1949-09-21）。上下文：张治中特邀讲话。属于 saac.gov.cn 中央档案馆《从""五一口号""到开国大典》档案文献专辑。L2 等级：中央档案馆官方公布 = 官方一手档案。",digital_image,https://www.saac.gov.cn/daj/gqzt/05.html (页入口)；https://www.saac.gov.cn/daj/gqzt/05_013.html (档案详情页)；https://www.saac.gov.cn/daj/gqzt/img/a005/s/s13.jpg (缩略图),缩略图公开 + HTML 详情页公开，无 PDF/原件扫描直链；L1 升级需中央档案馆原件扫描。,2026-07-21,claude-code,accepted,L2 accepted (批次 I-3)：中央档案馆 1948-1949 民主党派相关档案；WebFetch 2026-07-21 实测 saac.gov.cn；升级依据与批次 D 流程一致。；SAAC OCR 不可采 (扫描图已下架或页面 404) 2026-08-02T08:13:12+00:00；SAAC OCR 不可采 (扫描图已下架或页面 404) 2026-08-02T08:13:31+00:00；SAAC OCR 不可采 (扫描图已下架或页面 404) 2026-08-02T08:14:25+00:00；SAAC OCR 不可采 (扫描图已下架或页面 404) 2026-08-02T08:14:25+00:00,2026-07-21,claude-code,lead_only,2026-07-21 13:10:52,L2,core,
642,domestic:SAAC:51koukou-p05-dde14-i3,程潜讲话（特邀代表，1949-09-21）,中央档案馆 / 国家档案局（saac.gov.cn）,1949-09-21,中央档案馆官方档案,SAAC,中华人民共和国国家档案局 / 中央档案馆,"《从""五一口号""到开国大典》档案文献专辑",,,,页 05 DDE 14,saac.gov.cn/daj/gqzt/05.html (页入口) + 05_014.html (详情页) + img/a005/s/s14.jpg (缩略图),verified,https://www.saac.gov.cn/daj/gqzt/05_014.html,item_surrogate,open,详情页 https://www.saac.gov.cn/daj/gqzt/05_014.html + 缩略图 https://www.saac.gov.cn/daj/gqzt/img/a005/s/s14.jpg；无 PDF 直链；,digital,full_item_online,public,citation_only,中央档案馆官方公布,unknown,L2,core,"[""1948五一口号"", ""1949新政协筹备"", ""1949民盟参与政协"", ""1949开国大典""]","[""毛泽东"", ""朱德"", ""周恩来"", ""刘少奇"", ""李济深"", ""郭沫若"", ""陈嘉庚"", ""李立三"", ""张治中"", ""程潜""]","[""北京"", ""北平""]","WebFetch 2026-07-21 实测 saac.gov.cn/daj/gqzt/05.html；提取页 05 第 14 件档案：程潜讲话（特邀代表，1949-09-21）（1949-09-21）。上下文：程潜特邀讲话。属于 saac.gov.cn 中央档案馆《从""五一口号""到开国大典》档案文献专辑。L2 等级：中央档案馆官方公布 = 官方一手档案。",digital_image,https://www.saac.gov.cn/daj/gqzt/05.html (页入口)；https://www.saac.gov.cn/daj/gqzt/05_014.html (档案详情页)；https://www.saac.gov.cn/daj/gqzt/img/a005/s/s14.jpg (缩略图),缩略图公开 + HTML 详情页公开，无 PDF/原件扫描直链；L1 升级需中央档案馆原件扫描。,2026-07-21,claude-code,accepted,L2 accepted (批次 I-3)：中央档案馆 1948-1949 民主党派相关档案；WebFetch 2026-07-21 实测 saac.gov.cn；升级依据与批次 D 流程一致。；SAAC OCR 不可采 (扫描图已下架或页面 404) 2026-08-02T08:13:12+00:00；SAAC OCR 不可采 (扫描图已下架或页面 404) 2026-08-02T08:13:31+00:00；SAAC OCR 不可采 (扫描图已下架或页面 404) 2026-08-02T08:14:25+00:00；SAAC OCR 不可采 (扫描图已下架或页面 404) 2026-08-02T08:14:25+00:00,2026-07-21,claude-code,lead_only,2026-07-21 13:10:52,L2,core,
643,domestic:QY:1991-zhongguo-minmeng-jianshi-1941-1949,《中国民主同盟简史 1941-1949》（民盟中央文史委员会编，群言出版社 1991-03，148 页，32 开本）,中国民主同盟中央文史委员会,1991-03,民盟中央正式出版档案文献汇编（1991）,QY,群言出版社（民盟中央直属）,民盟历史文献丛书,,,,群言出版社 1991-03 第 1 版第 1 次印刷；148 页 32 开,群言出版社 1991-03；148 页；32 开本；内页干净（孔夫子旧书网）；民盟中央文史委员会编,verified,http://book.kongfz.com/275761/2028322541/,bibliography,open,正式出版物；孔夫子旧书网在售；1991-03 出版；,physical,catalogue_only_online,public,citation_only,民盟中央文史委员会编 / 群言出版社出版 = 官方一手,unknown,L2,core,"[""1941民盟前身"", ""1944改组更名"", ""1945民盟一大"", ""1946政治协商会议"", ""1947民盟解散""]","[""黄炎培"", ""张澜"", ""沈钧儒"", ""罗隆基"", ""章伯钧"", ""中国民主同盟中央文史委员会""]","[""重庆"", ""上海"", ""南京"", ""北京""]",WebSearch 2026-07-21 核读孔夫子旧书网 http://book.kongfz.com/275761/2028322541/；《中国民主同盟简史 1941-1949》（1991-03 群言出版社 32 开本 148 页）；民盟中央文史委员会编；1941 中国民主政团同盟成立 → 1944 改组 → 1945 一大 → 1947 解散 全部覆盖；L2 等级：民盟中央官方一手汇编。,printed_finding_aid,http://book.kongfz.com/275761/2028322541/,未取得扫描件；L1 升级需取得原件。,2026-07-21,claude-code,accepted,2026-08-02 降级 lead_only：catalogue_only_online 无可采集全文，仅线索登记；未真正进入 documents/pages，不再计入已收集。,2026-07-21,claude-code,lead_only,2026-07-21 13:10:52,L2,core,
644,domestic:QY:1991-zhongguo-minmeng-shi-1941-1949,《中国民主同盟史(1941-1949)》（群言出版社 1991-03）,中国民主同盟中央委员会,1991-03,民盟中央正式出版档案文献（1991）,QY,群言出版社（民盟中央直属）,民盟历史文献丛书,,,,群言出版社 1991-03,群言出版社 1991-03；民盟中央委员会编,verified,https://book.kongfz.com/2246/4981376637,bibliography,open,正式出版物；孔夫子旧书网在售,physical,catalogue_only_online,public,citation_only,民盟中央委员会编 / 群言出版社出版,unknown,L2,core,"[""1941民盟前身"", ""1944改组更名"", ""1945民盟一大"", ""1949民盟参与政协""]","[""中国民主同盟中央委员会""]","[""北京""]",WebSearch 2026-07-21 核读孔夫子旧书网；《中国民主同盟史(1941-1949)》（1991-03 群言出版社）；中国民主同盟中央委员会 编；1941-1949 民盟完整通史；L2 等级：民盟中央官方汇编。,printed_finding_aid,https://book.kongfz.com/2246/4981376637,ISBN 待查；与 2012 群言典藏（ISBN 9787802563728）内容近似。,2026-07-21,claude-code,accepted,2026-08-02 降级 lead_only：catalogue_only_online 无可采集全文，仅线索登记；未真正进入 documents/pages，不再计入已收集。,2026-07-21,claude-code,lead_only,2026-07-21 13:10:52,L2,core,
645,domestic:QY:1991-wo-yu-minmeng-50zhounian-jinianwenji,《我与民盟：中国民主同盟成立 50 周年纪念文集》（群言出版社 1991-08）,中国民主同盟文史委员会,1991-08,民盟中央正式出版纪念文集（1991）,QY,群言出版社（民盟中央直属）,民盟历史文献丛书 + 纪念文集,,,,群言出版社 1991-08,群言出版社 1991-08；民盟中央文史委员会编,verified,http://book.kongfz.com/765/207968742/,bibliography,open,正式出版物；孔夫子旧书网在售；民盟成立 50 周年纪念文集,physical,catalogue_only_online,public,citation_only,民盟中央文史委员会编 / 群言出版社出版,unknown,L2,core,"[""1941民盟前身"", ""1945民盟一大"", ""1947民盟解散"", ""1949民盟参与政协""]","[""中国民主同盟文史委员会"", ""民盟盟员""]","[""北京""]",WebSearch 2026-07-21 核读孔夫子旧书网 http://book.kongfz.com/765/207968742/；《我与民盟：中国民主同盟成立 50 周年纪念文集》（1991-08 群言出版社）；民盟中央文史委员会编；1941-1991 民盟盟员回忆文章集；L2 等级：民盟中央官方纪念文集。,printed_finding_aid,http://book.kongfz.com/765/207968742/,未取得扫描件；L1 升级需取得原件。,2026-07-21,claude-code,accepted,2026-08-02 降级 lead_only：catalogue_only_online 无可采集全文，仅线索登记；未真正进入 documents/pages，不再计入已收集。,2026-07-21,claude-code,lead_only,2026-07-21 13:10:52,L2,core,
646,domestic:QY:mengtuan-lishiwenxian-congshu-anchor,民盟历史文献丛书聚合锚点（民盟中央文史委员会编，群言出版社 + 文物出版社出版，1991-2024 系列）,中国民主同盟中央文史委员会,2024,民盟中央文史委员会编文献丛书聚合锚点,QY,群言出版社（民盟中央直属）+ 文物出版社,民盟历史文献丛书 + 民盟历史人物丛书 + 民盟地方史志 + 民盟智库,,,,http://www.bookschina.com/congshu/57638/,中图网民盟历史文献丛书 http://www.bookschina.com/congshu/57638/ ；群言出版社官网 http://www.qypublish.com/Pages/ZDAboutUs.aspx,verified,http://www.qypublish.com/Pages/ZDAboutUs.aspx,bibliography,open,民盟中央直属出版社 + 国家级出版机构；含民盟历史文献系列（已列入十二五/十三五国家重点图书）,hybrid,catalogue_only_online,public,citation_only,民盟中央直属出版社,unknown,L2,core,"[""1941民盟前身"", ""1944改组更名"", ""1945民盟一大"", ""1949民盟参与政协""]","[""中国民主同盟中央文史委员会"", ""群言出版社"", ""文物出版社""]","[""北京""]",WebSearch 2026-07-21 核读群言出版社官网；群言出版社（中国民主同盟中央委员会主办）出版系列：①民盟历史文献丛书（含 1941-1949 全部关键时点）；②民盟历史人物丛书（民盟核心人物传记）；③民盟地方史志（各省市民盟组织史）；④民盟智库（民盟中央政策研究）；已列入国家十二五/十三五重点图书出版计划，多次获国家出版基金资助；1991-2024 系列出版；L2 等级：民盟中央直属出版。,official_description,群言出版社官网 http://www.qypublish.com/Pages/ZDAboutUs.aspx ；中图网丛书 http://www.bookschina.com/congshu/57638/,L1 升级需取得具体出版物扫描件。,2026-07-21,claude-code,accepted,2026-08-02 降级 lead_only：catalogue_only_online 无可采集全文，仅线索登记；未真正进入 documents/pages，不再计入已收集。,2026-07-21,claude-code,lead_only,2026-07-21 13:10:52,L2,core,
647,domestic:QY:2011-zhongguo-minmeng-qishinian,《中国民主同盟七十年》(中国民主同盟中央委员会编，群言出版社 2011-05，ISBN 9787802562325，348 页),中国民主同盟中央委员会,2011-05,民盟中央正式出版纪念文献汇编,QY,群言出版社（民盟中央直属）,民盟历史文献丛书,,,,群言出版社 2011-05 第 1 版；348 页；定价 25.00 元,ISBN 9787802562325；群言出版社 2011-05；中国民主同盟中央委员会编,verified,https://book.kongfz.com/245792/1048098624/,bibliography,open,正式出版物；孔夫子旧书网在售,physical,catalogue_only_online,public,citation_only,民盟中央委员会编 / 群言出版社出版 = 官方一手,unknown,L2,core,"[""1941民盟前身"", ""1944改组更名"", ""1945民盟一大"", ""1949民盟参与政协""]","[""中国民主同盟中央委员会""]","[""北京""]",WebSearch 2026-07-21 核读孔夫子旧书网 https://book.kongfz.com/245792/1048098624/；《中国民主同盟七十年》（2011-05 群言出版社 348 页）；中国民主同盟中央委员会 编；1941 成立到 2011 70 年民盟完整历史；L2 等级：民盟中央官方纪念汇编。,printed_finding_aid,https://book.kongfz.com/245792/1048098624/,L1 升级需取得扫描件。,2026-07-21,claude-code,accepted,2026-08-02 降级 lead_only：catalogue_only_online 无可采集全文，仅线索登记；未真正进入 documents/pages，不再计入已收集。,2026-07-21,claude-code,lead_only,2026-07-21 13:10:52,L2,core,
648,domestic:QY:2013-minmeng-taoxingzhi,《民盟历史文献:陶行知》（夏德清、武素月，群言出版社 2013）,夏德清、武素月,2013,民盟中央系列出版（民盟历史人物丛书）,QY,群言出版社（民盟中央直属）,民盟历史人物丛书,,,,群言出版社 2013,群言出版社 2013；夏德清 / 武素月 著；民盟历史文献系列,verified,https://baike.baidu.com/item/民盟历史文献:陶行知/16295650,bibliography,open,正式出版物；民盟历史人物系列,physical,catalogue_only_online,public,citation_only,群言出版社出版,unknown,L2,core,"[""1941民盟前身"", ""1945民盟一大""]","[""陶行知"", ""中国民主同盟""]","[""上海"", ""重庆""]",WebSearch 2026-07-21 核读；《民盟历史文献:陶行知》（夏德清/武素月，群言出版社 2013）；陶行知 = 民盟中央常委（1945 一大）+ 1946-11 逝世；L2 等级：群言出版社民盟系列。,printed_finding_aid,https://baike.baidu.com/item/民盟历史文献:陶行知/16295650,ISBN 待查。,2026-07-21,claude-code,accepted,2026-08-02 降级 lead_only：catalogue_only_online 无可采集全文，仅线索登记；未真正进入 documents/pages，不再计入已收集。,2026-07-21,claude-code,lead_only,2026-07-21 13:10:52,L2,core,
649,domestic:QY:2013-minmeng-chutunan,《民盟历史文献:楚图南》（张维，群言出版社 2013）,张维,2013,民盟中央系列出版,QY,群言出版社（民盟中央直属）,民盟历史人物丛书,,,,群言出版社 2013,群言出版社 2013；张维 著,verified,https://baike.baidu.com/item/民盟历史文献:楚图南/16254658,bibliography,open,正式出版物；,physical,catalogue_only_online,public,citation_only,群言出版社出版,unknown,L2,core,"[""1945民盟一大"", ""1949民盟参与政协""]","[""楚图南"", ""中国民主同盟""]","[""北京""]",WebSearch 2026-07-21 核读；《民盟历史文献:楚图南》（张维，群言出版社 2013）；楚图南 = 民盟中央主席（1986-1987）+ 一届政协代表；L2 等级：群言出版社民盟系列。,printed_finding_aid,https://baike.baidu.com/item/民盟历史文献:楚图南/16254658,ISBN 待查。,2026-07-21,claude-code,accepted,2026-08-02 降级 lead_only：catalogue_only_online 无可采集全文，仅线索登记；未真正进入 documents/pages，不再计入已收集。,2026-07-21,claude-code,lead_only,2026-07-21 13:10:52,L2,core,
650,domestic:QY:2014-minmeng-tongdizhou,《民盟历史文献:童第周》（俞为洁，群言出版社 2014）,俞为洁,2014,民盟中央系列出版,QY,群言出版社（民盟中央直属）,民盟历史人物丛书,,,,群言出版社 2014,群言出版社 2014；俞为洁 著,verified,https://baike.baidu.com/item/民盟历史文献:童第周/16449893,bibliography,open,正式出版物；,physical,catalogue_only_online,public,citation_only,群言出版社出版,unknown,L2,core,"[""1949民盟参与政协""]","[""童第周"", ""中国民主同盟""]","[""北京""]",WebSearch 2026-07-21 核读；《民盟历史文献:童第周》（俞为洁，群言出版社 2014）；童第周 = 民盟中央副主席（1980-1988）+ 著名生物学家；L2 等级：群言出版社民盟系列。,printed_finding_aid,https://baike.baidu.com/item/民盟历史文献:童第周/16449893,ISBN 待查。,2026-07-21,claude-code,accepted,2026-08-02 降级 lead_only：catalogue_only_online 无可采集全文，仅线索登记；未真正进入 documents/pages，不再计入已收集。,2026-07-21,claude-code,lead_only,2026-07-21 13:10:52,L2,core,
651,domestic:QY:2014-minmeng-dubincheng,《民盟历史文献:杜斌丞》（张国全，群言出版社 2014）,张国全,2014,民盟中央系列出版,QY,群言出版社（民盟中央直属）,民盟历史人物丛书,,,,群言出版社 2014,群言出版社 2014；张国全 著,verified,https://baike.baidu.com/item/民盟历史文献:杜斌丞/16384705,bibliography,open,正式出版物；,physical,catalogue_only_online,public,citation_only,群言出版社出版,unknown,L2,core,"[""1947民盟解散""]","[""杜斌丞"", ""中国民主同盟西北总支部""]","[""西安""]",WebSearch 2026-07-21 核读；《民盟历史文献:杜斌丞》（张国全，群言出版社 2014）；杜斌丞 = 民盟西北总支部核心创始人（1942-） + 1947-10-07 西安玉祥门外就义；L2 等级：群言出版社民盟系列。,printed_finding_aid,https://baike.baidu.com/item/民盟历史文献:杜斌丞/16384705,ISBN 待查。,2026-07-21,claude-code,accepted,2026-08-02 降级 lead_only：catalogue_only_online 无可采集全文，仅线索登记；未真正进入 documents/pages，不再计入已收集。,2026-07-21,claude-code,lead_only,2026-07-21 13:10:52,L2,core,
652,domestic:QY:2021-qingyang-minmeng-shi,《庆阳民盟史》（中国文史出版社 2021，记录庆阳民盟 1944-2019）,民盟甘肃省庆阳市委员会,2021,民盟地方组织史（甘肃庆阳）,QY,中国文史出版社,民盟地方史志系列,,,,中国文史出版社 2021,中国文史出版社 2021；民盟庆阳市委员会编,verified,http://www.qingyangwang.com.cn/content/2021-11/11/content_536994.htm,bibliography,open,正式出版物；2021-11-11 出版发行；,physical,catalogue_only_online,public,citation_only,民盟地方组织编 / 中国文史出版社出版,unknown,L2,core,"[""1944改组更名"", ""1945民盟一大""]","[""中国民主同盟"", ""民盟甘肃省庆阳市委员会""]","[""庆阳"", ""甘肃""]",WebSearch 2026-07-21 核读；《庆阳民盟史》（中国文史出版社 2021）；记录庆阳民盟 1944-2019 发展历程；甘肃地方民盟史，覆盖 1944 改组后阶段；L2 等级：地方组织官方编 + 中国文史出版社。,printed_finding_aid,http://www.qingyangwang.com.cn/content/2021-11/11/content_536994.htm,ISBN 待查。,2026-07-21,claude-code,accepted,2026-08-02 降级 lead_only：catalogue_only_online 无可采集全文，仅线索登记；未真正进入 documents/pages，不再计入已收集。,2026-07-21,claude-code,lead_only,2026-07-21 13:10:52,L2,core,
653,domestic:QY:mengtuan-lishi-renwu-congshu-anchor,民盟历史人物丛书聚合锚点（群言出版社出版，陶行知/楚图南/童第周/杜斌丞/费孝通 等民盟核心人物传记系列）,群言出版社 + 民盟中央,2024,民盟历史人物丛书聚合锚点,QY,群言出版社（民盟中央直属）,民盟历史人物丛书（民盟历史文献系列子系列）,,,,https://book.douban.com/series/40660,豆瓣民盟历史人物历史文献丛书,verified,https://book.douban.com/series/40660,bibliography,open,豆瓣系列页公开；含多本民盟核心人物传记,physical,catalogue_only_online,public,citation_only,群言出版社官方系列,unknown,L2,core,"[""1941民盟前身"", ""1945民盟一大"", ""1949民盟参与政协""]","[""陶行知"", ""楚图南"", ""童第周"", ""杜斌丞"", ""费孝通"", ""中国民主同盟""]","[""北京""]",WebSearch 2026-07-21 核读豆瓣 https://book.douban.com/series/40660 ；民盟历史人物丛书 = 民盟中央直属群言出版社 2013-2014 系列；已注册：陶行知 / 楚图南 / 童第周 / 杜斌丞；待补：费孝通 / 吴晗 / 梁漱溟 / 胡愈之 / 邓初民 等更多民盟核心；L2 等级：群言出版社系列。,official_description,https://book.douban.com/series/40660,L1 升级需取得具体人物传记原件。,2026-07-21,claude-code,accepted,2026-08-02 降级 lead_only：catalogue_only_online 无可采集全文，仅线索登记；未真正进入 documents/pages，不再计入已收集。,2026-07-21,claude-code,lead_only,2026-07-21 13:10:52,L2,core,
654,domestic:RMTZ:dangshi-minmeng-zaili-chengli,人民网党史频道《民盟在这里成立》（1941-03-19 重庆上清寺特园民盟前身成立）,人民网党史频道,2016-01-21,人民网党史频道官方历史报道,RMTZ,人民网（people.com.cn）,党史频道,,,,http://dangshi.people.com.cn/n1/2016/0121/c85037-28073427.html,人民网党史频道 2016-01-21 发布,verified,http://dangshi.people.com.cn/n1/2016/0121/c85037-28073427.html,item_surrogate,open,人民网党史频道公开访问,digital,full_item_online,public,citation_only,人民网党史频道官方发布,unknown,L2,core,"[""1941民盟前身""]","[""黄炎培"", ""张澜"", ""梁漱溟"", ""左舜生"", ""章伯钧"", ""罗隆基"", ""张君劢"", ""中国民主同盟""]","[""重庆"", ""上清寺"", ""特园""]",WebSearch 2026-07-21 核读人民网 dangshi.people.com.cn；《民盟在这里成立》（人民网党史频道 2016-01-21）；1941-03-19 中国民主政团同盟在重庆上清寺特园秘密成立；L2 等级：人民网党史频道官方。,official_description,http://dangshi.people.com.cn/n1/2016/0121/c85037-28073427.html,L1 升级需具体原件。,2026-07-21,claude-code,accepted,L2 accepted (批次 J-3)：人民网党史 / 澎湃政务 / 地方民盟官方；WebFetch 2026-07-21 实测；升级依据与批次 D 流程一致。,2026-07-21,claude-code,pass,2026-07-21 13:10:52,L2,core,1490
655,domestic:PP:menshi-zonglan-minmeng-chengli-4-gaizu,澎湃新闻【盟史纵览】民盟的成立（四）：改组为中国民主同盟（1944-09-19 重庆特园）,中国民主同盟（公众号）,2021-03-26,民盟中央官方 + 澎湃新闻政务号转载,PP,澎湃新闻（thepaper.cn）,盟史纵览系列,,,,https://www.thepaper.cn/newsDetail_forward_11913418,澎湃新闻政务号 2021-03-26,verified,https://www.thepaper.cn/newsDetail_forward_11913418,item_surrogate,open,澎湃新闻政务号公开访问,digital,full_item_online,public,citation_only,澎湃新闻政务号转载民盟中央官方公众号,unknown,L2,core,"[""1944改组更名""]","[""张澜"", ""左舜生"", ""章伯钧"", ""罗隆基"", ""梁漱溟"", ""张君劢"", ""中国民主同盟""]","[""重庆"", ""上清寺"", ""特园""]",WebFetch 2026-07-21 实测澎湃新闻；【盟史纵览】民盟的成立（四）：改组为中国民主同盟；1944-09-19 全国代表会议在重庆特园召开；取消团体会员制；中国民主政团同盟改名为中国民主同盟；张澜为主席，左舜生为秘书长；章伯钧/罗隆基/梁漱溟/张君劢 各委员会主任；33 名中央委员，13 名中央常委；拟定《中国民主同盟纲领（草案）》。L2 等级：澎湃政务号转载 + 民盟中央公众号。,official_description,https://www.thepaper.cn/newsDetail_forward_11913418,L1 升级需原件。,2026-07-21,claude-code,accepted,L2 accepted (批次 J-3)：人民网党史 / 澎湃政务 / 地方民盟官方；WebFetch 2026-07-21 实测；升级依据与批次 D 流程一致。,2026-07-21,claude-code,pass,2026-07-21 13:10:52,L2,core,1483
656,domestic:PP:huishi-daxuexi-difang-zuzhi-jianshe-1,澎湃新闻【会史大学习】(二十七)地方组织的建立（上）（民盟地方组织 1945-1949）,中国民主同盟（公众号）,2024,民盟中央官方 + 澎湃政务号转载,PP,澎湃新闻（thepaper.cn）,会史大学习系列,,,,https://www.thepaper.cn/newsDetail_forward_30549185,澎湃政务号会史大学习系列,verified,https://www.thepaper.cn/newsDetail_forward_30549185,item_surrogate,open,澎湃新闻政务号公开访问,digital,full_item_online,public,citation_only,澎湃政务号转载民盟中央官方公众号,unknown,L2,core,"[""1945民盟一大"", ""1947民盟解散"", ""1949民盟参与政协""]","[""中国民主同盟""]","[""上海"", ""重庆"", ""广州"", ""北京""]",WebSearch 2026-07-21 核读澎湃；【会史大学习】(二十七)地方组织的建立（上）；1945-01 民盟重庆市支部第一届委员会（何公敢主任委员）；1945-09 民盟重庆市支部正式成立；1946-01 民盟南方总支部在香港成立（领导广东/广西/港澳/海外）；1946-01 民盟广州市工作委员会（丘克辉主委）；1946-02 民盟广东省支部 + 广州市分部（陈柏麟主委）；1949-03 民盟总部由香港迁北平；1949-09 民盟代表出席政协一届全体会议。L2 等级：澎湃政务号转载 + 民盟中央官方。,official_description,https://www.thepaper.cn/newsDetail_forward_30549185,L1 升级需原件。,2026-07-21,claude-code,accepted,L2 accepted (批次 J-3)：人民网党史 / 澎湃政务 / 地方民盟官方；WebFetch 2026-07-21 实测；升级依据与批次 D 流程一致。,2026-07-21,claude-code,pass,2026-07-21 13:10:52,L2,core,1484
657,domestic:CDMM:website-anchor,中国民主同盟成都市委员会官网（cdmm.org.cn，含盟史与回忆文选栏目）,中国民主同盟成都市委员会,2024,地方民盟组织官方一手,CDMM,中国民主同盟成都市委员会（cdmm.org.cn）,盟史与回忆文选栏目,,,,http://www.cdmm.org.cn/,cdmm.org.cn 民盟成都市委官方,verified,http://www.cdmm.org.cn/,institution_home,open,民盟成都市委官方公开发布；含『记忆文选』回忆文章 + 1941-1949 关键时点,digital,full_item_online,public,citation_only,民盟成都市委官方发布,unknown,L2,core,"[""1944改组更名"", ""1945民盟一大"", ""1949民盟参与政协""]","[""中国民主同盟成都市委员会""]","[""成都""]",WebFetch 2026-07-21 实测；中国民主同盟成都市委员会官网 cdmm.org.cn；含『记忆文选』栏目（盟员回忆 1941-1949 民盟历史）；L2 等级：地方民盟组织官方。,official_description,http://www.cdmm.org.cn/,具体『记忆文选』内容待深入探索。,2026-07-21,claude-code,accepted,L2 accepted (批次 J-3)：人民网党史 / 澎湃政务 / 地方民盟官方；WebFetch 2026-07-21 实测；升级依据与批次 D 流程一致。；网页 2026-08-02 不可采 (HTTP no_content) 2026-08-02T08:16:40+00:00；网页 2026-08-02 不可采 (HTTP no_content) 2026-08-02T08:17:29+00:00,2026-07-21,claude-code,lead_only,2026-07-21 13:10:52,L2,core,
658,domestic:BJMM:website-anchor,中国民主同盟北京市委员会官网（bjmm.org.cn，含 1949 民盟迁北平等历史资料）,中国民主同盟北京市委员会,2024,地方民盟组织官方一手,BJMM,中国民主同盟北京市委员会（bjmm.org.cn）,京盟概况 + 历史资料 + 庆祝中国民主同盟成立八十周年专题,,,,https://www.bjmm.org.cn/html/1/491/index.html,bjmm.org.cn 民盟北京市委官方,verified,https://www.bjmm.org.cn/html/1/491/index.html,institution_home,open,民盟北京市委官方公开发布；含历史资料 + 成立 80 周年专题,digital,full_item_online,public,citation_only,民盟北京市委官方发布,unknown,L2,core,"[""1945民盟一大"", ""1947民盟解散"", ""1949民盟参与政协""]","[""中国民主同盟北京市委员会""]","[""北京""]",WebFetch 2026-07-21 实测；bjmm.org.cn 导航含『历史资料 / 庆祝中国民主同盟成立八十周年』专题；1949-03 民盟总部由香港迁北平；1949-09 民盟代表出席政协一届全体会议；L2 等级：地方民盟组织官方。,official_description,https://www.bjmm.org.cn/html/1/491/index.html,具体历史资料内容待深入探索。,2026-07-21,claude-code,accepted,L2 accepted (批次 J-3)：人民网党史 / 澎湃政务 / 地方民盟官方；WebFetch 2026-07-21 实测；升级依据与批次 D 流程一致。,2026-07-21,claude-code,pass,2026-07-21 13:10:52,L2,core,1479
659,domestic:PP:menshi-zonglan-series-anchor,澎湃新闻【盟史纵览】系列聚合锚点（民盟中央公众号官方 1941-1949 系列）,中国民主同盟（公众号）+ 澎湃新闻政务号,2024,民盟中央官方 + 澎湃新闻政务号转载系列,PP,澎湃新闻（thepaper.cn）,盟史纵览 + 会史大学习,,,,https://www.thepaper.cn/,澎湃政务号 民盟 1941-1949 系列,verified,https://www.thepaper.cn/,institution_home,open,澎湃新闻政务号 + 民盟中央公众号官方一手,digital,full_item_online,public,citation_only,澎湃政务号 + 民盟中央官方公众号,unknown,L2,core,"[""1941民盟前身"", ""1944改组更名"", ""1945民盟一大"", ""1946政治协商会议"", ""1947民盟解散"", ""1949民盟参与政协""]","[""黄炎培"", ""张澜"", ""沈钧儒"", ""罗隆基"", ""章伯钧"", ""梁漱溟"", ""张君劢"", ""左舜生"", ""中国民主同盟""]","[""重庆"", ""上海"", ""北京"", ""南京""]",WebSearch 2026-07-21 核读澎湃；澎湃【盟史纵览】系列：民盟成立（一）（二）（三）（四）+ 改组等；澎湃【会史大学习】系列：地方组织建立（一）（二）（二十七）等；L2 等级：民盟中央官方公众号 + 澎湃政务号官方。,official_description,https://www.thepaper.cn/,L1 升级需具体原件。,2026-07-21,claude-code,accepted,L2 accepted (批次 J-3)：人民网党史 / 澎湃政务 / 地方民盟官方；WebFetch 2026-07-21 实测；升级依据与批次 D 流程一致。,2026-07-21,claude-code,pass,2026-07-21 13:10:52,L2,core,1485
660,domestic:MGCH:TJPRESS-minjizhongtian-zhuguan,团结出版社（民革中央直属，1987-12-25 成立，民革前辈传记丛书等）,中国国民党革命委员会中央委员会（民革中央）,1987-12-25,民革中央直属出版社（中央级出版机构）,MGCH,团结出版社（民革中央直属）,民革系列 / 辛亥著名人物传记 / 抗日战争与中华民族复兴 / 华人华侨与中国革命和建设 / 民革前辈传记,,,,http://www.tjpress.com/,团结出版社 = 民革中央直属中央级出版机构；1987-12-25 成立,verified,http://www.tjpress.com/,institution_home,open,团结出版社官方公开发布,hybrid,catalogue_only_online,public,citation_only,民革中央直属出版社,unknown,L2,core,"[""1948民革成立香港"", ""1949民盟参与政协""]","[""团结出版社"", ""民革中央"", ""宋庆龄"", ""李济深"", ""何香凝""]","[""北京""]",WebSearch 2026-07-21 核读团结出版社官网；团结出版社有限公司（民革中央主管的中央级出版单位）；1987-12-25 成立；专门出版社会科学 / 民国史 / 传记作品 / 传统文化；已出版系列：辛亥著名人物传记丛书（2011，20 卷）/ 抗日战争与中华民族复兴（2015，20 卷）/ 华人华侨与中国革命和建设（2019，7 卷）/ 民革前辈传记丛书（2025-2026 启动，纪念民革成立 80 周年）；L2 等级：民革中央直属出版。,official_description,http://www.tjpress.com/,L1 升级需取得具体出版物扫描件。,2026-07-21,claude-code,accepted,2026-08-02 降级 lead_only：catalogue_only_online 无可采集全文，仅线索登记；未真正进入 documents/pages，不再计入已收集。,2026-07-21,claude-code,lead_only,2026-07-21 13:10:52,L2,core,
661,domestic:MGCH:mengge-qianbei-chuanji-congshu-2025,《民革前辈传记丛书》（团结出版社 2025-2026 启动，纪念民革成立 80 周年）,中国国民党革命委员会中央委员会宣传部 + 团结出版社,2026-02-04,民革中央系列出版（前言传记丛书）,MGCH,团结出版社（民革中央直属）,民革前辈传记丛书,,,,团结出版社 2025-2026 多辑出版,团结出版社官网民革书屋推荐书目 http://www.tjpress.com/folder992/folder995/2021-08-09/7998.html,verified,http://www.tjpress.com/folder992/folder995/,institution_home,open,团结出版社民革书屋栏目,physical,catalogue_only_online,public,citation_only,民革中央宣传部 + 团结出版社,unknown,L2,core,"[""1948民革成立香港""]","[""民革中央"", ""团结出版社"", ""宋庆龄"", ""李济深"", ""何香凝""]","[""北京""]",WebSearch 2026-07-21 核读团结出版社；《民革前辈传记丛书》（2025-2026 启动，分辑推出）；纪念民革成立 80 周年（1948-2028）；民革中央宣传部主办 + 团结出版社承办；任贵祥《〈民革前辈传记丛书〉读后》评论；L2 等级：民革中央系列出版。,official_description,团结出版社 http://www.tjpress.com/folder992/folder995/ ；座谈会报道 https://new.qq.com/rain/a/20260206A050S100,L1 升级需取得具体人物传记原件。,2026-07-21,claude-code,accepted,2026-08-02 降级 lead_only：catalogue_only_online 无可采集全文，仅线索登记；未真正进入 documents/pages，不再计入已收集。,2026-07-21,claude-code,lead_only,2026-07-21 13:10:52,L2,core,
662,domestic:CJD:1945-minjian-dansheng-chongqing,中国民主建国会诞生（澎湃【会史撷萃】1945-12-16 重庆白象街西南实业大厦）,中国民主建国会（公众号）,1945-12-16,民建中央官方 + 澎湃政务号转载,CJD,中国民主建国会（cndca.org.cn）+ 澎湃新闻,会史撷萃系列,,,,https://www.thepaper.cn/newsDetail_forward_30245299,澎湃【会史撷萃(7)】民主建国会诞生 2024,verified,https://www.thepaper.cn/newsDetail_forward_30245299,item_surrogate,open,澎湃政务号 + 民建中央官方公众号,digital,full_item_online,public,citation_only,澎湃政务号 + 民建中央官方公众号,unknown,L2,core,"[""1945民建成立""]","[""黄炎培"", ""胡厥文"", ""章乃器"", ""施复亮"", ""孙起孟"", ""中国民主建国会""]","[""重庆"", ""白象街"", ""西南实业大厦""]",WebSearch + WebFetch 2026-07-21 核读澎湃；【会史撷萃(7)】民主建国会诞生；1945-12-16 民建在重庆白象街西南实业大厦成立；5 位发起人：黄炎培 / 胡厥文 / 章乃器 / 施复亮 / 孙起孟；主席团：黄炎培 / 胡厥文 / 黄墨涵；93 人出席成立大会；134 人发起签名；约半数为民族工商业者 / 金融界代表 + 约半数文教界知识分子；L2 等级：民建中央官方公众号。,official_description,https://www.thepaper.cn/newsDetail_forward_30245299,L1 升级需原件。,2026-07-21,claude-code,accepted,L2 accepted (批次 J-4)：8 大民主党派中央直属出版社官方一手；WebSearch 2026-07-21 核读团结出版社 / 澎湃政务 / 今日头条汇总；升级依据与批次 D/H-3 流程一致。,2026-07-21,claude-code,pass,2026-07-21 13:10:52,L2,core,1486
663,domestic:8P:8-dangpai-zhongyang-chubanshe,8 大民主党派中央主管出版社聚合锚点（团结 / 群言 / 中华工商时报 / 开明 / 中国医药科技 / 中国致公 / 学苑 / 台海）,8 大民主党派中央委员会,2024,8 大民主党派中央直属出版社聚合,8P,8 大民主党派中央主管出版社,各党派中央直属出版社,,,,https://www.toutiao.com/article/6660397680549691918,民革 → 团结出版社；民盟 → 群言出版社；民建 → 中华工商时报出版社；民进 → 开明出版社；农工 → 中国医药科技出版社；致公 → 中国致公出版社；九三 → 学苑出版社；台盟 → 台海出版社,verified,https://www.toutiao.com/article/6660397680549691918,finding_aid,open,各党派中央直属出版机构汇总,hybrid,catalogue_only_online,public,citation_only,各党派中央直属出版社,unknown,L2,core,"[""1941民盟前身"", ""1945民盟一大"", ""1948民革成立香港"", ""1945民进成立上海"", ""1947民盟解散"", ""1949民盟参与政协""]","[""中国民主同盟"", ""中国国民党革命委员会"", ""中国民主建国会"", ""中国民主促进会"", ""中国农工民主党"", ""中国致公党"", ""九三学社"", ""台湾民主自治同盟""]","[""北京"", ""上海"", ""重庆"", ""南京"", ""广州"", ""昆明"", ""香港""]",WebSearch 2026-07-21 核读今日头条汇总；8 大民主党派中央主办的出版社汇总；L2 等级：各党派中央直属出版。,official_description,https://www.toutiao.com/article/6660397680549691918,L1 升级需取得具体出版物扫描件。,2026-07-21,claude-code,accepted,2026-08-02 降级 lead_only：catalogue_only_online 无可采集全文，仅线索登记；未真正进入 documents/pages，不再计入已收集。,2026-07-21,claude-code,lead_only,2026-07-21 13:10:52,L2,core,
664,domestic:RMZXW:2025-05-21-minmeng-chengli-80-zhounian,《中国民主同盟的成立、初心与归宿——纪念中国民主同盟成立 80 周年》（人民政协网 2025-05-21）,人民政协网（全国政协主管）,2025-05-21,人民政协网官方专题报道（纪念民盟成立 80 周年）,RMZXW,人民政协网（rmzxw.com.cn）,民主党派历史专题,,,,http://www.rmzxw.com.cn/news/1745340628318521.html,人民政协网 2025-05-21 发布,verified,http://www.rmzxw.com.cn/news/1745340628318521.html,item_surrogate,open,人民政协网公开访问,digital,full_item_online,public,citation_only,人民政协网官方发布 = 全国政协主管,unknown,L2,core,"[""1941民盟前身"", ""1944改组更名"", ""1945民盟一大"", ""1949民盟参与政协""]","[""中国民主同盟"", ""黄炎培"", ""张澜"", ""沈钧儒"", ""罗隆基"", ""章伯钧""]","[""重庆""]",WebFetch 2026-07-21 实测；《中国民主同盟的成立、初心与归宿——纪念中国民主同盟成立 80 周年》（人民政协网 rmzxw.com.cn 2025-05-21 发布）；1941-03-19 皖南事变一个月后，中国民主政团同盟在重庆秘密成立；1944-09 全国代表会议改组为中国民主同盟；1945-10 中国民主同盟临时全国代表大会；L2 等级：人民政协网官方 = 全国政协主管。,official_description,http://www.rmzxw.com.cn/news/1745340628318521.html,L1 升级需具体原件。,2026-07-21,claude-code,accepted,L2 accepted (批次 J-5a)：人民政协网民盟 80 周年专题；WebFetch 2026-07-21 实测。；网页 2026-08-02 不可采 (HTTP 404) 2026-08-02T08:16:40+00:00,2026-07-21,claude-code,lead_only,2026-07-21 13:10:52,L2,core,
665,domestic:RMZXW:website-anchor-1949,人民政协网 rmzxw.com.cn 聚合锚点（含民主党派 1941-1949 历史专题）,人民政协网（全国政协主管）,2026,全国政协主管官方网络媒体聚合,RMZXW,人民政协网（rmzxw.com.cn）,民主党派历史专题 + 统一战线史料,,,,http://www.rmzxw.com.cn/,人民政协网 = 中国人民政治协商会议全国委员会主管,verified,http://www.rmzxw.com.cn/,institution_home,open,人民政协网公开访问；含民主党派成立周年纪念专题,digital,full_item_online,public,citation_only,人民政协网官方发布 = 全国政协主管,unknown,L2,core,"[""1941民盟前身"", ""1945民盟一大"", ""1946政治协商会议"", ""1947民盟解散"", ""1949民盟参与政协""]","[""中国民主同盟"", ""中国国民党革命委员会"", ""中国民主建国会"", ""中国民主促进会"", ""中国农工民主党"", ""中国致公党"", ""九三学社"", ""台湾民主自治同盟""]","[""北京"", ""重庆"", ""南京""]",WebSearch 2026-07-21 核读人民政协网；rmzxw.com.cn 人民政协网 = 全国政协主管；含民主党派成立周年纪念专题（如民盟 80 周年 2025-05-21）；L2 等级：人民政协网官方一手。,official_description,http://www.rmzxw.com.cn/,L1 升级需原件。,2026-07-21,claude-code,accepted,L2 accepted (批次 J-5a)：人民政协网民盟 80 周年专题；WebFetch 2026-07-21 实测。；网页 2026-08-02 不可采 (HTTP exception) 2026-08-02T08:16:40+00:00；html-finalize(html-finalize-20260802) 2026-08-02T08:17:29+00:00,2026-07-21,claude-code,pass,2026-07-21 13:10:52,L2,core,1565
666,domestic:NGD:website-jianjie-anchor,中国农工党中央简介（ngd.org.cn，1930-08-09 邓演达上海一干会议成立）,中国农工民主党中央委员会,2024,农工党中央官方网站一手,NGD,中国农工民主党（ngd.org.cn）,农工党中央简介,,,,http://www.ngd.org.cn/gs/jj/index.htm,WebFetch 2026-07-21 实测 ngd.org.cn/gs/jj/index.htm,verified,http://www.ngd.org.cn/gs/jj/index.htm,institution_home,open,农工党中央官方公开发布；含 1930-08-09 一干会议 + 1947-02-03 农工党定名,digital,full_item_online,public,citation_only,农工党中央官方发布,unknown,L2,core,"[""1930农工党前身成立"", ""1947农工党定名"", ""1949民盟参与政协""]","[""邓演达"", ""黄琪翔"", ""章伯钧"", ""季方"", ""彭泽民"", ""中国农工民主党""]","[""上海"", ""南京""]",WebFetch 2026-07-21 实测农工党中央 ngd.org.cn；中国农工民主党中央委员会官方简介；1930-08-09 上海法租界萨坡赛路 290 号（今淡水路 332 弄 1 号）一干会议成立；邓演达为主持人；章伯钧 / 黄琪翔 / 季方 / 丘哲 等 30 余人出席；通过《中国国民党临时行动委员会政治主张》；邓演达被推举为总干事；1947-02-03 改名中国农工民主党；L2 等级：农工党中央官方一手。,official_description,http://www.ngd.org.cn/gs/jj/index.htm,L1 升级需原件。,2026-07-21,claude-code,accepted,L2 accepted (批次 J-3b)：农工党中央 + 澎湃政务号；WebFetch 2026-07-21 实测。,2026-07-21,claude-code,pass,2026-07-21 13:10:52,L2,core,1459
667,domestic:NGD:jie-fang-qian-jiao-tuan-ji-fengyun,《解放前的农工党》（农工党中央 ngd.org.cn 党史专题 + 精彩画卷）,中国农工民主党中央委员会,2024,农工党中央党史专题,NGD,中国农工民主党（ngd.org.cn）,农工党中央党史专题 / 精彩画卷,,,,http://www.ngd.org.cn/jczt/jwklngdlsmjz/mjzjchj/32591.htm,ngd.org.cn/jczt/jwklngdlsmjz/mjzjchj/32591.htm 解放前的农工党,verified,http://www.ngd.org.cn/jczt/jwklngdlsmjz/mjzjchj/32591.htm,item_surrogate,open,农工党中央官方党史专题；含 1927-1949 农工党历史,digital,full_item_online,public,citation_only,农工党中央官方发布,unknown,L2,core,"[""1930农工党前身"", ""1935中华民族解放行动委员会"", ""1947农工党定名"", ""1949民盟参与政协""]","[""邓演达"", ""黄琪翔"", ""章伯钧"", ""季方"", ""彭泽民"", ""中国农工民主党""]","[""上海"", ""南京"", ""香港"", ""延安""]",WebSearch 2026-07-21 核读农工党中央 ngd.org.cn 党史专题；《解放前的农工党》+《精彩画卷》系列；覆盖 1930 一干会议 + 1935 中华民族解放行动委员会 + 1947 农工党定名 + 1949 参与政协；L2 等级：农工党中央官方党史。,official_description,http://www.ngd.org.cn/jczt/jwklngdlsmjz/mjzjchj/32591.htm,L1 升级需原件。,2026-07-21,claude-code,accepted,L2 accepted (批次 J-3b)：农工党中央 + 澎湃政务号；WebFetch 2026-07-21 实测。,2026-07-21,claude-code,pass,2026-07-21 13:10:52,L2,core,1460
668,domestic:PP:2024-08-09-nonggong-dang-chengli,澎湃【94 年前的今天】中国农工民主党在上海成立（澎湃政务号 2024-08-09）,澎湃新闻政务号 + 农工党中央,2024-08-09,澎湃政务号转载 + 农工党中央官方公众号,PP,澎湃新闻（thepaper.cn）,94 年前的今天系列 + 民主党派周年纪念,,,,https://www.thepaper.cn/newsDetail_forward_28368220,澎湃政务号 2024-08-09 发布,verified,https://www.thepaper.cn/newsDetail_forward_28368220,item_surrogate,open,澎湃政务号公开访问,digital,full_item_online,public,citation_only,澎湃政务号 + 农工党中央官方公众号,unknown,L2,core,"[""1930农工党前身""]","[""邓演达"", ""章伯钧"", ""黄琪翔"", ""季方"", ""彭泽民"", ""中国农工民主党""]","[""上海""]",WebSearch + WebFetch 2026-07-21 核读澎湃；【94 年前的今天】中国农工民主党在上海成立；1930-08-09 邓演达等上海一干会议成立；L2 等级：澎湃政务号转载 + 农工党中央官方。,official_description,https://www.thepaper.cn/newsDetail_forward_28368220,L1 升级需原件。,2026-07-21,claude-code,accepted,L2 accepted (批次 J-3b)：农工党中央 + 澎湃政务号；WebFetch 2026-07-21 实测。,2026-07-21,claude-code,pass,2026-07-21 13:10:52,L2,core,1487
669,domestic:ZG:website-anchor,中国致公党中央委员会官网（zg.org.cn，含 1925 美洲旧金山成立 + 1947-05 上海改组）,中国致公党中央委员会,2024,致公党中央官方网站一手,ZG,中国致公党（zg.org.cn）,致公党中央官网,,,,http://www.zg.org.cn/,WebFetch/urllib 2026-07-21 实测 zg.org.cn 146806 字节,verified,http://www.zg.org.cn/,institution_home,open,致公党中央官方公开发布；含 1925-10 美洲旧金山成立 + 1947-05 上海改组三次代表大会,digital,full_item_online,public,citation_only,致公党中央官方发布,unknown,L2,core,"[""1925致公党前身"", ""1947致公党改组"", ""1949民盟参与政协""]","[""司徒美堂"", ""陈其尤"", ""黄鼎臣"", ""中国致公党""]","[""北京"", ""上海"", ""旧金山""]",urllib 2026-07-21 实测 zg.org.cn；致公党中央委员会官方主页（146806 字节，GBK）；1925-10 美洲旧金山洪门致公堂改组成立；1947-05 上海第三次代表大会改组为现代政党；司徒美堂 / 陈其尤 / 黄鼎臣 等历任主席；L2 等级：致公党中央官方。,official_description,http://www.zg.org.cn/,L1 升级需具体原件。,2026-07-21,claude-code,accepted,L2 accepted (批次 J-3c)：致公/九三/台盟中央官方一手；urllib 2026-07-21 实测。；网页 2026-08-02 不可采 (HTTP exception) 2026-08-02T08:16:40+00:00；html-finalize(html-finalize-20260802) 2026-08-02T08:17:29+00:00,2026-07-21,claude-code,pass,2026-07-21 13:10:52,L2,core,1570
670,domestic:93:bsjs-jsjj-jianyao-1945-1949,九三学社中央委员会简介（93.gov.cn/bsjs-jsjj/，1945-09-03 民主科学座谈会 + 1946-05-04 改称九三学社）,九三学社中央委员会,2024,九三学社中央官方网站一手,93,九三学社（93.gov.cn）,九三学社中央简介,,,,http://www.93.gov.cn:80/bsjs-jsjj/,urllib 2026-07-21 实测 93.gov.cn/bsjs-jsjj/,verified,http://www.93.gov.cn:80/bsjs-jsjj/,institution_home,open,九三学社中央官方公开发布；含 1945-1949 历史时点,digital,full_item_online,public,citation_only,九三学社中央官方发布,unknown,L2,core,"[""1945九三学社前身"", ""1946九三学社定名"", ""1949民盟参与政协""]","[""许德珩"", ""潘菽"", ""张西曼"", ""涂长望"", ""梁希"", ""九三学社""]","[""重庆"", ""北京""]",urllib 2026-07-21 实测 93.gov.cn/bsjs-jsjj/；九三学社中央简介 71050 字节；1944 民主科学座谈会在重庆成立（继承五四反帝爱国民主科学精神）；1945-09-03 改名为九三座谈会（纪念抗战胜利）；1946-05-04 改称九三学社；响应中共五一口号；接受中国共产党领导；参加中国人民政治协商会议第一届全体会议；为建立中华人民共和国作出积极贡献；L2 等级：九三学社中央官方。,official_description,http://www.93.gov.cn:80/bsjs-jsjj/,L1 升级需具体原件。,2026-07-21,claude-code,accepted,L2 accepted (批次 J-3c)：致公/九三/台盟中央官方一手；urllib 2026-07-21 实测。；网页 2026-08-02 不可采 (HTTP exception) 2026-08-02T08:16:40+00:00；html-finalize(html-finalize-20260802) 2026-08-02T08:17:29+00:00,2026-07-21,claude-code,pass,2026-07-21 13:10:52,L2,core,1555
671,domestic:93:bsjs-ljzywyh-anchor,九三学社中央历届中央委员会索引页（93.gov.cn/bsjs-ljzywyh/，含 1945-09 成立后历届）,九三学社中央委员会,2024,九三学社中央官方历届中央委员会索引,93,九三学社（93.gov.cn）,历届中央委员会,,,,http://www.93.gov.cn:80/bsjs-ljzywyh/,urllib 2026-07-21 实测 93.gov.cn/bsjs-ljzywyh/ 71057 字节,verified,http://www.93.gov.cn:80/bsjs-ljzywyh/,institution_home,open,九三学社中央官方历届中央委员会索引页,digital,full_item_online,public,citation_only,九三学社中央官方发布,unknown,L2,core,"[""1945九三学社前身"", ""1946九三学社定名""]","[""许德珩"", ""潘菽"", ""九三学社中央委员会""]","[""北京""]",urllib 2026-07-21 实测 93.gov.cn/bsjs-ljzywyh/；九三学社中央历届中央委员会索引页（71057 字节）；含 1945-09 成立后历届（许德珩主席等）；L2 等级：九三学社中央官方。,official_description,http://www.93.gov.cn:80/bsjs-ljzywyh/,L1 升级需具体届次详情。,2026-07-21,claude-code,accepted,L2 accepted (批次 J-3c)：致公/九三/台盟中央官方一手；urllib 2026-07-21 实测。；网页 2026-08-02 不可采 (HTTP exception) 2026-08-02T08:16:40+00:00；html-finalize(html-finalize-20260802) 2026-08-02T08:17:29+00:00,2026-07-21,claude-code,pass,2026-07-21 13:10:52,L2,core,1556
672,domestic:TM:tmly-tmjj-jianyao-1947,台盟中央简介（taimeng.org.cn/tmly/tmjj/，1947-11-12 香港成立，响应二二八事件）,台湾民主自治同盟中央委员会,2024,台盟中央官方网站一手,TM,台湾民主自治同盟（taimeng.org.cn）,台盟简介 / 台盟章程,,,,http://www.taimeng.org.cn/tmly/tmjj/,urllib 2026-07-21 实测 taimeng.org.cn/tmly/tmjj/ 20298 字节,verified,http://www.taimeng.org.cn/tmly/tmjj/,institution_home,open,台盟中央官方公开发布；含 1947-11-12 香港成立 + 二二八事件背景,digital,full_item_online,public,citation_only,台盟中央官方发布,unknown,L2,core,"[""1947二二八事件"", ""1947台盟成立"", ""1949民盟参与政协""]","[""谢雪红"", ""杨克煌"", ""苏新"", ""台湾民主自治同盟""]","[""香港"", ""台湾""]",urllib 2026-07-21 实测 taimeng.org.cn/tmly/tmjj/；台盟中央简介 20298 字节；台盟于 1947-11-12 在香港成立；接受中国共产党的领导；参加新民主主义革命；支持台湾人民的反帝爱国民主斗争；响应中共五一口号；参加中国人民政治协商会议第一届全体会议；参与创建中华人民共和国；L2 等级：台盟中央官方。,official_description,http://www.taimeng.org.cn/tmly/tmjj/,L1 升级需具体原件。,2026-07-21,claude-code,accepted,L2 accepted (批次 J-3c)：致公/九三/台盟中央官方一手；urllib 2026-07-21 实测。,2026-07-21,claude-code,pass,2026-07-21 13:10:52,L2,core,1462
673,domestic:TM:tmly-tmzc-zhangcheng,台盟中央章程（taimeng.org.cn/tmly/tmzc/，最新版本）,台湾民主自治同盟中央委员会,2024,台盟中央官方最新章程,TM,台湾民主自治同盟（taimeng.org.cn）,台盟章程,,,,http://www.taimeng.org.cn/tmly/tmzc/,urllib 2026-07-21 实测 taimeng.org.cn/tmly/tmzc/ 19093 字节,verified,http://www.taimeng.org.cn/tmly/tmzc/,institution_home,open,台盟中央官方最新章程,digital,full_item_online,public,citation_only,台盟中央官方发布,unknown,L2,core,"[""1947台盟成立"", ""1949民盟参与政协""]","[""台湾民主自治同盟""]","[""北京""]",urllib 2026-07-21 实测；台盟中央最新章程 19093 字节；L2 等级：台盟中央官方。,official_description,http://www.taimeng.org.cn/tmly/tmzc/,L1 升级需具体届次章程原件。,2026-07-21,claude-code,accepted,L2 accepted (批次 J-3c)：致公/九三/台盟中央官方一手；urllib 2026-07-21 实测。；网页 2026-08-02 不可采 (HTTP exception) 2026-08-02T08:16:40+00:00；html-finalize(html-finalize-20260802) 2026-08-02T08:17:29+00:00,2026-07-21,claude-code,pass,2026-07-21 13:10:52,L2,core,1568
674,domestic:GMD:2017-12-07-xinwen-beijing-zhongguo-minmeng,《新闻背景：中国民主同盟》（光明日报 2017-12-07 第 08 版，新华社北京 12 月 6 日电）,新华社 / 光明日报,2017-12-07,光明日报官方历史报道,GMD,光明日报（gmw.cn）,民主党派专题报道,,,,http://epaper.gmw.cn/gmrb/html/2017-12/07/nw.D110000gmrb_20171207_8-03.htm,光明日报 2017-12-07 第 08 版；新华社北京 12 月 6 日电；42010 字节全文,verified,http://epaper.gmw.cn/gmrb/html/2017-12/07/nw.D110000gmrb_20171207_8-03.htm,item_surrogate,open,光明日报 epaper 公开访问；42010 字节全文,digital,full_item_online,public,citation_only,光明日报 = 中共党报 = 官方一手,unknown,L2,core,"[""1941民盟前身"", ""1944改组更名"", ""1945民盟一大""]","[""张澜"", ""沈钧儒"", ""黄炎培"", ""中国民主同盟""]","[""重庆""]",urllib 2026-07-21 实测光明日报 epaper；《新闻背景：中国民主同盟》（2017-12-07 第 08 版 42010 字节）；1941-03-19 重庆秘密成立中国民主政团同盟；1941-11-16 张澜公开宣布成立；1944-09 全国代表会议改名为中国民主同盟；抗日战争和解放战争时期民盟与中共合作反帝反封建反官僚资本；L2 等级：光明日报官方 = 中共党报 = 官方一手。,official_description,http://epaper.gmw.cn/gmrb/html/2017-12/07/nw.D110000gmrb_20171207_8-03.htm,L1 升级需光明日报原件。,2026-07-21,claude-code,accepted,L2 accepted (批次 J-5b)：光明日报民盟 1941-1949 报道；urllib 2026-07-21 实测 epaper.gmw.cn。；网页 2026-08-02 不可采 (HTTP exception) 2026-08-02T08:16:40+00:00；html-finalize(html-finalize-20260802) 2026-08-02T08:17:29+00:00,2026-07-21,claude-code,pass,2026-07-21 13:10:52,L2,core,1559
675,domestic:GMD:2022-12-22-zhongguo-minmeng-baojing,《中国民主同盟》新闻背景报道（光明日报 2022-12-22 第 02 版，新华社 12-21 电）,新华社 / 光明日报,2022-12-22,光明日报官方历史报道,GMD,光明日报（gmw.cn）,民主党派专题报道,,,,https://news.gmw.cn/2022-12/22/content_36249069.htm,光明日报 2022-12-22 第 02 版；孙宗鹤 编辑；9471 字节,verified,https://news.gmw.cn/2022-12/22/content_36249069.htm,item_surrogate,open,光明日报官方公开发布；已批次 H-2 注册（已有候选）,digital,full_item_online,public,citation_only,光明日报 = 中共党报,unknown,L2,core,"[""1941民盟前身"", ""1944改组更名"", ""1945民盟一大"", ""1949民盟参与政协""]","[""中国民主同盟"", ""黄炎培"", ""张澜""]","[""北京""]",urllib 2026-07-21 实测 9471 字节；中国民主同盟第十三届中央委员会相关报道；L2 等级：光明日报官方。,official_description,https://news.gmw.cn/2022-12/22/content_36249069.htm,已批次 H-2 注册。,2026-07-21,claude-code,accepted,"L2 accepted (Phase 1 sprint 39 Wed, 2026-07-22): 45 L2 pending (9 full + 32 surrogate + 4 catalogue), 全部 codex/claude-code/grok 抽检通过 (37 codex + 5 claude + 3 grok); accept 表示记录级影像 / 目录身份和可复查入口通过, 不代表全文已逐字转录或原档已实物核校。",2026-07-22,codex,pass,2026-07-21 13:10:52,L2,core,1489
676,domestic:GMD:epaper-meng-1941-1949-aggregate,光明日报 epaper.gmw.cn 民盟 1941-1949 报道聚合（已发现 2 篇）,光明日报,2024,光明日报 epaper 聚合,GMD,光明日报 epaper（epaper.gmw.cn）,民主党派专题报道 epaper,,,,http://epaper.gmw.cn/,光明日报 epaper 公开访问,verified,http://epaper.gmw.cn/,institution_home,open,光明日报 epaper 公开访问；含民盟历史专题报道,digital,full_item_online,public,citation_only,光明日报 epaper = 中共党报 = 官方一手,unknown,L2,core,"[""1941民盟前身"", ""1944改组更名"", ""1945民盟一大"", ""1949民盟参与政协""]","[""中国民主同盟""]","[""北京""]",urllib 2026-07-21 实测 epaper.gmw.cn；光明日报 epaper = 中共中央宣传部直属党报；已发现 2 篇民盟专题：2017-12-07 新闻背景 + 2022-12-22 中国民主同盟；L2 等级：光明日报党报官方。,official_description,http://epaper.gmw.cn/,L1 升级需具体原件。,2026-07-21,claude-code,accepted,L2 accepted (批次 J-5b)：光明日报民盟 1941-1949 报道；urllib 2026-07-21 实测 epaper.gmw.cn。；网页 2026-08-02 不可采 (HTTP exception) 2026-08-02T08:16:40+00:00；html-finalize(html-finalize-20260802) 2026-08-02T08:17:29+00:00,2026-07-21,claude-code,pass,2026-07-21 13:10:52,L2,core,1560
677,domestic:ACAD:1977-shaheen-cdl-politics-1939-1947-phd,"《THE CHINA DEMOCRATIC LEAGUE AND CHINESE POLITICS, 1939-1947》Anthony Joseph Shaheen 博士论文（University of Michigan 1977）",Anthony Joseph Shaheen,1977,博士论文（民盟 1939-1947 政治史）,ACAD,University of Michigan / 道客巴巴公开学术资源,民盟学术研究,,,,https://www.doc88.com/p-8408937174718.html,University of Michigan PhD dissertation 1977；道客巴巴中文版,verified,https://www.doc88.com/p-8408937174718.html,bibliography,open,道客巴巴公开学术论文,digital,catalogue_only_online,public,citation_only,学术论文公开,unknown,L2,core,"[""1941民盟前身"", ""1944改组更名"", ""1945民盟一大"", ""1947民盟解散""]","[""Anthony Joseph Shaheen"", ""中国民主同盟"", ""张澜"", ""黄炎培"", ""沈钧儒""]","[""重庆"", ""上海"", ""北京"", ""香港""]","WebSearch 2026-07-21 核读；Anthony Joseph Shaheen 1977 密歇根大学博士论文；THE CHINA DEMOCRATIC LEAGUE AND CHINESE POLITICS, 1939-1947；覆盖民盟 1939-1947 完整政治史；L2 等级：University of Michigan 学术博士论文。",printed_finding_aid,https://www.doc88.com/p-8408937174718.html,L1 升级需 University of Michigan 原件 PDF。,2026-07-21,claude-code,accepted,2026-08-02 降级 lead_only：catalogue_only_online 无可采集全文，仅线索登记；未真正进入 documents/pages，不再计入已收集。,2026-07-21,claude-code,lead_only,2026-07-21 13:10:52,L2,core,
678,domestic:ACAD:wuhan-united-front-1940s-cambridge-quarterly,《Intellectual Activism in China During the 1940s: Wu Han in the United Front and the Democratic League》（Cambridge The China Quarterly，DOI: 10.1017/S030574100001818X）,Cambridge University Press / The China Quarterly,1990,Cambridge 学术期刊论文（民盟 / 吴晗 / 1940s 联合政府）,ACAD,Cambridge The China Quarterly,民盟学术研究,,,,https://doi.org/10.1017/S030574100001818X,DOI: 10.1017/S030574100001818X,verified,https://doi.org/10.1017%2FS030574100001818X,bibliography,open,Cambridge 学术论文,digital,catalogue_only_online,public,citation_only,学术期刊,unknown,L2,core,"[""1944改组更名"", ""1945民盟一大"", ""1946政治协商会议""]","[""吴晗"", ""中国民主同盟"", ""联合政府""]","[""重庆"", ""上海"", ""昆明"", ""北京""]",WebSearch 2026-07-21 核读；Cambridge The China Quarterly 学术论文；吴晗 = 民盟中央执委 + 北京副市长；1940s 联合政府 / 民盟与中共联合战线研究；L2 等级：Cambridge 学术期刊。,printed_finding_aid,https://doi.org/10.1017/S030574100001818X,L1 升级需 Cambridge 期刊原件 PDF。,2026-07-21,claude-code,accepted,2026-08-02 降级 lead_only：catalogue_only_online 无可采集全文，仅线索登记；未真正进入 documents/pages，不再计入已收集。,2026-07-21,claude-code,lead_only,2026-07-21 13:10:52,L2,core,
679,domestic:SCIO:2021-12-china-political-party-system,《中国的政党制度：合作与协商》（国务院新闻办政党制度白皮书，2021-12）,中华人民共和国国务院新闻办公室,2021-12,中国政党制度白皮书（中英双语）,SCIO,中华人民共和国国务院新闻办公室（scio.gov.cn）,中国政党制度白皮书,,,,http://www.scio.gov.cn/zfbps/ndhf/2021n_2242/202207/t20220704_130684.html,国务院新闻办政党制度白皮书 2021-12,verified,http://www.scio.gov.cn/zfbps/ndhf/2021n_2242/202207/t20220704_130684.html,item_surrogate,open,国务院新闻办官方公开发布；含民主党派 1941-1949 历史,digital,full_item_online,public,citation_only,国务院新闻办官方发布,unknown,L2,core,"[""1941民盟前身"", ""1949民盟参与政协""]","[""中国民主同盟"", ""中国国民党革命委员会"", ""中国民主建国会""]","[""北京""]",WebSearch 2026-07-21 核读；国务院新闻办政党制度白皮书 2021-12；中英双语；含 8 大民主党派历史；L2 等级：国务院新闻办官方。,official_description,http://www.scio.gov.cn/zfbps/ndhf/2021n_2242/202207/t20220704_130684.html,L1 升级需原件。,2026-07-21,claude-code,accepted,L2 accepted (批次 J-8)：民盟学术 + 国务院新闻办 + 新华社英文；WebSearch 2026-07-21 核读。；网页 2026-08-02 不可采 (HTTP 521) 2026-08-02T08:16:40+00:00,2026-07-21,claude-code,lead_only,2026-07-21 13:10:52,L2,core,
680,domestic:XINHUA:2017-12-11-cdl-12th-congress-english,The China Democratic League (CDL) closes 12th national congress in Beijing（新华社英文 2017-12-11）,新华社英文（news.xinhuanet.com）,2017-12-11,新华社英文官方报道（民盟 12 大闭幕）,XINHUA,新华社英文版,民盟英文专题,,,,http://www.xinhuanet.com/english/2017-12/11/c_136816473.htm,新华社英文 2017-12-11,verified,http://www.xinhuanet.com/english/2017-12/11/c_136816473.htm,item_surrogate,open,新华社英文公开发布,digital,full_item_online,public,citation_only,新华社英文官方,unknown,L2,core,"[""1941民盟前身"", ""1949民盟参与政协""]","[""中国民主同盟"", ""丁仲礼""]","[""北京""]",WebSearch 2026-07-21 核读；新华社英文 2017-12-11 民盟 12 大闭幕报道；L2 等级：新华社英文官方。,official_description,http://www.xinhuanet.com/english/2017-12/11/c_136816473.htm,L1 升级需原件。,2026-07-21,claude-code,accepted,L2 accepted (批次 J-8)：民盟学术 + 国务院新闻办 + 新华社英文；WebSearch 2026-07-21 核读。；网页 2026-08-02 不可采 (HTTP exception) 2026-08-02T08:16:40+00:00；html-finalize(html-finalize-20260802) 2026-08-02T08:17:29+00:00,2026-07-21,claude-code,pass,2026-07-21 13:10:52,L2,core,1569
681,domestic:RMZXB:2015-04-09-guangming-bao-chibaijiafan,"《吃""百家饭""的《光明报》》（人民政协网 rmzxb.com.cn 2015-04-09）",人民政协网,2015-04-09,人民政协网官方历史专题报道,RMZXB,人民政协网（rmzxb.com.cn）,民盟 1941 历史专题,,,,http://www.rmzxb.com.cn/c/2015-04-09/479732.shtml,人民政协网 2015-04-09 发布,verified,http://www.rmzxb.com.cn/c/2015-04-09/479732.shtml,item_surrogate,open,人民政协网公开访问；含 1941 香港光明报创刊史料,digital,full_item_online,public,citation_only,人民政协网 = 全国政协主管,unknown,L2,core,"[""1941民盟前身""]","[""梁漱溟"", ""俞颂华"", ""萨空了"", ""周恩来"", ""范长江"", ""李济深"", ""中国民主政团同盟""]","[""香港""]","WebSearch 2026-07-21 核读；《吃""百家饭""的《光明报》》（人民政协网 2015-04-09）；1941-09-18 香港《光明报》创刊；1941-10-10 刊登中国民主政团同盟成立宣言 + 十大纲领；L2 等级：人民政协网官方 = 全国政协主管。",official_description,http://www.rmzxb.com.cn/c/2015-04-09/479732.shtml,L1 升级需原件报纸影像。,2026-07-21,claude-code,accepted,L2 accepted (批次 K-1)：1941 光明报史料；WebSearch 2026-07-21 核读。；网页 2026-08-02 不可采 (HTTP exception) 2026-08-02T08:16:40+00:00；html-finalize(html-finalize-20260802) 2026-08-02T08:17:29+00:00,2026-07-21,claude-code,pass,2026-07-21 13:10:52,L2,core,1563
682,domestic:CAIXIN:2023-10-18-liangshuming-yushenghua-guangmingbao,《梁漱溟与俞颂华共办《光明报》纪念》（财新网 2023-10-18）,财新网,2023-10-18,财新网学术历史专题报道,CAIXIN,财新网（caixin.com）,民盟 1941 历史专题,,,,https://mini.caixin.com/m/2023-10-18/102117719.html,财新网 2023-10-18 mini 移动版,verified,https://mini.caixin.com/m/2023-10-18/102117719.html,item_surrogate,open,财新网公开访问,digital,full_item_online,public,citation_only,财新网,unknown,L2,core,"[""1941民盟前身""]","[""梁漱溟"", ""俞颂华"", ""中国民主政团同盟""]","[""香港""]",WebSearch 2026-07-21 核读；《梁漱溟与俞颂华共办《光明报》纪念》（财新网 2023-10-18）；梁漱溟 1941-03-29 离渝赴香港筹办民盟机关报《光明报》；1941-09-18 创刊；L2 等级：财新网学术专题。,official_description,https://mini.caixin.com/m/2023-10-18/102117719.html,L1 升级需原件。,2026-07-21,claude-code,accepted,L2 accepted (批次 K-1)：1941 光明报史料；WebSearch 2026-07-21 核读。；网页 2026-08-02 不可采 (HTTP exception) 2026-08-02T08:16:40+00:00；html-finalize(html-finalize-20260802) 2026-08-02T08:17:29+00:00,2026-07-21,claude-code,pass,2026-07-21 13:10:52,L2,core,1557
683,domestic:RMTZ:2013-01-24-liangshuming-xianggang-guangmingbao,《梁漱溟在香港出版民盟机关刊物《光明报》》（人民网党史频道 2013-01-24）,人民网党史频道,2013-01-24,人民网党史频道官方历史专题报道,RMTZ,人民网党史频道（dangshi.people.com.cn）,民盟 1941 历史专题,,,,http://dangshi.people.com.cn/n/2013/0124/c85037-20316609.html,人民网党史频道 2013-01-24 发布,verified,http://dangshi.people.com.cn/n/2013/0124/c85037-20316609.html,item_surrogate,open,人民网党史频道公开访问,digital,full_item_online,public,citation_only,人民网党史频道官方,unknown,L2,core,"[""1941民盟前身""]","[""梁漱溟"", ""中国民主政团同盟""]","[""香港""]",WebSearch 2026-07-21 核读；《梁漱溟在香港出版民盟机关刊物《光明报》》（人民网党史频道 2013-01-24）；L2 等级：人民网党史频道官方 = 中共党媒党史。,official_description,http://dangshi.people.com.cn/n/2013/0124/c85037-20316609.html,L1 升级需原件报纸影像。,2026-07-21,claude-code,accepted,L2 accepted (批次 K-1)：1941 光明报史料；WebSearch 2026-07-21 核读。,2026-07-21,claude-code,pass,2026-07-21 13:10:52,L2,core,1491
684,domestic:ZSY:website-anchor-1941-1949,中央社会主义学院 / 中华文化学院官网（zysy.org.cn，1956 成立，含民主党派研究）,中央社会主义学院,2026,中央社会主义学院（中共中央直属事业单位）官方,ZSY,中央社会主义学院 / 中华文化学院（zysy.org.cn）,民主党派研究 + 统一战线研究,,,,https://www.zysy.org.cn/,中央社会主义学院 = 1956-10 成立；中共中央直属事业单位,verified,https://www.zysy.org.cn/,institution_home,open,中央社会主义学院官方公开发布；44779 字节主站；含民主党派研究专题,digital,full_item_online,public,citation_only,中央社会主义学院官方,unknown,L2,core,"[""1941民盟前身"", ""1944改组更名"", ""1945民盟一大"", ""1949民盟参与政协""]","[""中央社会主义学院"", ""民主党派"", ""中国民主同盟""]","[""北京""]",urllib 2026-07-21 实测 zysy.org.cn 44779 字节；中央社会主义学院主站含民主党派专区；院庆 70 周年（1956-2026）；民主党派中常会下半年工作部署；统一战线高端智库；L2 等级：中央社会主义学院 = 中共中央直属事业单位。,official_description,https://www.zysy.org.cn/,L1 升级需具体民主党派研究专题详情页。,2026-07-21,claude-code,accepted,L2 accepted (批次 K-2)：中央社会主义学院 + 中国社科院聚合锚点；urllib 2026-07-21 实测。；网页 2026-08-02 不可采 (HTTP exception) 2026-08-02T08:16:40+00:00；html-finalize(html-finalize-20260802) 2026-08-02T08:17:29+00:00,2026-07-21,claude-code,pass,2026-07-21 13:10:52,L2,core,1572
685,domestic:CSSN:lishi-zhuanti-1941-1949,中国社会科学院（cssn.cn）中国史栏目（民主党派历史研究学术资源）,中国社会科学院,2026,中国社科院学术研究栏目,CSSN,中国社会科学院（cssn.cn）,中国史 / 近代史研究 / 当代史研究,,,,https://www.cssn.cn/lsx/lsx_zgs/,中国社会科学院 = 国家级学术研究机构；含民主党派研究专题,verified,https://www.cssn.cn/lsx/lsx_zgs/,institution_home,open,中国社会科学院官方公开发布,digital,full_item_online,public,citation_only,中国社会科学院官方,unknown,L2,core,"[""1941民盟前身"", ""1949民盟参与政协""]","[""中国社会科学院"", ""民主党派""]","[""北京""]",urllib 2026-07-21 实测 cssn.cn/lsx/lsx_zgs/；中国社科院中国史栏目；含民主党派历史研究学术资源；L2 等级：中国社会科学院 = 国家级学术研究机构。,official_description,https://www.cssn.cn/lsx/lsx_zgs/,L1 升级需具体民主党派研究专题详情页。,2026-07-21,claude-code,accepted,L2 accepted (批次 K-2)：中央社会主义学院 + 中国社科院聚合锚点；urllib 2026-07-21 实测。；网页 2026-08-02 不可采 (HTTP exception) 2026-08-02T08:16:40+00:00；html-finalize(html-finalize-20260802) 2026-08-02T08:17:29+00:00,2026-07-21,claude-code,pass,2026-07-21 13:10:52,L2,core,1558
686,domestic:RMZXB:2024-12-10-huangyanpei-jiuxinzheng,《黄炎培的旧政协会议之路》（人民政协网 2024-12-10）,人民政协网,2024-12-10,人民政协网官方历史专题,RMZXB,人民政协网（rmzxb.com.cn）,民盟 / 民主党派 + 1946 旧政协,,,,http://www.rmzxb.com.cn/c/2024-12-10/3645690.shtml,人民政协网 2024-12-10 发布,verified,http://www.rmzxb.com.cn/c/2024-12-10/3645690.shtml,item_surrogate,open,人民政协网公开访问；含黄炎培 1946 旧政协参与史料,digital,full_item_online,public,citation_only,人民政协网 = 全国政协主管,unknown,L2,core,"[""1946政治协商会议""]","[""黄炎培"", ""中国民主建国会"", ""中国民主同盟""]","[""重庆""]",WebSearch 2026-07-21 核读；《黄炎培的旧政协会议之路》（人民政协网 2024-12-10）；黄炎培 1946-01 出席政治协商会议（重庆）；民建创始人黄炎培 + 民盟前身；L2 等级：人民政协网官方。,official_description,http://www.rmzxb.com.cn/c/2024-12-10/3645690.shtml,L1 升级需原件。,2026-07-21,claude-code,accepted,L2 accepted (批次 K-3)：1946 旧政协史料；WebSearch 2026-07-21 核读。；网页 2026-08-02 不可采 (HTTP exception) 2026-08-02T08:16:40+00:00；html-finalize(html-finalize-20260802) 2026-08-02T08:17:29+00:00,2026-07-21,claude-code,pass,2026-07-21 13:10:52,L2,core,1564
687,domestic:CPC:2024-09-30-fengyutongzhou-gongyi-guoshi,《风雨同舟 共议国是》（中国共产党新闻网 cpc.people.com.cn 2024-09-30）,中国共产党新闻网,2024-09-30,中共党史官方新闻报道（1946 旧政协）,CPC,中国共产党新闻网（cpc.people.com.cn）,中共党史,,,,http://cpc.people.com.cn/n1/2024/0930/c443712-40331438.html,中国共产党新闻网 2024-09-30 发布,verified,http://cpc.people.com.cn/n1/2024/0930/c443712-40331438.html,item_surrogate,open,中共党史网公开访问；含 1946 旧政协与中共合作史料,digital,full_item_online,public,citation_only,中国共产党新闻网 = 中共中央组织部主管,unknown,L2,core,"[""1946政治协商会议""]","[""中国共产党"", ""中国民主同盟"", ""黄炎培"", ""张澜"", ""沈钧儒""]","[""重庆""]",WebSearch 2026-07-21 核读；《风雨同舟 共议国是》（中共党史网 2024-09-30）；1946 旧政协与中共合作；民盟积极响应；L2 等级：中国共产党新闻网 = 中共中央组织部主管。,official_description,http://cpc.people.com.cn/n1/2024/0930/c443712-40331438.html,L1 升级需原件。,2026-07-21,claude-code,accepted,L2 accepted (批次 K-3)：1946 旧政协史料；WebSearch 2026-07-21 核读。,2026-07-21,claude-code,pass,2026-07-21 13:10:52,L2,core,1492
688,domestic:SH:1946-junzi-xieding-jiuxinzheng,"《中共与民盟的一次君子协定——1946""旧政协""》（搜狐网 2024）",搜狐网（转学术文章）,2024,搜狐网学术历史专题（转 1946 旧政协史料）,SH,搜狐网（sohu.com）,民盟 + 旧政协,,,,https://www.sohu.com/a/800286372_122010799,搜狐网 2024 转载,verified,https://www.sohu.com/a/800286372_122010799,item_surrogate,open,搜狐网公开访问,digital,full_item_online,public,citation_only,搜狐网,unknown,L2,core,"[""1946政治协商会议""]","[""中国共产党"", ""中国民主同盟"", ""张澜"", ""黄炎培"", ""沈钧儒"", ""罗隆基"", ""梁漱溟""]","[""重庆""]",WebSearch 2026-07-21 核读；《中共与民盟的一次君子协定——1946 旧政协》（搜狐网 2024）；1946-01 旧政协期间中共与民盟合作；L2 等级：搜狐网转学术。,official_description,https://www.sohu.com/a/800286372_122010799,L1 升级需原件。,2026-07-21,claude-code,accepted,L2 accepted (批次 K-3)：1946 旧政协史料；WebSearch 2026-07-21 核读。；网页 2026-08-02 不可采 (HTTP exception) 2026-08-02T08:16:40+00:00；html-finalize(html-finalize-20260802) 2026-08-02T08:17:29+00:00,2026-07-21,claude-code,pass,2026-07-21 13:10:52,L2,core,1566
689,domestic:SH:2010-01-10-zhenxie-huifu,"《1946 年 1 月 10 日 ""政协会议"" 否定国民党独裁统治》（搜狐新闻 2010）",搜狐新闻,2010-01-10,搜狐新闻历史专题,SH,搜狐新闻（news.sohu.com）,民盟 + 1946 旧政协,,,,https://news.sohu.com/20100110/n269474189.shtml,搜狐新闻 2010-01-10 旧政协周年纪念,verified,https://news.sohu.com/20100110/n269474189.shtml,item_surrogate,open,搜狐新闻公开访问,digital,full_item_online,public,citation_only,搜狐新闻,unknown,L2,core,"[""1946政治协商会议""]","[""中国民主同盟"", ""黄炎培"", ""张澜""]","[""重庆""]",WebSearch 2026-07-21 核读；《1946-01-10 政协会议否定国民党独裁统治》（搜狐 2010）；L2 等级：搜狐新闻专题。,official_description,https://news.sohu.com/20100110/n269474189.shtml,L1 升级需原件。,2026-07-21,claude-code,accepted,L2 accepted (批次 K-3)：1946 旧政协史料；WebSearch 2026-07-21 核读。；网页 2026-08-02 不可采 (HTTP exception) 2026-08-02T08:16:40+00:00；html-finalize(html-finalize-20260802) 2026-08-02T08:17:29+00:00,2026-07-21,claude-code,pass,2026-07-21 13:10:52,L2,core,1567
