id,source_type,source_id,title,origin_url,local_path
1,frus_epub,frus1943China,"Foreign Relations of the United States, Diplomatic Papers, 1943, China",https://history.state.gov/historicaldocuments/frus1943China,/Users/cheer/Documents/New project/data/frus_meng/epubs/frus1943China.epub
2,frus_epub,frus1944v06,"Foreign Relations of the United States, Diplomatic Papers, 1944, China, Volume VI",https://history.state.gov/historicaldocuments/frus1944v06,/Users/cheer/Documents/New project/data/frus_meng/epubs/frus1944v06.epub
3,frus_epub,frus1945v07,"Foreign Relations of the United States, Diplomatic Papers, 1945, The Far East, China, Volume VII",https://history.state.gov/historicaldocuments/frus1945v07,/Users/cheer/Documents/New project/data/frus_meng/epubs/frus1945v07.epub
4,frus_epub,frus1946v09,"Foreign Relations of the United States, 1946, The Far East: China, Volume IX",https://history.state.gov/historicaldocuments/frus1946v09,/Users/cheer/Documents/New project/data/frus_meng/epubs/frus1946v09.epub
5,frus_epub,frus1946v10,"Foreign Relations of the United States, 1946, The Far East: China, Volume X",https://history.state.gov/historicaldocuments/frus1946v10,/Users/cheer/Documents/New project/data/frus_meng/epubs/frus1946v10.epub
6,frus_epub,frus1947v07,"Foreign Relations of the United States, 1947, The Far East: China, Volume VII",https://history.state.gov/historicaldocuments/frus1947v07,/Users/cheer/Documents/New project/data/frus_meng/epubs/frus1947v07.epub
7,frus_epub,frus1948v07,"Foreign Relations of the United States, 1948, The Far East: China, Volume VII",https://history.state.gov/historicaldocuments/frus1948v07,/Users/cheer/Documents/New project/data/frus_meng/epubs/frus1948v07.epub
8,frus_epub,frus1948v08,"Foreign Relations of the United States, 1948, The Far East: China, Volume VIII",https://history.state.gov/historicaldocuments/frus1948v08,/Users/cheer/Documents/New project/data/frus_meng/epubs/frus1948v08.epub
9,frus_epub,frus1949v08,"Foreign Relations of the United States, 1949, The Far East: China, Volume VIII",https://history.state.gov/historicaldocuments/frus1949v08,/Users/cheer/Documents/New project/data/frus_meng/epubs/frus1949v08.epub
10,frus_epub,frus1949v09,"Foreign Relations of the United States, 1949, The Far East: China, Volume IX",https://history.state.gov/historicaldocuments/frus1949v09,/Users/cheer/Documents/New project/data/frus_meng/epubs/frus1949v09.epub
11,frus_epub,frus1950v06,"Foreign Relations of the United States, 1950, East Asia and the Pacific, Volume VI",https://history.state.gov/historicaldocuments/frus1950v06,/Users/cheer/Documents/New project/data/frus_meng/epubs/frus1950v06.epub
12,cia,ciareadingroom,CIA Records Reading Room (archive.org mirror),https://archive.org/details/ciareadingroom,/home/zq/work/mingmeng-history-research/data/cia_meng
13,wilson,wilson-digital-archive,Wilson Center Digital Archive,https://www.wilsoncenter.org/digital-archive,data/wilson_center
14,hathi_ia,archive.org,HathiTrust / Internet Archive 公开档案,https://archive.org,/home/zq/work/mingmeng-history-research/data/hathitrust_ia
15,hoover,carsun-chang-papers,Hoover Institution · Carsun Chang Papers (现场调档),https://oac.cdlib.org/findaid/ark:/13030/kt8h4nf468/,/home/zq/work/mingmeng-history-research/data/hoover
16,drnh,DRNH,國史館檔案史料文物查詢系統,https://ahonline.drnh.gov.tw,
17,newspapersg,nlb-newspapersg,NewspaperSG 新加坡中文报刊 OCR,https://eresources.nlb.gov.sg/newspapers/,data/newspapersg
18,domestic_ocr_pilot,domestic-ocr:MMHIST:formation-declaration-1941:ocr-pilot,中国民主政团同盟成立宣言（OCR试点页）,https://www.marxists.org/chinese/pdf/history_of_international/china/mzhtm1.pdf,/Users/cheer/Documents/mm agent/mingmeng-history-research/data/domestic/sourcebooks/中国民主同盟历史文献_1941-1949_公开扫描.pdf
19,domestic_ocr_pilot,domestic-ocr:MMHIST:platform-1945:ocr-pilot,中国民主同盟纲领（OCR试点页）,https://www.marxists.org/chinese/pdf/history_of_international/china/mzhtm1.pdf,/Users/cheer/Documents/mm agent/mingmeng-history-research/data/domestic/sourcebooks/中国民主同盟历史文献_1941-1949_公开扫描.pdf
20,domestic_ocr_pilot,domestic-ocr:MMHIST:political-report-1945:ocr-pilot,中国民主同盟临时全国代表大会政治报告（OCR试点页）,https://www.marxists.org/chinese/pdf/history_of_international/china/mzhtm1.pdf,/Users/cheer/Documents/mm agent/mingmeng-history-research/data/domestic/sourcebooks/中国民主同盟历史文献_1941-1949_公开扫描.pdf
21,domestic_ocr_pilot,domestic-ocr:MMHIST:congress-declaration-1945:ocr-pilot,中国民主同盟临时全国代表大会宣言（OCR试点页）,https://www.marxists.org/chinese/pdf/history_of_international/china/mzhtm1.pdf,/Users/cheer/Documents/mm agent/mingmeng-history-research/data/domestic/sourcebooks/中国民主同盟历史文献_1941-1949_公开扫描.pdf
22,domestic_ocr_pilot,domestic-ocr:NLC:minmeng-wenxian-1946-minmeng-platform-1945:ocr-pilot,中国民主同盟纲领（1946年官方汇编OCR试点）,https://commons.wikimedia.org/wiki/File:NLC416-01jh004281-12557_%E6%B0%91%E4%B8%BB%E5%90%8C%E7%9B%9F%E6%96%87%E7%8D%BB.pdf,/Users/cheer/Documents/mm agent/mingmeng-history-research/data/domestic/sourcebooks/NLC416-01jh004281-12557_民主同盟文獻_1946.pdf
23,domestic_ocr_pilot,domestic-ocr:NLC:minmeng-wenxian-1946-formation-group:ocr-pilot,1941成立文件页组（OCR试点）,https://commons.wikimedia.org/wiki/File:NLC416-01jh004281-12557_%E6%B0%91%E4%B8%BB%E5%90%8C%E7%9B%9F%E6%96%87%E7%8D%BB.pdf,/Users/cheer/Documents/mm agent/mingmeng-history-research/data/domestic/sourcebooks/NLC416-01jh004281-12557_民主同盟文獻_1946.pdf
24,domestic_ocr_pilot,domestic-ocr:NLC:minmeng-wenxian-1946-early-group:ocr-pilot,1944—1945早期文件页组（OCR试点）,https://commons.wikimedia.org/wiki/File:NLC416-01jh004281-12557_%E6%B0%91%E4%B8%BB%E5%90%8C%E7%9B%9F%E6%96%87%E7%8D%BB.pdf,/Users/cheer/Documents/mm agent/mingmeng-history-research/data/domestic/sourcebooks/NLC416-01jh004281-12557_民主同盟文獻_1946.pdf
25,domestic_ocr_pilot,domestic-ocr:NLC:minmeng-wenxian-1946-boundary-group:ocr-pilot,1945政治主张文件页组（上，OCR试点）,https://commons.wikimedia.org/wiki/File:NLC416-01jh004281-12557_%E6%B0%91%E4%B8%BB%E5%90%8C%E7%9B%9F%E6%96%87%E7%8D%BB.pdf,/Users/cheer/Documents/mm agent/mingmeng-history-research/data/domestic/sourcebooks/NLC416-01jh004281-12557_民主同盟文獻_1946.pdf
26,domestic_ocr_pilot,domestic-ocr:NLC:minmeng-wenxian-1946-around-group:ocr-pilot,1945政治主张文件页组（下，OCR试点）,https://commons.wikimedia.org/wiki/File:NLC416-01jh004281-12557_%E6%B0%91%E4%B8%BB%E5%90%8C%E7%9B%9F%E6%96%87%E7%8D%BB.pdf,/Users/cheer/Documents/mm agent/mingmeng-history-research/data/domestic/sourcebooks/NLC416-01jh004281-12557_民主同盟文獻_1946.pdf
27,domestic_ocr_pilot,domestic-ocr:NLC:minmeng-wenxian-1946-target-group:ocr-pilot,1945文件页组（续，OCR试点）,https://commons.wikimedia.org/wiki/File:NLC416-01jh004281-12557_%E6%B0%91%E4%B8%BB%E5%90%8C%E7%9B%9F%E6%96%87%E7%8D%BB.pdf,/Users/cheer/Documents/mm agent/mingmeng-history-research/data/domestic/sourcebooks/NLC416-01jh004281-12557_民主同盟文獻_1946.pdf
28,domestic_ocr_pilot,domestic-ocr:NLC:minmeng-wenxian-1946-late-group:ocr-pilot,1945大会宣言后续页组（日期待核，OCR试点）,https://commons.wikimedia.org/wiki/File:NLC416-01jh004281-12557_%E6%B0%91%E4%B8%BB%E5%90%8C%E7%9B%9F%E6%96%87%E7%8D%BB.pdf,/Users/cheer/Documents/mm agent/mingmeng-history-research/data/domestic/sourcebooks/NLC416-01jh004281-12557_民主同盟文獻_1946.pdf
29,domestic_ocr_pilot,domestic-ocr:NLC:guangmingbao-1947-19-key-pages,《光明報》1947年新十九號关键页（OCR试点）,https://commons.wikimedia.org/wiki/File:NLC404-01J000514-10458_%E5%85%89%E6%98%8E%E5%A0%B1_1947%E5%B9%B419%E6%9C%9F.pdf,/Users/cheer/Documents/mm agent/mingmeng-history-research/data/domestic/press_scans/NLC404-01J000514-10458_光明報_1947年19期.pdf
30,domestic_ocr_pilot,domestic-ocr:NLC:guangmingbao-1947-12-full-ocr,《光明報》1947年新十二號（OCR试点）,https://commons.wikimedia.org/wiki/File:NLC404-01J000514-72818_%E5%85%89%E6%98%8E%E5%A0%B1_1947%E5%B9%B4%E6%96%B0%E5%8D%81%E4%BA%8C%E8%99%9F.pdf,/Users/cheer/Documents/mm agent/mingmeng-history-research/data/domestic/press_scans/NLC404-01J000514-72818_光明報_1947年12期.pdf
31,domestic_ocr_pilot,domestic-ocr:NLC:guangmingbao-1947-13-full-ocr,《光明報》1947年新十三號（OCR试点）,https://commons.wikimedia.org/wiki/File:NLC404-01J000514-10453_%E5%85%89%E6%98%8E%E5%A0%B1_1947%E5%B9%B4%E6%96%B0%E5%8D%81%E4%B8%89%E8%99%9F.pdf,/Users/cheer/Documents/mm agent/mingmeng-history-research/data/domestic/press_scans/NLC404-01J000514-10453_光明報_1947年13期.pdf
32,domestic_ocr_pilot,domestic-ocr:NLC:guangmingbao-1947-14-full-ocr,《光明報》1947年新十四號（OCR试点）,https://commons.wikimedia.org/wiki/File:NLC404-01J000514-10454_%E5%85%89%E6%98%8E%E5%A0%B1_1947%E5%B9%B4%E6%96%B0%E5%8D%81%E5%9B%9B%E8%99%9F.pdf,/Users/cheer/Documents/mm agent/mingmeng-history-research/data/domestic/press_scans/NLC404-01J000514-10454_光明報_1947年14期.pdf
33,domestic_ocr_pilot,domestic-ocr:NLC:guangmingbao-1947-15-full-ocr,《光明報》1947年新十五號（OCR试点）,https://commons.wikimedia.org/wiki/File:NLC404-01J000514-10455_%E5%85%89%E6%98%8E%E5%A0%B1_1947%E5%B9%B4%E6%96%B0%E5%8D%81%E4%BA%94%E8%99%9F.pdf,/Users/cheer/Documents/mm agent/mingmeng-history-research/data/domestic/press_scans/NLC404-01J000514-10455_光明報_1947年15期.pdf
34,domestic_ocr_pilot,domestic-ocr:NLC:guangmingbao-1947-16-17-full-ocr,《光明報》1947年新十六—十七號（OCR试点）,https://commons.wikimedia.org/wiki/File:NLC404-01J000514-10456_%E5%85%89%E6%98%8E%E5%A0%B1_1947%E5%B9%B416%E2%80%9317%E6%9C%9F.pdf,/Users/cheer/Documents/mm agent/mingmeng-history-research/data/domestic/press_scans/NLC404-01J000514-10456_光明報_1947年16–17期.pdf
35,domestic_ocr_pilot,domestic-ocr:NLC:guangmingbao-1947-18-full-ocr,《光明報》1947年新十八號（OCR试点）,https://commons.wikimedia.org/wiki/File:NLC404-01J000514-10457_%E5%85%89%E6%98%8E%E5%A0%B1_1947%E5%B9%B4%E6%96%B0%E5%8D%81%E5%85%AB%E8%99%9F.pdf,/Users/cheer/Documents/mm agent/mingmeng-history-research/data/domestic/press_scans/NLC404-01J000514-10457_光明報_1947年18期.pdf
36,domestic_ocr_pilot,domestic-ocr:NLC:guangmingbao-1948-v1n1-full-ocr,《光明報》1948年第一卷第一期（OCR试点）,https://commons.wikimedia.org/wiki/File:NLC404-01J000514-10484_%E5%85%89%E6%98%8E%E5%A0%B1_1948%E5%B9%B41%E5%8D%B71%E6%9C%9F.pdf,/Users/cheer/Documents/mm agent/mingmeng-history-research/data/domestic/press_scans/NLC404-01J000514-10484_光明報_1948年1卷1期.pdf
37,domestic_ocr_pilot,domestic-ocr:NLC:guangmingbao-1948-v1n12-full-ocr,《光明報》1948年第一卷第十二期（OCR试点）,https://commons.wikimedia.org/wiki/File:NLC404-01J000514-10514_%E5%85%89%E6%98%8E%E5%A0%B1_1948%E5%B9%B41%E5%8D%B712%E6%9C%9F.pdf,/Users/cheer/Documents/mm agent/mingmeng-history-research/data/domestic/press_scans/NLC404-01J000514-10514_光明報_1948年1卷12期.pdf
38,domestic_ocr_pilot,domestic-ocr:NLC:guangmingbao-1949-v2n1-full-ocr,《光明報》1949年第二卷第一期（OCR试点）,https://commons.wikimedia.org/wiki/File:NLC404-01J000514-10515_%E5%85%89%E6%98%8E%E5%A0%B1_1949%E5%B9%B42%E5%8D%B71%E6%9C%9F.pdf,/Users/cheer/Documents/mm agent/mingmeng-history-research/data/domestic/press_scans/NLC404-01J000514-10515_光明報_1949年2卷1期.pdf
39,domestic_ocr_pilot,domestic-ocr:NLC:guangmingbao-1949-v2n12-full-ocr,《光明報》1949年第二卷第十二期（OCR试点）,https://commons.wikimedia.org/wiki/File:NLC404-01J000514-72821_%E5%85%89%E6%98%8E%E5%A0%B1_1949%E5%B9%B42%E5%8D%B712%E6%9C%9F.pdf,/Users/cheer/Documents/mm agent/mingmeng-history-research/data/domestic/press_scans/NLC404-01J000514-72821_光明報_1949年2卷12期.pdf
40,domestic_ocr_pilot,domestic-ocr:NLC:minxian-1944-v1n9-democracy-vs-nondemocracy-article-ocr,《民憲》第一卷第九期〈民主政治與非民主政治〉正文（OCR试点）,https://commons.wikimedia.org/wiki/File:NLC404-00J001436-85450_%E6%B0%91%E6%86%B2_1944%E2%80%931945%E5%B9%B4%E7%AC%AC%E4%B8%80%E5%8D%B7%E7%AC%AC%E4%B9%9D%E6%9C%9F.pdf,/Users/cheer/Documents/mm agent/mingmeng-history-research/data/domestic/press_scans/NLC404-00J001436-85450_民憲_第一卷第九期.pdf
41,domestic_ocr_pilot,domestic-ocr:NLC:minxian-1944-v1n1-contents-ocr,《民憲》第一卷第一期目录页（OCR试点）,https://commons.wikimedia.org/wiki/File:NLC404-00J001436-85442_%E6%B0%91%E6%86%B2_1944%E2%80%931945%E5%B9%B4%E7%AC%AC%E4%B8%80%E5%8D%B7%E7%AC%AC%E4%B8%80%E6%9C%9F.pdf,/Users/cheer/Documents/mm agent/mingmeng-history-research/data/domestic/press_scans/NLC404-00J001436-85442_民憲_第一卷第一期.pdf
42,domestic_ocr_pilot,domestic-ocr:NLC:minxian-1944-v1n6-contents-ocr,《民憲》第一卷第六期目录页（OCR试点）,https://commons.wikimedia.org/wiki/File:NLC404-00J001436-85447_%E6%B0%91%E6%86%B2_1944%E2%80%931945%E5%B9%B4%E7%AC%AC%E4%B8%80%E5%8D%B7%E7%AC%AC%E5%85%AD%E6%9C%9F.pdf,/Users/cheer/Documents/mm agent/mingmeng-history-research/data/domestic/press_scans/NLC404-00J001436-85447_民憲_第一卷第六期.pdf
43,domestic_ocr_pilot,domestic-ocr:NLC:minxian-1944-v1n1-preface-effort-and-thought-ocr,《民憲》第一卷第一期〈努力與思索〉（代發刊詞）正文试点,https://commons.wikimedia.org/wiki/File:NLC404-00J001436-85442_%E6%B0%91%E6%86%B2_1944%E2%80%931945%E5%B9%B4%E7%AC%AC%E4%B8%80%E5%8D%B7%E7%AC%AC%E4%B8%80%E6%9C%9F.pdf,/Users/cheer/Documents/mm agent/mingmeng-history-research/data/domestic/press_scans/NLC404-00J001436-85442_民憲_第一卷第一期.pdf
44,domestic_ocr_pilot,domestic-ocr:NLC:minxian-1944-v1n6-democracy-philosophy-upper-ocr,《民憲》第一卷第六期〈民主政治的哲學問題（上）〉正文试点,https://commons.wikimedia.org/wiki/File:NLC404-00J001436-85447_%E6%B0%91%E6%86%B2_1944%E2%80%931945%E5%B9%B4%E7%AC%AC%E4%B8%80%E5%8D%B7%E7%AC%AC%E5%85%AD%E6%9C%9F.pdf,/Users/cheer/Documents/mm agent/mingmeng-history-research/data/domestic/press_scans/NLC404-00J001436-85447_民憲_第一卷第六期.pdf
45,domestic_ocr_pilot,domestic-ocr:NLC:guangmingbao-1946-issue8-conditional-national-assembly-ocr,《光明報》新八號〈論有條件參加國大〉首版（OCR试点）,https://commons.wikimedia.org/wiki/File%3ANLC404-01J000514-10429_%E5%85%89%E6%98%8E%E5%A0%B1_1946%E5%B9%B48%E6%9C%9F.pdf,/Users/cheer/Documents/mm agent/mingmeng-history-research/data/domestic/press_scans/NLC404-01J000514-10429_光明報_1946年8期.pdf
46,domestic_ocr_pilot,domestic-ocr:NLC:minxian-1944-v1n10-contents-ocr,《民憲》第一卷第十期目录页（OCR试点）,https://commons.wikimedia.org/wiki/File:NLC404-00J001436-85451_%E6%B0%91%E6%86%B2_1944%E2%80%931945%E5%B9%B4%E7%AC%AC%E4%B8%80%E5%8D%B7%E7%AC%AC%E5%8D%81%E6%9C%9F.pdf,/Users/cheer/Documents/mm agent/mingmeng-history-research/data/domestic/press_scans/NLC404-00J001436-85451_民憲_第一卷第十期.pdf
47,domestic_ocr_pilot,domestic-ocr:NLC:xinhua-daily-1941-10-10-full-ocr,《新华日报》1941年10月10日全版扫描（OCR试点）,https://commons.wikimedia.org/wiki/File:NLC1080-00N000846-8631_%E6%96%B0%E8%8F%AF%E6%97%A5%E5%A0%B1_1941-10-10.pdf,/Users/cheer/Documents/mm agent/mingmeng-history-research/data/domestic/press_scans/NLC1080-00N000846-8631_新华日报_1941-10-10.pdf
48,domestic_ocr_pilot,domestic-ocr:NLC:xinhua-daily-1941-10-16-full-ocr,《新华日报》1941年10月16日全版扫描（OCR试点）,https://commons.wikimedia.org/wiki/File:NLC1080-00N000846-8658_%E6%96%B0%E8%8F%AF%E6%97%A5%E5%A0%B1_1941-10-16.pdf,/Users/cheer/Documents/mm agent/mingmeng-history-research/data/domestic/press_scans/NLC1080-00N000846-8658_新华日报_1941-10-16.pdf
49,domestic_ocr_pilot,domestic-ocr:NLC:xinhua-daily-1941-10-28-full-ocr,《新华日报》1941年10月28日全版扫描（OCR试点）,https://commons.wikimedia.org/wiki/File:NLC1080-00N000846-8712_%E6%96%B0%E8%8F%AF%E6%97%A5%E5%A0%B1_1941-10-28.pdf,/Users/cheer/Documents/mm agent/mingmeng-history-research/data/domestic/press_scans/NLC1080-00N000846-8712_新华日报_1941-10-28.pdf
50,domestic_ocr_pilot,domestic-ocr:NLC:minxian-1944-v1n2-contents-ocr,《民憲》第一卷第二期目录页（OCR试点）,https://commons.wikimedia.org/wiki/File:NLC404-00J001436-85443_%E6%B0%91%E6%86%B2_1944%E2%80%931945%E5%B9%B4%E7%AC%AC%E4%B8%80%E5%8D%B7%E7%AC%AC%E4%BA%8C%E6%9C%9F.pdf,/Users/cheer/Documents/mm agent/mingmeng-history-research/data/domestic/press_scans/NLC404-00J001436-85443_民憲_第一卷第二期.pdf
51,domestic_ocr_pilot,domestic-ocr:NLC:minxian-1944-v1n3-contents-ocr,《民憲》第一卷第三期目录页（OCR试点）,https://commons.wikimedia.org/wiki/File:NLC404-00J001436-85444_%E6%B0%91%E6%86%B2_1944%E2%80%931945%E5%B9%B4%E7%AC%AC%E4%B8%80%E5%8D%B7%E7%AC%AC%E4%B8%89%E6%9C%9F.pdf,/Users/cheer/Documents/mm agent/mingmeng-history-research/data/domestic/press_scans/NLC404-00J001436-85444_民憲_第一卷第三期.pdf
52,domestic_ocr_pilot,domestic-ocr:NLC:minxian-1944-v1n4-contents-ocr,《民憲》第一卷第四期目录页（OCR试点）,https://commons.wikimedia.org/wiki/File:NLC404-00J001436-85445_%E6%B0%91%E6%86%B2_1944%E2%80%931945%E5%B9%B4%E7%AC%AC%E4%B8%80%E5%8D%B7%E7%AC%AC%E5%9B%9B%E6%9C%9F.pdf,/Users/cheer/Documents/mm agent/mingmeng-history-research/data/domestic/press_scans/NLC404-00J001436-85445_民憲_第一卷第四期.pdf
53,domestic_ocr_pilot,domestic-ocr:NLC:minxian-1944-v1n5-contents-ocr,《民憲》第一卷第五期目录页（OCR试点）,https://commons.wikimedia.org/wiki/File:NLC404-00J001436-85446_%E6%B0%91%E6%86%B2_1944%E2%80%931945%E5%B9%B4%E7%AC%AC%E4%B8%80%E5%8D%B7%E7%AC%AC%E4%BA%94%E6%9C%9F.pdf,/Users/cheer/Documents/mm agent/mingmeng-history-research/data/domestic/press_scans/NLC404-00J001436-85446_民憲_第一卷第五期.pdf
54,domestic_ocr_pilot,domestic-ocr:NLC:guangmingbao-1946-issue11-anti-one-party-constitution-ocr,《光明報》新十一號〈反對一黨獨裁的憲法！〉正文首页（OCR试点）,https://commons.wikimedia.org/wiki/File:NLC404-01J000514-23806_%E5%85%89%E6%98%8E%E5%A0%B1_1946%E5%B9%B411%E6%9C%9F.pdf,/Users/cheer/Documents/mm agent/mingmeng-history-research/data/domestic/press_scans/NLC404-01J000514-23806_光明報_1946年11期.pdf
55,domestic_ocr_pilot,domestic-ocr:NLC:guangmingbao-1946-issue3-double-ten-task-ocr,《光明報》新三號〈為完成雙十節的歷史任務而奮鬥〉首页（OCR试点）,https://commons.wikimedia.org/wiki/File:NLC404-01J000514-10424_%E5%85%89%E6%98%8E%E5%A0%B1_1946%E5%B9%B43%E6%9C%9F.pdf,/Users/cheer/Documents/mm agent/mingmeng-history-research/data/domestic/press_scans/NLC404-01J000514-10424_光明報_1946年3期.pdf
56,domestic_ocr_pilot,domestic-ocr:NLC:guangmingbao-1946-issue1-front-ocr,《光明報》新一號首版（OCR试点）,https://commons.wikimedia.org/wiki/Special:FilePath/NLC404-01J000514-10834_%E5%85%89%E6%98%8E%E5%A0%B1_1946%E5%B9%B41%E6%9C%9F.pdf,/Users/cheer/Documents/mm agent/mingmeng-history-research/data/domestic/press_scans/NLC404-01J000514-10834_光明報_1946年1期.pdf
57,domestic_ocr_pilot,domestic-ocr:NLC:guangmingbao-1946-issue2-front-ocr,《光明報》新二號首版（OCR试点）,https://commons.wikimedia.org/wiki/Special:FilePath/NLC404-01J000514-10835_%E5%85%89%E6%98%8E%E5%A0%B1_1946%E5%B9%B42%E6%9C%9F.pdf,/Users/cheer/Documents/mm agent/mingmeng-history-research/data/domestic/press_scans/NLC404-01J000514-10835_光明報_1946年2期.pdf
58,domestic_ocr_pilot,domestic-ocr:NLC:guangmingbao-1946-issue4-front-ocr,《光明報》新四號首版（OCR试点）,https://commons.wikimedia.org/wiki/Special:FilePath/NLC404-01J000514-10425_%E5%85%89%E6%98%8E%E5%A0%B1_1946%E5%B9%B44%E6%9C%9F.pdf,/Users/cheer/Documents/mm agent/mingmeng-history-research/data/domestic/press_scans/NLC404-01J000514-10425_光明報_1946年4期.pdf
59,domestic_ocr_pilot,domestic-ocr:NLC:guangmingbao-1946-issue5-front-ocr,《光明報》新五號首版（OCR试点）,https://commons.wikimedia.org/wiki/Special:FilePath/NLC404-01J000514-10426_%E5%85%89%E6%98%8E%E5%A0%B1_1946%E5%B9%B45%E6%9C%9F.pdf,/Users/cheer/Documents/mm agent/mingmeng-history-research/data/domestic/press_scans/NLC404-01J000514-10426_光明報_1946年5期.pdf
60,domestic_ocr_pilot,domestic-ocr:NLC:guangmingbao-1946-issue6-front-ocr,《光明報》新六號首版（OCR试点）,https://commons.wikimedia.org/wiki/Special:FilePath/NLC404-01J000514-10427_%E5%85%89%E6%98%8E%E5%A0%B1_1946%E5%B9%B46%E6%9C%9F.pdf,/Users/cheer/Documents/mm agent/mingmeng-history-research/data/domestic/press_scans/NLC404-01J000514-10427_光明報_1946年6期.pdf
61,domestic_ocr_pilot,domestic-ocr:NLC:guangmingbao-1946-issue7-front-ocr,《光明報》新七號首版（OCR试点）,https://commons.wikimedia.org/wiki/Special:FilePath/NLC404-01J000514-10428_%E5%85%89%E6%98%8E%E5%A0%B1_1946%E5%B9%B47%E6%9C%9F.pdf,/Users/cheer/Documents/mm agent/mingmeng-history-research/data/domestic/press_scans/NLC404-01J000514-10428_光明報_1946年7期.pdf
62,domestic_ocr_pilot,domestic-ocr:NLC:dagangbao-1947-11-04-full-ocr,《大剛報》1947年11月4日全版扫描（OCR试点）,https://commons.wikimedia.org/wiki/File:NLC1080-00N001037-7604_%E5%A4%A7%E5%89%9B%E5%A0%B1_1947%E5%B9%B411%E6%9C%8804%E6%97%A5.pdf,/Users/cheer/Documents/mm agent/mingmeng-history-research/data/domestic/press_scans/NLC1080-00N001037-7604_大剛報_1947年11月04日.pdf
63,domestic_ocr_pilot,domestic-ocr:NLC:dagangbao-1947-11-06-full-ocr,《大剛報》1947年11月6日全版扫描（OCR试点）,https://commons.wikimedia.org/wiki/File:NLC1080-00N001037-7606_%E5%A4%A7%E5%89%9B%E5%A0%B1_1947%E5%B9%B411%E6%9C%8806%E6%97%A5.pdf,/Users/cheer/Documents/mm agent/mingmeng-history-research/data/domestic/press_scans/NLC1080-00N001037-7606_大剛報_1947年11月06日.pdf
64,domestic_ocr_pilot,domestic-ocr:NLC:minxian-1944-v1n7-contents-ocr,《民憲》第一卷第七期目录页（OCR试点）,https://commons.wikimedia.org/wiki/File:NLC404-00J001436-85448_%E6%B0%91%E6%86%B2_1944%E2%80%931945%E5%B9%B4%E7%AC%AC%E4%B8%80%E5%8D%B7%E7%AC%AC%E4%B8%83%E6%9C%9F.pdf,/Users/cheer/Documents/mm agent/mingmeng-history-research/data/domestic/press_scans/NLC404-00J001436-85448_民憲_第一卷第七期.pdf
65,domestic_ocr_pilot,domestic-ocr:NLC:minxian-1944-v1n8-contents-ocr,《民憲》第一卷第八期目录页（OCR试点）,https://commons.wikimedia.org/wiki/File:NLC404-00J001436-85449_%E6%B0%91%E6%86%B2_1944%E2%80%931945%E5%B9%B4%E7%AC%AC%E4%B8%80%E5%8D%B7%E7%AC%AC%E5%85%AB%E6%9C%9F.pdf,/Users/cheer/Documents/mm agent/mingmeng-history-research/data/domestic/press_scans/NLC404-00J001436-85449_民憲_第一卷第八期.pdf
66,domestic_ocr_pilot,domestic-ocr:NLC:minxian-1945-v1n11-contents-ocr,《民憲》第一卷第十一期目录页（OCR试点）,https://commons.wikimedia.org/wiki/File:NLC404-00J001436-85452_%E6%B0%91%E6%86%B2_1944%E2%80%931945%E5%B9%B4%E7%AC%AC%E4%B8%80%E5%8D%B7%E7%AC%AC%E5%8D%81%E4%B8%80%E6%9C%9F.pdf,/Users/cheer/Documents/mm agent/mingmeng-history-research/data/domestic/press_scans/NLC404-00J001436-85452_民憲_第一卷第十一期.pdf
67,domestic_ocr_pilot,domestic-ocr:NLC:minxian-1945-v1n12-contents-ocr,《民憲》第一卷第十二期目录页（OCR试点）,https://commons.wikimedia.org/wiki/File:NLC404-00J001436-85453_%E6%B0%91%E6%86%B2_1944%E2%80%931945%E5%B9%B4%E7%AC%AC%E4%B8%80%E5%8D%B7%E7%AC%AC%E5%8D%81%E4%BA%8C%E6%9C%9F.pdf,/Users/cheer/Documents/mm agent/mingmeng-history-research/data/domestic/press_scans/NLC404-00J001436-85453_民憲_第一卷第十二期.pdf
68,domestic_ocr_pilot,domestic-ocr:NLC:minxian-1945-v2n1-contents-ocr,《民憲》第二卷第一期目录页（OCR试点）,https://commons.wikimedia.org/wiki/File:NLC404-00J001436-85454_%E6%B0%91%E6%86%B2_1944%E2%80%931945%E5%B9%B4%E7%AC%AC%E4%BA%8C%E5%8D%B7%E7%AC%AC%E4%B8%80%E6%9C%9F.pdf,/Users/cheer/Documents/mm agent/mingmeng-history-research/data/domestic/press_scans/NLC404-00J001436-85454_民憲_第二卷第一期.pdf
69,domestic_ocr_pilot,domestic-ocr:NLC:minxian-1945-v2n2-contents-ocr,《民憲》第二卷第二期目录页（OCR试点）,https://commons.wikimedia.org/wiki/File:NLC404-00J001436-85455_%E6%B0%91%E6%86%B2_1944%E2%80%931945%E5%B9%B4%E7%AC%AC%E4%BA%8C%E5%8D%B7%E7%AC%AC%E4%BA%8C%E6%9C%9F.pdf,/Users/cheer/Documents/mm agent/mingmeng-history-research/data/domestic/press_scans/NLC404-00J001436-85455_民憲_第二卷第二期.pdf
70,domestic_ocr_pilot,domestic-ocr:NLC:guangmingbao-1941-index-list-ocr,1941年《光明報》香港工运剪报索引清单（OCR导航）,https://commons.ln.edu.hk/profmkchan_indexlist/14/,/Users/cheer/Documents/mm agent/mingmeng-history-research/data/domestic/press_scans/LNU_PROFMKCHAN_INDEXLIST_14_光明報_1941.pdf
71,domestic_ocr_pilot,domestic-ocr:NLC:guangmingbao-1946-issue9-front-ocr,《光明報》新九號首版（OCR试点）,https://commons.wikimedia.org/wiki/File:NLC404-01J000514-10430_%E5%85%89%E6%98%8E%E5%A0%B1_1946%E5%B9%B49%E6%9C%9F.pdf,/Users/cheer/Documents/mm agent/mingmeng-history-research/data/domestic/press_scans/NLC404-01J000514-10430_光明報_1946年9期.pdf
72,domestic_ocr_pilot,domestic-ocr:NLC:guangmingbao-1946-issue10-front-ocr,《光明報》新十號首版（OCR试点）,https://commons.wikimedia.org/wiki/File:NLC404-01J000514-10431_%E5%85%89%E6%98%8E%E5%A0%B1_1946%E5%B9%B410%E6%9C%9F.pdf,/Users/cheer/Documents/mm agent/mingmeng-history-research/data/domestic/press_scans/NLC404-01J000514-10431_光明報_1946年10期.pdf
73,domestic_ocr_pilot,domestic-ocr:NLC:guangmingbao-1947-issue20-front-ocr,《光明報》新二十號首版（OCR试点）,https://commons.wikimedia.org/wiki/File:NLC404-01J000514-10459_%E5%85%89%E6%98%8E%E5%A0%B1_1947%E5%B9%B420%E6%9C%9F.pdf,/Users/cheer/Documents/mm agent/mingmeng-history-research/data/domestic/press_scans/NLC404-01J000514-10459_光明報_1947年20期.pdf
74,domestic_ocr_pilot,domestic-ocr:NLC:guangmingbao-1947-issue21-front-ocr,《光明報》新二十一號首版（OCR试点）,https://commons.wikimedia.org/wiki/File:NLC404-01J000514-10460_%E5%85%89%E6%98%8E%E5%A0%B1_1947%E5%B9%B421%E6%9C%9F.pdf,/Users/cheer/Documents/mm agent/mingmeng-history-research/data/domestic/press_scans/NLC404-01J000514-10460_光明報_1947年21期.pdf
75,domestic_ocr_pilot,domestic-ocr:NLC:guangmingbao-1947-issue22-front-ocr,《光明報》新二十二號首版（OCR试点）,https://commons.wikimedia.org/wiki/File:NLC404-01J000514-10483_%E5%85%89%E6%98%8E%E5%A0%B1_1947%E5%B9%B422%E6%9C%9F.pdf,/Users/cheer/Documents/mm agent/mingmeng-history-research/data/domestic/press_scans/NLC404-01J000514-10483_光明報_1947年22期.pdf
76,domestic_ocr_pilot,domestic-ocr:NLC:observer-1947-v3n11-selected-ocr,《觀察》第三卷第十一期高价值页（OCR试点）,https://commons.wikimedia.org/wiki/File%3ANLC404-01J000332-6817_%E8%A7%80%E5%AF%9F_1947%E5%B9%B43%E5%8D%B711%E6%9C%9F.pdf,/Users/cheer/Documents/mm agent/mingmeng-history-research/data/domestic/press_scans/NLC404-01J000332-6817_观察_1947年3卷11期.pdf
77,domestic_ocr_pilot,domestic-ocr:NLC:dagongbao-shanghai-1947-11-06-page2-ocr,《大公報》上海版1947年11月6日第2版民盟消息（OCR试点）,http://tk.dhcdb.com.tw/tknewsc/tknewskm?@@1,/Users/cheer/Documents/mm agent/mingmeng-history-research/data/domestic/press_scans/NLC_大公報_上海版_1947-11-06_第2版_完整影像_试用数据库.pdf
78,domestic_ocr_pilot,domestic-ocr:NLC:dagongbao-tianjin-1947-11-06-page2-ocr,《大公報》天津版1947年11月6日第2版民盟解散消息（OCR试点）,http://tk.dhcdb.com.tw/tknewsc/tknewskm?@@1,/Users/cheer/Documents/mm agent/mingmeng-history-research/data/domestic/press_scans/NLC_大公報_天津版_1947-11-06_第2版_完整影像_试用数据库.pdf
79,domestic_ocr_pilot,domestic-ocr:NLC:minmeng-wenxian-1946-alternate-front-ocr,《民主同盟文獻》1946年官方汇编交替扫描前页（OCR试点）,https://commons.wikimedia.org/wiki/File:NLC511-027032013012333-19131_%E6%B0%91%E4%B8%BB%E5%90%8C%E7%9B%9F%E6%96%87%E7%8D%BB.pdf,/Users/cheer/Documents/mm agent/mingmeng-history-research/data/domestic/sourcebooks/NLC511-027032013012333-19131_民主同盟文獻_alternate_scan.pdf
80,domestic_ocr_pilot,domestic-ocr:NLC:minmeng-yanlunji-1945-front-ocr,《中國民主同盟言論集》1945年选编前页（OCR试点）,https://commons.wikimedia.org/wiki/File:NLC511-027032016010761-42571_%E4%B8%AD%E5%9C%8B%E6%B0%91%E4%B8%BB%E5%90%8C%E7%9B%9F%E8%A8%80%E8%AB%96%E9%9B%86.pdf,/Users/cheer/Documents/mm agent/mingmeng-history-research/data/domestic/sourcebooks/NLC511-027032016010761-42571_中国民主同盟言论集.pdf
81,domestic_ocr_pilot,domestic-ocr:NLC:observer-1947-v3n11-bound-selected-ocr,《觀察》第三卷第十一期合订本高价值页（OCR试点）,https://commons.wikimedia.org/wiki/File:SSID-13679264_%E8%A7%80%E5%AF%9F_%E7%AC%AC3%E5%8D%B7%E7%AC%AC1-12%E6%9C%9F.pdf,/Users/cheer/Documents/mm agent/mingmeng-history-research/data/domestic/press_scans/SSID-13679264_观察_第3卷第1-12期.pdf
82,domestic_ocr_pilot,domestic-ocr:NLC:dagongbao-vol113-1947-11-06-selected-ocr,《大公報》第113卷1947年11月6日第1—2版关键页（OCR试点）,https://commons.wikimedia.org/wiki/File:NLC511-012031312030001-21905_%E5%A4%A7%E5%85%AC%E5%A0%B1_%E7%AC%AC113%E5%8D%B7.pdf,/Users/cheer/Documents/mm agent/mingmeng-history-research/data/domestic/press_scans/NLC511-012031312030001-21905_大公報_第113卷.pdf
83,domestic_ocr_pilot,domestic-ocr:NLC:dagongbao-vol114-1947-11-06-selected-ocr,《大公報》第114卷1947年11月6日第2版关键页（OCR试点）,https://commons.wikimedia.org/wiki/File:NLC511-012031312030001-21906_%E5%A4%A7%E5%85%AC%E5%A0%B1_%E7%AC%AC114%E5%8D%B7.pdf,/Users/cheer/Documents/mm agent/mingmeng-history-research/data/domestic/press_scans/NLC511-012031312030001-21906_大公報_第114卷.pdf
84,domestic_ocr_pilot,domestic-ocr:NLC:political-consultative-records-1988-front-ocr,《政治协商会议纪实》编者说明与序言（来源文件命名异常）,local://sourcebook-name-mismatch,/Users/cheer/Documents/mm agent/mingmeng-history-research/data/domestic/sourcebooks/中国民主同盟临时全国代表大会宣言_公开转录.pdf
85,domestic_ocr_pilot,domestic-ocr:COLLECTION:P3-018:ocr-draft-20260727,ROC1947-11-06國民政府公報2973,,/Users/cheer/Documents/mm agent/mingmeng-history-research/data/domestic/gazette_scans/ROC1947-11-06國民政府公報2973.pdf
86,domestic_ocr_pilot,domestic-ocr:COLLECTION:P3-016:ocr-draft-20260727,ROC1947-10-27國民政府公報2964,,/Users/cheer/Documents/mm agent/mingmeng-history-research/data/domestic/gazette_scans/ROC1947-10-27國民政府公報2964.pdf
87,domestic_ocr_pilot,domestic-ocr:COLLECTION:P3-017:ocr-draft-20260727,ROC1947-10-30國民政府公報2967,,/Users/cheer/Documents/mm agent/mingmeng-history-research/data/domestic/gazette_scans/ROC1947-10-30國民政府公報2967.pdf
88,domestic_ocr_pilot,domestic-ocr:COLLECTION:P3-019:ocr-draft-20260727,ROC1947-11-07國民政府公報2974,,/Users/cheer/Documents/mm agent/mingmeng-history-research/data/domestic/gazette_scans/ROC1947-11-07國民政府公報2974.pdf
89,domestic_ocr_pilot,domestic-ocr:COLLECTION:P3-013:ocr-draft-20260727,NLC511-027032016010761-42571_中国民主同盟言论集,,/Users/cheer/Documents/mm agent/mingmeng-history-research/data/domestic/sourcebooks/NLC511-027032016010761-42571_中国民主同盟言论集.pdf
90,domestic_ocr_pilot,domestic-ocr:COLLECTION:P3-012:ocr-draft-20260727,NLC511-027032013012333-19131_民主同盟文獻_alternate_scan,,/Users/cheer/Documents/mm agent/mingmeng-history-research/data/domestic/sourcebooks/NLC511-027032013012333-19131_民主同盟文獻_alternate_scan.pdf
91,domestic_ocr_pilot,domestic-ocr:COLLECTION:P3-011:ocr-draft-20260727,NLC416-01jh004281-12557_民主同盟文獻_1946,,/Users/cheer/Documents/mm agent/mingmeng-history-research/data/domestic/sourcebooks/NLC416-01jh004281-12557_民主同盟文獻_1946.pdf
92,domestic_ocr_pilot,domestic-ocr:COLLECTION:P3-021:ocr-draft-20260727,LNU_PROFMKCHAN_INDEXLIST_14_光明報_1941,,/Users/cheer/Documents/mm agent/mingmeng-history-research/data/domestic/press_scans/LNU_PROFMKCHAN_INDEXLIST_14_光明報_1941.pdf
93,domestic_ocr_pilot,domestic-ocr:COLLECTION:P3-006:ocr-draft-20260727,NLC1080-00N000846-8631_新华日报_1941-10-10,,/Users/cheer/Documents/mm agent/mingmeng-history-research/data/domestic/press_scans/NLC1080-00N000846-8631_新华日报_1941-10-10.pdf
94,domestic_ocr_pilot,domestic-ocr:COLLECTION:P3-002:ocr-draft-20260727,NLC404-01J000514-10460_光明報_1947年21期,,/Users/cheer/Documents/mm agent/mingmeng-history-research/data/domestic/press_scans/NLC404-01J000514-10460_光明報_1947年21期.pdf
95,domestic_ocr_pilot,domestic-ocr:COLLECTION:P3-004:ocr-draft-20260727,NLC404-01J000514-10431_光明報_1946年10期,,/Users/cheer/Documents/mm agent/mingmeng-history-research/data/domestic/press_scans/NLC404-01J000514-10431_光明報_1946年10期.pdf
96,domestic_ocr_pilot,domestic-ocr:COLLECTION:P3-009:ocr-draft-20260727,NLC404-01J000332-6817_观察_1947年3卷11期,,/Users/cheer/Documents/mm agent/mingmeng-history-research/data/domestic/press_scans/NLC404-01J000332-6817_观察_1947年3卷11期.pdf
97,domestic_ocr_pilot,domestic-ocr:COLLECTION:P3-008:ocr-draft-20260727,NLC404-01J000514-10834_光明報_1946年1期,,/Users/cheer/Documents/mm agent/mingmeng-history-research/data/domestic/press_scans/NLC404-01J000514-10834_光明報_1946年1期.pdf
98,domestic_ocr_pilot,domestic-ocr:COLLECTION:P3-001:ocr-draft-20260727,NLC1080-00N000846-8712_新华日报_1941-10-28,,/Users/cheer/Documents/mm agent/mingmeng-history-research/data/domestic/press_scans/NLC1080-00N000846-8712_新华日报_1941-10-28.pdf
99,domestic_ocr_pilot,domestic-ocr:COLLECTION:P3-010:ocr-draft-20260727,NLC404-01J000514-72818_光明報_1947年12期,,/Users/cheer/Documents/mm agent/mingmeng-history-research/data/domestic/press_scans/NLC404-01J000514-72818_光明報_1947年12期.pdf
100,domestic_ocr_pilot,domestic-ocr:COLLECTION:P3-005:ocr-draft-20260727,NLC404-00J001436-85453_民憲_第一卷第十二期,,/Users/cheer/Documents/mm agent/mingmeng-history-research/data/domestic/press_scans/NLC404-00J001436-85453_民憲_第一卷第十二期.pdf
101,domestic_ocr_pilot,domestic-ocr:COLLECTION:P3-007:ocr-draft-20260727,NLC404-00J001436-85445_民憲_第一卷第四期,,/Users/cheer/Documents/mm agent/mingmeng-history-research/data/domestic/press_scans/NLC404-00J001436-85445_民憲_第一卷第四期.pdf
102,domestic_ocr_pilot,domestic-ocr:COLLECTION:P3-003:ocr-draft-20260727,NLC404-00J001436-85449_民憲_第一卷第八期,,/Users/cheer/Documents/mm agent/mingmeng-history-research/data/domestic/press_scans/NLC404-00J001436-85449_民憲_第一卷第八期.pdf
103,domestic_ocr_pilot,domestic-ocr:COLLECTION:P3-020:ocr-draft-20260727,GXMM_大公報_天津版_1947-11-06_第2版_民盟宣布解散_嵌图截取,,/Users/cheer/Documents/mm agent/mingmeng-history-research/data/domestic/press_scans/GXMM_大公報_天津版_1947-11-06_第2版_民盟宣布解散_嵌图截取.png
104,domestic_ocr_pilot,domestic-ocr:COLLECTION:P3-014:ocr-draft-20260727,中国民主同盟临时全国代表大会宣言_公开转录,,/Users/cheer/Documents/mm agent/mingmeng-history-research/data/domestic/sourcebooks/中国民主同盟临时全国代表大会宣言_公开转录.pdf
105,domestic_ocr_pilot,domestic-ocr:COLLECTION:P3-015:ocr-draft-20260727,中国民主同盟历史文献_1941-1949_公开扫描,,/Users/cheer/Documents/mm agent/mingmeng-history-research/data/domestic/sourcebooks/中国民主同盟历史文献_1941-1949_公开扫描.pdf
106,domestic_ocr_pilot,domestic-ocr:COLLECTION:P3-10424:ocr-draft-20260727,NLC404-01J000514-10424_光明報_1946年3期,,/Users/cheer/Documents/mm agent/mingmeng-history-research/data/domestic/press_scans/NLC404-01J000514-10424_光明報_1946年3期.pdf
107,domestic_ocr_pilot,domestic-ocr:COLLECTION:P3-10425:ocr-draft-20260727,NLC404-01J000514-10425_光明報_1946年4期,,/Users/cheer/Documents/mm agent/mingmeng-history-research/data/domestic/press_scans/NLC404-01J000514-10425_光明報_1946年4期.pdf
108,domestic_ocr_pilot,domestic-ocr:COLLECTION:P3-10426:ocr-draft-20260727,NLC404-01J000514-10426_光明報_1946年5期,,/Users/cheer/Documents/mm agent/mingmeng-history-research/data/domestic/press_scans/NLC404-01J000514-10426_光明報_1946年5期.pdf
109,domestic_ocr_pilot,domestic-ocr:COLLECTION:P3-10427:ocr-draft-20260727,NLC404-01J000514-10427_光明報_1946年6期,,/Users/cheer/Documents/mm agent/mingmeng-history-research/data/domestic/press_scans/NLC404-01J000514-10427_光明報_1946年6期.pdf
110,domestic_ocr_pilot,domestic-ocr:COLLECTION:P3-10428:ocr-draft-20260727,NLC404-01J000514-10428_光明報_1946年7期,,/Users/cheer/Documents/mm agent/mingmeng-history-research/data/domestic/press_scans/NLC404-01J000514-10428_光明報_1946年7期.pdf
111,domestic_ocr_pilot,domestic-ocr:COLLECTION:P3-10429:ocr-draft-20260727,NLC404-01J000514-10429_光明報_1946年8期,,/Users/cheer/Documents/mm agent/mingmeng-history-research/data/domestic/press_scans/NLC404-01J000514-10429_光明報_1946年8期.pdf
112,domestic_ocr_pilot,domestic-ocr:COLLECTION:P3-10430:ocr-draft-20260727,NLC404-01J000514-10430_光明報_1946年9期,,/Users/cheer/Documents/mm agent/mingmeng-history-research/data/domestic/press_scans/NLC404-01J000514-10430_光明報_1946年9期.pdf
113,domestic_ocr_pilot,domestic-ocr:COLLECTION:P3-10453:ocr-draft-20260727,NLC404-01J000514-10453_光明報_1947年13期,,/Users/cheer/Documents/mm agent/mingmeng-history-research/data/domestic/press_scans/NLC404-01J000514-10453_光明報_1947年13期.pdf
114,domestic_ocr_pilot,domestic-ocr:COLLECTION:P3-10454:ocr-draft-20260727,NLC404-01J000514-10454_光明報_1947年14期,,/Users/cheer/Documents/mm agent/mingmeng-history-research/data/domestic/press_scans/NLC404-01J000514-10454_光明報_1947年14期.pdf
115,domestic_ocr_pilot,domestic-ocr:COLLECTION:P3-10455:ocr-draft-20260727,NLC404-01J000514-10455_光明報_1947年15期,,/Users/cheer/Documents/mm agent/mingmeng-history-research/data/domestic/press_scans/NLC404-01J000514-10455_光明報_1947年15期.pdf
116,domestic_ocr_pilot,domestic-ocr:COLLECTION:P3-10456:ocr-draft-20260727,NLC404-01J000514-10456_光明報_1947年16–17期,,/Users/cheer/Documents/mm agent/mingmeng-history-research/data/domestic/press_scans/NLC404-01J000514-10456_光明報_1947年16–17期.pdf
117,domestic_ocr_pilot,domestic-ocr:COLLECTION:P3-10457:ocr-draft-20260727,NLC404-01J000514-10457_光明報_1947年18期,,/Users/cheer/Documents/mm agent/mingmeng-history-research/data/domestic/press_scans/NLC404-01J000514-10457_光明報_1947年18期.pdf
118,domestic_ocr_pilot,domestic-ocr:COLLECTION:P3-10458:ocr-draft-20260727,NLC404-01J000514-10458_光明報_1947年19期,,/Users/cheer/Documents/mm agent/mingmeng-history-research/data/domestic/press_scans/NLC404-01J000514-10458_光明報_1947年19期.pdf
119,domestic_ocr_pilot,domestic-ocr:COLLECTION:P3-10459:ocr-draft-20260727,NLC404-01J000514-10459_光明報_1947年20期,,/Users/cheer/Documents/mm agent/mingmeng-history-research/data/domestic/press_scans/NLC404-01J000514-10459_光明報_1947年20期.pdf
120,domestic_ocr_pilot,domestic-ocr:COLLECTION:P3-8658:ocr-draft-20260727,NLC1080-00N000846-8658_新华日报_1941-10-16,,/Users/cheer/Documents/mm agent/mingmeng-history-research/data/domestic/press_scans/NLC1080-00N000846-8658_新华日报_1941-10-16.pdf
121,domestic_ocr_pilot,domestic-ocr:COLLECTION:P3-N1080-7604:ocr-draft-20260727,NLC1080-00N001037-7604_大剛報_1947年11月04日,,/Users/cheer/Documents/mm agent/mingmeng-history-research/data/domestic/press_scans/NLC1080-00N001037-7604_大剛報_1947年11月04日.pdf
122,domestic_ocr_pilot,domestic-ocr:COLLECTION:P3-N1080-7606:ocr-draft-20260727,NLC1080-00N001037-7606_大剛報_1947年11月06日,,/Users/cheer/Documents/mm agent/mingmeng-history-research/data/domestic/press_scans/NLC1080-00N001037-7606_大剛報_1947年11月06日.pdf
123,domestic_ocr_pilot,domestic-ocr:COLLECTION:P3-85442:ocr-draft-20260727,NLC404-00J001436-85442_民憲_第一卷第一期,,/Users/cheer/Documents/mm agent/mingmeng-history-research/data/domestic/press_scans/NLC404-00J001436-85442_民憲_第一卷第一期.pdf
124,domestic_ocr_pilot,domestic-ocr:COLLECTION:P3-85444:ocr-draft-20260727,NLC404-00J001436-85444_民憲_第一卷第三期,,/Users/cheer/Documents/mm agent/mingmeng-history-research/data/domestic/press_scans/NLC404-00J001436-85444_民憲_第一卷第三期.pdf
125,domestic_ocr_pilot,domestic-ocr:COLLECTION:P3-85446:ocr-draft-20260727,NLC404-00J001436-85446_民憲_第一卷第五期,,/Users/cheer/Documents/mm agent/mingmeng-history-research/data/domestic/press_scans/NLC404-00J001436-85446_民憲_第一卷第五期.pdf
126,domestic_ocr_pilot,domestic-ocr:COLLECTION:P3-85447:ocr-draft-20260727,NLC404-00J001436-85447_民憲_第一卷第六期,,/Users/cheer/Documents/mm agent/mingmeng-history-research/data/domestic/press_scans/NLC404-00J001436-85447_民憲_第一卷第六期.pdf
127,domestic_ocr_pilot,domestic-ocr:COLLECTION:P3-85448:ocr-draft-20260727,NLC404-00J001436-85448_民憲_第一卷第七期,,/Users/cheer/Documents/mm agent/mingmeng-history-research/data/domestic/press_scans/NLC404-00J001436-85448_民憲_第一卷第七期.pdf
128,domestic_ocr_pilot,domestic-ocr:COLLECTION:P3-10483:ocr-draft-20260727,NLC404-01J000514-10483_光明報_1947年22期,,/Users/cheer/Documents/mm agent/mingmeng-history-research/data/domestic/press_scans/NLC404-01J000514-10483_光明報_1947年22期.pdf
129,domestic_ocr_pilot,domestic-ocr:COLLECTION:P3-10484:ocr-draft-20260727,NLC404-01J000514-10484_光明報_1948年1卷1期,,/Users/cheer/Documents/mm agent/mingmeng-history-research/data/domestic/press_scans/NLC404-01J000514-10484_光明報_1948年1卷1期.pdf
130,domestic_ocr_pilot,domestic-ocr:COLLECTION:P3-10514:ocr-draft-20260727,NLC404-01J000514-10514_光明報_1948年1卷12期,,/Users/cheer/Documents/mm agent/mingmeng-history-research/data/domestic/press_scans/NLC404-01J000514-10514_光明報_1948年1卷12期.pdf
131,domestic_ocr_pilot,domestic-ocr:COLLECTION:P3-10515:ocr-draft-20260727,NLC404-01J000514-10515_光明報_1949年2卷1期,,/Users/cheer/Documents/mm agent/mingmeng-history-research/data/domestic/press_scans/NLC404-01J000514-10515_光明報_1949年2卷1期.pdf
132,domestic_ocr_pilot,domestic-ocr:COLLECTION:P3-10835:ocr-draft-20260727,NLC404-01J000514-10835_光明報_1946年2期,,/Users/cheer/Documents/mm agent/mingmeng-history-research/data/domestic/press_scans/NLC404-01J000514-10835_光明報_1946年2期.pdf
133,domestic_ocr_pilot,domestic-ocr:COLLECTION:P3-23806:ocr-draft-20260727,NLC404-01J000514-23806_光明報_1946年11期,,/Users/cheer/Documents/mm agent/mingmeng-history-research/data/domestic/press_scans/NLC404-01J000514-23806_光明報_1946年11期.pdf
134,domestic_ocr_pilot,domestic-ocr:COLLECTION:P3-72821:ocr-draft-20260727,NLC404-01J000514-72821_光明報_1949年2卷12期,,/Users/cheer/Documents/mm agent/mingmeng-history-research/data/domestic/press_scans/NLC404-01J000514-72821_光明報_1949年2卷12期.pdf
135,domestic_ocr_pilot,domestic-ocr:COLLECTION:P3-85443:ocr-draft-20260727,NLC404-00J001436-85443_民憲_第一卷第二期,,/Users/cheer/Documents/mm agent/mingmeng-history-research/data/domestic/press_scans/NLC404-00J001436-85443_民憲_第一卷第二期.pdf
136,domestic_ocr_pilot,domestic-ocr:COLLECTION:P3-85450:ocr-draft-20260727,NLC404-00J001436-85450_民憲_第一卷第九期,,/Users/cheer/Documents/mm agent/mingmeng-history-research/data/domestic/press_scans/NLC404-00J001436-85450_民憲_第一卷第九期.pdf
137,domestic_ocr_pilot,domestic-ocr:COLLECTION:P3-85451:ocr-draft-20260727,NLC404-00J001436-85451_民憲_第一卷第十期,,/Users/cheer/Documents/mm agent/mingmeng-history-research/data/domestic/press_scans/NLC404-00J001436-85451_民憲_第一卷第十期.pdf
138,domestic_ocr_pilot,domestic-ocr:COLLECTION:P3-85452:ocr-draft-20260727,NLC404-00J001436-85452_民憲_第一卷第十一期,,/Users/cheer/Documents/mm agent/mingmeng-history-research/data/domestic/press_scans/NLC404-00J001436-85452_民憲_第一卷第十一期.pdf
139,domestic_ocr_pilot,domestic-ocr:COLLECTION:P3-85454:ocr-draft-20260727,NLC404-00J001436-85454_民憲_第二卷第一期,,/Users/cheer/Documents/mm agent/mingmeng-history-research/data/domestic/press_scans/NLC404-00J001436-85454_民憲_第二卷第一期.pdf
140,domestic_ocr_pilot,domestic-ocr:COLLECTION:P3-85455:ocr-draft-20260727,NLC404-00J001436-85455_民憲_第二卷第二期,,/Users/cheer/Documents/mm agent/mingmeng-history-research/data/domestic/press_scans/NLC404-00J001436-85455_民憲_第二卷第二期.pdf
141,domestic_ocr_pilot,domestic-ocr:COLLECTION:P3-113:ocr-draft-20260727,NLC511-012031312030001-21905_大公報_第113卷,,/Users/cheer/Documents/mm agent/mingmeng-history-research/data/domestic/press_scans/NLC511-012031312030001-21905_大公報_第113卷.pdf
142,domestic_ocr_pilot,domestic-ocr:COLLECTION:P3-114:ocr-draft-20260727,NLC511-012031312030001-21906_大公報_第114卷,,/Users/cheer/Documents/mm agent/mingmeng-history-research/data/domestic/press_scans/NLC511-012031312030001-21906_大公報_第114卷.pdf
143,domestic_public_web,domestic-web:DL-20260727-003,中国人民政治协商会议共同纲领（维基文库公开转录）,https://zh.wikisource.org/wiki/%E4%B8%AD%E5%9B%BD%E4%BA%BA%E6%B0%91%E6%94%BF%E5%8D%8F%E5%95%86%E4%BC%9A%E8%AE%AE%E5%85%B1%E5%90%8C%E7%BA%B2%E9%A2%86,/Users/cheer/Documents/mm agent/mingmeng-history-research/data/domestic/raw/public_sources/DL-20260727-003_wikisource_commonprogram.html
144,domestic_public_web,domestic-web:DL-20260727-004,中国民主同盟简介（民盟中央官方史叙）,https://www.mmzy.org.cn/mmgk/jianjie/default.aspx,/Users/cheer/Documents/mm agent/mingmeng-history-research/data/domestic/raw/public_sources/DL-20260727-004_mmzy_jianjie.html
145,domestic_public_web,domestic-web:DL-20260727-005,1948年1月5日，民盟恢复组织活动（人民政协网钩沉）,https://www.icppcc.cn/newsDetail_1130307,/Users/cheer/Documents/mm agent/mingmeng-history-research/data/domestic/raw/public_sources/DL-20260727-005_icppcc_1948_01_05.html
146,domestic_public_web,domestic-web:DL-20260727-006,中国共产党大事记·1946年,http://cpc.people.com.cn/GB/64162/64164/4416003.html,/Users/cheer/Documents/mm agent/mingmeng-history-research/data/domestic/raw/public_sources/DL-20260727-006_cpc_people_1946.html
147,domestic_public_web,domestic-web:DL-20260727-007,沈钧儒保存的政协筹建会议提纲和记录（中央统战部）,https://www.zytzb.gov.cn/zytzb/2024-11/08/article_2024110814262019636.shtml,/Users/cheer/Documents/mm agent/mingmeng-history-research/data/domestic/raw/public_sources/DL-20260727-007_zytzb_2024_11_08.html
148,domestic_ocr_review,domestic-ocr:NLC:observer-1947-v3n01-front-ocr,《观察》第三卷第1期封面/目录 OCR 草稿,https://commons.wikimedia.org/wiki/File:SSID-13679264_%E8%A7%82%E5%AF%9F_%E7%AC%AC3%E5%8D%B7%E7%AC%AC1-12%E6%9C%9F.pdf,/Users/cheer/Documents/mm agent/mingmeng-history-research/work/domestic/observer_issue_ocr_20260728/观察_第三卷_第01期_1947-08-30_pdf0003-0026.pdf
149,domestic_ocr_review,domestic-ocr:NLC:observer-1947-v3n02-front-ocr,《观察》第三卷第2期封面/目录 OCR 草稿,https://commons.wikimedia.org/wiki/File:SSID-13679264_%E8%A7%82%E5%AF%9F_%E7%AC%AC3%E5%8D%B7%E7%AC%AC1-12%E6%9C%9F.pdf,/Users/cheer/Documents/mm agent/mingmeng-history-research/work/domestic/observer_issue_ocr_20260728/观察_第三卷_第02期_1947-09-06_pdf0027-0050.pdf
150,domestic_ocr_review,domestic-ocr:NLC:observer-1947-v3n03-front-ocr,《观察》第三卷第3期封面/目录 OCR 草稿,https://commons.wikimedia.org/wiki/File:SSID-13679264_%E8%A7%82%E5%AF%9F_%E7%AC%AC3%E5%8D%B7%E7%AC%AC1-12%E6%9C%9F.pdf,/Users/cheer/Documents/mm agent/mingmeng-history-research/work/domestic/observer_issue_ocr_20260728/观察_第三卷_第03期_1947-09-13_pdf0051-0074.pdf
151,domestic_ocr_review,domestic-ocr:NLC:observer-1947-v3n04-front-ocr,《观察》第三卷第4期封面/目录 OCR 草稿,https://commons.wikimedia.org/wiki/File:SSID-13679264_%E8%A7%82%E5%AF%9F_%E7%AC%AC3%E5%8D%B7%E7%AC%AC1-12%E6%9C%9F.pdf,/Users/cheer/Documents/mm agent/mingmeng-history-research/work/domestic/observer_issue_ocr_20260728/观察_第三卷_第04期_1947-09-20_pdf0075-0098.pdf
152,domestic_ocr_review,domestic-ocr:NLC:observer-1947-v3n05-front-ocr,《观察》第三卷第5期封面/目录 OCR 草稿,https://commons.wikimedia.org/wiki/File:SSID-13679264_%E8%A7%82%E5%AF%9F_%E7%AC%AC3%E5%8D%B7%E7%AC%AC1-12%E6%9C%9F.pdf,/Users/cheer/Documents/mm agent/mingmeng-history-research/work/domestic/observer_issue_ocr_20260728/观察_第三卷_第05期_1947-09-27_pdf0099-0122.pdf
153,domestic_ocr_review,domestic-ocr:NLC:observer-1947-v3n06-front-ocr,《观察》第三卷第6期封面/目录 OCR 草稿,https://commons.wikimedia.org/wiki/File:SSID-13679264_%E8%A7%82%E5%AF%9F_%E7%AC%AC3%E5%8D%B7%E7%AC%AC1-12%E6%9C%9F.pdf,/Users/cheer/Documents/mm agent/mingmeng-history-research/work/domestic/observer_issue_ocr_20260728/观察_第三卷_第06期_1947-10-04_pdf0123-0146.pdf
154,domestic_ocr_review,domestic-ocr:NLC:observer-1947-v3n07-front-ocr,《观察》第三卷第7期封面/目录 OCR 草稿,https://commons.wikimedia.org/wiki/File:SSID-13679264_%E8%A7%82%E5%AF%9F_%E7%AC%AC3%E5%8D%B7%E7%AC%AC1-12%E6%9C%9F.pdf,/Users/cheer/Documents/mm agent/mingmeng-history-research/work/domestic/observer_issue_ocr_20260728/观察_第三卷_第07期_1947-10-11_pdf0147-0174.pdf
155,domestic_ocr_review,domestic-ocr:NLC:observer-1947-v3n08-front-ocr,《观察》第三卷第8期封面/目录 OCR 草稿,https://commons.wikimedia.org/wiki/File:SSID-13679264_%E8%A7%82%E5%AF%9F_%E7%AC%AC3%E5%8D%B7%E7%AC%AC1-12%E6%9C%9F.pdf,/Users/cheer/Documents/mm agent/mingmeng-history-research/work/domestic/observer_issue_ocr_20260728/观察_第三卷_第08期_1947-10-18_pdf0175-0198.pdf
156,domestic_ocr_review,domestic-ocr:NLC:observer-1947-v3n09-front-ocr,《观察》第三卷第9期封面/目录 OCR 草稿,https://commons.wikimedia.org/wiki/File:SSID-13679264_%E8%A7%82%E5%AF%9F_%E7%AC%AC3%E5%8D%B7%E7%AC%AC1-12%E6%9C%9F.pdf,/Users/cheer/Documents/mm agent/mingmeng-history-research/work/domestic/observer_issue_ocr_20260728/观察_第三卷_第09期_1947-10-25_pdf0199-0218.pdf
157,domestic_ocr_review,domestic-ocr:NLC:observer-1947-v3n10-front-ocr,《观察》第三卷第10期封面/目录 OCR 草稿,https://commons.wikimedia.org/wiki/File:SSID-13679264_%E8%A7%82%E5%AF%9F_%E7%AC%AC3%E5%8D%B7%E7%AC%AC1-12%E6%9C%9F.pdf,/Users/cheer/Documents/mm agent/mingmeng-history-research/work/domestic/observer_issue_ocr_20260728/观察_第三卷_第10期_1947-11-01_pdf0219-0238.pdf
158,domestic_ocr_review,domestic-ocr:NLC:observer-1947-v3n11-front-ocr,《观察》第三卷第11期封面/目录 OCR 草稿,https://commons.wikimedia.org/wiki/File:SSID-13679264_%E8%A7%82%E5%AF%9F_%E7%AC%AC3%E5%8D%B7%E7%AC%AC1-12%E6%9C%9F.pdf,/Users/cheer/Documents/mm agent/mingmeng-history-research/work/domestic/observer_issue_ocr_20260728/观察_第三卷_第11期_1947-11-08_pdf0239-0258.pdf
159,domestic_ocr_review,domestic-ocr:NLC:observer-1947-v3n12-front-ocr,《观察》第三卷第12期封面/目录 OCR 草稿,https://commons.wikimedia.org/wiki/File:SSID-13679264_%E8%A7%82%E5%AF%9F_%E7%AC%AC3%E5%8D%B7%E7%AC%AC1-12%E6%9C%9F.pdf,/Users/cheer/Documents/mm agent/mingmeng-history-research/work/domestic/observer_issue_ocr_20260728/观察_第三卷_第12期_1947-11-15_pdf0259-0278.pdf
160,domestic_ocr_pilot,domestic-ocr:LOCALFULL:P3-002,NLC404-01J000514-10460_光明報_1947年21期.pdf · OCR检索草稿,,/Users/cheer/Documents/mm agent/mingmeng-history-research/data/domestic/press_scans/NLC404-01J000514-10460_光明報_1947年21期.pdf
161,domestic_ocr_pilot,domestic-ocr:LOCALFULL:P3-003,NLC404-00J001436-85449_民憲_第一卷第八期.pdf · OCR检索草稿,,/Users/cheer/Documents/mm agent/mingmeng-history-research/data/domestic/press_scans/NLC404-00J001436-85449_民憲_第一卷第八期.pdf
162,domestic_ocr_pilot,domestic-ocr:LOCALFULL:P3-004,NLC404-01J000514-10431_光明報_1946年10期.pdf · OCR检索草稿,,/Users/cheer/Documents/mm agent/mingmeng-history-research/data/domestic/press_scans/NLC404-01J000514-10431_光明報_1946年10期.pdf
163,domestic_ocr_pilot,domestic-ocr:LOCALFULL:P3-005,NLC404-00J001436-85453_民憲_第一卷第十二期.pdf · OCR检索草稿,,/Users/cheer/Documents/mm agent/mingmeng-history-research/data/domestic/press_scans/NLC404-00J001436-85453_民憲_第一卷第十二期.pdf
164,domestic_ocr_pilot,domestic-ocr:LOCALFULL:P3-006,NLC1080-00N000846-8631_新华日报_1941-10-10.pdf · OCR检索草稿,,/Users/cheer/Documents/mm agent/mingmeng-history-research/data/domestic/press_scans/NLC1080-00N000846-8631_新华日报_1941-10-10.pdf
165,domestic_ocr_pilot,domestic-ocr:LOCALFULL:P3-007,NLC404-00J001436-85445_民憲_第一卷第四期.pdf · OCR检索草稿,,/Users/cheer/Documents/mm agent/mingmeng-history-research/data/domestic/press_scans/NLC404-00J001436-85445_民憲_第一卷第四期.pdf
166,domestic_ocr_pilot,domestic-ocr:LOCALFULL:P3-008,NLC404-01J000514-10834_光明報_1946年1期.pdf · OCR检索草稿,,/Users/cheer/Documents/mm agent/mingmeng-history-research/data/domestic/press_scans/NLC404-01J000514-10834_光明報_1946年1期.pdf
167,domestic_ocr_pilot,domestic-ocr:LOCALFULL:P3-009,NLC404-01J000332-6817_观察_1947年3卷11期.pdf · OCR检索草稿,,/Users/cheer/Documents/mm agent/mingmeng-history-research/data/domestic/press_scans/NLC404-01J000332-6817_观察_1947年3卷11期.pdf
168,domestic_ocr_pilot,domestic-ocr:LOCALFULL:P3-010,NLC404-01J000514-72818_光明報_1947年12期.pdf · OCR检索草稿,,/Users/cheer/Documents/mm agent/mingmeng-history-research/data/domestic/press_scans/NLC404-01J000514-72818_光明報_1947年12期.pdf
169,domestic_ocr_pilot,domestic-ocr:LOCALFULL:P3-011,NLC416-01jh004281-12557_民主同盟文獻_1946.pdf · OCR检索草稿,,/Users/cheer/Documents/mm agent/mingmeng-history-research/data/domestic/sourcebooks/NLC416-01jh004281-12557_民主同盟文獻_1946.pdf
170,domestic_ocr_pilot,domestic-ocr:LOCALFULL:P3-012,NLC511-027032013012333-19131_民主同盟文獻_alternate_scan.pdf · OCR检索草稿,,/Users/cheer/Documents/mm agent/mingmeng-history-research/data/domestic/sourcebooks/NLC511-027032013012333-19131_民主同盟文獻_alternate_scan.pdf
171,domestic_ocr_pilot,domestic-ocr:LOCALFULL:P3-013,NLC511-027032016010761-42571_中国民主同盟言论集.pdf · OCR检索草稿,,/Users/cheer/Documents/mm agent/mingmeng-history-research/data/domestic/sourcebooks/NLC511-027032016010761-42571_中国民主同盟言论集.pdf
172,domestic_ocr_pilot,domestic-ocr:LOCALFULL:P3-014,中国民主同盟临时全国代表大会宣言_公开转录.pdf · OCR检索草稿,,/Users/cheer/Documents/mm agent/mingmeng-history-research/data/domestic/sourcebooks/中国民主同盟临时全国代表大会宣言_公开转录.pdf
173,domestic_ocr_pilot,domestic-ocr:LOCALFULL:P3-015,中国民主同盟历史文献_1941-1949_公开扫描.pdf · OCR检索草稿,,/Users/cheer/Documents/mm agent/mingmeng-history-research/data/domestic/sourcebooks/中国民主同盟历史文献_1941-1949_公开扫描.pdf
174,domestic_ocr_pilot,domestic-ocr:LOCALFULL:P3-020,GXMM_大公報_天津版_1947-11-06_第2版_民盟宣布解散_嵌图截取.png · OCR检索草稿,,/Users/cheer/Documents/mm agent/mingmeng-history-research/data/domestic/press_scans/GXMM_大公報_天津版_1947-11-06_第2版_民盟宣布解散_嵌图截取.png
175,domestic_ocr_pilot,domestic-ocr:LOCALFULL:P3-021,LNU_PROFMKCHAN_INDEXLIST_14_光明報_1941.pdf · OCR检索草稿,,/Users/cheer/Documents/mm agent/mingmeng-history-research/data/domestic/press_scans/LNU_PROFMKCHAN_INDEXLIST_14_光明報_1941.pdf
176,domestic_ocr_pilot,domestic-ocr:LOCALFULL:P3-023,SSID-13679264_观察_第3卷第1-12期.pdf · OCR检索草稿,,/Users/cheer/Documents/mm agent/mingmeng-history-research/data/domestic/press_scans/SSID-13679264_观察_第3卷第1-12期.pdf
177,domestic_ocr_pilot,domestic-ocr:LOCALFULL:P3-10424,NLC404-01J000514-10424_光明報_1946年3期.pdf · OCR检索草稿,,/Users/cheer/Documents/mm agent/mingmeng-history-research/data/domestic/press_scans/NLC404-01J000514-10424_光明報_1946年3期.pdf
178,domestic_ocr_pilot,domestic-ocr:LOCALFULL:P3-10425,NLC404-01J000514-10425_光明報_1946年4期.pdf · OCR检索草稿,,/Users/cheer/Documents/mm agent/mingmeng-history-research/data/domestic/press_scans/NLC404-01J000514-10425_光明報_1946年4期.pdf
179,domestic_ocr_pilot,domestic-ocr:LOCALFULL:P3-10426,NLC404-01J000514-10426_光明報_1946年5期.pdf · OCR检索草稿,,/Users/cheer/Documents/mm agent/mingmeng-history-research/data/domestic/press_scans/NLC404-01J000514-10426_光明報_1946年5期.pdf
180,domestic_ocr_pilot,domestic-ocr:LOCALFULL:P3-10427,NLC404-01J000514-10427_光明報_1946年6期.pdf · OCR检索草稿,,/Users/cheer/Documents/mm agent/mingmeng-history-research/data/domestic/press_scans/NLC404-01J000514-10427_光明報_1946年6期.pdf
181,domestic_ocr_pilot,domestic-ocr:LOCALFULL:P3-10428,NLC404-01J000514-10428_光明報_1946年7期.pdf · OCR检索草稿,,/Users/cheer/Documents/mm agent/mingmeng-history-research/data/domestic/press_scans/NLC404-01J000514-10428_光明報_1946年7期.pdf
182,domestic_ocr_pilot,domestic-ocr:LOCALFULL:P3-10429,NLC404-01J000514-10429_光明報_1946年8期.pdf · OCR检索草稿,,/Users/cheer/Documents/mm agent/mingmeng-history-research/data/domestic/press_scans/NLC404-01J000514-10429_光明報_1946年8期.pdf
183,domestic_ocr_pilot,domestic-ocr:LOCALFULL:P3-10430,NLC404-01J000514-10430_光明報_1946年9期.pdf · OCR检索草稿,,/Users/cheer/Documents/mm agent/mingmeng-history-research/data/domestic/press_scans/NLC404-01J000514-10430_光明報_1946年9期.pdf
184,domestic_ocr_pilot,domestic-ocr:LOCALFULL:P3-10453,NLC404-01J000514-10453_光明報_1947年13期.pdf · OCR检索草稿,,/Users/cheer/Documents/mm agent/mingmeng-history-research/data/domestic/press_scans/NLC404-01J000514-10453_光明報_1947年13期.pdf
185,domestic_ocr_pilot,domestic-ocr:LOCALFULL:P3-10454,NLC404-01J000514-10454_光明報_1947年14期.pdf · OCR检索草稿,,/Users/cheer/Documents/mm agent/mingmeng-history-research/data/domestic/press_scans/NLC404-01J000514-10454_光明報_1947年14期.pdf
186,domestic_ocr_pilot,domestic-ocr:LOCALFULL:P3-10455,NLC404-01J000514-10455_光明報_1947年15期.pdf · OCR检索草稿,,/Users/cheer/Documents/mm agent/mingmeng-history-research/data/domestic/press_scans/NLC404-01J000514-10455_光明報_1947年15期.pdf
187,domestic_ocr_pilot,domestic-ocr:LOCALFULL:P3-10456,NLC404-01J000514-10456_光明報_1947年16–17期.pdf · OCR检索草稿,,/Users/cheer/Documents/mm agent/mingmeng-history-research/data/domestic/press_scans/NLC404-01J000514-10456_光明報_1947年16–17期.pdf
188,domestic_ocr_pilot,domestic-ocr:LOCALFULL:P3-10457,NLC404-01J000514-10457_光明報_1947年18期.pdf · OCR检索草稿,,/Users/cheer/Documents/mm agent/mingmeng-history-research/data/domestic/press_scans/NLC404-01J000514-10457_光明報_1947年18期.pdf
189,domestic_ocr_pilot,domestic-ocr:LOCALFULL:P3-10458,NLC404-01J000514-10458_光明報_1947年19期.pdf · OCR检索草稿,,/Users/cheer/Documents/mm agent/mingmeng-history-research/data/domestic/press_scans/NLC404-01J000514-10458_光明報_1947年19期.pdf
190,domestic_ocr_pilot,domestic-ocr:LOCALFULL:P3-10459,NLC404-01J000514-10459_光明報_1947年20期.pdf · OCR检索草稿,,/Users/cheer/Documents/mm agent/mingmeng-history-research/data/domestic/press_scans/NLC404-01J000514-10459_光明報_1947年20期.pdf
191,domestic_ocr_pilot,domestic-ocr:LOCALFULL:P3-10483,NLC404-01J000514-10483_光明報_1947年22期.pdf · OCR检索草稿,,/Users/cheer/Documents/mm agent/mingmeng-history-research/data/domestic/press_scans/NLC404-01J000514-10483_光明報_1947年22期.pdf
192,domestic_ocr_pilot,domestic-ocr:LOCALFULL:P3-10484,NLC404-01J000514-10484_光明報_1948年1卷1期.pdf · OCR检索草稿,,/Users/cheer/Documents/mm agent/mingmeng-history-research/data/domestic/press_scans/NLC404-01J000514-10484_光明報_1948年1卷1期.pdf
193,domestic_ocr_pilot,domestic-ocr:LOCALFULL:P3-10514,NLC404-01J000514-10514_光明報_1948年1卷12期.pdf · OCR检索草稿,,/Users/cheer/Documents/mm agent/mingmeng-history-research/data/domestic/press_scans/NLC404-01J000514-10514_光明報_1948年1卷12期.pdf
194,domestic_ocr_pilot,domestic-ocr:LOCALFULL:P3-10515,NLC404-01J000514-10515_光明報_1949年2卷1期.pdf · OCR检索草稿,,/Users/cheer/Documents/mm agent/mingmeng-history-research/data/domestic/press_scans/NLC404-01J000514-10515_光明報_1949年2卷1期.pdf
195,domestic_ocr_pilot,domestic-ocr:LOCALFULL:P3-10835,NLC404-01J000514-10835_光明報_1946年2期.pdf · OCR检索草稿,,/Users/cheer/Documents/mm agent/mingmeng-history-research/data/domestic/press_scans/NLC404-01J000514-10835_光明報_1946年2期.pdf
196,domestic_ocr_pilot,domestic-ocr:LOCALFULL:P3-23806,NLC404-01J000514-23806_光明報_1946年11期.pdf · OCR检索草稿,,/Users/cheer/Documents/mm agent/mingmeng-history-research/data/domestic/press_scans/NLC404-01J000514-23806_光明報_1946年11期.pdf
197,domestic_ocr_pilot,domestic-ocr:LOCALFULL:P3-72821,NLC404-01J000514-72821_光明報_1949年2卷12期.pdf · OCR检索草稿,,/Users/cheer/Documents/mm agent/mingmeng-history-research/data/domestic/press_scans/NLC404-01J000514-72821_光明報_1949年2卷12期.pdf
198,domestic_ocr_pilot,domestic-ocr:LOCALFULL:P3-85442,NLC404-00J001436-85442_民憲_第一卷第一期.pdf · OCR检索草稿,,/Users/cheer/Documents/mm agent/mingmeng-history-research/data/domestic/press_scans/NLC404-00J001436-85442_民憲_第一卷第一期.pdf
199,domestic_ocr_pilot,domestic-ocr:LOCALFULL:P3-85443,NLC404-00J001436-85443_民憲_第一卷第二期.pdf · OCR检索草稿,,/Users/cheer/Documents/mm agent/mingmeng-history-research/data/domestic/press_scans/NLC404-00J001436-85443_民憲_第一卷第二期.pdf
200,domestic_ocr_pilot,domestic-ocr:LOCALFULL:P3-85444,NLC404-00J001436-85444_民憲_第一卷第三期.pdf · OCR检索草稿,,/Users/cheer/Documents/mm agent/mingmeng-history-research/data/domestic/press_scans/NLC404-00J001436-85444_民憲_第一卷第三期.pdf
201,domestic_ocr_pilot,domestic-ocr:LOCALFULL:P3-85446,NLC404-00J001436-85446_民憲_第一卷第五期.pdf · OCR检索草稿,,/Users/cheer/Documents/mm agent/mingmeng-history-research/data/domestic/press_scans/NLC404-00J001436-85446_民憲_第一卷第五期.pdf
202,domestic_ocr_pilot,domestic-ocr:LOCALFULL:P3-85447,NLC404-00J001436-85447_民憲_第一卷第六期.pdf · OCR检索草稿,,/Users/cheer/Documents/mm agent/mingmeng-history-research/data/domestic/press_scans/NLC404-00J001436-85447_民憲_第一卷第六期.pdf
203,domestic_ocr_pilot,domestic-ocr:LOCALFULL:P3-85448,NLC404-00J001436-85448_民憲_第一卷第七期.pdf · OCR检索草稿,,/Users/cheer/Documents/mm agent/mingmeng-history-research/data/domestic/press_scans/NLC404-00J001436-85448_民憲_第一卷第七期.pdf
204,domestic_ocr_pilot,domestic-ocr:LOCALFULL:P3-85450,NLC404-00J001436-85450_民憲_第一卷第九期.pdf · OCR检索草稿,,/Users/cheer/Documents/mm agent/mingmeng-history-research/data/domestic/press_scans/NLC404-00J001436-85450_民憲_第一卷第九期.pdf
205,domestic_ocr_pilot,domestic-ocr:LOCALFULL:P3-85451,NLC404-00J001436-85451_民憲_第一卷第十期.pdf · OCR检索草稿,,/Users/cheer/Documents/mm agent/mingmeng-history-research/data/domestic/press_scans/NLC404-00J001436-85451_民憲_第一卷第十期.pdf
206,domestic_ocr_pilot,domestic-ocr:LOCALFULL:P3-85452,NLC404-00J001436-85452_民憲_第一卷第十一期.pdf · OCR检索草稿,,/Users/cheer/Documents/mm agent/mingmeng-history-research/data/domestic/press_scans/NLC404-00J001436-85452_民憲_第一卷第十一期.pdf
207,domestic_ocr_pilot,domestic-ocr:LOCALFULL:P3-85454,NLC404-00J001436-85454_民憲_第二卷第一期.pdf · OCR检索草稿,,/Users/cheer/Documents/mm agent/mingmeng-history-research/data/domestic/press_scans/NLC404-00J001436-85454_民憲_第二卷第一期.pdf
208,domestic_ocr_pilot,domestic-ocr:LOCALFULL:P3-85455,NLC404-00J001436-85455_民憲_第二卷第二期.pdf · OCR检索草稿,,/Users/cheer/Documents/mm agent/mingmeng-history-research/data/domestic/press_scans/NLC404-00J001436-85455_民憲_第二卷第二期.pdf
209,domestic_ocr_pilot,domestic-ocr:LOCALFULL:P3-8658,NLC1080-00N000846-8658_新华日报_1941-10-16.pdf · OCR检索草稿,,/Users/cheer/Documents/mm agent/mingmeng-history-research/data/domestic/press_scans/NLC1080-00N000846-8658_新华日报_1941-10-16.pdf
210,domestic_ocr_pilot,domestic-ocr:LOCALFULL:P3-N1080-7604,NLC1080-00N001037-7604_大剛報_1947年11月04日.pdf · OCR检索草稿,,/Users/cheer/Documents/mm agent/mingmeng-history-research/data/domestic/press_scans/NLC1080-00N001037-7604_大剛報_1947年11月04日.pdf
211,domestic_ocr_pilot,domestic-ocr:LOCALFULL:P3-N1080-7606,NLC1080-00N001037-7606_大剛報_1947年11月06日.pdf · OCR检索草稿,,/Users/cheer/Documents/mm agent/mingmeng-history-research/data/domestic/press_scans/NLC1080-00N001037-7606_大剛報_1947年11月06日.pdf
212,domestic_page_ocr,domestic-page-ocr/SSID-13679264,《觀察》第三卷第一至十二期合订本,,data/domestic/press_scans/SSID-13679264_观察_第3卷第1-12期.pdf
213,domestic_page_ocr,domestic-page-ocr/NLC511-012031312030001-21906,《大公報》第一一四卷,,data/domestic/press_scans/NLC511-012031312030001-21906_大公報_第114卷.pdf
214,domestic_page_ocr,domestic-page-ocr/ROC1947-10-30,《國民政府公報》第2967號 1947-10-30,,data/domestic/gazette_scans/ROC1947-10-30國民政府公報2967.pdf
215,domestic_page_ocr,domestic-page-ocr/NLC511-012031312030001-21905,《大公報》第一一三卷,,data/domestic/press_scans/NLC511-012031312030001-21905_大公報_第113卷.pdf
216,domestic_page_ocr,domestic-page-ocr/NLC404-00J001436-85454,《民憲》第二卷第一期,,data/domestic/press_scans/NLC404-00J001436-85454_民憲_第二卷第一期.pdf
217,domestic_page_ocr,domestic-page-ocr/NLC404-00J001436-85448,《民憲》第一卷第七期,,data/domestic/press_scans/NLC404-00J001436-85448_民憲_第一卷第七期.pdf
218,domestic_page_ocr,domestic-page-ocr/NLC404-00J001436-85452,《民憲》第一卷第十一期,,data/domestic/press_scans/NLC404-00J001436-85452_民憲_第一卷第十一期.pdf
219,domestic_page_ocr,domestic-page-ocr/NLC404-00J001436-85446,《民憲》第一卷第五期,,data/domestic/press_scans/NLC404-00J001436-85446_民憲_第一卷第五期.pdf
220,domestic_page_ocr,domestic-page-ocr/NLC404-00J001436-85449,《民憲》第一卷第八期,,data/domestic/press_scans/NLC404-00J001436-85449_民憲_第一卷第八期.pdf
221,domestic_page_ocr,domestic-page-ocr/NLC404-00J001436-85451,《民憲》第一卷第十期,,data/domestic/press_scans/NLC404-00J001436-85451_民憲_第一卷第十期.pdf
222,domestic_page_ocr,domestic-page-ocr/NLC404-00J001436-85443,《民憲》第一卷第二期,,data/domestic/press_scans/NLC404-00J001436-85443_民憲_第一卷第二期.pdf
223,domestic_page_ocr,domestic-page-ocr/NLC404-00J001436-85445,《民憲》第一卷第四期,,data/domestic/press_scans/NLC404-00J001436-85445_民憲_第一卷第四期.pdf
224,domestic_page_ocr,domestic-page-ocr/NLC404-00J001436-85447,《民憲》第一卷第六期,,data/domestic/press_scans/NLC404-00J001436-85447_民憲_第一卷第六期.pdf
225,domestic_page_ocr,domestic-page-ocr/NLC404-00J001436-85453,《民憲》第一卷第十二期,,data/domestic/press_scans/NLC404-00J001436-85453_民憲_第一卷第十二期.pdf
226,domestic_page_ocr,domestic-page-ocr/NLC404-00J001436-85450,《民憲》第一卷第九期,,data/domestic/press_scans/NLC404-00J001436-85450_民憲_第一卷第九期.pdf
227,domestic_page_ocr,domestic-page-ocr/NLC404-00J001436-85455,《民憲》第二卷第二期,,data/domestic/press_scans/NLC404-00J001436-85455_民憲_第二卷第二期.pdf
228,domestic_page_ocr,domestic-page-ocr/NLC404-00J001436-85442,《民憲》第一卷第一期,,data/domestic/press_scans/NLC404-00J001436-85442_民憲_第一卷第一期.pdf
229,domestic_page_ocr,domestic-page-ocr/NLC404-00J001436-85444,《民憲》第一卷第三期,,data/domestic/press_scans/NLC404-00J001436-85444_民憲_第一卷第三期.pdf
230,domestic_page_ocr,domestic-page-ocr/NLC404-01J000514-10834,《光明報》1946 年1期,,data/domestic/press_scans/NLC404-01J000514-10834_光明報_1946年1期.pdf
231,domestic_page_ocr,domestic-page-ocr/NLC404-01J000514-10426,《光明報》1946 年5期,,data/domestic/press_scans/NLC404-01J000514-10426_光明報_1946年5期.pdf
232,domestic_page_ocr,domestic-page-ocr/NLC404-01J000514-10483,《光明報》1947 年22期,,data/domestic/press_scans/NLC404-01J000514-10483_光明報_1947年22期.pdf
233,domestic_page_ocr,domestic-page-ocr/NLC404-01J000514-23806,《光明報》1946 年11期,,data/domestic/press_scans/NLC404-01J000514-23806_光明報_1946年11期.pdf
234,domestic_page_ocr,domestic-page-ocr/ROC1947-10-27,《國民政府公報》第2964號 1947-10-27,,data/domestic/gazette_scans/ROC1947-10-27國民政府公報2964.pdf
235,domestic_page_ocr,domestic-page-ocr/ROC1947-11-07,《國民政府公報》第2974號 1947-11-07,,data/domestic/gazette_scans/ROC1947-11-07國民政府公報2974.pdf
236,domestic_page_ocr,domestic-page-ocr/NLC404-01J000514-10424,《光明報》1946 年3期,,data/domestic/press_scans/NLC404-01J000514-10424_光明報_1946年3期.pdf
237,domestic_page_ocr,domestic-page-ocr/NLC404-01J000332-6817,《觀察》第三卷第十一期,,data/domestic/press_scans/NLC404-01J000332-6817_观察_1947年3卷11期.pdf
238,domestic_page_ocr,domestic-page-ocr/NLC404-01J000514-10425,《光明報》1946 年4期,,data/domestic/press_scans/NLC404-01J000514-10425_光明報_1946年4期.pdf
239,domestic_page_ocr,domestic-page-ocr/NLC404-01J000514-10427,《光明報》1946 年6期,,data/domestic/press_scans/NLC404-01J000514-10427_光明報_1946年6期.pdf
240,domestic_page_ocr,domestic-page-ocr/NLC404-01J000514-10428,《光明報》1946 年7期,,data/domestic/press_scans/NLC404-01J000514-10428_光明報_1946年7期.pdf
241,domestic_page_ocr,domestic-page-ocr/NLC404-01J000514-10429,《光明報》1946 年8期,,data/domestic/press_scans/NLC404-01J000514-10429_光明報_1946年8期.pdf
242,domestic_page_ocr,domestic-page-ocr/NLC404-01J000514-10430,《光明報》1946 年9期,,data/domestic/press_scans/NLC404-01J000514-10430_光明報_1946年9期.pdf
243,domestic_page_ocr,domestic-page-ocr/NLC404-01J000514-10431,《光明報》1946 年10期,,data/domestic/press_scans/NLC404-01J000514-10431_光明報_1946年10期.pdf
244,domestic_page_ocr,domestic-page-ocr/NLC404-01J000514-10459,《光明報》1947 年20期,,data/domestic/press_scans/NLC404-01J000514-10459_光明報_1947年20期.pdf
245,domestic_page_ocr,domestic-page-ocr/NLC404-01J000514-10460,《光明報》1947 年21期,,data/domestic/press_scans/NLC404-01J000514-10460_光明報_1947年21期.pdf
246,domestic_page_ocr,domestic-page-ocr/NLC404-01J000514-10835,《光明報》1946 年2期,,data/domestic/press_scans/NLC404-01J000514-10835_光明報_1946年2期.pdf
247,domestic_page_ocr,domestic-page-ocr/ROC1947-11-06,《國民政府公報》第2973號 1947-11-06,,data/domestic/gazette_scans/ROC1947-11-06國民政府公報2973.pdf
248,domestic_page_ocr,domestic-page-ocr/NLC404-01J000514-10454,《光明報》1947 年14期,,data/domestic/press_scans/NLC404-01J000514-10454_光明報_1947年14期.pdf
249,domestic_page_ocr,domestic-page-ocr/NLC404-01J000514-10458,《光明報》1947 年19期,,data/domestic/press_scans/NLC404-01J000514-10458_光明報_1947年19期.pdf
250,domestic_page_ocr,domestic-page-ocr/NLC1080-00N000846-8631,《新华日报》1941-10-10,,data/domestic/press_scans/NLC1080-00N000846-8631_新华日报_1941-10-10.pdf
251,domestic_page_ocr,domestic-page-ocr/NLC404-01J000514-10453,《光明報》1947 年13期,,data/domestic/press_scans/NLC404-01J000514-10453_光明報_1947年13期.pdf
252,domestic_page_ocr,domestic-page-ocr/NLC404-01J000514-10455,《光明報》1947 年15期,,data/domestic/press_scans/NLC404-01J000514-10455_光明報_1947年15期.pdf
253,domestic_page_ocr,domestic-page-ocr/NLC404-01J000514-10456,《光明報》1947 年16–17期,,data/domestic/press_scans/NLC404-01J000514-10456_光明報_1947年16–17期.pdf
254,domestic_page_ocr,domestic-page-ocr/NLC404-01J000514-10457,《光明報》1947 年18期,,data/domestic/press_scans/NLC404-01J000514-10457_光明報_1947年18期.pdf
255,domestic_page_ocr,domestic-page-ocr/NLC404-01J000514-10484,《光明報》1948 年1卷1期,,data/domestic/press_scans/NLC404-01J000514-10484_光明報_1948年1卷1期.pdf
256,domestic_page_ocr,domestic-page-ocr/NLC404-01J000514-10514,《光明報》1948 年1卷12期,,data/domestic/press_scans/NLC404-01J000514-10514_光明報_1948年1卷12期.pdf
257,domestic_page_ocr,domestic-page-ocr/NLC404-01J000514-72818,《光明報》1947 年12期,,data/domestic/press_scans/NLC404-01J000514-72818_光明報_1947年12期.pdf
258,domestic_page_ocr,domestic-page-ocr/NLC404-01J000514-10515,《光明報》1949 年2卷1期,,data/domestic/press_scans/NLC404-01J000514-10515_光明報_1949年2卷1期.pdf
259,domestic_page_ocr,domestic-page-ocr/NLC404-01J000514-72821,《光明報》1949 年2卷12期,,data/domestic/press_scans/NLC404-01J000514-72821_光明報_1949年2卷12期.pdf
260,domestic_page_ocr,domestic-page-ocr/SRC-088458899f,《中国民主同盟临时全国代表大会宣言》公开转录,,data/domestic/sourcebooks/中国民主同盟临时全国代表大会宣言_公开转录.pdf
261,domestic_page_ocr,domestic-page-ocr/SRC-257bb7be70,《中国民主同盟历史文献 1941—1949》公开扫描,,data/domestic/sourcebooks/中国民主同盟历史文献_1941-1949_公开扫描.pdf
262,domestic_page_ocr,domestic-page-ocr/NLC511-027032016010761-42571,《中国民主同盟言论集》,,data/domestic/sourcebooks/NLC511-027032016010761-42571_中国民主同盟言论集.pdf
263,domestic_page_ocr,domestic-page-ocr/NLC416-01jh004281-12557,《民主同盟文獻》1946,,data/domestic/sourcebooks/NLC416-01jh004281-12557_民主同盟文獻_1946.pdf
264,domestic_page_ocr,domestic-page-ocr/NLC511-027032013012333-19131,《民主同盟文獻》另一扫描本,,data/domestic/sourcebooks/NLC511-027032013012333-19131_民主同盟文獻_alternate_scan.pdf
265,domestic_page_ocr,domestic-page-ocr/GXMM,《大公報》天津版 1947-11-06 第2版〈民盟宣布解散〉嵌图截取,,data/domestic/press_scans/GXMM_大公報_天津版_1947-11-06_第2版_民盟宣布解散_嵌图截取.png
266,domestic_page_ocr,domestic-page-ocr/SRC-7ff54b899d,1941 年《光明報》香港工运剪报索引清单,,data/domestic/press_scans/LNU_PROFMKCHAN_INDEXLIST_14_光明報_1941.pdf
267,domestic_page_ocr,domestic-page-ocr/NLC1080-00N000846-8658,《新华日报》1941-10-16,,data/domestic/press_scans/NLC1080-00N000846-8658_新华日报_1941-10-16.pdf
268,domestic_page_ocr,domestic-page-ocr/NLC1080-00N000846-8712,《新华日报》1941-10-28,,data/domestic/press_scans/NLC1080-00N000846-8712_新华日报_1941-10-28.pdf
269,domestic_page_ocr,domestic-page-ocr/NLC1080-00N001037-7604,《大剛報》1947-11-04,,data/domestic/press_scans/NLC1080-00N001037-7604_大剛報_1947年11月04日.pdf
270,domestic_page_ocr,domestic-page-ocr/NLC1080-00N001037-7606,《大剛報》1947-11-06,,data/domestic/press_scans/NLC1080-00N001037-7606_大剛報_1947年11月06日.pdf
271,domestic_page_ocr,s3:domestic:NLC:guangmingbao-1948-1949-v1n1-article,民盟三中全会的成就,https://commons.wikimedia.org/wiki/File:NLC404-01J000514-10484_光明報_1948年1卷1期.pdf,
272,domestic_page_ocr,s3:domestic:NLC:guangmingbao-1948-1949-v1n12-article,反對美國援蔣扶日,https://commons.wikimedia.org/wiki/File:NLC404-01J000514-10514_光明報_1948年1卷12期.pdf,
273,domestic_page_ocr,s3:domestic:NLC:minmeng-wenxian-1946-final-war-political-platform,中国民主同盟对抗战最后阶段的政治主张,https://commons.wikimedia.org/wiki/File:NLC416-01jh004281-12557_%E6%B0%91%E4%B8%BB%E5%90%8C%E7%9B%9F%E6%96%87%E7%8D%BB.pdf,
274,domestic_page_ocr,s3:domestic:NLC:minmeng-wenxian-1946-situation-declaration-1945-01-15,时局宣言,https://commons.wikimedia.org/wiki/File:NLC416-01jh004281-12557_%E6%B0%91%E4%B8%BB%E5%90%8C%E7%9B%9F%E6%96%87%E7%8D%BB.pdf,
275,domestic_page_ocr,s3:domestic:NLC:minmeng-wenxian-1946-minmeng-platform-1945,中国民主同盟纲领,https://commons.wikimedia.org/wiki/File:NLC416-01jh004281-12557_%E6%B0%91%E4%B8%BB%E5%90%8C%E7%9B%9F%E6%96%87%E7%8D%BB.pdf,
276,domestic_page_ocr,s3:domestic:NLC:minmeng-wenxian-1946-congress-declaration-1945-10-16,中国民主同盟临时全国代表大会宣言,https://commons.wikimedia.org/wiki/File:NLC416-01jh004281-12557_%E6%B0%91%E4%B8%BB%E5%90%8C%E7%9B%9F%E6%96%87%E7%8D%BB.pdf,
277,domestic_page_ocr,s3:domestic:NLC:minmeng-yanlunji-1945-congress-political-report,中国民主同盟临时全国代表大会政治报告（言论集／民主星期刊转载）,https://commons.wikimedia.org/wiki/File:NLC511-027032016010761-42571_%E4%B8%AD%E5%9C%8B%E6%B0%91%E4%B8%BB%E5%90%8C%E7%9B%9F%E8%A8%80%E8%AB%96%E9%9B%86.pdf,
278,domestic_page_ocr,s3:domestic:NLC:minmeng-yanlunji-1945-congress-declaration,中国民主同盟临时全国代表大会宣言（言论集／民主星期刊转载）,https://commons.wikimedia.org/wiki/File:NLC511-027032016010761-42571_%E4%B8%AD%E5%9C%8B%E6%B0%91%E4%B8%BB%E5%90%8C%E7%9B%9F%E8%A8%80%E8%AB%96%E9%9B%86.pdf,
279,domestic_page_ocr,s3:domestic:NLC:guangmingbao-1946-issue8,《光明報》新八號（1946年8期）,https://commons.wikimedia.org/wiki/File%3ANLC404-01J000514-10429_%E5%85%89%E6%98%8E%E5%A0%B1_1946%E5%B9%B48%E6%9C%9F.pdf,
280,domestic_page_ocr,s3:domestic:NLC:guangmingbao-1947-issue21,《光明報》新二十一號（1947年7月5日）,https://commons.wikimedia.org/wiki/File%3ANLC404-01J000514-10460_%E5%85%89%E6%98%8E%E5%A0%B1_1947%E5%B9%B421%E6%9C%9F.pdf,
281,domestic_page_ocr,s3:domestic:NLC:guangmingbao-1947-issue22,《光明報》新二十二號（1947年8月1日）,https://commons.wikimedia.org/wiki/File%3ANLC404-01J000514-10483_%E5%85%89%E6%98%8E%E5%A0%B1_1947%E5%B9%B422%E6%9C%9F.pdf,
282,domestic_page_ocr,s3:domestic:NLC:guangmingbao-1946-issue9,《光明報》新九號（1946年8月21日）,https://commons.wikimedia.org/wiki/File%3ANLC404-01J000514-10430_%E5%85%89%E6%98%8E%E5%A0%B1_1946%E5%B9%B49%E6%9C%9F.pdf,
283,domestic_page_ocr,s3:domestic:NLC:guangmingbao-1946-issue10,《光明報》新十號（1946年8月28日）,https://commons.wikimedia.org/wiki/File%3ANLC404-01J000514-10431_%E5%85%89%E6%98%8E%E5%A0%B1_1946%E5%B9%B410%E6%9C%9F.pdf,
284,domestic_page_ocr,s3:domestic:NLC:guangmingbao-1946-issue11,《光明報》新十一號（1946年9月13日）,https://commons.wikimedia.org/wiki/File%3ANLC404-01J000514-23806_%E5%85%89%E6%98%8E%E5%A0%B1_1946%E5%B9%B411%E6%9C%9F.pdf,
285,domestic_page_ocr,s3:domestic:NLC:observer-1947-v3n11,《观察》第三卷第十一期（1947年11月8日）,https://commons.wikimedia.org/wiki/File%3ANLC404-01J000332-6817_%E8%A7%80%E5%AF%9F_1947%E5%B9%B43%E5%8D%B711%E6%9C%9F.pdf,
286,domestic_page_ocr,s3:domestic:NLC:observer-1947-v3n11-dong-shijin,我对于政府取缔民盟的感想,https://commons.wikimedia.org/wiki/File%3ANLC404-01J000332-6817_%E8%A7%82%E5%AF%9F_1947%E5%B9%B43%E5%8D%B711%E6%9C%9F.pdf,
287,domestic_page_ocr,s3:domestic:NLC:observer-1947-v3n11-han-depei,人身自由的问题,https://commons.wikimedia.org/wiki/File%3ANLC404-01J000332-6817_%E8%A7%82%E5%AF%9F_1947%E5%B9%B43%E5%8D%B711%E6%9C%9F.pdf,
288,domestic_page_ocr,s3:domestic:NLC:guangmingbao-1946-issue11-anti-one-party-constitution,反对一党独裁的宪法！,https://commons.wikimedia.org/wiki/File%3ANLC404-01J000514-23806_%E5%85%89%E6%98%8E%E5%A0%B1_1946%E5%B9%B411%E6%9C%9F.pdf,
289,domestic_page_ocr,s3:domestic:NLC:guangmingbao-1946-issue8-conditional-national-assembly,论有条件参加国大,https://commons.wikimedia.org/wiki/File%3ANLC404-01J000514-10429_%E5%85%89%E6%98%8E%E5%A0%B1_1946%E5%B9%B48%E6%9C%9F.pdf,
290,domestic_page_ocr,s3:domestic:NLC:minxian-v1n1-1944-05-16,《民憲》第一卷第一期,https://commons.wikimedia.org/wiki/File:NLC404-00J001436-85442_%E6%B0%91%E6%86%B2_1944%E2%80%931945%E5%B9%B4%E7%AC%AC%E4%B8%80%E5%8D%B7%E7%AC%AC%E4%B8%80%E6%9C%9F.pdf,
291,domestic_page_ocr,s3:domestic:NLC:minxian-v1n6-1944-08-15,《民憲》第一卷第六期,https://commons.wikimedia.org/wiki/File:NLC404-00J001436-85447_%E6%B0%91%E6%86%B2_1944%E2%80%931945%E5%B9%B4%E7%AC%AC%E4%B8%80%E5%8D%B7%E7%AC%AC%E5%85%AD%E6%9C%9F.pdf,
292,domestic_page_ocr,s3:domestic:NLC:minxian-v1n9-1944-11-20,《民憲》第一卷第九期,https://commons.wikimedia.org/wiki/File:NLC404-00J001436-85450_%E6%B0%91%E6%86%B2_1944%E2%80%931945%E5%B9%B4%E7%AC%AC%E4%B8%80%E5%8D%B7%E7%AC%AC%E4%B9%9D%E6%9C%9F.pdf,
293,domestic_page_ocr,s3:domestic:NLC:minxian-v1n9-democracy-vs-nondemocracy-1944-11-20,民主政治與非民主政治,https://commons.wikimedia.org/wiki/File:NLC404-00J001436-85450_%E6%B0%91%E6%86%B2_1944%E2%80%931945%E5%B9%B4%E7%AC%AC%E4%B8%80%E5%8D%B7%E7%AC%AC%E4%B9%9D%E6%9C%9F.pdf,
294,domestic_page_ocr,s3:domestic:NLC:guangmingbao-1946-issue11-zhang-lan-shanghai-welcome-speech,张澜在上海各人民团体欢迎茶会演讲词,https://commons.wikimedia.org/wiki/File%3ANLC404-01J000514-23806_%E5%85%89%E6%98%8E%E5%A0%B1_1946%E5%B9%B411%E6%9C%9F.pdf,
295,domestic_page_ocr,s3:domestic:NLC:guangmingbao-1946-issue11-china-at-1947-threshold,中国，在一九四七年的门槛上,https://commons.wikimedia.org/wiki/File%3ANLC404-01J000514-23806_%E5%85%89%E6%98%8E%E5%A0%B1_1946%E5%B9%B411%E6%9C%9F.pdf,
296,domestic_page_ocr,s3:domestic:NLC:guangmingbao-1946-issue11-truman-december-18-statement,评杜鲁门总统十二月十八日的声明,https://commons.wikimedia.org/wiki/File%3ANLC404-01J000514-23806_%E5%85%89%E6%98%8E%E5%A0%B1_1946%E5%B9%B411%E6%9C%9F.pdf,
297,domestic_page_ocr,s3:domestic:NLC:dagongbao-hankow-1947-11-04-zhang-qun-notice,张群书面通知民盟：应允保障盟员安全,https://commons.wikimedia.org/wiki/Special:FilePath/NLC1080-00N001037-7604_%E5%A4%A7%E5%89%9B%E5%A0%B1_1947%E5%B9%B411%E6%9C%8804%E6%97%A5.pdf,
298,domestic_page_ocr,s3:domestic:NLC:dagongbao-hankow-1947-11-04-league-dissolution-meeting,民盟将召开中常会讨论解散,https://commons.wikimedia.org/wiki/Special:FilePath/NLC1080-00N001037-7604_%E5%A4%A7%E5%89%9B%E5%A0%B1_1947%E5%B9%B411%E6%9C%8804%E6%97%A5.pdf,
299,domestic_page_ocr,s3:domestic:NLC:dagongbao-hankow-1947-11-06-league-dissolution,民盟正式宣告解散·通告各地盟员停止政治活动,https://commons.wikimedia.org/wiki/Special:FilePath/NLC1080-00N001037-7606_%E5%A4%A7%E5%89%9B%E5%A0%B1_1947%E5%B9%B411%E6%9C%8806%E6%97%A5.pdf,
300,domestic_page_ocr,s3:domestic:NLC:guangmingbao-1946-issue01,《光明報》新一號（复刊号）,https://commons.wikimedia.org/wiki/File%3ANLC404-01J000514-10834_%E5%85%89%E6%98%8E%E5%A0%B1_1946%E5%B9%B41%E6%9C%9F.pdf,
301,domestic_page_ocr,s3:domestic:NLC:guangmingbao-1946-issue01-refounding-editorial,复刊词,https://commons.wikimedia.org/wiki/File%3ANLC404-01J000514-10834_%E5%85%89%E6%98%8E%E5%A0%B1_1946%E5%B9%B41%E6%9C%9F.pdf,
302,domestic_page_ocr,s3:domestic:NLC:guangmingbao-1946-issue02,《光明報》新二號,https://commons.wikimedia.org/wiki/File%3ANLC404-01J000514-10835_%E5%85%89%E6%98%8E%E5%A0%B1_1946%E5%B9%B42%E6%9C%9F.pdf,
303,domestic_page_ocr,s3:domestic:NLC:guangmingbao-1946-issue02-people-power-editorial,我们相信人民的力量,https://commons.wikimedia.org/wiki/File%3ANLC404-01J000514-10835_%E5%85%89%E6%98%8E%E5%A0%B1_1946%E5%B9%B42%E6%9C%9F.pdf,
304,domestic_page_ocr,s3:domestic:NLC:guangmingbao-1946-issue03,《光明報》新三號,https://commons.wikimedia.org/wiki/File%3ANLC404-01J000514-10424_%E5%85%89%E6%98%8E%E5%A0%B1_1946%E5%B9%B43%E6%9C%9F.pdf,
305,domestic_page_ocr,s3:domestic:NLC:guangmingbao-1946-issue04,《光明報》新四號,https://commons.wikimedia.org/wiki/File%3ANLC404-01J000514-10425_%E5%85%89%E6%98%8E%E5%A0%B1_1946%E5%B9%B44%E6%9C%9F.pdf,
306,domestic_page_ocr,s3:domestic:NLC:guangmingbao-1946-issue04-urgent-situation-editorial,时机紧急中我们的态度,https://commons.wikimedia.org/wiki/File%3ANLC404-01J000514-10425_%E5%85%89%E6%98%8E%E5%A0%B1_1946%E5%B9%B44%E6%9C%9F.pdf,
307,domestic_page_ocr,s3:domestic:NLC:guangmingbao-1946-issue05,《光明報》新五號,https://commons.wikimedia.org/wiki/File%3ANLC404-01J000514-10426_%E5%85%89%E6%98%8E%E5%A0%B1_1946%E5%B9%B45%E6%9C%9F.pdf,
308,domestic_page_ocr,s3:domestic:NLC:guangmingbao-1946-issue06,《光明報》新六號,https://commons.wikimedia.org/wiki/File%3ANLC404-01J000514-10427_%E5%85%89%E6%98%8E%E5%A0%B1_1946%E5%B9%B46%E6%9C%9F.pdf,
309,domestic_page_ocr,s3:domestic:NLC:guangmingbao-1946-issue07,《光明報》新七號,https://commons.wikimedia.org/wiki/File%3ANLC404-01J000514-10428_%E5%85%89%E6%98%8E%E5%A0%B1_1946%E5%B9%B47%E6%9C%9F.pdf,
310,domestic_page_ocr,s3:domestic:NLC:guangmingbao-1946-issue07-why-not-national-assembly,我们为什么不参加国大,https://commons.wikimedia.org/wiki/File%3ANLC404-01J000514-10428_%E5%85%89%E6%98%8E%E5%A0%B1_1946%E5%B9%B47%E6%9C%9F.pdf,
311,domestic_page_ocr,s3:domestic:NLC:guangmingbao-1948-1949-v1n1,《光明報》1948年1卷1期（1948-03-01）,https://commons.wikimedia.org/wiki/File:NLC404-01J000514-10484_光明報_1948年1卷1期.pdf,
312,domestic_page_ocr,s3:domestic:NLC:guangmingbao-1948-1949-v1n12,《光明報》1948年1卷12期（1948-08-16）,https://commons.wikimedia.org/wiki/File:NLC404-01J000514-10514_光明報_1948年1卷12期.pdf,
313,domestic_page_ocr,s3:domestic:NLC:guangmingbao-1948-1949-v2n1,《光明報》1949年2卷1期（1949-01-10）,https://commons.wikimedia.org/wiki/File:NLC404-01J000514-10515_光明報_1949年2卷1期.pdf,
314,domestic_page_ocr,s3:domestic:NLC:guangmingbao-1948-1949-v2n1-article,新政协问题笔谈,https://commons.wikimedia.org/wiki/File:NLC404-01J000514-10515_光明報_1949年2卷1期.pdf,
315,domestic_page_ocr,s3:domestic:NLC:guangmingbao-1948-1949-v2n12,《光明報》1949年2卷12期（1949-02-12）,https://commons.wikimedia.org/wiki/File:NLC404-01J000514-72821_光明報_1949年2卷12期.pdf,
316,domestic_page_ocr,s3:domestic:NLC:guangmingbao-1948-1949-v2n12-article,我們對和平的態度,https://commons.wikimedia.org/wiki/File:NLC404-01J000514-72821_光明報_1949年2卷12期.pdf,
317,domestic_page_ocr,s3:domestic:NLC:minxian-v1n10-1944-12-20,《民憲》第一卷第十期,https://commons.wikimedia.org/wiki/File:NLC404-00J001436-85451_%E6%B0%91%E6%86%B2_1944%E2%80%931945%E5%B9%B4%E7%AC%AC%E4%B8%80%E5%8D%B7%E7%AC%AC%E5%8D%81%E6%9C%9F.pdf,
318,domestic_page_ocr,s3:domestic:NLC:minmeng-wenxian-1946-whole,《民主同盟文獻》,https://commons.wikimedia.org/wiki/File:NLC416-01jh004281-12557_%E6%B0%91%E4%B8%BB%E5%90%8C%E7%9B%9F%E6%96%87%E7%8D%BB.pdf,
319,domestic_page_ocr,s3:domestic:NLC:minmeng-wenxian-1946-formation-declaration,中国民主政团同盟成立宣言,https://commons.wikimedia.org/wiki/File:NLC416-01jh004281-12557_%E6%B0%91%E4%B8%BB%E5%90%8C%E7%9B%9F%E6%96%87%E7%8D%BB.pdf,
320,domestic_page_ocr,s3:domestic:NLC:minmeng-wenxian-1946-ten-program,中国民主政团同盟对时局主张纲领,https://commons.wikimedia.org/wiki/File:NLC416-01jh004281-12557_%E6%B0%91%E4%B8%BB%E5%90%8C%E7%9B%9F%E6%96%87%E7%8D%BB.pdf,
321,domestic_page_ocr,s3:domestic:NLC:guangmingbao-1947-1947-12,《光明報》新二十號（1947-01-08）,https://commons.wikimedia.org/wiki/File:NLC404-01J000514-72818_光明報_1947年12期.pdf,
322,domestic_page_ocr,s3:domestic:NLC:guangmingbao-1947-1947-13,《光明報》新十三號（1947-01-18）,https://commons.wikimedia.org/wiki/File:NLC404-01J000514-10453_光明報_1947年13期.pdf,
323,domestic_page_ocr,s3:domestic:NLC:guangmingbao-1947-1947-14,《光明報》新十四號（1947-01-28）,https://commons.wikimedia.org/wiki/File:NLC404-01J000514-10454_光明報_1947年14期.pdf,
324,domestic_page_ocr,s3:domestic:NLC:guangmingbao-1947-1947-15,《光明報》新十五號（1947-02-08）,https://commons.wikimedia.org/wiki/File:NLC404-01J000514-10455_光明報_1947年15期.pdf,
325,domestic_page_ocr,s3:domestic:NLC:guangmingbao-1947-1947-16–17,《光明報》新十六—十七號（1947-03-18）,https://commons.wikimedia.org/wiki/File:NLC404-01J000514-10456_光明報_1947年16–17期.pdf,
326,domestic_page_ocr,s3:domestic:NLC:guangmingbao-1947-1947-18,《光明報》新十八號（1947-05-14）,https://commons.wikimedia.org/wiki/File:NLC404-01J000514-10457_光明報_1947年18期.pdf,
327,domestic_page_ocr,s3:domestic:NLC:guangmingbao-1947-1947-19,《光明報》新十九號（1947-10-28）,https://commons.wikimedia.org/wiki/File:NLC404-01J000514-10458_光明報_1947年19期.pdf,
328,domestic_page_ocr,s3:domestic:NLC:guangmingbao-1947-19-article-01,《我们对于和平的态度》,https://commons.wikimedia.org/wiki/File:NLC404-01J000514-10458_光明報_1947年19期.pdf,
329,domestic_page_ocr,s3:domestic:NLC:guangmingbao-1947-19-article-02,《民盟中央对于五参政员出席参政会之决定》,https://commons.wikimedia.org/wiki/File:NLC404-01J000514-10458_光明報_1947年19期.pdf,
330,domestic_page_ocr,s3:domestic:NLC:guangmingbao-1947-19-article-03,《迎接学生运动新的高潮》,https://commons.wikimedia.org/wiki/File:NLC404-01J000514-10458_光明報_1947年19期.pdf,
331,domestic_page_ocr,s3:domestic:NLC:guangmingbao-1947-19-article-04,《独裁政府是怎样摧残新闻自由的？》,https://commons.wikimedia.org/wiki/File:NLC404-01J000514-10458_光明報_1947年19期.pdf,
332,domestic_page_ocr,s3:domestic:NLC:guangmingbao-1947-19-article-05,《两种制度和两种问题》,https://commons.wikimedia.org/wiki/File:NLC404-01J000514-10458_光明報_1947年19期.pdf,
333,domestic_page_ocr,s3:domestic:NLC:guangmingbao-1947-1947-20,《光明報》新二十號（1947-06-23）,https://commons.wikimedia.org/wiki/File:NLC404-01J000514-10459_光明報_1947年20期.pdf,
334,domestic_page_ocr,s3:domestic:NLC:minxian-85443-1944-05-01,《民憲》第一卷第二期,https://commons.wikimedia.org/wiki/File:NLC404-00J001436-85443_%E6%B0%91%E6%86%B2_1944%E2%80%931945%E5%B9%B4%E7%AC%AC%E4%B8%80%E5%8D%B7%E7%AC%AC%E4%BA%8C%E6%9C%9F.pdf,
335,domestic_page_ocr,s3:domestic:NLC:minxian-85444-1944-06-15,《民憲》第一卷第三期,https://commons.wikimedia.org/wiki/File:NLC404-00J001436-85444_%E6%B0%91%E6%86%B2_1944%E2%80%931945%E5%B9%B4%E7%AC%AC%E4%B8%80%E5%8D%B7%E7%AC%AC%E4%B8%89%E6%9C%9F.pdf,
336,domestic_page_ocr,s3:domestic:NLC:minxian-85445-1944-06-30,《民憲》第一卷第四期,https://commons.wikimedia.org/wiki/File:NLC404-00J001436-85445_%E6%B0%91%E6%86%B2_1944%E2%80%931945%E5%B9%B4%E7%AC%AC%E4%B8%80%E5%8D%B7%E7%AC%AC%E5%9B%9B%E6%9C%9F.pdf,
337,domestic_page_ocr,s3:domestic:NLC:minxian-85446-1944-07-16,《民憲》第一卷第五期,https://commons.wikimedia.org/wiki/File:NLC404-00J001436-85446_%E6%B0%91%E6%86%B2_1944%E2%80%931945%E5%B9%B4%E7%AC%AC%E4%B8%80%E5%8D%B7%E7%AC%AC%E4%BA%94%E6%9C%9F.pdf,
338,domestic_page_ocr,s3:domestic:NLC:minxian-85448-1944-09-10,《民憲》第一卷第七期,https://commons.wikimedia.org/wiki/File:NLC404-00J001436-85448_%E6%B0%91%E6%86%B2_1944%E2%80%931945%E5%B9%B4%E7%AC%AC%E4%B8%80%E5%8D%B7%E7%AC%AC%E4%B8%83%E6%9C%9F.pdf,
339,domestic_page_ocr,s3:domestic:NLC:minxian-85449-1944-10-12,《民憲》第一卷第八期,https://commons.wikimedia.org/wiki/File:NLC404-00J001436-85449_%E6%B0%91%E6%86%B2_1944%E2%80%931945%E5%B9%B4%E7%AC%AC%E4%B8%80%E5%8D%B7%E7%AC%AC%E5%85%AB%E6%9C%9F.pdf,
340,domestic_page_ocr,s3:domestic:NLC:minxian-85452-1945-01-15,《民憲》第一卷第十一期,https://commons.wikimedia.org/wiki/File:NLC404-00J001436-85452_%E6%B0%91%E6%86%B2_1944%E2%80%931945%E5%B9%B4%E7%AC%AC%E4%B8%80%E5%8D%B7%E7%AC%AC%E5%8D%81%E4%B8%80%E6%9C%9F.pdf,
341,domestic_page_ocr,s3:domestic:NLC:minxian-85453-1945-02-25,《民憲》第一卷第十二期,https://commons.wikimedia.org/wiki/File:NLC404-00J001436-85453_%E6%B0%91%E6%86%B2_1944%E2%80%931945%E5%B9%B4%E7%AC%AC%E4%B8%80%E5%8D%B7%E7%AC%AC%E5%8D%81%E4%BA%8C%E6%9C%9F.pdf,
342,domestic_page_ocr,s3:domestic:NLC:minxian-85454-1945-05-15,《民憲》第二卷第一期,https://commons.wikimedia.org/wiki/File:NLC404-00J001436-85454_%E6%B0%91%E6%86%B2_1944%E2%80%931945%E5%B9%B4%E7%AC%AC%E4%BA%8C%E5%8D%B7%E7%AC%AC%E4%B8%80%E6%9C%9F.pdf,
343,domestic_page_ocr,s3:domestic:NLC:minxian-85455-1945-06-13,《民憲》第二卷第二期,https://commons.wikimedia.org/wiki/File:NLC404-00J001436-85455_%E6%B0%91%E6%86%B2_1944%E2%80%931945%E5%B9%B4%E7%AC%AC%E4%BA%8C%E5%8D%B7%E7%AC%AC%E4%BA%8C%E6%9C%9F.pdf,
344,domestic_page_ocr,s3:domestic:NLC:guangmingbao-1946-issue05-beijing-comrades-editorial,為赴京的同盟同志們！,https://commons.wikimedia.org/wiki/File%3ANLC404-01J000514-10426_%E5%85%89%E6%98%8E%E5%A0%B1_1946%E5%B9%B45%E6%9C%9F.pdf,
345,domestic_page_ocr,s3:domestic:NLC:guangmingbao-1946-issue9-anti-civil-war-conscription-editorial,反對內戰，反對徵兵！,https://commons.wikimedia.org/wiki/File%3ANLC404-01J000514-10430_%E5%85%89%E6%98%8E%E5%A0%B1_1946%E5%B9%B49%E6%9C%9F.pdf,
346,domestic_page_ocr,s3:domestic:NLC:guangmingbao-1946-issue10-guangdong-kmt-protest-editorial,向廣東國民黨當局抗議,https://commons.wikimedia.org/wiki/File%3ANLC404-01J000514-10431_%E5%85%89%E6%98%8E%E5%A0%B1_1946%E5%B9%B410%E6%9C%9F.pdf,
347,domestic_page_ocr,s3:domestic:NLC:guangmingbao-1948-1949-v2n12-taiwan-liberation,談台灣解放問題,https://commons.wikimedia.org/wiki/File:NLC404-01J000514-72821_光明報_1949年2卷12期.pdf,
348,domestic_page_ocr,s3:domestic:NLC:guangmingbao-1946-issue03-double-ten-task-article,為完成雙十節的歷史任務而奮鬥,https://commons.wikimedia.org/wiki/File%3ANLC404-01J000514-10424_%E5%85%89%E6%98%8E%E5%A0%B1_1946%E5%B9%B43%E6%9C%9F.pdf,
349,domestic_page_ocr,s3:domestic:NLC:guangmingbao-1946-issue03-ceasefire-telegram,民盟呼吁停战恢复和平电文,https://commons.wikimedia.org/wiki/File%3ANLC404-01J000514-10424_%E5%85%89%E6%98%8E%E5%A0%B1_1946%E5%B9%B43%E6%9C%9F.pdf,
350,domestic_page_ocr,s3:domestic:NLC:guangmingbao-1948-1949-v1n1-current-tasks-zhangbojun,略論民主同盟當前的任務,https://commons.wikimedia.org/wiki/File:NLC404-01J000514-10484_光明報_1948年1卷1期.pdf,
351,domestic_page_ocr,s3:domestic:NLC:guangmingbao-1948-1949-v1n1-refute-hu-shi-gaoji,駁胡適《國際形勢裏的兩個問題》,https://commons.wikimedia.org/wiki/File:NLC404-01J000514-10484_光明報_1948年1卷1期.pdf,
352,domestic_page_ocr,s3:domestic:NLC:guangmingbao-1948-1949-v1n12-three-premises-li-xiangfu,三個前提與五項原則,https://commons.wikimedia.org/wiki/File:NLC404-01J000514-10514_光明報_1948年1卷12期.pdf,
353,domestic_page_ocr,s3:domestic:NLC:guangmingbao-1947-12-congratulate-second-plenum-editorial,祝民盟二中全會,https://commons.wikimedia.org/wiki/File:NLC404-01J000514-72818_光明報_1947年12期.pdf,
354,domestic_page_ocr,s3:domestic:NLC:guangmingbao-1947-issue22-fight-for-human-rights-editorial,為爭取基本的人權而奮鬥,https://commons.wikimedia.org/wiki/File%3ANLC404-01J000514-10483_%E5%85%89%E6%98%8E%E5%A0%B1_1947%E5%B9%B422%E6%9C%9F.pdf,
355,domestic_page_ocr,s3:domestic:NLC:guangmingbao-1947-12-si-tan-guo-shi,肆談國事,https://commons.wikimedia.org/wiki/File:NLC404-01J000514-72818_光明報_1947年12期.pdf,
356,domestic_page_ocr,s3:domestic:NLC:guangmingbao-1947-12-respond-anti-us-military,響應反對美軍暴行運動,https://commons.wikimedia.org/wiki/File:NLC404-01J000514-72818_光明報_1947年12期.pdf,
357,domestic_page_ocr,s3:domestic:NLC:guangmingbao-1947-12-second-plenum-domestic-situation,民盟二中全會與國內局勢,https://commons.wikimedia.org/wiki/File:NLC404-01J000514-72818_光明報_1947年12期.pdf,
358,domestic_page_ocr,s3:domestic:NLC:guangmingbao-1947-12-interview-shen-junru,訪問沈鈞儒先生,https://commons.wikimedia.org/wiki/File:NLC404-01J000514-72818_光明報_1947年12期.pdf,
359,domestic_page_ocr,s3:domestic:NLC:guangmingbao-1947-12-statement-one-sided-constitution,對於片面憲法民盟發表聲明,https://commons.wikimedia.org/wiki/File:NLC404-01J000514-72818_光明報_1947年12期.pdf,
360,domestic_page_ocr,s3:domestic:NLC:guangmingbao-1947-12-qingmo-democracy-two-paths,清末民主運動的兩條路線,https://commons.wikimedia.org/wiki/File:NLC404-01J000514-72818_光明報_1947年12期.pdf,
361,domestic_page_ocr,s3:domestic:NLC:guangmingbao-1947-12-oppose-us-atrocities-shanghai,反對美軍暴行,https://commons.wikimedia.org/wiki/File:NLC404-01J000514-72818_光明報_1947年12期.pdf,
362,domestic_page_ocr,s3:domestic:NLC:guangmingbao-1947-12-shanghai-democrats-on-us-atrocities,滬民主人士對美軍暴行意見,https://commons.wikimedia.org/wiki/File:NLC404-01J000514-72818_光明報_1947年12期.pdf,
363,domestic_page_ocr,s3:domestic:NLC:guangmingbao-1947-12-students-letter-to-truman,學生致杜魯門總統書,https://commons.wikimedia.org/wiki/File:NLC404-01J000514-72818_光明報_1947年12期.pdf,
364,domestic_page_ocr,s3:domestic:NLC:guangmingbao-1947-issue22-middle-route-again-deng,再論中間路線問題,https://commons.wikimedia.org/wiki/File%3ANLC404-01J000514-10483_%E5%85%89%E6%98%8E%E5%A0%B1_1947%E5%B9%B422%E6%9C%9F.pdf,
365,domestic_page_ocr,s3:domestic:NLC:guangmingbao-1947-issue22-one-year-war-result-lu,打了一年多以後的結果,https://commons.wikimedia.org/wiki/File%3ANLC404-01J000514-10483_%E5%85%89%E6%98%8E%E5%A0%B1_1947%E5%B9%B422%E6%9C%9F.pdf,
366,domestic_page_ocr,s3:domestic:NLC:guangmingbao-1947-issue22-cry-recall-xingzhi-deng,哭憶行知,https://commons.wikimedia.org/wiki/File%3ANLC404-01J000514-10483_%E5%85%89%E6%98%8E%E5%A0%B1_1947%E5%B9%B422%E6%9C%9F.pdf,
367,domestic_page_ocr,s3:domestic:NLC:guangmingbao-1947-issue22-gongpu-still-beside-zhang,公樸，你還在我的身邊,https://commons.wikimedia.org/wiki/File%3ANLC404-01J000514-10483_%E5%85%89%E6%98%8E%E5%A0%B1_1947%E5%B9%B422%E6%9C%9F.pdf,
368,domestic_page_ocr,s3:domestic:NLC:guangmingbao-1947-issue22-learn-taofen-spirit-hu,習韜奮精神,https://commons.wikimedia.org/wiki/File%3ANLC404-01J000514-10483_%E5%85%89%E6%98%8E%E5%A0%B1_1947%E5%B9%B422%E6%9C%9F.pdf,
369,domestic_page_ocr,s3:domestic:NLC:guangmingbao-1947-issue22-patriotic-poet-wen-hong,愛國詩人聞一多,https://commons.wikimedia.org/wiki/File%3ANLC404-01J000514-10483_%E5%85%89%E6%98%8E%E5%A0%B1_1947%E5%B9%B422%E6%9C%9F.pdf,
370,domestic_page_ocr,s3:domestic:NLC:guangmingbao-1947-issue22-hengshe-tonghua-sa,由衡舍桐花談起,https://commons.wikimedia.org/wiki/File%3ANLC404-01J000514-10483_%E5%85%89%E6%98%8E%E5%A0%B1_1947%E5%B9%B422%E6%9C%9F.pdf,
371,domestic_page_ocr,s3:domestic:NLC:guangmingbao-1947-issue22-action-memorial-peng,用行動來紀念鄒李聞陶四先生,https://commons.wikimedia.org/wiki/File%3ANLC404-01J000514-10483_%E5%85%89%E6%98%8E%E5%A0%B1_1947%E5%B9%B422%E6%9C%9F.pdf,
372,domestic_page_ocr,s3:domestic:NLC:guangmingbao-1947-issue22-double-effort-people-shen,加倍為人民事業努力,https://commons.wikimedia.org/wiki/File%3ANLC404-01J000514-10483_%E5%85%89%E6%98%8E%E5%A0%B1_1947%E5%B9%B422%E6%9C%9F.pdf,
373,domestic_page_ocr,s3:domestic:NLC:guangmingbao-1947-issue22-wipe-out-killers-li,撲滅殺人的兇手,https://commons.wikimedia.org/wiki/File%3ANLC404-01J000514-10483_%E5%85%89%E6%98%8E%E5%A0%B1_1947%E5%B9%B422%E6%9C%9F.pdf,
374,domestic_page_ocr,s3:domestic:NLC:guangmingbao-1947-issue22-pass-the-test-hu-sheng,過關,https://commons.wikimedia.org/wiki/File%3ANLC404-01J000514-10483_%E5%85%89%E6%98%8E%E5%A0%B1_1947%E5%B9%B422%E6%9C%9F.pdf,
375,domestic_page_ocr,s3:domestic:NLC:guangmingbao-1947-issue22-liwen-anniversary-qian,李聞週年祭,https://commons.wikimedia.org/wiki/File%3ANLC404-01J000514-10483_%E5%85%89%E6%98%8E%E5%A0%B1_1947%E5%B9%B422%E6%9C%9F.pdf,
376,domestic_page_ocr,s3:domestic:NLC:guangmingbao-1947-issue22-painful-memorial-chen,沉痛紀念鄒李聞陶四先生,https://commons.wikimedia.org/wiki/File%3ANLC404-01J000514-10483_%E5%85%89%E6%98%8E%E5%A0%B1_1947%E5%B9%B422%E6%9C%9F.pdf,
377,domestic_page_ocr,s3:domestic:NLC:guangmingbao-1947-issue22-mourn-and-spur-song,悼念逝者，鞭策自己,https://commons.wikimedia.org/wiki/File%3ANLC404-01J000514-10483_%E5%85%89%E6%98%8E%E5%A0%B1_1947%E5%B9%B422%E6%9C%9F.pdf,
378,domestic_page_ocr,s3:domestic:NLC:guangmingbao-1947-issue22-dare-not-forget-chen,不敢忘,https://commons.wikimedia.org/wiki/File%3ANLC404-01J000514-10483_%E5%85%89%E6%98%8E%E5%A0%B1_1947%E5%B9%B422%E6%9C%9F.pdf,
379,domestic_page_ocr,s3:domestic:NLC:guangmingbao-1947-issue22-dictators-killed-them-ye,是獨裁者殺死了他們！,https://commons.wikimedia.org/wiki/File%3ANLC404-01J000514-10483_%E5%85%89%E6%98%8E%E5%A0%B1_1947%E5%B9%B422%E6%9C%9F.pdf,
380,domestic_page_ocr,s3:domestic:NLC:guangmingbao-1947-issue22-gongpu-rest-in-peace-simu,公樸，安眠吧！,https://commons.wikimedia.org/wiki/File%3ANLC404-01J000514-10483_%E5%85%89%E6%98%8E%E5%A0%B1_1947%E5%B9%B422%E6%9C%9F.pdf,
381,domestic_page_ocr,s3:domestic:NLC:guangmingbao-1947-issue22-one-falls-thousands-rise-lu,一個倒下去千百個起來,https://commons.wikimedia.org/wiki/File%3ANLC404-01J000514-10483_%E5%85%89%E6%98%8E%E5%A0%B1_1947%E5%B9%B422%E6%9C%9F.pdf,
382,domestic_page_ocr,s3:domestic:NLC:guangmingbao-1947-issue22-history-essays-shen-gong,讀史隨筆,https://commons.wikimedia.org/wiki/File%3ANLC404-01J000514-10483_%E5%85%89%E6%98%8E%E5%A0%B1_1947%E5%B9%B422%E6%9C%9F.pdf,
383,domestic_page_ocr,s3:domestic:NLC:guangmingbao-1947-issue22-shantou-black-terror,汕頭的黑色恐怖,https://commons.wikimedia.org/wiki/File%3ANLC404-01J000514-10483_%E5%85%89%E6%98%8E%E5%A0%B1_1947%E5%B9%B422%E6%9C%9F.pdf,
384,domestic_page_ocr,s3:domestic:NLC:guangmingbao-1947-issue22-meixian-recent-look,梅縣近貌,https://commons.wikimedia.org/wiki/File%3ANLC404-01J000514-10483_%E5%85%89%E6%98%8E%E5%A0%B1_1947%E5%B9%B422%E6%9C%9F.pdf,
385,domestic_page_ocr,s3:domestic:NLC:guangmingbao-1946-issue01-shen-zhiyuan-minmeng-current-situation-proposal,民盟对当前时局的主张,https://commons.wikimedia.org/wiki/File%3ANLC404-01J000514-10834_%E5%85%89%E6%98%8E%E5%A0%B1_1946%E5%B9%B41%E6%9C%9F.pdf,
386,domestic_page_ocr,s3:domestic:NLC:guangmingbao-1946-issue01-liu-simou-youth-degeneration,青年的堕落,https://commons.wikimedia.org/wiki/File%3ANLC404-01J000514-10834_%E5%85%89%E6%98%8E%E5%A0%B1_1946%E5%B9%B41%E6%9C%9F.pdf,
387,domestic_page_ocr,s3:domestic:NLC:guangmingbao-1946-issue02-huang-yaomian-us-imperialism-china,美帝國主義對中國的侵略,https://commons.wikimedia.org/wiki/File%3ANLC404-01J000514-10835_%E5%85%89%E6%98%8E%E5%A0%B1_1946%E5%B9%B42%E6%9C%9F.pdf,
388,domestic_page_ocr,s3:domestic:NLC:guangmingbao-1946-issue04-yang-bokai-jiang-jieshi-speech-review,評蔣介石先生最近講詞,https://commons.wikimedia.org/wiki/File%3ANLC404-01J000514-10425_%E5%85%89%E6%98%8E%E5%A0%B1_1946%E5%B9%B44%E6%9C%9F.pdf,
389,domestic_page_ocr,s3:domestic:NLC:guangmingbao-1946-issue04-di-chaobai-us-basic-attitude,我們對美國的基本態度,https://commons.wikimedia.org/wiki/File%3ANLC404-01J000514-10425_%E5%85%89%E6%98%8E%E5%A0%B1_1946%E5%B9%B44%E6%9C%9F.pdf,
390,domestic_page_ocr,s3:domestic:NLC:guangmingbao-1946-issue07-shen-zhiyuan-truce-statement-review,評蔣主席的停戰令和時局聲明,https://commons.wikimedia.org/wiki/File%3ANLC404-01J000514-10428_%E5%85%89%E6%98%8E%E5%A0%B1_1946%E5%B9%B47%E6%9C%9F.pdf,
391,domestic_page_ocr,s3:domestic:NLC:guangmingbao-1946-issue07-qian-jiaju-unequal-treaty,不平等待遇的新條約,https://commons.wikimedia.org/wiki/File%3ANLC404-01J000514-10428_%E5%85%89%E6%98%8E%E5%A0%B1_1946%E5%B9%B47%E6%9C%9F.pdf,
392,domestic_page_ocr,s3:domestic:NLC:guangmingbao-1946-issue8-zhang-tiesheng-republican-withdraw-us-diplomacy,共和黨勝利後的美國外交,https://commons.wikimedia.org/wiki/File%3ANLC404-01J000514-10429_%E5%85%89%E6%98%8E%E5%A0%B1_1946%E5%B9%B48%E6%9C%9F.pdf,
393,domestic_page_ocr,s3:domestic:NLC:guangmingbao-1946-issue8-qiu-xini-guangdong-shengtianli,廣東聖天里,https://commons.wikimedia.org/wiki/File%3ANLC404-01J000514-10429_%E5%85%89%E6%98%8E%E5%A0%B1_1946%E5%B9%B48%E6%9C%9F.pdf,
394,domestic_page_ocr,s3:domestic:NLC:guangmingbao-1946-issue06-editorial-pcc-ten-months,從政協決議成立到今天已十個月了,https://commons.wikimedia.org/wiki/File%3ANLC404-01J000514-10427_%E5%85%89%E6%98%8E%E5%A0%B1_1946%E5%B9%B46%E6%9C%9F.pdf,
395,domestic_page_ocr,s3:domestic:NLC:guangmingbao-1946-issue06-shen-zhiyuan-truce-statement-review,評蔣主席的停戰令和時局聲明,https://commons.wikimedia.org/wiki/File%3ANLC404-01J000514-10427_%E5%85%89%E6%98%8E%E5%A0%B1_1946%E5%B9%B46%E6%9C%9F.pdf,
396,domestic_page_ocr,s3:domestic:NLC:guangmingbao-1946-issue06-qian-jiaju-unequal-treaty,不平等待遇的新條約,https://commons.wikimedia.org/wiki/File%3ANLC404-01J000514-10427_%E5%85%89%E6%98%8E%E5%A0%B1_1946%E5%B9%B46%E6%9C%9F.pdf,
397,domestic_page_ocr,s3:domestic:NLC:minmeng-yanlunji-1945-whole,《中國民主同盟言論集》,https://commons.wikimedia.org/wiki/File:NLC511-027032016010761-42571_%E4%B8%AD%E5%9C%8B%E6%B0%91%E4%B8%BB%E5%90%8C%E7%9B%9F%E8%A8%80%E8%AB%96%E9%9B%86.pdf,
398,domestic_page_ocr,s3:domestic:NLC:guangmingbao-1947-issue13-our-attitude-editorial,我們的態度,https://commons.wikimedia.org/wiki/File:NLC404-01J000514-10453_光明報_1947年13期.pdf,
399,domestic_page_ocr,s3:domestic:NLC:guangmingbao-1947-issue13-zhang-lan-plenum-opening,民盟張瀾主席在一屆二中全會開幕講詞,https://commons.wikimedia.org/wiki/File:NLC404-01J000514-10453_光明報_1947年13期.pdf,
400,domestic_page_ocr,s3:domestic:NLC:guangmingbao-1947-issue13-zhang-lan-plenum-closing,民盟二中全會張瀾主席閉幕詞,https://commons.wikimedia.org/wiki/File:NLC404-01J000514-10453_光明報_1947年13期.pdf,
401,domestic_page_ocr,s3:domestic:NLC:guangmingbao-1947-issue13-plenum-clippings,民盟二中全會剪影輯,https://commons.wikimedia.org/wiki/File:NLC404-01J000514-10453_光明報_1947年13期.pdf,
402,domestic_page_ocr,s3:domestic:NLC:guangmingbao-1947-issue14-pcc-anniversary-editorial,政協決議一週年,https://commons.wikimedia.org/wiki/File:NLC404-01J000514-10454_光明報_1947年14期.pdf,
403,domestic_page_ocr,s3:domestic:NLC:guangmingbao-1947-issue14-plenum-political-report,民盟二中全會政治報告全文,https://commons.wikimedia.org/wiki/File:NLC404-01J000514-10454_光明報_1947年14期.pdf,
404,domestic_page_ocr,s3:domestic:NLC:guangmingbao-1947-issue14-shen-zhiyuan-plenum-impression,我對於民盟二中全會的觀感,https://commons.wikimedia.org/wiki/File:NLC404-01J000514-10454_光明報_1947年14期.pdf,
405,domestic_page_ocr,s3:domestic:NLC:guangmingbao-1947-issue14-li-boqiu-plenum-gains,二中全會的收穫,https://commons.wikimedia.org/wiki/File:NLC404-01J000514-10454_光明報_1947年14期.pdf,
406,domestic_page_ocr,s3:domestic:NLC:guangmingbao-1947-issue15-heavier-task-editorial,民盟的任務更繁重了,https://commons.wikimedia.org/wiki/File:NLC404-01J000514-10455_光明報_1947年15期.pdf,
407,domestic_page_ocr,s3:domestic:NLC:guangmingbao-1947-issue15-huang-yaomian-pcc-line,政協決議與政協路線,https://commons.wikimedia.org/wiki/File:NLC404-01J000514-10455_光明報_1947年15期.pdf,
408,domestic_page_ocr,s3:domestic:NLC:guangmingbao-1947-issue16-17-li-jishen-situation-views,李濟深將軍對時局意見,https://commons.wikimedia.org/wiki/File:NLC404-01J000514-10456_光明報_1947年16–17期.pdf,
409,domestic_page_ocr,s3:domestic:NLC:guangmingbao-1947-issue16-17-minmeng-situation-declaration,中國民主同盟對時局宣言,https://commons.wikimedia.org/wiki/File:NLC404-01J000514-10456_光明報_1947年16–17期.pdf,
410,domestic_page_ocr,s3:domestic:NLC:guangmingbao-1947-issue16-17-respond-li-jishen-editorial,響應李濟深先生對時局主張,https://commons.wikimedia.org/wiki/File:NLC404-01J000514-10456_光明報_1947年16–17期.pdf,
411,domestic_page_ocr,s3:domestic:NLC:guangmingbao-1947-issue16-17-moscow-conference-china-editorial,莫斯科會議應該討論中國問題,https://commons.wikimedia.org/wiki/File:NLC404-01J000514-10456_光明報_1947年16–17期.pdf,
412,domestic_page_ocr,s3:domestic:NLC:guangmingbao-1947-issue18-people-cannot-endure-editorial,老百姓是再也不能忍耐了,https://commons.wikimedia.org/wiki/File:NLC404-01J000514-10457_光明報_1947年18期.pdf,
413,domestic_page_ocr,s3:domestic:NLC:guangmingbao-1947-issue18-nantotal-press-reception,民盟南總支部招待中外記者誌詳,https://commons.wikimedia.org/wiki/File:NLC404-01J000514-10457_光明報_1947年18期.pdf,
414,domestic_page_ocr,s3:domestic:NLC:guangmingbao-1947-issue18-peng-zemin-statement,民盟南總支部申明態度——主任委員彭澤民發表書面談話,https://commons.wikimedia.org/wiki/File:NLC404-01J000514-10457_光明報_1947年18期.pdf,
415,domestic_page_ocr,s3:domestic:NLC:guangmingbao-1947-issue21-critique-dictatorship-new-policy-editorial,評獨裁派的所謂「新政策」,https://commons.wikimedia.org/wiki/File:NLC404-01J000514-10460_光明報_1947年21期.pdf,
416,domestic_page_ocr,s3:domestic:NLC:guangmingbao-1947-issue21-deng-chumin-middle-route,中間路線沒有現實的根據,https://commons.wikimedia.org/wiki/File:NLC404-01J000514-10460_光明報_1947年21期.pdf,
417,domestic_public_web,domestic-web:DL-20260802-008,和平建国纲领,https://zh.wikisource.org/zh-hans/和平建国纲领,/Users/cheer/Documents/mm agent/mingmeng-history-research/data/domestic/raw/public_sources/DL-20260802-008_ws_peace_building_program_1946.html
418,domestic_public_web,domestic-web:DL-20260802-009,《民主运动的生力军》——《解放日报》1941年10月28日社论,https://zh.wikisource.org/zh-hans/民主運動的生力軍,/Users/cheer/Documents/mm agent/mingmeng-history-research/data/domestic/raw/public_sources/DL-20260802-009_ws_democratic_movement_editorial_1941.html
419,domestic_public_web,domestic-web:DL-20260802-010,政治协商会议国民大会问题决议案,https://zh.wikisource.org/zh/政治协商会议国民大会问题决议案,/Users/cheer/Documents/mm agent/mingmeng-history-research/data/domestic/raw/public_sources/DL-20260802-010_ws_pcc_national_assembly_resolution_1946.html
420,domestic_public_web,domestic-web:DL-20260802-011,政治协商会议改组政府案,https://zh.wikisource.org/zh/政治协商会议改组政府案,/Users/cheer/Documents/mm agent/mingmeng-history-research/data/domestic/raw/public_sources/DL-20260802-011_ws_pcc_government_reorganization_1946.html
421,domestic_public_web,domestic-web:DL-20260802-012,周恩来与第一届人民政协会议的召开,https://www.mmzy.org.cn/mobile/NPC2025/Content.aspx?ArticleId=150104&ColumnId=2698,/Users/cheer/Documents/mm agent/mingmeng-history-research/data/domestic/raw/public_sources/DL-20260802-012_mmzy_lead.html
422,domestic_public_web,domestic-web:DL-20260802-013,民盟第十三届中央委员会现任领导机构名单（mmzy.org.cn 民盟中央官方，2026）,https://www.mmzy.org.cn/mmgk/1186/default.aspx,/Users/cheer/Documents/mm agent/mingmeng-history-research/data/domestic/raw/public_sources/DL-20260802-013_mmc_lingdao_jiegou_2026.html
423,domestic_public_web,domestic-web:DL-20260802-014,中国民主同盟章程（mmzy.org.cn 民盟中央官方最新版）,https://www.mmzy.org.cn/mmgk/zhangcheng/default.aspx,/Users/cheer/Documents/mm agent/mingmeng-history-research/data/domestic/raw/public_sources/DL-20260802-014_mmc_zhangcheng_latest.html
424,domestic_public_web,domestic-web:DL-20260802-015,中国民主同盟组织结构（mmzy.org.cn 民盟中央官方）,https://www.mmzy.org.cn/mmgk/1162/default.aspx,/Users/cheer/Documents/mm agent/mingmeng-history-research/data/domestic/raw/public_sources/DL-20260802-015_mmc_zuzhi_jiegou.html
425,domestic_public_web,domestic-web:DL-20260802-016,九三学社1947年大事记,https://www.93.gov.cn/lshm-dsj/250156.html,/Users/cheer/Documents/mm agent/mingmeng-history-research/data/domestic/raw/public_sources/DL-20260802-016_93js_lead_1947.html
426,domestic_public_web,domestic-web:DL-20260802-017,历史的必然 郑重的选择——中共中央发布“五一口号”的历史由来,https://www.93.gov.cn/xwjc-ddhzdt/208807.html,/Users/cheer/Documents/mm agent/mingmeng-history-research/data/domestic/raw/public_sources/DL-20260802-017_93js_lead.html
427,domestic_public_web,domestic-web:DL-20260802-018,九三学社成立（1945-09-03 民主科学座谈会 → 1946-05-04 改名九三学社）,https://www.93.gov.cn,/Users/cheer/Documents/mm agent/mingmeng-history-research/data/domestic/raw/public_sources/DL-20260802-018_93_93_gov_cn_history_1945_chongqing.html
428,domestic_public_web,domestic-web:DL-20260802-019,中国农工民主党（前身中国国民党临时行动委员会）成立（1930-08-09 上海淡水路）,http://www.ngd.org.cn/gs/jj/index.htm,/Users/cheer/Documents/mm agent/mingmeng-history-research/data/domestic/raw/public_sources/DL-20260802-019_ngd_ngd_org_cn_history_1930_shanghai.html
429,domestic_public_web,domestic-web:DL-20260802-020,中国农工党中央简介（ngd.org.cn，1930-08-09 邓演达上海一干会议成立）,http://www.ngd.org.cn/gs/jj/index.htm,/Users/cheer/Documents/mm agent/mingmeng-history-research/data/domestic/raw/public_sources/DL-20260802-020_ngd_website_jianjie_anchor.html
430,domestic_public_web,domestic-web:DL-20260802-021,《解放前的农工党》（农工党中央 ngd.org.cn 党史专题 + 精彩画卷）,http://www.ngd.org.cn/jczt/jwklngdlsmjz/mjzjchj/32591.htm,/Users/cheer/Documents/mm agent/mingmeng-history-research/data/domestic/raw/public_sources/DL-20260802-021_ngd_jie_fang_qian_jiao_tuan_ji_fengyun.html
431,domestic_public_web,domestic-web:DL-20260802-022,台湾民主自治同盟成立（台盟 1947-11-12 香港，响应二二八事件）,https://www.taimeng.org.cn,/Users/cheer/Documents/mm agent/mingmeng-history-research/data/domestic/raw/public_sources/DL-20260802-022_tm_taimeng_org_cn_history_1947_hongkong.html
432,domestic_public_web,domestic-web:DL-20260802-023,台盟中央简介（taimeng.org.cn/tmly/tmjj/，1947-11-12 香港成立，响应二二八事件）,http://www.taimeng.org.cn/tmly/tmjj/,/Users/cheer/Documents/mm agent/mingmeng-history-research/data/domestic/raw/public_sources/DL-20260802-023_tm_tmly_tmjj_jianyao_1947.html
433,domestic_public_web,domestic-web:DL-20260802-024,台盟中央章程（taimeng.org.cn/tmly/tmzc/，最新版本）,http://www.taimeng.org.cn/tmly/tmzc/,/Users/cheer/Documents/mm agent/mingmeng-history-research/data/domestic/raw/public_sources/DL-20260802-024_tm_tmly_tmzc_zhangcheng.html
434,domestic_public_web,domestic-web:DL-20260802-025,毛泽东给李济深、沈钧儒电报（1948-05-01）,https://www.saac.gov.cn/daj/gqzt/01.html,/Users/cheer/Documents/mm agent/mingmeng-history-research/data/domestic/raw/public_sources/DL-20260802-025_saac_51koukou_p01_dde04.html
435,domestic_public_web,domestic-web:DL-20260802-026,沈钧儒、谭平山等给毛泽东电报（1948-10-01）,https://www.saac.gov.cn/daj/gqzt/01.html,/Users/cheer/Documents/mm agent/mingmeng-history-research/data/domestic/raw/public_sources/DL-20260802-026_saac_51koukou_p01_dde07.html
436,domestic_public_web,domestic-web:DL-20260802-027,中央关于邀请张澜、黄炎培北上的电报（1949-01-20）,https://www.saac.gov.cn/daj/gqzt/01.html,/Users/cheer/Documents/mm agent/mingmeng-history-research/data/domestic/raw/public_sources/DL-20260802-027_saac_51koukou_p01_dde13.html
437,domestic_public_web,domestic-web:DL-20260802-028,56 名民主人士贺电及毛泽东、朱德复电（1949-02-01 至 02）,https://www.saac.gov.cn/daj/gqzt/01.html,/Users/cheer/Documents/mm agent/mingmeng-history-research/data/domestic/raw/public_sources/DL-20260802-028_saac_51koukou_p01_dde14.html
438,domestic_public_web,domestic-web:DL-20260802-029,毛泽东给宋庆龄的信（1949-06-19）,https://www.saac.gov.cn/daj/gqzt/01.html,/Users/cheer/Documents/mm agent/mingmeng-history-research/data/domestic/raw/public_sources/DL-20260802-029_saac_51koukou_p01_dde20.html
439,domestic_public_web,domestic-web:DL-20260802-030,周恩来给宋庆龄的信（1949-06-21）,https://www.saac.gov.cn/daj/gqzt/01.html,/Users/cheer/Documents/mm agent/mingmeng-history-research/data/domestic/raw/public_sources/DL-20260802-030_saac_51koukou_p01_dde21.html
440,domestic_public_web,domestic-web:DL-20260802-031,政协一届全体会议单位及代表名单（1949-09-21）,https://www.saac.gov.cn/daj/gqzt/05-1.html,/Users/cheer/Documents/mm agent/mingmeng-history-research/data/domestic/raw/public_sources/DL-20260802-031_saac_51koukou_p05_dde02.html
441,domestic_public_web,domestic-web:DL-20260802-032,张澜在政协一届全体会议上讲话（1949-09-21，民盟主席）,https://www.saac.gov.cn/daj/gqzt/05-1.html,/Users/cheer/Documents/mm agent/mingmeng-history-research/data/domestic/raw/public_sources/DL-20260802-032_saac_51koukou_p05_dde11.html
442,domestic_public_web,domestic-web:DL-20260802-033,宋庆龄在政协一届全体会议上讲话（1949-09-21，特邀代表）,https://www.saac.gov.cn/daj/gqzt/05-1.html,/Users/cheer/Documents/mm agent/mingmeng-history-research/data/domestic/raw/public_sources/DL-20260802-033_saac_51koukou_p05_dde10.html
443,domestic_public_web,domestic-web:DL-20260802-034,何香凝、陈毅、黄炎培在政协一届全体会议上讲话照片（1949-09-21）,https://www.saac.gov.cn/daj/gqzt/05-1.html,/Users/cheer/Documents/mm agent/mingmeng-history-research/data/domestic/raw/public_sources/DL-20260802-034_saac_51koukou_p05_dde16.html
444,domestic_public_web,domestic-web:DL-20260802-035,司徒美堂在政协一届全体会议上讲话（1949-09-21，华侨代表）,https://www.saac.gov.cn/daj/gqzt/05-1.html,/Users/cheer/Documents/mm agent/mingmeng-history-research/data/domestic/raw/public_sources/DL-20260802-035_saac_51koukou_p05_dde15.html
445,domestic_public_web,domestic-web:DL-20260802-036,新政治协商会议筹备会各小组开会概要（1949-06 至 07）,https://www.saac.gov.cn/daj/gqzt/02.html,/Users/cheer/Documents/mm agent/mingmeng-history-research/data/domestic/raw/public_sources/DL-20260802-036_saac_51koukou_p02_dde01_f1.html
446,domestic_public_web,domestic-web:DL-20260802-037,新政治协商会议筹备会关于各小组工作的报告（1949-08-23）,https://www.saac.gov.cn/daj/gqzt/02.html,/Users/cheer/Documents/mm agent/mingmeng-history-research/data/domestic/raw/public_sources/DL-20260802-037_saac_51koukou_p02_dde02_f1.html
447,domestic_public_web,domestic-web:DL-20260802-038,新政协筹备会第一小组工作档案（1949-06 起）,https://www.saac.gov.cn/daj/gqzt/02.html,/Users/cheer/Documents/mm agent/mingmeng-history-research/data/domestic/raw/public_sources/DL-20260802-038_saac_51koukou_p02_dde03_f1.html
448,domestic_public_web,domestic-web:DL-20260802-039,新政协筹备会第二小组工作档案（1949-06 起）,https://www.saac.gov.cn/daj/gqzt/02.html,/Users/cheer/Documents/mm agent/mingmeng-history-research/data/domestic/raw/public_sources/DL-20260802-039_saac_51koukou_p02_dde04_f1.html
449,domestic_public_web,domestic-web:DL-20260802-040,新政协筹备会第三小组工作档案（1949-06 起）,https://www.saac.gov.cn/daj/gqzt/02.html,/Users/cheer/Documents/mm agent/mingmeng-history-research/data/domestic/raw/public_sources/DL-20260802-040_saac_51koukou_p02_dde05_f1.html
450,domestic_public_web,domestic-web:DL-20260802-041,新政协筹备会第四小组工作档案（1949-06 起）,https://www.saac.gov.cn/daj/gqzt/02.html,/Users/cheer/Documents/mm agent/mingmeng-history-research/data/domestic/raw/public_sources/DL-20260802-041_saac_51koukou_p02_dde06_f1.html
451,domestic_public_web,domestic-web:DL-20260802-042,新政协筹备会第五小组工作档案（1949-06 起）,https://www.saac.gov.cn/daj/gqzt/02.html,/Users/cheer/Documents/mm agent/mingmeng-history-research/data/domestic/raw/public_sources/DL-20260802-042_saac_51koukou_p02_dde07_f1.html
452,domestic_public_web,domestic-web:DL-20260802-043,新政协筹备会第六小组工作档案（1949-06 起）,https://www.saac.gov.cn/daj/gqzt/02.html,/Users/cheer/Documents/mm agent/mingmeng-history-research/data/domestic/raw/public_sources/DL-20260802-043_saac_51koukou_p02_dde08_f1.html
453,domestic_public_web,domestic-web:DL-20260802-044,《大公报》和《观察》对民盟被迫解散的不同反应,https://www.gxmm.gov.cn/index/index/artical/id/7063.html,/Users/cheer/Documents/mm agent/mingmeng-history-research/data/domestic/raw/public_sources/DL-20260802-044_gxmm_lead.html
454,domestic_public_web,domestic-web:DL-20260802-045,民盟今日解散·张澜等昨开会决定·通告各地盟员停止政治活动,https://www.gxmm.gov.cn/index/index/artical/id/7063.html,/Users/cheer/Documents/mm agent/mingmeng-history-research/data/domestic/raw/public_sources/DL-20260802-045_gxmm_dagongbao_dissolution_report_1947_11_06.html
455,domestic_public_web,domestic-web:DL-20260802-046,我们对于政府压迫民盟的看法,https://www.gxmm.gov.cn/index/index/artical/id/7063.html,/Users/cheer/Documents/mm agent/mingmeng-history-research/data/domestic/raw/public_sources/DL-20260802-046_gxmm_xinminbao_professors_statement_1947_11_04.html
456,domestic_public_web,domestic-web:DL-20260802-047,我们对于政府压迫民盟的看法,https://www.gxmm.gov.cn/index/index/artical/id/7063.html,/Users/cheer/Documents/mm agent/mingmeng-history-research/data/domestic/raw/public_sources/DL-20260802-047_gxmm_observer_professors_statement_1947_11_08.html
457,domestic_public_web,domestic-web:DL-20260802-048,《民盟宣布解散》——《大公报》天津版第2版,https://www.gxmm.gov.cn/index/index/artical/id/7063.html,/Users/cheer/Documents/mm agent/mingmeng-history-research/data/domestic/raw/public_sources/DL-20260802-048_gxmm_dagongbao_tianjin_dissolution_1947_11_06.html
458,domestic_public_web,domestic-web:DL-20260802-049,《民盟宣布解散·公告与政府洽商之经过·通知盟员停止政治活动·一律免除登记可享合法自由》,https://www.gxmm.gov.cn/Upload/img/2025-11-07/690da67967700.png,/Users/cheer/Documents/mm agent/mingmeng-history-research/data/domestic/raw/public_sources/DL-20260802-049_gxmm_nlc_dagongbao_tianjin_1947_11_06_page2_excerpt.html
459,domestic_public_web,domestic-web:DL-20260802-050,国民党当局强行解散民盟,https://www.gxmm.gov.cn/index/index/artical/id/7063.html,/Users/cheer/Documents/mm agent/mingmeng-history-research/data/domestic/raw/public_sources/DL-20260802-050_gxmm_forced_dissolution_1947_11_05.html
460,domestic_public_web,domestic-web:DL-20260802-051,12处上海民盟传统教育基地合集,https://www.minmengsh.gov.cn/detailpage/jyjd-25ee39cd-d19e-11ec-ad68-8c554a2845d4.html,/Users/cheer/Documents/mm agent/mingmeng-history-research/data/domestic/raw/public_sources/DL-20260802-051_mmsh_web_bases.html
461,domestic_public_web,domestic-web:DL-20260802-052,雨过天晴月更明——张澜先生在迎接上海解放的日子里,https://www.minmengsh.gov.cn/detailpage/mszq-29d09e8a-f61b-11ec-a3f5-94c691be0bb6.html,/Users/cheer/Documents/mm agent/mingmeng-history-research/data/domestic/raw/public_sources/DL-20260802-052_mmsh_web_zhanglan.html
462,domestic_public_web,domestic-web:DL-20260802-053,历史沿革,https://mng.minmengsh.gov.cn/detailpage/mmgk-3da6fe99-f684-11ec-95d4-94c691be0bb6.html,/Users/cheer/Documents/mm agent/mingmeng-history-research/data/domestic/raw/public_sources/DL-20260802-053_mmsh_web_history.html
463,domestic_public_web,domestic-web:DL-20260802-054,民盟上海组织历届领导,https://mng.minmengsh.gov.cn/detailpage/mmgk-3d1a262d-f684-11ec-8a00-94c691be0bb6.html,/Users/cheer/Documents/mm agent/mingmeng-history-research/data/domestic/raw/public_sources/DL-20260802-054_mmsh_web_leaders.html
464,domestic_public_web,domestic-web:DL-20260802-055,中国民主同盟上海市委员会简介,https://mng.minmengsh.gov.cn/detailpage/mmjs.html,/Users/cheer/Documents/mm agent/mingmeng-history-research/data/domestic/raw/public_sources/DL-20260802-055_mmsh_web_intro.html
465,domestic_public_web,domestic-web:DL-20260802-056,中国民主同盟响应中共“五一”号召致全国各民主党派各人民团体各报馆暨全国同胞书,https://www.hnmm.gov.cn/content/644247/54/12382002.html,/Users/cheer/Documents/mm agent/mingmeng-history-research/data/domestic/raw/public_sources/DL-20260802-056_hnmm_response_may_day_1948.html
466,domestic_public_web,domestic-web:DL-20260802-057,民盟精神解析,https://www.hnmm.gov.cn/content/645445/97/12381106.html,/Users/cheer/Documents/mm agent/mingmeng-history-research/data/domestic/raw/public_sources/DL-20260802-057_hnmm_lead.html
467,domestic_public_web,domestic-web:DL-20260802-058,在政治协商会议开幕式上的致词,http://www.zl1872.cn/zxxnewsview.aspx?producid=175,/Users/cheer/Documents/mm agent/mingmeng-history-research/data/domestic/raw/public_sources/DL-20260802-058_zl1872_chang_lan_pcc_opening_transcript_1946.html
468,domestic_public_web,domestic-web:DL-20260802-059,中国民主同盟主席张澜在民盟总部解散后的声明,http://www.zl1872.cn/zxxnewsview.aspx?producid=652,/Users/cheer/Documents/mm agent/mingmeng-history-research/data/domestic/raw/public_sources/DL-20260802-059_zl1872_chang_lan_dissolution_statement_1947.html
469,domestic_public_web,domestic-web:DL-20260802-060,中国民主同盟北京市委员会官网（bjmm.org.cn，含 1949 民盟迁北平等历史资料）,https://www.bjmm.org.cn/html/1/491/index.html,/Users/cheer/Documents/mm agent/mingmeng-history-research/data/domestic/raw/public_sources/DL-20260802-060_bjmm_website_anchor.html
470,domestic_public_web,domestic-web:DL-20260802-061,民盟史料：1944年全国代表会议改名与改组,https://www.bjdcmm.org.cn/01msjs/20040310/01.htm,/Users/cheer/Documents/mm agent/mingmeng-history-research/data/domestic/raw/public_sources/DL-20260802-061_bjdcmm_reorganization_1944.html
471,domestic_public_web,domestic-web:DL-20260802-062,民盟第一次全国代表大会通过文件线索,https://www.hljmm.gov.cn/show.aspx?id=892,/Users/cheer/Documents/mm agent/mingmeng-history-research/data/domestic/raw/public_sources/DL-20260802-062_hljmm_first_congress_files_1945.html
472,domestic_public_web,domestic-web:DL-20260802-063,《中国共产党关于停止国民大会从速召开政治会议的建议——中共代表与褚辅成、黄炎培等六参政员延安会谈记录》,https://yads.org.cn/index.php?a=index&aid=856&c=View&m=home,/Users/cheer/Documents/mm agent/mingmeng-history-research/data/domestic/raw/public_sources/DL-20260802-063_yads_yanan_record_1945_07_04.html
473,domestic_public_web,domestic-web:DL-20260802-064,澎湃新闻【盟史纵览】民盟的成立（四）：改组为中国民主同盟（1944-09-19 重庆特园）,https://www.thepaper.cn/newsDetail_forward_11913418,/Users/cheer/Documents/mm agent/mingmeng-history-research/data/domestic/raw/public_sources/DL-20260802-064_pp_menshi_zonglan_minmeng_chengli_4_gaizu.html
474,domestic_public_web,domestic-web:DL-20260802-065,澎湃新闻【会史大学习】(二十七)地方组织的建立（上）（民盟地方组织 1945-1949）,https://www.thepaper.cn/newsDetail_forward_30549185,/Users/cheer/Documents/mm agent/mingmeng-history-research/data/domestic/raw/public_sources/DL-20260802-065_pp_huishi_daxuexi_difang_zuzhi_jianshe_1.html
475,domestic_public_web,domestic-web:DL-20260802-066,澎湃新闻【盟史纵览】系列聚合锚点（民盟中央公众号官方 1941-1949 系列）,https://www.thepaper.cn/,/Users/cheer/Documents/mm agent/mingmeng-history-research/data/domestic/raw/public_sources/DL-20260802-066_pp_menshi_zonglan_series_anchor.html
476,domestic_public_web,domestic-web:DL-20260802-067,中国民主建国会诞生（澎湃【会史撷萃】1945-12-16 重庆白象街西南实业大厦）,https://www.thepaper.cn/newsDetail_forward_30245299,/Users/cheer/Documents/mm agent/mingmeng-history-research/data/domestic/raw/public_sources/DL-20260802-067_cjd_1945_minjian_dansheng_chongqing.html
477,domestic_public_web,domestic-web:DL-20260802-068,澎湃【94 年前的今天】中国农工民主党在上海成立（澎湃政务号 2024-08-09）,https://www.thepaper.cn/newsDetail_forward_28368220,/Users/cheer/Documents/mm agent/mingmeng-history-research/data/domestic/raw/public_sources/DL-20260802-068_pp_2024_08_09_nonggong_dang_chengli.html
478,domestic_public_web,domestic-web:DL-20260802-069,《光明日报》2022-12-22 关于中国民主同盟的报道（新华社北京 12 月 21 日电，第 02 版）,https://news.gmw.cn/2022-12/22/content_36249069.htm,/Users/cheer/Documents/mm agent/mingmeng-history-research/data/domestic/raw/public_sources/DL-20260802-069_gmd_2022_12_22_minmeng_baodao.html
479,domestic_public_web,domestic-web:DL-20260802-070,《中国民主同盟》新闻背景报道（光明日报 2022-12-22 第 02 版，新华社 12-21 电）,https://news.gmw.cn/2022-12/22/content_36249069.htm,/Users/cheer/Documents/mm agent/mingmeng-history-research/data/domestic/raw/public_sources/DL-20260802-070_gmd_2022_12_22_zhongguo_minmeng_baojing.html
480,domestic_public_web,domestic-web:DL-20260802-071,人民网党史频道《民盟在这里成立》（1941-03-19 重庆上清寺特园民盟前身成立）,http://dangshi.people.com.cn/n1/2016/0121/c85037-28073427.html,/Users/cheer/Documents/mm agent/mingmeng-history-research/data/domestic/raw/public_sources/DL-20260802-071_rmtz_dangshi_minmeng_zaili_chengli.html
481,domestic_public_web,domestic-web:DL-20260802-072,《梁漱溟在香港出版民盟机关刊物《光明报》》（人民网党史频道 2013-01-24）,http://dangshi.people.com.cn/n/2013/0124/c85037-20316609.html,/Users/cheer/Documents/mm agent/mingmeng-history-research/data/domestic/raw/public_sources/DL-20260802-072_rmtz_2013_01_24_liangshuming_xianggang_guangmingbao.html
482,domestic_public_web,domestic-web:DL-20260802-073,《风雨同舟 共议国是》（中国共产党新闻网 cpc.people.com.cn 2024-09-30）,http://cpc.people.com.cn/n1/2024/0930/c443712-40331438.html,/Users/cheer/Documents/mm agent/mingmeng-history-research/data/domestic/raw/public_sources/DL-20260802-073_cpc_2024_09_30_fengyutongzhou_gongyi_guoshi.html
483,domestic_public_web,domestic-web:DL-20260802-074,梁漱溟：中国民主同盟的创建（述及1941《光明报》创刊与10-10/10-16发表）,http://www.cppcc.gov.cn/zxww/2020/02/19/ARTI1582070436123130.shtml,/Users/cheer/Documents/mm agent/mingmeng-history-research/data/domestic/raw/public_sources/DL-20260802-074_cppcc_liang_shuming_guangmingbao_founding_2020.html
484,domestic_public_web,domestic-web:DL-20260802-075,从南京西路到陕西北路——民盟上海市委机关办公,https://paper.minmengsh.gov.cn/html/2024-05/12/content_144526_17450774.htm,/Users/cheer/Documents/mm agent/mingmeng-history-research/data/domestic/raw/public_sources/DL-20260802-075_mmsh_web_office_history.html
485,domestic_public_web,domestic-web:DL-20260802-076,新中国成立前民盟对政治协商制度的贡献,https://paper.minmengsh.gov.cn/html/2024-10/12/content_144526_17882979.htm,/Users/cheer/Documents/mm agent/mingmeng-history-research/data/domestic/raw/public_sources/DL-20260802-076_mmsh_web_political_cooperation.html
486,domestic_public_web,domestic-web:DL-20260802-077,1940年代民盟的声音：中国民主政团同盟全国代表会议前后的报刊宣传,https://paper.minmengsh.gov.cn/html/2024-09/12/content_144526_17806617.htm,/Users/cheer/Documents/mm agent/mingmeng-history-research/data/domestic/raw/public_sources/DL-20260802-077_mmsh_web_newspapers.html
487,domestic_public_web,domestic-web:DL-20260802-078,刘开渠在上海（1946—1949）,https://paper.minmengsh.gov.cn/html/2024-10/12/content_144526_17882981.htm,/Users/cheer/Documents/mm agent/mingmeng-history-research/data/domestic/raw/public_sources/DL-20260802-078_mmsh_web_liukaiqu.html
488,domestic_public_web,domestic-web:DL-20260802-079,福建民盟盟史导言,https://www.fjmm.gov.cn/zsjs/sxjs/msyj/mstd/202203/t20220308_5880339.htm,/Users/cheer/Documents/mm agent/mingmeng-history-research/data/domestic/raw/public_sources/DL-20260802-079_fjmm_lead.html
489,domestic_public_web,domestic-web:DL-20260802-080,人民民主统一战线的巩固和扩大,https://www.bjtzb.gov.cn/wwwroot/sdtyzx/publish/article/12/7772.shtml,/Users/cheer/Documents/mm agent/mingmeng-history-research/data/domestic/raw/public_sources/DL-20260802-080_bjtzb_lead.html
490,domestic_public_web,domestic-web:DL-20260802-081,民建简史第三章：迎接新中国的诞生,https://www.hbmj.gov.cn/a/302.html,/Users/cheer/Documents/mm agent/mingmeng-history-research/data/domestic/raw/public_sources/DL-20260802-081_hbmj_lead.html
491,domestic_public_web,domestic-web:DL-20260802-082,中国国民党革命委员会60年（一）,https://www.zjmg.gov.cn/ch119/system/2009/04/29/021400419.shtml,/Users/cheer/Documents/mm agent/mingmeng-history-research/data/domestic/raw/public_sources/DL-20260802-082_zjmg_lead_60.html
492,domestic_public_web,domestic-web:DL-20260802-083,少年记忆·初识民盟,https://www.fjmm.gov.cn/zsjs/sxjs/xxyd/202204/t20220408_5879997.htm,/Users/cheer/Documents/mm agent/mingmeng-history-research/data/domestic/raw/public_sources/DL-20260802-083_fjmm_lead.html
493,domestic_public_web,domestic-web:DL-20260802-084,《光明报》1941年10月16日关于中国民主政团同盟成立宣言的社论线索,https://paper.minmengsh.gov.cn/html/2024-09/12/content_144526_17806617.htm,/Users/cheer/Documents/mm agent/mingmeng-history-research/data/domestic/raw/public_sources/DL-20260802-084_mmsh_guangmingbao_formation_editorial_1941.html
494,domestic_public_web,domestic-web:DL-20260802-085,民盟中央领导赴延安会谈及《会议纪要》线索,https://www.zjmm.gov.cn/a/xiazaizhuanqu/2006/1121/78.html,/Users/cheer/Documents/mm agent/mingmeng-history-research/data/domestic/raw/public_sources/DL-20260802-085_zjmm_yann_an_meeting_minmeng_1945_07_01.html
495,domestic_public_web,domestic-web:DL-20260802-086,《光明报，1941》香港工运剪报索引,https://commons.ln.edu.hk/profmkchan_indexlist/14/,/Users/cheer/Documents/mm agent/mingmeng-history-research/data/domestic/raw/public_sources/DL-20260802-086_lnu_guangmingbao_index_1941.html
496,domestic_public_web,domestic-web:DL-20260802-087,民盟今日解散·张澜等昨开会决定·通告各地盟员停止政治活动,http://tk.dhcdb.com.tw/tknewsc/tknewskm?@@1,/Users/cheer/Documents/mm agent/mingmeng-history-research/data/domestic/raw/public_sources/DL-20260802-087_nlc_dagongbao_shanghai_1947_11_06_page2_full.html
497,domestic_public_web,domestic-web:DL-20260802-088,民盟宣布解散·公告与政府洽商之经过·通知盟员停止政治活动·一律免除登记可享合法自由,http://tk.dhcdb.com.tw/tknewsc/tknewskm?@@1,/Users/cheer/Documents/mm agent/mingmeng-history-research/data/domestic/raw/public_sources/DL-20260802-088_nlc_dagongbao_tianjin_1947_11_06_page2_full.html
498,domestic_public_web,domestic-web:DL-20260802-089,中国国民党革命委员会成立（民革 1948-01-01 香港）— 民革官网 minge.gov.cn,https://www.minge.gov.cn,/Users/cheer/Documents/mm agent/mingmeng-history-research/data/domestic/raw/public_sources/DL-20260802-089_mg_minge_gov_cn_history_1948_hongkong.html
499,domestic_public_web,domestic-web:DL-20260802-090,中国民主建国会成立（民建 1945-12-16 重庆白象街西南实业大厦）,https://www.cndca.org.cn,/Users/cheer/Documents/mm agent/mingmeng-history-research/data/domestic/raw/public_sources/DL-20260802-090_cjd_cndca_gov_cn_history_1945_chongqing.html
500,domestic_page_ocr,saac-51koukou,中央档案馆：从「五一口号」到开国大典档案文献专辑,https://www.saac.gov.cn/daj/gqzt/,
501,domestic_public_web,saac-51koukou:album,SAAC 五一口号到开国大典 档案专辑 总索引,https://www.saac.gov.cn/daj/gqzt/,
502,domestic_public_web,domestic-web:DL-20260802-001,九三学社中央委员会简介（93.gov.cn/bsjs-jsjj/，1945-09-03 民主科学座谈会 + 1946-05-04 改称九三学社）,http://www.93.gov.cn:80/bsjs-jsjj/,data/domestic/raw/public_sources/DL-20260802-001_domestic_93_bsjs_jsjj_jianyao_1945_1949.html
503,domestic_public_web,domestic-web:DL-20260802-002,九三学社中央历届中央委员会索引页（93.gov.cn/bsjs-ljzywyh/，含 1945-09 成立后历届）,http://www.93.gov.cn:80/bsjs-ljzywyh/,data/domestic/raw/public_sources/DL-20260802-002_domestic_93_bsjs_ljzywyh_anchor.html
504,domestic_public_web,domestic-web:DL-20260802-003,《梁漱溟与俞颂华共办《光明报》纪念》（财新网 2023-10-18）,https://mini.caixin.com/m/2023-10-18/102117719.html,data/domestic/raw/public_sources/DL-20260802-003_domestic_caixin_2023_10_18_liangshuming_yushenghua_guangming.html
505,domestic_public_web,domestic-web:DL-20260802-004,中国社会科学院（cssn.cn）中国史栏目（民主党派历史研究学术资源）,https://www.cssn.cn/lsx/lsx_zgs/,data/domestic/raw/public_sources/DL-20260802-004_domestic_cssn_lishi_zhuanti_1941_1949.html
506,domestic_public_web,domestic-web:DL-20260802-005,《新闻背景：中国民主同盟》（光明日报 2017-12-07 第 08 版，新华社北京 12 月 6 日电）,http://epaper.gmw.cn/gmrb/html/2017-12/07/nw.D110000gmrb_20171207_8-03.htm,data/domestic/raw/public_sources/DL-20260802-005_domestic_gmd_2017_12_07_xinwen_beijing_zhongguo_minmeng.html
507,domestic_public_web,domestic-web:DL-20260802-006,光明日报 epaper.gmw.cn 民盟 1941-1949 报道聚合（已发现 2 篇）,http://epaper.gmw.cn/,data/domestic/raw/public_sources/DL-20260802-006_domestic_gmd_epaper_meng_1941_1949_aggregate.html
508,domestic_public_web,domestic-web:DL-20260802-007,新中国成立前民盟对政治协商制度的贡献,https://paper.minmengsh.gov.cn/resfile/2024-10-12/03/shmx-20241012-003.pdf,data/domestic/raw/public_sources/DL-20260802-007_domestic_mmsh_lead.html
509,domestic_public_web,domestic-web:DL-20260802-091,楚图南—民盟文章,https://www.mmzy.org.cn/mobile/ArticleList.aspx?ColumnId=1182&id=13075&name=Myfc,data/domestic/raw/public_sources/DL-20260802-091_domestic_mmzy_lead.html
510,domestic_public_web,domestic-web:DL-20260802-092,"《吃""百家饭""的《光明报》》（人民政协网 rmzxb.com.cn 2015-04-09）",http://www.rmzxb.com.cn/c/2015-04-09/479732.shtml,data/domestic/raw/public_sources/DL-20260802-092_domestic_rmzxb_2015_04_09_guangming_bao_chibaijiafan.html
511,domestic_public_web,domestic-web:DL-20260802-093,《黄炎培的旧政协会议之路》（人民政协网 2024-12-10）,http://www.rmzxb.com.cn/c/2024-12-10/3645690.shtml,data/domestic/raw/public_sources/DL-20260802-093_domestic_rmzxb_2024_12_10_huangyanpei_jiuxinzheng.html
512,domestic_public_web,domestic-web:DL-20260802-094,人民政协网 rmzxw.com.cn 聚合锚点（含民主党派 1941-1949 历史专题）,http://www.rmzxw.com.cn/,data/domestic/raw/public_sources/DL-20260802-094_domestic_rmzxw_website_anchor_1949.html
513,domestic_public_web,domestic-web:DL-20260802-095,"《中共与民盟的一次君子协定——1946""旧政协""》（搜狐网 2024）",https://www.sohu.com/a/800286372_122010799,data/domestic/raw/public_sources/DL-20260802-095_domestic_sh_1946_junzi_xieding_jiuxinzheng.html
514,domestic_public_web,domestic-web:DL-20260802-096,"《1946 年 1 月 10 日 ""政协会议"" 否定国民党独裁统治》（搜狐新闻 2010）",https://news.sohu.com/20100110/n269474189.shtml,data/domestic/raw/public_sources/DL-20260802-096_domestic_sh_2010_01_10_zhenxie_huifu.html
515,domestic_public_web,domestic-web:DL-20260802-097,台盟中央章程（taimeng.org.cn/tmly/tmzc/，最新版本）,http://www.taimeng.org.cn/tmly/tmzc/,data/domestic/raw/public_sources/DL-20260802-097_domestic_tm_tmly_tmzc_zhangcheng.html
516,domestic_public_web,domestic-web:DL-20260802-098,The China Democratic League (CDL) closes 12th national congress in Beijing（新华社英文 2017-12-11）,http://www.xinhuanet.com/english/2017-12/11/c_136816473.htm,data/domestic/raw/public_sources/DL-20260802-098_domestic_xinhua_2017_12_11_cdl_12th_congress_english.html
517,domestic_public_web,domestic-web:DL-20260802-099,中国致公党中央委员会官网（zg.org.cn，含 1925 美洲旧金山成立 + 1947-05 上海改组）,http://www.zg.org.cn/,data/domestic/raw/public_sources/DL-20260802-099_domestic_zg_website_anchor.html
518,domestic_public_web,domestic-web:DL-20260802-100,中国致公党成立（1925-10 美洲旧金山，前身洪门致公堂；1947-05 上海改组）,https://www.zg.org.cn,data/domestic/raw/public_sources/DL-20260802-100_domestic_zg_zg_org_cn_history_1925_america.html
519,domestic_public_web,domestic-web:DL-20260802-101,中央社会主义学院 / 中华文化学院官网（zysy.org.cn，1956 成立，含民主党派研究）,https://www.zysy.org.cn/,data/domestic/raw/public_sources/DL-20260802-101_domestic_zsy_website_anchor_1941_1949.html
